[INFO] [1785296321.434981228] [amcl]: 
	amcl lifecycle node launched. 
	Waiting on external lifecycle transitions to activate
	See https://design.ros2.org/articles/node_lifecycle.html for more information.
[INFO] [1785296321.435915326] [amcl]: Creating
[INFO] [1785296321.694610805] [amcl]: Configuring
[INFO] [1785296321.694727806] [amcl]: initTransforms
[INFO] [1785296321.705446514] [amcl]: initPubSub
[INFO] [1785296321.716787448] [amcl]: Subscribed to map topic.
[INFO] [1785296321.747951010] [amcl]: Received a 1552 X 2299 map @ 0.050 m/pix
[INFO] [1785296321.837594269] [amcl]: Activating
[INFO] [1785296321.837664307] [amcl]: Creating bond (amcl) to lifecycle manager.
[INFO] [1785296323.042374970] [amcl]: createLaserObject
[WARN] [1785296323.697967441] [amcl]: AMCL cannot publish a pose or update the transform. Please set the initial pose...
[INFO] [1785296324.877121313] [amcl]: Message Filter dropping message: frame 'laser' at time 1785296322.873 for reason 'the timestamp on the message is earlier than all the data in the transform cache'
[WARN] [1785296325.797958671] [amcl]: AMCL cannot publish a pose or update the transform. Please set the initial pose...
[WARN] [1785296327.898252625] [amcl]: AMCL cannot publish a pose or update the transform. Please set the initial pose...
[WARN] [1785296332.232258740] [amcl]: AMCL cannot publish a pose or update the transform. Please set the initial pose...
[WARN] [1785296334.936510544] [amcl]: AMCL cannot publish a pose or update the transform. Please set the initial pose...
[WARN] [1785296339.624754801] [amcl]: AMCL cannot publish a pose or update the transform. Please set the initial pose...
[WARN] [1785296341.965236835] [amcl]: AMCL cannot publish a pose or update the transform. Please set the initial pose...
[WARN] [1785296344.765756658] [amcl]: AMCL cannot publish a pose or update the transform. Please set the initial pose...
[WARN] [1785296347.331423874] [amcl]: AMCL cannot publish a pose or update the transform. Please set the initial pose...
[WARN] [1785296349.698164888] [amcl]: AMCL cannot publish a pose or update the transform. Please set the initial pose...
[WARN] [1785296352.197911866] [amcl]: AMCL cannot publish a pose or update the transform. Please set the initial pose...
[WARN] [1785296354.864799887] [amcl]: AMCL cannot publish a pose or update the transform. Please set the initial pose...
[WARN] [1785296357.298051624] [amcl]: AMCL cannot publish a pose or update the transform. Please set the initial pose...
[WARN] [1785296359.631389322] [amcl]: AMCL cannot publish a pose or update the transform. Please set the initial pose...
[WARN] [1785296361.998007780] [amcl]: AMCL cannot publish a pose or update the transform. Please set the initial pose...
[WARN] [1785296364.564799298] [amcl]: AMCL cannot publish a pose or update the transform. Please set the initial pose...
[WARN] [1785296366.997890238] [amcl]: AMCL cannot publish a pose or update the transform. Please set the initial pose...
[WARN] [1785296369.031479709] [amcl]: AMCL cannot publish a pose or update the transform. Please set the initial pose...
[WARN] [1785296371.331318405] [amcl]: AMCL cannot publish a pose or update the transform. Please set the initial pose...
[WARN] [1785296373.598084658] [amcl]: AMCL cannot publish a pose or update the transform. Please set the initial pose...
[INFO] [1785296375.651622240] [amcl]: initialPoseReceived
[WARN] [1785296375.651783167] [amcl]: Failed to transform initial pose in time (Lookup would require extrapolation into the future.  Requested time 1785296375.651690 but the latest data is at time 1785296375.630423, when looking up transform from frame [base_footprint] to frame [odom])
[INFO] [1785296375.651814871] [amcl]: Setting pose (1785296375.651813): 363.446 139.856 0.000
[INFO] [1785296411.526448183] [amcl]: Message Filter dropping message: frame 'laser' at time 1785296409.522 for reason 'the timestamp on the message is earlier than all the data in the transform cache'
[INFO] [1785296461.161950332] [amcl]: initialPoseReceived
[WARN] [1785296461.162100036] [amcl]: Failed to transform initial pose in time (Lookup would require extrapolation into the future.  Requested time 1785296461.162024 but the latest data is at time 1785296461.130383, when looking up transform from frame [base_footprint] to frame [odom])
[INFO] [1785296461.162130574] [amcl]: Setting pose (1785296461.162129): 27.933 -50.003 1.645
[INFO] [1785296519.868542107] [amcl]: Message Filter dropping message: frame 'laser' at time 1785296517.861 for reason 'the timestamp on the message is earlier than all the data in the transform cache'
[INFO] [1785296527.882215910] [amcl]: Deactivating
[INFO] [1785296527.882284429] [amcl]: Destroying bond (amcl) to lifecycle manager.
[WARN] [1785296529.008039429] []: TF_OLD_DATA ignoring data from the past for frame front_left_wheel at time 1785296508.392066 according to authority Authority undetectable
Possible reasons are listed at http://wiki.ros.org/tf/Errors%20explained
[WARN] [1785296529.008077318] []: TF_OLD_DATA ignoring data from the past for frame front_right_wheel at time 1785296508.392066 according to authority Authority undetectable
Possible reasons are listed at http://wiki.ros.org/tf/Errors%20explained
[WARN] [1785296529.008087800] []: TF_OLD_DATA ignoring data from the past for frame rear_left_wheel at time 1785296508.392066 according to authority Authority undetectable
Possible reasons are listed at http://wiki.ros.org/tf/Errors%20explained
[WARN] [1785296529.008095448] []: TF_OLD_DATA ignoring data from the past for frame rear_right_wheel at time 1785296508.392066 according to authority Authority undetectable
Possible reasons are listed at http://wiki.ros.org/tf/Errors%20explained
[WARN] [1785296529.008144967] []: TF_OLD_DATA ignoring data from the past for frame front_left_wheel at time 1785296508.492089 according to authority Authority undetectable
Possible reasons are listed at http://wiki.ros.org/tf/Errors%20explained
[WARN] [1785296529.008159023] []: TF_OLD_DATA ignoring data from the past for frame front_right_wheel at time 1785296508.492089 according to authority Authority undetectable
Possible reasons are listed at http://wiki.ros.org/tf/Errors%20explained
[WARN] [1785296529.008167023] []: TF_OLD_DATA ignoring data from the past for frame rear_left_wheel at time 1785296508.492089 according to authority Authority undetectable
Possible reasons are listed at http://wiki.ros.org/tf/Errors%20explained
[WARN] [1785296529.008174560] []: TF_OLD_DATA ignoring data from the past for frame rear_right_wheel at time 1785296508.492089 according to authority Authority undetectable
Possible reasons are listed at http://wiki.ros.org/tf/Errors%20explained
[WARN] [1785296529.008220523] []: TF_OLD_DATA ignoring data from the past for frame front_left_wheel at time 1785296508.592075 according to authority Authority undetectable
Possible reasons are listed at http://wiki.ros.org/tf/Errors%20explained
[WARN] [1785296529.008235060] []: TF_OLD_DATA ignoring data from the past for frame front_right_wheel at time 1785296508.592075 according to authority Authority undetectable
Possible reasons are listed at http://wiki.ros.org/tf/Errors%20explained
[WARN] [1785296529.008242764] []: TF_OLD_DATA ignoring data from the past for frame rear_left_wheel at time 1785296508.592075 according to authority Authority undetectable
Possible reasons are listed at http://wiki.ros.org/tf/Errors%20explained
[WARN] [1785296529.008250079] []: TF_OLD_DATA ignoring data from the past for frame rear_right_wheel at time 1785296508.592075 according to authority Authority undetectable
Possible reasons are listed at http://wiki.ros.org/tf/Errors%20explained
[WARN] [1785296529.008282412] []: TF_OLD_DATA ignoring data from the past for frame front_left_wheel at time 1785296508.692087 according to authority Authority undetectable
Possible reasons are listed at http://wiki.ros.org/tf/Errors%20explained
[WARN] [1785296529.008295801] []: TF_OLD_DATA ignoring data from the past for frame front_right_wheel at time 1785296508.692087 according to authority Authority undetectable
Possible reasons are listed at http://wiki.ros.org/tf/Errors%20explained
[WARN] [1785296529.008303746] []: TF_OLD_DATA ignoring data from the past for frame rear_left_wheel at time 1785296508.692087 according to authority Authority undetectable
Possible reasons are listed at http://wiki.ros.org/tf/Errors%20explained
[WARN] [1785296529.008311653] []: TF_OLD_DATA ignoring data from the past for frame rear_right_wheel at time 1785296508.692087 according to authority Authority undetectable
Possible reasons are listed at http://wiki.ros.org/tf/Errors%20explained
[WARN] [1785296529.008341172] []: TF_OLD_DATA ignoring data from the past for frame front_left_wheel at time 1785296508.892073 according to authority Authority undetectable
Possible reasons are listed at http://wiki.ros.org/tf/Errors%20explained
[WARN] [1785296529.008401505] []: TF_OLD_DATA ignoring data from the past for frame front_right_wheel at time 1785296508.892073 according to authority Authority undetectable
Possible reasons are listed at http://wiki.ros.org/tf/Errors%20explained
[WARN] [1785296529.008411431] []: TF_OLD_DATA ignoring data from the past for frame rear_left_wheel at time 1785296508.892073 according to authority Authority undetectable
Possible reasons are listed at http://wiki.ros.org/tf/Errors%20explained
[WARN] [1785296529.008419265] []: TF_OLD_DATA ignoring data from the past for frame rear_right_wheel at time 1785296508.892073 according to authority Authority undetectable
Possible reasons are listed at http://wiki.ros.org/tf/Errors%20explained
[WARN] [1785296529.008451691] []: TF_OLD_DATA ignoring data from the past for frame front_left_wheel at time 1785296508.992079 according to authority Authority undetectable
Possible reasons are listed at http://wiki.ros.org/tf/Errors%20explained
[WARN] [1785296529.008465858] []: TF_OLD_DATA ignoring data from the past for frame front_right_wheel at time 1785296508.992079 according to authority Authority undetectable
Possible reasons are listed at http://wiki.ros.org/tf/Errors%20explained
[WARN] [1785296529.008473135] []: TF_OLD_DATA ignoring data from the past for frame rear_left_wheel at time 1785296508.992079 according to authority Authority undetectable
Possible reasons are listed at http://wiki.ros.org/tf/Errors%20explained
[WARN] [1785296529.008480172] []: TF_OLD_DATA ignoring data from the past for frame rear_right_wheel at time 1785296508.992079 according to authority Authority undetectable
Possible reasons are listed at http://wiki.ros.org/tf/Errors%20explained
[WARN] [1785296529.008507784] []: TF_OLD_DATA ignoring data from the past for frame front_left_wheel at time 1785296509.092096 according to authority Authority undetectable
Possible reasons are listed at http://wiki.ros.org/tf/Errors%20explained
[WARN] [1785296529.008519506] []: TF_OLD_DATA ignoring data from the past for frame front_right_wheel at time 1785296509.092096 according to authority Authority undetectable
Possible reasons are listed at http://wiki.ros.org/tf/Errors%20explained
[WARN] [1785296529.008528450] []: TF_OLD_DATA ignoring data from the past for frame rear_left_wheel at time 1785296509.092096 according to authority Authority undetectable
Possible reasons are listed at http://wiki.ros.org/tf/Errors%20explained
[WARN] [1785296529.008536228] []: TF_OLD_DATA ignoring data from the past for frame rear_right_wheel at time 1785296509.092096 according to authority Authority undetectable
Possible reasons are listed at http://wiki.ros.org/tf/Errors%20explained
[WARN] [1785296529.008561784] []: TF_OLD_DATA ignoring data from the past for frame front_left_wheel at time 1785296509.192038 according to authority Authority undetectable
Possible reasons are listed at http://wiki.ros.org/tf/Errors%20explained
[WARN] [1785296529.008578247] []: TF_OLD_DATA ignoring data from the past for frame front_right_wheel at time 1785296509.192038 according to authority Authority undetectable
Possible reasons are listed at http://wiki.ros.org/tf/Errors%20explained
[WARN] [1785296529.008585877] []: TF_OLD_DATA ignoring data from the past for frame rear_left_wheel at time 1785296509.192038 according to authority Authority undetectable
Possible reasons are listed at http://wiki.ros.org/tf/Errors%20explained
[WARN] [1785296529.008593377] []: TF_OLD_DATA ignoring data from the past for frame rear_right_wheel at time 1785296509.192038 according to authority Authority undetectable
Possible reasons are listed at http://wiki.ros.org/tf/Errors%20explained
[WARN] [1785296529.008621747] []: TF_OLD_DATA ignoring data from the past for frame front_left_wheel at time 1785296509.292470 according to authority Authority undetectable
Possible reasons are listed at http://wiki.ros.org/tf/Errors%20explained
[WARN] [1785296529.008653322] []: TF_OLD_DATA ignoring data from the past for frame front_right_wheel at time 1785296509.292470 according to authority Authority undetectable
Possible reasons are listed at http://wiki.ros.org/tf/Errors%20explained
[WARN] [1785296529.008662933] []: TF_OLD_DATA ignoring data from the past for frame rear_left_wheel at time 1785296509.292470 according to authority Authority undetectable
Possible reasons are listed at http://wiki.ros.org/tf/Errors%20explained
[WARN] [1785296529.008670359] []: TF_OLD_DATA ignoring data from the past for frame rear_right_wheel at time 1785296509.292470 according to authority Authority undetectable
Possible reasons are listed at http://wiki.ros.org/tf/Errors%20explained
[WARN] [1785296529.008700785] []: TF_OLD_DATA ignoring data from the past for frame front_left_wheel at time 1785296509.392091 according to authority Authority undetectable
Possible reasons are listed at http://wiki.ros.org/tf/Errors%20explained
[WARN] [1785296529.008712766] []: TF_OLD_DATA ignoring data from the past for frame front_right_wheel at time 1785296509.392091 according to authority Authority undetectable
Possible reasons are listed at http://wiki.ros.org/tf/Errors%20explained
[WARN] [1785296529.008719877] []: TF_OLD_DATA ignoring data from the past for frame rear_left_wheel at time 1785296509.392091 according to authority Authority undetectable
Possible reasons are listed at http://wiki.ros.org/tf/Errors%20explained
[WARN] [1785296529.008726822] []: TF_OLD_DATA ignoring data from the past for frame rear_right_wheel at time 1785296509.392091 according to authority Authority undetectable
Possible reasons are listed at http://wiki.ros.org/tf/Errors%20explained
[WARN] [1785296529.008751878] []: TF_OLD_DATA ignoring data from the past for frame front_left_wheel at time 1785296509.492079 according to authority Authority undetectable
Possible reasons are listed at http://wiki.ros.org/tf/Errors%20explained
[WARN] [1785296529.008763674] []: TF_OLD_DATA ignoring data from the past for frame front_right_wheel at time 1785296509.492079 according to authority Authority undetectable
Possible reasons are listed at http://wiki.ros.org/tf/Errors%20explained
[WARN] [1785296529.008770785] []: TF_OLD_DATA ignoring data from the past for frame rear_left_wheel at time 1785296509.492079 according to authority Authority undetectable
Possible reasons are listed at http://wiki.ros.org/tf/Errors%20explained
[WARN] [1785296529.008777748] []: TF_OLD_DATA ignoring data from the past for frame rear_right_wheel at time 1785296509.492079 according to authority Authority undetectable
Possible reasons are listed at http://wiki.ros.org/tf/Errors%20explained
[WARN] [1785296529.008798711] []: TF_OLD_DATA ignoring data from the past for frame front_left_wheel at time 1785296509.592058 according to authority Authority undetectable
Possible reasons are listed at http://wiki.ros.org/tf/Errors%20explained
[WARN] [1785296529.008812471] []: TF_OLD_DATA ignoring data from the past for frame front_right_wheel at time 1785296509.592058 according to authority Authority undetectable
Possible reasons are listed at http://wiki.ros.org/tf/Errors%20explained
[WARN] [1785296529.008819582] []: TF_OLD_DATA ignoring data from the past for frame rear_left_wheel at time 1785296509.592058 according to authority Authority undetectable
Possible reasons are listed at http://wiki.ros.org/tf/Errors%20explained
[WARN] [1785296529.008826526] []: TF_OLD_DATA ignoring data from the past for frame rear_right_wheel at time 1785296509.592058 according to authority Authority undetectable
Possible reasons are listed at http://wiki.ros.org/tf/Errors%20explained
[WARN] [1785296529.008851378] []: TF_OLD_DATA ignoring data from the past for frame front_left_wheel at time 1785296509.692106 according to authority Authority undetectable
Possible reasons are listed at http://wiki.ros.org/tf/Errors%20explained
[WARN] [1785296529.008863045] []: TF_OLD_DATA ignoring data from the past for frame front_right_wheel at time 1785296509.692106 according to authority Authority undetectable
Possible reasons are listed at http://wiki.ros.org/tf/Errors%20explained
[WARN] [1785296529.008891101] []: TF_OLD_DATA ignoring data from the past for frame rear_left_wheel at time 1785296509.692106 according to authority Authority undetectable
Possible reasons are listed at http://wiki.ros.org/tf/Errors%20explained
[WARN] [1785296529.008899656] []: TF_OLD_DATA ignoring data from the past for frame rear_right_wheel at time 1785296509.692106 according to authority Authority undetectable
Possible reasons are listed at http://wiki.ros.org/tf/Errors%20explained
[WARN] [1785296529.008928638] []: TF_OLD_DATA ignoring data from the past for frame front_left_wheel at time 1785296509.792058 according to authority Authority undetectable
Possible reasons are listed at http://wiki.ros.org/tf/Errors%20explained
[WARN] [1785296529.008940823] []: TF_OLD_DATA ignoring data from the past for frame front_right_wheel at time 1785296509.792058 according to authority Authority undetectable
Possible reasons are listed at http://wiki.ros.org/tf/Errors%20explained
[WARN] [1785296529.008948101] []: TF_OLD_DATA ignoring data from the past for frame rear_left_wheel at time 1785296509.792058 according to authority Authority undetectable
Possible reasons are listed at http://wiki.ros.org/tf/Errors%20explained
[WARN] [1785296529.008955083] []: TF_OLD_DATA ignoring data from the past for frame rear_right_wheel at time 1785296509.792058 according to authority Authority undetectable
Possible reasons are listed at http://wiki.ros.org/tf/Errors%20explained
[WARN] [1785296529.008977120] []: TF_OLD_DATA ignoring data from the past for frame front_left_wheel at time 1785296509.992094 according to authority Authority undetectable
Possible reasons are listed at http://wiki.ros.org/tf/Errors%20explained
[WARN] [1785296529.008987138] []: TF_OLD_DATA ignoring data from the past for frame front_right_wheel at time 1785296509.992094 according to authority Authority undetectable
Possible reasons are listed at http://wiki.ros.org/tf/Errors%20explained
[WARN] [1785296529.008994175] []: TF_OLD_DATA ignoring data from the past for frame rear_left_wheel at time 1785296509.992094 according to authority Authority undetectable
Possible reasons are listed at http://wiki.ros.org/tf/Errors%20explained
[WARN] [1785296529.009001120] []: TF_OLD_DATA ignoring data from the past for frame rear_right_wheel at time 1785296509.992094 according to authority Authority undetectable
Possible reasons are listed at http://wiki.ros.org/tf/Errors%20explained
[WARN] [1785296529.009022620] []: TF_OLD_DATA ignoring data from the past for frame front_left_wheel at time 1785296510.092051 according to authority Authority undetectable
Possible reasons are listed at http://wiki.ros.org/tf/Errors%20explained
[WARN] [1785296529.009034620] []: TF_OLD_DATA ignoring data from the past for frame front_right_wheel at time 1785296510.092051 according to authority Authority undetectable
Possible reasons are listed at http://wiki.ros.org/tf/Errors%20explained
[WARN] [1785296529.009042176] []: TF_OLD_DATA ignoring data from the past for frame rear_left_wheel at time 1785296510.092051 according to authority Authority undetectable
Possible reasons are listed at http://wiki.ros.org/tf/Errors%20explained
[WARN] [1785296529.009049379] []: TF_OLD_DATA ignoring data from the past for frame rear_right_wheel at time 1785296510.092051 according to authority Authority undetectable
Possible reasons are listed at http://wiki.ros.org/tf/Errors%20explained
[WARN] [1785296529.009071768] []: TF_OLD_DATA ignoring data from the past for frame front_left_wheel at time 1785296510.192080 according to authority Authority undetectable
Possible reasons are listed at http://wiki.ros.org/tf/Errors%20explained
[WARN] [1785296529.009082768] []: TF_OLD_DATA ignoring data from the past for frame front_right_wheel at time 1785296510.192080 according to authority Authority undetectable
Possible reasons are listed at http://wiki.ros.org/tf/Errors%20explained
[WARN] [1785296529.009089787] []: TF_OLD_DATA ignoring data from the past for frame rear_left_wheel at time 1785296510.192080 according to authority Authority undetectable
Possible reasons are listed at http://wiki.ros.org/tf/Errors%20explained
[WARN] [1785296529.009117361] []: TF_OLD_DATA ignoring data from the past for frame rear_right_wheel at time 1785296510.192080 according to authority Authority undetectable
Possible reasons are listed at http://wiki.ros.org/tf/Errors%20explained
[WARN] [1785296529.009151824] []: TF_OLD_DATA ignoring data from the past for frame front_left_wheel at time 1785296511.692093 according to authority Authority undetectable
Possible reasons are listed at http://wiki.ros.org/tf/Errors%20explained
[WARN] [1785296529.009163584] []: TF_OLD_DATA ignoring data from the past for frame front_right_wheel at time 1785296511.692093 according to authority Authority undetectable
Possible reasons are listed at http://wiki.ros.org/tf/Errors%20explained
[WARN] [1785296529.009170639] []: TF_OLD_DATA ignoring data from the past for frame rear_left_wheel at time 1785296511.692093 according to authority Authority undetectable
Possible reasons are listed at http://wiki.ros.org/tf/Errors%20explained
[WARN] [1785296529.009177639] []: TF_OLD_DATA ignoring data from the past for frame rear_right_wheel at time 1785296511.692093 according to authority Authority undetectable
Possible reasons are listed at http://wiki.ros.org/tf/Errors%20explained
[WARN] [1785296529.009212454] []: TF_OLD_DATA ignoring data from the past for frame front_left_wheel at time 1785296511.792071 according to authority Authority undetectable
Possible reasons are listed at http://wiki.ros.org/tf/Errors%20explained
[WARN] [1785296529.009225084] []: TF_OLD_DATA ignoring data from the past for frame front_right_wheel at time 1785296511.792071 according to authority Authority undetectable
Possible reasons are listed at http://wiki.ros.org/tf/Errors%20explained
[WARN] [1785296529.009232714] []: TF_OLD_DATA ignoring data from the past for frame rear_left_wheel at time 1785296511.792071 according to authority Authority undetectable
Possible reasons are listed at http://wiki.ros.org/tf/Errors%20explained
[WARN] [1785296529.009239640] []: TF_OLD_DATA ignoring data from the past for frame rear_right_wheel at time 1785296511.792071 according to authority Authority undetectable
Possible reasons are listed at http://wiki.ros.org/tf/Errors%20explained
[WARN] [1785296529.009265862] []: TF_OLD_DATA ignoring data from the past for frame front_left_wheel at time 1785296511.892029 according to authority Authority undetectable
Possible reasons are listed at http://wiki.ros.org/tf/Errors%20explained
[WARN] [1785296529.009281084] []: TF_OLD_DATA ignoring data from the past for frame front_right_wheel at time 1785296511.892029 according to authority Authority undetectable
Possible reasons are listed at http://wiki.ros.org/tf/Errors%20explained
[WARN] [1785296529.009288381] []: TF_OLD_DATA ignoring data from the past for frame rear_left_wheel at time 1785296511.892029 according to authority Authority undetectable
Possible reasons are listed at http://wiki.ros.org/tf/Errors%20explained
[WARN] [1785296529.009295455] []: TF_OLD_DATA ignoring data from the past for frame rear_right_wheel at time 1785296511.892029 according to authority Authority undetectable
Possible reasons are listed at http://wiki.ros.org/tf/Errors%20explained
[WARN] [1785296529.009322103] []: TF_OLD_DATA ignoring data from the past for frame front_left_wheel at time 1785296511.992042 according to authority Authority undetectable
Possible reasons are listed at http://wiki.ros.org/tf/Errors%20explained
[WARN] [1785296529.009334974] []: TF_OLD_DATA ignoring data from the past for frame front_right_wheel at time 1785296511.992042 according to authority Authority undetectable
Possible reasons are listed at http://wiki.ros.org/tf/Errors%20explained
[WARN] [1785296529.009342825] []: TF_OLD_DATA ignoring data from the past for frame rear_left_wheel at time 1785296511.992042 according to authority Authority undetectable
Possible reasons are listed at http://wiki.ros.org/tf/Errors%20explained
[WARN] [1785296529.009377622] []: TF_OLD_DATA ignoring data from the past for frame rear_right_wheel at time 1785296511.992042 according to authority Authority undetectable
Possible reasons are listed at http://wiki.ros.org/tf/Errors%20explained
[WARN] [1785296529.009413900] []: TF_OLD_DATA ignoring data from the past for frame front_left_wheel at time 1785296512.092056 according to authority Authority undetectable
Possible reasons are listed at http://wiki.ros.org/tf/Errors%20explained
[WARN] [1785296529.009425233] []: TF_OLD_DATA ignoring data from the past for frame front_right_wheel at time 1785296512.092056 according to authority Authority undetectable
Possible reasons are listed at http://wiki.ros.org/tf/Errors%20explained
[WARN] [1785296529.009433696] []: TF_OLD_DATA ignoring data from the past for frame rear_left_wheel at time 1785296512.092056 according to authority Authority undetectable
Possible reasons are listed at http://wiki.ros.org/tf/Errors%20explained
[WARN] [1785296529.009440770] []: TF_OLD_DATA ignoring data from the past for frame rear_right_wheel at time 1785296512.092056 according to authority Authority undetectable
Possible reasons are listed at http://wiki.ros.org/tf/Errors%20explained
[INFO] [1785296531.126483466] [amcl]: Cleaning up
[INFO] [1785296534.222075304] [amcl]: Configuring
[INFO] [1785296534.222169027] [amcl]: initTransforms
[INFO] [1785296534.245643565] [amcl]: initPubSub
[INFO] [1785296535.297145152] [amcl]: Subscribed to map topic.
[INFO] [1785296543.613203345] [amcl]: Received a 1552 X 2299 map @ 0.050 m/pix
[INFO] [1785296543.778249061] [amcl]: Activating
[INFO] [1785296543.778302636] [amcl]: Creating bond (amcl) to lifecycle manager.
[INFO] [1785296543.865953143] [amcl]: createLaserObject
[WARN] [1785296549.565413336] []: TF_OLD_DATA ignoring data from the past for frame front_left_wheel at time 1785296534.292100 according to authority Authority undetectable
Possible reasons are listed at http://wiki.ros.org/tf/Errors%20explained
[WARN] [1785296549.565487540] []: TF_OLD_DATA ignoring data from the past for frame front_right_wheel at time 1785296534.292100 according to authority Authority undetectable
Possible reasons are listed at http://wiki.ros.org/tf/Errors%20explained
[WARN] [1785296549.565503466] []: TF_OLD_DATA ignoring data from the past for frame rear_left_wheel at time 1785296534.292100 according to authority Authority undetectable
Possible reasons are listed at http://wiki.ros.org/tf/Errors%20explained
[WARN] [1785296549.565514244] []: TF_OLD_DATA ignoring data from the past for frame rear_right_wheel at time 1785296534.292100 according to authority Authority undetectable
Possible reasons are listed at http://wiki.ros.org/tf/Errors%20explained
[WARN] [1785296549.565590282] []: TF_OLD_DATA ignoring data from the past for frame front_left_wheel at time 1785296534.392078 according to authority Authority undetectable
Possible reasons are listed at http://wiki.ros.org/tf/Errors%20explained
[WARN] [1785296549.565609893] []: TF_OLD_DATA ignoring data from the past for frame front_right_wheel at time 1785296534.392078 according to authority Authority undetectable
Possible reasons are listed at http://wiki.ros.org/tf/Errors%20explained
[WARN] [1785296549.565619356] []: TF_OLD_DATA ignoring data from the past for frame rear_left_wheel at time 1785296534.392078 according to authority Authority undetectable
Possible reasons are listed at http://wiki.ros.org/tf/Errors%20explained
[WARN] [1785296549.565627967] []: TF_OLD_DATA ignoring data from the past for frame rear_right_wheel at time 1785296534.392078 according to authority Authority undetectable
Possible reasons are listed at http://wiki.ros.org/tf/Errors%20explained
[WARN] [1785296549.565664893] []: TF_OLD_DATA ignoring data from the past for frame front_left_wheel at time 1785296534.492079 according to authority Authority undetectable
Possible reasons are listed at http://wiki.ros.org/tf/Errors%20explained
[WARN] [1785296549.565678504] []: TF_OLD_DATA ignoring data from the past for frame front_right_wheel at time 1785296534.492079 according to authority Authority undetectable
Possible reasons are listed at http://wiki.ros.org/tf/Errors%20explained
[WARN] [1785296549.565686875] []: TF_OLD_DATA ignoring data from the past for frame rear_left_wheel at time 1785296534.492079 according to authority Authority undetectable
Possible reasons are listed at http://wiki.ros.org/tf/Errors%20explained
[WARN] [1785296549.565695264] []: TF_OLD_DATA ignoring data from the past for frame rear_right_wheel at time 1785296534.492079 according to authority Authority undetectable
Possible reasons are listed at http://wiki.ros.org/tf/Errors%20explained
[WARN] [1785296549.565723116] []: TF_OLD_DATA ignoring data from the past for frame front_left_wheel at time 1785296534.592107 according to authority Authority undetectable
Possible reasons are listed at http://wiki.ros.org/tf/Errors%20explained
[WARN] [1785296549.565738986] []: TF_OLD_DATA ignoring data from the past for frame front_right_wheel at time 1785296534.592107 according to authority Authority undetectable
Possible reasons are listed at http://wiki.ros.org/tf/Errors%20explained
[WARN] [1785296549.565748468] []: TF_OLD_DATA ignoring data from the past for frame rear_left_wheel at time 1785296534.592107 according to authority Authority undetectable
Possible reasons are listed at http://wiki.ros.org/tf/Errors%20explained
[WARN] [1785296549.565756820] []: TF_OLD_DATA ignoring data from the past for frame rear_right_wheel at time 1785296534.592107 according to authority Authority undetectable
Possible reasons are listed at http://wiki.ros.org/tf/Errors%20explained
[WARN] [1785296549.565786468] []: TF_OLD_DATA ignoring data from the past for frame front_left_wheel at time 1785296534.692095 according to authority Authority undetectable
Possible reasons are listed at http://wiki.ros.org/tf/Errors%20explained
[WARN] [1785296549.565860024] []: TF_OLD_DATA ignoring data from the past for frame front_right_wheel at time 1785296534.692095 according to authority Authority undetectable
Possible reasons are listed at http://wiki.ros.org/tf/Errors%20explained
[WARN] [1785296549.565874580] []: TF_OLD_DATA ignoring data from the past for frame rear_left_wheel at time 1785296534.692095 according to authority Authority undetectable
Possible reasons are listed at http://wiki.ros.org/tf/Errors%20explained
[WARN] [1785296549.565883154] []: TF_OLD_DATA ignoring data from the past for frame rear_right_wheel at time 1785296534.692095 according to authority Authority undetectable
Possible reasons are listed at http://wiki.ros.org/tf/Errors%20explained
[WARN] [1785296549.565923617] []: TF_OLD_DATA ignoring data from the past for frame front_left_wheel at time 1785296534.792051 according to authority Authority undetectable
Possible reasons are listed at http://wiki.ros.org/tf/Errors%20explained
[WARN] [1785296549.566501583] []: TF_OLD_DATA ignoring data from the past for frame front_right_wheel at time 1785296534.792051 according to authority Authority undetectable
Possible reasons are listed at http://wiki.ros.org/tf/Errors%20explained
[WARN] [1785296549.566531917] []: TF_OLD_DATA ignoring data from the past for frame rear_left_wheel at time 1785296534.792051 according to authority Authority undetectable
Possible reasons are listed at http://wiki.ros.org/tf/Errors%20explained
[WARN] [1785296549.566541676] []: TF_OLD_DATA ignoring data from the past for frame rear_right_wheel at time 1785296534.792051 according to authority Authority undetectable
Possible reasons are listed at http://wiki.ros.org/tf/Errors%20explained
[WARN] [1785296549.566906733] []: TF_OLD_DATA ignoring data from the past for frame front_left_wheel at time 1785296534.892385 according to authority Authority undetectable
Possible reasons are listed at http://wiki.ros.org/tf/Errors%20explained
[WARN] [1785296549.566928326] []: TF_OLD_DATA ignoring data from the past for frame front_right_wheel at time 1785296534.892385 according to authority Authority undetectable
Possible reasons are listed at http://wiki.ros.org/tf/Errors%20explained
[WARN] [1785296549.566937956] []: TF_OLD_DATA ignoring data from the past for frame rear_left_wheel at time 1785296534.892385 according to authority Authority undetectable
Possible reasons are listed at http://wiki.ros.org/tf/Errors%20explained
[WARN] [1785296549.566969530] []: TF_OLD_DATA ignoring data from the past for frame rear_right_wheel at time 1785296534.892385 according to authority Authority undetectable
Possible reasons are listed at http://wiki.ros.org/tf/Errors%20explained
[WARN] [1785296549.567074920] []: TF_OLD_DATA ignoring data from the past for frame front_left_wheel at time 1785296534.992084 according to authority Authority undetectable
Possible reasons are listed at http://wiki.ros.org/tf/Errors%20explained
[WARN] [1785296549.567098938] []: TF_OLD_DATA ignoring data from the past for frame front_right_wheel at time 1785296534.992084 according to authority Authority undetectable
Possible reasons are listed at http://wiki.ros.org/tf/Errors%20explained
[WARN] [1785296549.567109123] []: TF_OLD_DATA ignoring data from the past for frame rear_left_wheel at time 1785296534.992084 according to authority Authority undetectable
Possible reasons are listed at http://wiki.ros.org/tf/Errors%20explained
[WARN] [1785296549.567118179] []: TF_OLD_DATA ignoring data from the past for frame rear_right_wheel at time 1785296534.992084 according to authority Authority undetectable
Possible reasons are listed at http://wiki.ros.org/tf/Errors%20explained
[WARN] [1785296549.567156346] []: TF_OLD_DATA ignoring data from the past for frame front_left_wheel at time 1785296535.092060 according to authority Authority undetectable
Possible reasons are listed at http://wiki.ros.org/tf/Errors%20explained
[WARN] [1785296549.567305347] []: TF_OLD_DATA ignoring data from the past for frame front_right_wheel at time 1785296535.092060 according to authority Authority undetectable
Possible reasons are listed at http://wiki.ros.org/tf/Errors%20explained
[WARN] [1785296549.567376588] []: TF_OLD_DATA ignoring data from the past for frame rear_left_wheel at time 1785296535.092060 according to authority Authority undetectable
Possible reasons are listed at http://wiki.ros.org/tf/Errors%20explained
[WARN] [1785296549.567390495] []: TF_OLD_DATA ignoring data from the past for frame rear_right_wheel at time 1785296535.092060 according to authority Authority undetectable
Possible reasons are listed at http://wiki.ros.org/tf/Errors%20explained
[WARN] [1785296549.567454922] []: TF_OLD_DATA ignoring data from the past for frame front_left_wheel at time 1785296535.192057 according to authority Authority undetectable
Possible reasons are listed at http://wiki.ros.org/tf/Errors%20explained
[WARN] [1785296549.567479163] []: TF_OLD_DATA ignoring data from the past for frame front_right_wheel at time 1785296535.192057 according to authority Authority undetectable
Possible reasons are listed at http://wiki.ros.org/tf/Errors%20explained
[WARN] [1785296549.567489626] []: TF_OLD_DATA ignoring data from the past for frame rear_left_wheel at time 1785296535.192057 according to authority Authority undetectable
Possible reasons are listed at http://wiki.ros.org/tf/Errors%20explained
[WARN] [1785296549.567498663] []: TF_OLD_DATA ignoring data from the past for frame rear_right_wheel at time 1785296535.192057 according to authority Authority undetectable
Possible reasons are listed at http://wiki.ros.org/tf/Errors%20explained
[WARN] [1785296549.567537607] []: TF_OLD_DATA ignoring data from the past for frame front_left_wheel at time 1785296535.292085 according to authority Authority undetectable
Possible reasons are listed at http://wiki.ros.org/tf/Errors%20explained
[WARN] [1785296549.567554848] []: TF_OLD_DATA ignoring data from the past for frame front_right_wheel at time 1785296535.292085 according to authority Authority undetectable
Possible reasons are listed at http://wiki.ros.org/tf/Errors%20explained
[WARN] [1785296549.567564200] []: TF_OLD_DATA ignoring data from the past for frame rear_left_wheel at time 1785296535.292085 according to authority Authority undetectable
Possible reasons are listed at http://wiki.ros.org/tf/Errors%20explained
[WARN] [1785296549.567612386] []: TF_OLD_DATA ignoring data from the past for frame rear_right_wheel at time 1785296535.292085 according to authority Authority undetectable
Possible reasons are listed at http://wiki.ros.org/tf/Errors%20explained
[WARN] [1785296549.567653404] []: TF_OLD_DATA ignoring data from the past for frame front_left_wheel at time 1785296535.392088 according to authority Authority undetectable
Possible reasons are listed at http://wiki.ros.org/tf/Errors%20explained
[WARN] [1785296549.567752405] []: TF_OLD_DATA ignoring data from the past for frame front_right_wheel at time 1785296535.392088 according to authority Authority undetectable
Possible reasons are listed at http://wiki.ros.org/tf/Errors%20explained
[WARN] [1785296549.567990110] []: TF_OLD_DATA ignoring data from the past for frame rear_left_wheel at time 1785296535.392088 according to authority Authority undetectable
Possible reasons are listed at http://wiki.ros.org/tf/Errors%20explained
[WARN] [1785296549.568004703] []: TF_OLD_DATA ignoring data from the past for frame rear_right_wheel at time 1785296535.392088 according to authority Authority undetectable
Possible reasons are listed at http://wiki.ros.org/tf/Errors%20explained
[WARN] [1785296549.568063907] []: TF_OLD_DATA ignoring data from the past for frame front_left_wheel at time 1785296535.492082 according to authority Authority undetectable
Possible reasons are listed at http://wiki.ros.org/tf/Errors%20explained
[WARN] [1785296549.568081351] []: TF_OLD_DATA ignoring data from the past for frame front_right_wheel at time 1785296535.492082 according to authority Authority undetectable
Possible reasons are listed at http://wiki.ros.org/tf/Errors%20explained
[WARN] [1785296549.568130055] []: TF_OLD_DATA ignoring data from the past for frame rear_left_wheel at time 1785296535.492082 according to authority Authority undetectable
Possible reasons are listed at http://wiki.ros.org/tf/Errors%20explained
[WARN] [1785296549.568509354] []: TF_OLD_DATA ignoring data from the past for frame rear_right_wheel at time 1785296535.492082 according to authority Authority undetectable
Possible reasons are listed at http://wiki.ros.org/tf/Errors%20explained
[WARN] [1785296549.568575317] []: TF_OLD_DATA ignoring data from the past for frame front_left_wheel at time 1785296535.592049 according to authority Authority undetectable
Possible reasons are listed at http://wiki.ros.org/tf/Errors%20explained
[WARN] [1785296549.568590484] []: TF_OLD_DATA ignoring data from the past for frame front_right_wheel at time 1785296535.592049 according to authority Authority undetectable
Possible reasons are listed at http://wiki.ros.org/tf/Errors%20explained
[WARN] [1785296549.568601613] []: TF_OLD_DATA ignoring data from the past for frame rear_left_wheel at time 1785296535.592049 according to authority Authority undetectable
Possible reasons are listed at http://wiki.ros.org/tf/Errors%20explained
[WARN] [1785296549.568610299] []: TF_OLD_DATA ignoring data from the past for frame rear_right_wheel at time 1785296535.592049 according to authority Authority undetectable
Possible reasons are listed at http://wiki.ros.org/tf/Errors%20explained
[WARN] [1785296549.568639965] []: TF_OLD_DATA ignoring data from the past for frame front_left_wheel at time 1785296535.692077 according to authority Authority undetectable
Possible reasons are listed at http://wiki.ros.org/tf/Errors%20explained
[WARN] [1785296549.568653928] []: TF_OLD_DATA ignoring data from the past for frame front_right_wheel at time 1785296535.692077 according to authority Authority undetectable
Possible reasons are listed at http://wiki.ros.org/tf/Errors%20explained
[WARN] [1785296549.568662595] []: TF_OLD_DATA ignoring data from the past for frame rear_left_wheel at time 1785296535.692077 according to authority Authority undetectable
Possible reasons are listed at http://wiki.ros.org/tf/Errors%20explained
[WARN] [1785296549.568670966] []: TF_OLD_DATA ignoring data from the past for frame rear_right_wheel at time 1785296535.692077 according to authority Authority undetectable
Possible reasons are listed at http://wiki.ros.org/tf/Errors%20explained
[WARN] [1785296549.568699114] []: TF_OLD_DATA ignoring data from the past for frame front_left_wheel at time 1785296535.792086 according to authority Authority undetectable
Possible reasons are listed at http://wiki.ros.org/tf/Errors%20explained
[WARN] [1785296549.568720021] []: TF_OLD_DATA ignoring data from the past for frame front_right_wheel at time 1785296535.792086 according to authority Authority undetectable
Possible reasons are listed at http://wiki.ros.org/tf/Errors%20explained
[WARN] [1785296549.568728910] []: TF_OLD_DATA ignoring data from the past for frame rear_left_wheel at time 1785296535.792086 according to authority Authority undetectable
Possible reasons are listed at http://wiki.ros.org/tf/Errors%20explained
[WARN] [1785296549.568737540] []: TF_OLD_DATA ignoring data from the past for frame rear_right_wheel at time 1785296535.792086 according to authority Authority undetectable
Possible reasons are listed at http://wiki.ros.org/tf/Errors%20explained
[WARN] [1785296549.569095857] []: TF_OLD_DATA ignoring data from the past for frame front_left_wheel at time 1785296535.892087 according to authority Authority undetectable
Possible reasons are listed at http://wiki.ros.org/tf/Errors%20explained
[WARN] [1785296549.569121598] []: TF_OLD_DATA ignoring data from the past for frame front_right_wheel at time 1785296535.892087 according to authority Authority undetectable
Possible reasons are listed at http://wiki.ros.org/tf/Errors%20explained
[WARN] [1785296549.569131746] []: TF_OLD_DATA ignoring data from the past for frame rear_left_wheel at time 1785296535.892087 according to authority Authority undetectable
Possible reasons are listed at http://wiki.ros.org/tf/Errors%20explained
[WARN] [1785296549.569220339] []: TF_OLD_DATA ignoring data from the past for frame rear_right_wheel at time 1785296535.892087 according to authority Authority undetectable
Possible reasons are listed at http://wiki.ros.org/tf/Errors%20explained
[WARN] [1785296549.569834065] []: TF_OLD_DATA ignoring data from the past for frame front_left_wheel at time 1785296535.992124 according to authority Authority undetectable
Possible reasons are listed at http://wiki.ros.org/tf/Errors%20explained
[WARN] [1785296549.569871935] []: TF_OLD_DATA ignoring data from the past for frame front_right_wheel at time 1785296535.992124 according to authority Authority undetectable
Possible reasons are listed at http://wiki.ros.org/tf/Errors%20explained
[WARN] [1785296549.570031510] []: TF_OLD_DATA ignoring data from the past for frame rear_left_wheel at time 1785296535.992124 according to authority Authority undetectable
Possible reasons are listed at http://wiki.ros.org/tf/Errors%20explained
[WARN] [1785296549.570089325] []: TF_OLD_DATA ignoring data from the past for frame rear_right_wheel at time 1785296535.992124 according to authority Authority undetectable
Possible reasons are listed at http://wiki.ros.org/tf/Errors%20explained
[WARN] [1785296549.570215215] []: TF_OLD_DATA ignoring data from the past for frame front_left_wheel at time 1785296536.092121 according to authority Authority undetectable
Possible reasons are listed at http://wiki.ros.org/tf/Errors%20explained
[WARN] [1785296549.570238234] []: TF_OLD_DATA ignoring data from the past for frame front_right_wheel at time 1785296536.092121 according to authority Authority undetectable
Possible reasons are listed at http://wiki.ros.org/tf/Errors%20explained
[WARN] [1785296549.570248863] []: TF_OLD_DATA ignoring data from the past for frame rear_left_wheel at time 1785296536.092121 according to authority Authority undetectable
Possible reasons are listed at http://wiki.ros.org/tf/Errors%20explained
[WARN] [1785296549.570258289] []: TF_OLD_DATA ignoring data from the past for frame rear_right_wheel at time 1785296536.092121 according to authority Authority undetectable
Possible reasons are listed at http://wiki.ros.org/tf/Errors%20explained
[WARN] [1785296549.570303826] []: TF_OLD_DATA ignoring data from the past for frame front_left_wheel at time 1785296536.292089 according to authority Authority undetectable
Possible reasons are listed at http://wiki.ros.org/tf/Errors%20explained
[WARN] [1785296549.570326956] []: TF_OLD_DATA ignoring data from the past for frame front_right_wheel at time 1785296536.292089 according to authority Authority undetectable
Possible reasons are listed at http://wiki.ros.org/tf/Errors%20explained
[WARN] [1785296549.570484753] []: TF_OLD_DATA ignoring data from the past for frame rear_left_wheel at time 1785296536.292089 according to authority Authority undetectable
Possible reasons are listed at http://wiki.ros.org/tf/Errors%20explained
[WARN] [1785296549.570507809] []: TF_OLD_DATA ignoring data from the past for frame rear_right_wheel at time 1785296536.292089 according to authority Authority undetectable
Possible reasons are listed at http://wiki.ros.org/tf/Errors%20explained
[WARN] [1785296549.570596106] []: TF_OLD_DATA ignoring data from the past for frame front_left_wheel at time 1785296536.392059 according to authority Authority undetectable
Possible reasons are listed at http://wiki.ros.org/tf/Errors%20explained
[WARN] [1785296549.570617791] []: TF_OLD_DATA ignoring data from the past for frame front_right_wheel at time 1785296536.392059 according to authority Authority undetectable
Possible reasons are listed at http://wiki.ros.org/tf/Errors%20explained
[WARN] [1785296549.570627143] []: TF_OLD_DATA ignoring data from the past for frame rear_left_wheel at time 1785296536.392059 according to authority Authority undetectable
Possible reasons are listed at http://wiki.ros.org/tf/Errors%20explained
[WARN] [1785296549.570636014] []: TF_OLD_DATA ignoring data from the past for frame rear_right_wheel at time 1785296536.392059 according to authority Authority undetectable
Possible reasons are listed at http://wiki.ros.org/tf/Errors%20explained
[WARN] [1785296549.570732384] []: TF_OLD_DATA ignoring data from the past for frame front_left_wheel at time 1785296536.592086 according to authority Authority undetectable
Possible reasons are listed at http://wiki.ros.org/tf/Errors%20explained
[WARN] [1785296549.570753014] []: TF_OLD_DATA ignoring data from the past for frame front_right_wheel at time 1785296536.592086 according to authority Authority undetectable
Possible reasons are listed at http://wiki.ros.org/tf/Errors%20explained
[WARN] [1785296549.570763588] []: TF_OLD_DATA ignoring data from the past for frame rear_left_wheel at time 1785296536.592086 according to authority Authority undetectable
Possible reasons are listed at http://wiki.ros.org/tf/Errors%20explained
[WARN] [1785296549.570772662] []: TF_OLD_DATA ignoring data from the past for frame rear_right_wheel at time 1785296536.592086 according to authority Authority undetectable
Possible reasons are listed at http://wiki.ros.org/tf/Errors%20explained
[WARN] [1785296549.570813422] []: TF_OLD_DATA ignoring data from the past for frame front_left_wheel at time 1785296536.692041 according to authority Authority undetectable
Possible reasons are listed at http://wiki.ros.org/tf/Errors%20explained
[WARN] [1785296549.570830200] []: TF_OLD_DATA ignoring data from the past for frame front_right_wheel at time 1785296536.692041 according to authority Authority undetectable
Possible reasons are listed at http://wiki.ros.org/tf/Errors%20explained
[WARN] [1785296549.570839996] []: TF_OLD_DATA ignoring data from the past for frame rear_left_wheel at time 1785296536.692041 according to authority Authority undetectable
Possible reasons are listed at http://wiki.ros.org/tf/Errors%20explained
[WARN] [1785296549.570848311] []: TF_OLD_DATA ignoring data from the past for frame rear_right_wheel at time 1785296536.692041 according to authority Authority undetectable
Possible reasons are listed at http://wiki.ros.org/tf/Errors%20explained
[WARN] [1785296549.570969404] []: TF_OLD_DATA ignoring data from the past for frame front_left_wheel at time 1785296536.792059 according to authority Authority undetectable
Possible reasons are listed at http://wiki.ros.org/tf/Errors%20explained
[WARN] [1785296549.570987553] []: TF_OLD_DATA ignoring data from the past for frame front_right_wheel at time 1785296536.792059 according to authority Authority undetectable
Possible reasons are listed at http://wiki.ros.org/tf/Errors%20explained
[WARN] [1785296549.570998386] []: TF_OLD_DATA ignoring data from the past for frame rear_left_wheel at time 1785296536.792059 according to authority Authority undetectable
Possible reasons are listed at http://wiki.ros.org/tf/Errors%20explained
[WARN] [1785296549.571007830] []: TF_OLD_DATA ignoring data from the past for frame rear_right_wheel at time 1785296536.792059 according to authority Authority undetectable
Possible reasons are listed at http://wiki.ros.org/tf/Errors%20explained
[WARN] [1785296549.571079664] []: TF_OLD_DATA ignoring data from the past for frame front_left_wheel at time 1785296536.992091 according to authority Authority undetectable
Possible reasons are listed at http://wiki.ros.org/tf/Errors%20explained
[WARN] [1785296549.571098146] []: TF_OLD_DATA ignoring data from the past for frame front_right_wheel at time 1785296536.992091 according to authority Authority undetectable
Possible reasons are listed at http://wiki.ros.org/tf/Errors%20explained
[WARN] [1785296549.571107201] []: TF_OLD_DATA ignoring data from the past for frame rear_left_wheel at time 1785296536.992091 according to authority Authority undetectable
Possible reasons are listed at http://wiki.ros.org/tf/Errors%20explained
[WARN] [1785296549.571115461] []: TF_OLD_DATA ignoring data from the past for frame rear_right_wheel at time 1785296536.992091 according to authority Authority undetectable
Possible reasons are listed at http://wiki.ros.org/tf/Errors%20explained
[WARN] [1785296549.571187998] []: TF_OLD_DATA ignoring data from the past for frame front_left_wheel at time 1785296537.092085 according to authority Authority undetectable
Possible reasons are listed at http://wiki.ros.org/tf/Errors%20explained
[WARN] [1785296549.571220017] []: TF_OLD_DATA ignoring data from the past for frame front_right_wheel at time 1785296537.092085 according to authority Authority undetectable
Possible reasons are listed at http://wiki.ros.org/tf/Errors%20explained
[WARN] [1785296549.571229183] []: TF_OLD_DATA ignoring data from the past for frame rear_left_wheel at time 1785296537.092085 according to authority Authority undetectable
Possible reasons are listed at http://wiki.ros.org/tf/Errors%20explained
[WARN] [1785296549.571239980] []: TF_OLD_DATA ignoring data from the past for frame rear_right_wheel at time 1785296537.092085 according to authority Authority undetectable
Possible reasons are listed at http://wiki.ros.org/tf/Errors%20explained
[INFO] [1785296550.696782720] [amcl]: Message Filter dropping message: frame 'laser' at time 1785296548.692 for reason 'the timestamp on the message is earlier than all the data in the transform cache'
[WARN] [1785296552.839991506] []: TF_OLD_DATA ignoring data from the past for frame front_left_wheel at time 1785296537.292043 according to authority Authority undetectable
Possible reasons are listed at http://wiki.ros.org/tf/Errors%20explained
[WARN] [1785296552.840028895] []: TF_OLD_DATA ignoring data from the past for frame front_right_wheel at time 1785296537.292043 according to authority Authority undetectable
Possible reasons are listed at http://wiki.ros.org/tf/Errors%20explained
[WARN] [1785296552.840040451] []: TF_OLD_DATA ignoring data from the past for frame rear_left_wheel at time 1785296537.292043 according to authority Authority undetectable
Possible reasons are listed at http://wiki.ros.org/tf/Errors%20explained
[WARN] [1785296552.840049451] []: TF_OLD_DATA ignoring data from the past for frame rear_right_wheel at time 1785296537.292043 according to authority Authority undetectable
Possible reasons are listed at http://wiki.ros.org/tf/Errors%20explained
[WARN] [1785296552.851408144] []: TF_OLD_DATA ignoring data from the past for frame front_left_wheel at time 1785296537.392081 according to authority Authority undetectable
Possible reasons are listed at http://wiki.ros.org/tf/Errors%20explained
[WARN] [1785296552.851439959] []: TF_OLD_DATA ignoring data from the past for frame front_right_wheel at time 1785296537.392081 according to authority Authority undetectable
Possible reasons are listed at http://wiki.ros.org/tf/Errors%20explained
[WARN] [1785296552.851449681] []: TF_OLD_DATA ignoring data from the past for frame rear_left_wheel at time 1785296537.392081 according to authority Authority undetectable
Possible reasons are listed at http://wiki.ros.org/tf/Errors%20explained
[WARN] [1785296552.851457107] []: TF_OLD_DATA ignoring data from the past for frame rear_right_wheel at time 1785296537.392081 according to authority Authority undetectable
Possible reasons are listed at http://wiki.ros.org/tf/Errors%20explained
[WARN] [1785296552.851552459] []: TF_OLD_DATA ignoring data from the past for frame front_left_wheel at time 1785296537.492235 according to authority Authority undetectable
Possible reasons are listed at http://wiki.ros.org/tf/Errors%20explained
[WARN] [1785296552.851567515] []: TF_OLD_DATA ignoring data from the past for frame front_right_wheel at time 1785296537.492235 according to authority Authority undetectable
Possible reasons are listed at http://wiki.ros.org/tf/Errors%20explained
[WARN] [1785296552.851575052] []: TF_OLD_DATA ignoring data from the past for frame rear_left_wheel at time 1785296537.492235 according to authority Authority undetectable
Possible reasons are listed at http://wiki.ros.org/tf/Errors%20explained
[WARN] [1785296552.851581700] []: TF_OLD_DATA ignoring data from the past for frame rear_right_wheel at time 1785296537.492235 according to authority Authority undetectable
Possible reasons are listed at http://wiki.ros.org/tf/Errors%20explained
[WARN] [1785296552.851609997] []: TF_OLD_DATA ignoring data from the past for frame front_left_wheel at time 1785296537.592090 according to authority Authority undetectable
Possible reasons are listed at http://wiki.ros.org/tf/Errors%20explained
[WARN] [1785296552.851622015] []: TF_OLD_DATA ignoring data from the past for frame front_right_wheel at time 1785296537.592090 according to authority Authority undetectable
Possible reasons are listed at http://wiki.ros.org/tf/Errors%20explained
[WARN] [1785296552.851628737] []: TF_OLD_DATA ignoring data from the past for frame rear_left_wheel at time 1785296537.592090 according to authority Authority undetectable
Possible reasons are listed at http://wiki.ros.org/tf/Errors%20explained
[WARN] [1785296552.851635330] []: TF_OLD_DATA ignoring data from the past for frame rear_right_wheel at time 1785296537.592090 according to authority Authority undetectable
Possible reasons are listed at http://wiki.ros.org/tf/Errors%20explained
[WARN] [1785296552.851662534] []: TF_OLD_DATA ignoring data from the past for frame front_left_wheel at time 1785296537.792087 according to authority Authority undetectable
Possible reasons are listed at http://wiki.ros.org/tf/Errors%20explained
[WARN] [1785296552.851727405] []: TF_OLD_DATA ignoring data from the past for frame front_right_wheel at time 1785296537.792087 according to authority Authority undetectable
Possible reasons are listed at http://wiki.ros.org/tf/Errors%20explained
[WARN] [1785296552.851738534] []: TF_OLD_DATA ignoring data from the past for frame rear_left_wheel at time 1785296537.792087 according to authority Authority undetectable
Possible reasons are listed at http://wiki.ros.org/tf/Errors%20explained
[WARN] [1785296552.851745497] []: TF_OLD_DATA ignoring data from the past for frame rear_right_wheel at time 1785296537.792087 according to authority Authority undetectable
Possible reasons are listed at http://wiki.ros.org/tf/Errors%20explained
[WARN] [1785296552.851779683] []: TF_OLD_DATA ignoring data from the past for frame front_left_wheel at time 1785296537.892083 according to authority Authority undetectable
Possible reasons are listed at http://wiki.ros.org/tf/Errors%20explained
[WARN] [1785296552.851794720] []: TF_OLD_DATA ignoring data from the past for frame front_right_wheel at time 1785296537.892083 according to authority Authority undetectable
Possible reasons are listed at http://wiki.ros.org/tf/Errors%20explained
[WARN] [1785296552.851801942] []: TF_OLD_DATA ignoring data from the past for frame rear_left_wheel at time 1785296537.892083 according to authority Authority undetectable
Possible reasons are listed at http://wiki.ros.org/tf/Errors%20explained
[WARN] [1785296552.851808664] []: TF_OLD_DATA ignoring data from the past for frame rear_right_wheel at time 1785296537.892083 according to authority Authority undetectable
Possible reasons are listed at http://wiki.ros.org/tf/Errors%20explained
[WARN] [1785296552.851833239] []: TF_OLD_DATA ignoring data from the past for frame front_left_wheel at time 1785296537.992043 according to authority Authority undetectable
Possible reasons are listed at http://wiki.ros.org/tf/Errors%20explained
[WARN] [1785296552.851856072] []: TF_OLD_DATA ignoring data from the past for frame front_right_wheel at time 1785296537.992043 according to authority Authority undetectable
Possible reasons are listed at http://wiki.ros.org/tf/Errors%20explained
[WARN] [1785296552.851863054] []: TF_OLD_DATA ignoring data from the past for frame rear_left_wheel at time 1785296537.992043 according to authority Authority undetectable
Possible reasons are listed at http://wiki.ros.org/tf/Errors%20explained
[WARN] [1785296552.851869665] []: TF_OLD_DATA ignoring data from the past for frame rear_right_wheel at time 1785296537.992043 according to authority Authority undetectable
Possible reasons are listed at http://wiki.ros.org/tf/Errors%20explained
[INFO] [1785296561.000693110] [amcl]: Deactivating
[INFO] [1785296561.000816944] [amcl]: Destroying bond (amcl) to lifecycle manager.
[INFO] [1785296565.534119560] [amcl]: Message Filter dropping message: frame 'laser' at time 1785296563.530 for reason 'the timestamp on the message is earlier than all the data in the transform cache'
[INFO] [1785296572.606902838] [amcl]: Message Filter dropping message: frame 'laser' at time 1785296570.430 for reason 'the timestamp on the message is earlier than all the data in the transform cache'
[WARN] [1785296575.939264181] []: TF_OLD_DATA ignoring data from the past for frame front_left_wheel at time 1785296555.392084 according to authority Authority undetectable
Possible reasons are listed at http://wiki.ros.org/tf/Errors%20explained
[WARN] [1785296575.939307478] []: TF_OLD_DATA ignoring data from the past for frame front_right_wheel at time 1785296555.392084 according to authority Authority undetectable
Possible reasons are listed at http://wiki.ros.org/tf/Errors%20explained
[WARN] [1785296575.939319997] []: TF_OLD_DATA ignoring data from the past for frame rear_left_wheel at time 1785296555.392084 according to authority Authority undetectable
Possible reasons are listed at http://wiki.ros.org/tf/Errors%20explained
[WARN] [1785296575.939328997] []: TF_OLD_DATA ignoring data from the past for frame rear_right_wheel at time 1785296555.392084 according to authority Authority undetectable
Possible reasons are listed at http://wiki.ros.org/tf/Errors%20explained
[WARN] [1785296575.939394775] []: TF_OLD_DATA ignoring data from the past for frame front_left_wheel at time 1785296555.492103 according to authority Authority undetectable
Possible reasons are listed at http://wiki.ros.org/tf/Errors%20explained
[WARN] [1785296575.939412034] []: TF_OLD_DATA ignoring data from the past for frame front_right_wheel at time 1785296555.492103 according to authority Authority undetectable
Possible reasons are listed at http://wiki.ros.org/tf/Errors%20explained
[WARN] [1785296575.939420016] []: TF_OLD_DATA ignoring data from the past for frame rear_left_wheel at time 1785296555.492103 according to authority Authority undetectable
Possible reasons are listed at http://wiki.ros.org/tf/Errors%20explained
[WARN] [1785296575.939427664] []: TF_OLD_DATA ignoring data from the past for frame rear_right_wheel at time 1785296555.492103 according to authority Authority undetectable
Possible reasons are listed at http://wiki.ros.org/tf/Errors%20explained
[WARN] [1785296575.939466886] []: TF_OLD_DATA ignoring data from the past for frame front_left_wheel at time 1785296555.592108 according to authority Authority undetectable
Possible reasons are listed at http://wiki.ros.org/tf/Errors%20explained
[WARN] [1785296575.939481164] []: TF_OLD_DATA ignoring data from the past for frame front_right_wheel at time 1785296555.592108 according to authority Authority undetectable
Possible reasons are listed at http://wiki.ros.org/tf/Errors%20explained
[WARN] [1785296575.939488627] []: TF_OLD_DATA ignoring data from the past for frame rear_left_wheel at time 1785296555.592108 according to authority Authority undetectable
Possible reasons are listed at http://wiki.ros.org/tf/Errors%20explained
[WARN] [1785296575.939496238] []: TF_OLD_DATA ignoring data from the past for frame rear_right_wheel at time 1785296555.592108 according to authority Authority undetectable
Possible reasons are listed at http://wiki.ros.org/tf/Errors%20explained
[WARN] [1785296575.939868314] []: TF_OLD_DATA ignoring data from the past for frame front_left_wheel at time 1785296555.692092 according to authority Authority undetectable
Possible reasons are listed at http://wiki.ros.org/tf/Errors%20explained
[WARN] [1785296575.939895611] []: TF_OLD_DATA ignoring data from the past for frame front_right_wheel at time 1785296555.692092 according to authority Authority undetectable
Possible reasons are listed at http://wiki.ros.org/tf/Errors%20explained
[WARN] [1785296575.939906463] []: TF_OLD_DATA ignoring data from the past for frame rear_left_wheel at time 1785296555.692092 according to authority Authority undetectable
Possible reasons are listed at http://wiki.ros.org/tf/Errors%20explained
[WARN] [1785296575.939915555] []: TF_OLD_DATA ignoring data from the past for frame rear_right_wheel at time 1785296555.692092 according to authority Authority undetectable
Possible reasons are listed at http://wiki.ros.org/tf/Errors%20explained
[WARN] [1785296575.941179544] []: TF_OLD_DATA ignoring data from the past for frame front_left_wheel at time 1785296555.792087 according to authority Authority undetectable
Possible reasons are listed at http://wiki.ros.org/tf/Errors%20explained
[WARN] [1785296575.941246655] []: TF_OLD_DATA ignoring data from the past for frame front_right_wheel at time 1785296555.792087 according to authority Authority undetectable
Possible reasons are listed at http://wiki.ros.org/tf/Errors%20explained
[WARN] [1785296575.941259952] []: TF_OLD_DATA ignoring data from the past for frame rear_left_wheel at time 1785296555.792087 according to authority Authority undetectable
Possible reasons are listed at http://wiki.ros.org/tf/Errors%20explained
[WARN] [1785296575.941267896] []: TF_OLD_DATA ignoring data from the past for frame rear_right_wheel at time 1785296555.792087 according to authority Authority undetectable
Possible reasons are listed at http://wiki.ros.org/tf/Errors%20explained
[WARN] [1785296575.941337156] []: TF_OLD_DATA ignoring data from the past for frame front_left_wheel at time 1785296555.892107 according to authority Authority undetectable
Possible reasons are listed at http://wiki.ros.org/tf/Errors%20explained
[WARN] [1785296575.941357786] []: TF_OLD_DATA ignoring data from the past for frame front_right_wheel at time 1785296555.892107 according to authority Authority undetectable
Possible reasons are listed at http://wiki.ros.org/tf/Errors%20explained
[WARN] [1785296575.941365749] []: TF_OLD_DATA ignoring data from the past for frame rear_left_wheel at time 1785296555.892107 according to authority Authority undetectable
Possible reasons are listed at http://wiki.ros.org/tf/Errors%20explained
[WARN] [1785296575.941373230] []: TF_OLD_DATA ignoring data from the past for frame rear_right_wheel at time 1785296555.892107 according to authority Authority undetectable
Possible reasons are listed at http://wiki.ros.org/tf/Errors%20explained
[WARN] [1785296575.941408860] []: TF_OLD_DATA ignoring data from the past for frame front_left_wheel at time 1785296555.992080 according to authority Authority undetectable
Possible reasons are listed at http://wiki.ros.org/tf/Errors%20explained
[WARN] [1785296575.941426360] []: TF_OLD_DATA ignoring data from the past for frame front_right_wheel at time 1785296555.992080 according to authority Authority undetectable
Possible reasons are listed at http://wiki.ros.org/tf/Errors%20explained
[WARN] [1785296575.941434786] []: TF_OLD_DATA ignoring data from the past for frame rear_left_wheel at time 1785296555.992080 according to authority Authority undetectable
Possible reasons are listed at http://wiki.ros.org/tf/Errors%20explained
[WARN] [1785296575.941443712] []: TF_OLD_DATA ignoring data from the past for frame rear_right_wheel at time 1785296555.992080 according to authority Authority undetectable
Possible reasons are listed at http://wiki.ros.org/tf/Errors%20explained
[WARN] [1785296575.941485323] []: TF_OLD_DATA ignoring data from the past for frame front_left_wheel at time 1785296556.592054 according to authority Authority undetectable
Possible reasons are listed at http://wiki.ros.org/tf/Errors%20explained
[WARN] [1785296575.941499749] []: TF_OLD_DATA ignoring data from the past for frame front_right_wheel at time 1785296556.592054 according to authority Authority undetectable
Possible reasons are listed at http://wiki.ros.org/tf/Errors%20explained
[WARN] [1785296575.941508564] []: TF_OLD_DATA ignoring data from the past for frame rear_left_wheel at time 1785296556.592054 according to authority Authority undetectable
Possible reasons are listed at http://wiki.ros.org/tf/Errors%20explained
[WARN] [1785296575.941516731] []: TF_OLD_DATA ignoring data from the past for frame rear_right_wheel at time 1785296556.592054 according to authority Authority undetectable
Possible reasons are listed at http://wiki.ros.org/tf/Errors%20explained
[INFO] [1785296614.679366715] [amcl]: Cleaning up
[INFO] [1785296615.817853490] [amcl]: Configuring
[INFO] [1785296615.817939935] [amcl]: initTransforms
[INFO] [1785296615.830083596] [amcl]: initPubSub
[INFO] [1785296615.840846137] [amcl]: Subscribed to map topic.
[WARN] [1785296647.676357201] []: TF_OLD_DATA ignoring data from the past for frame front_left_wheel at time 1785296624.893584 according to authority Authority undetectable
Possible reasons are listed at http://wiki.ros.org/tf/Errors%20explained
[WARN] [1785296647.676405479] []: TF_OLD_DATA ignoring data from the past for frame front_right_wheel at time 1785296624.893584 according to authority Authority undetectable
Possible reasons are listed at http://wiki.ros.org/tf/Errors%20explained
[WARN] [1785296647.676416664] []: TF_OLD_DATA ignoring data from the past for frame rear_left_wheel at time 1785296624.893584 according to authority Authority undetectable
Possible reasons are listed at http://wiki.ros.org/tf/Errors%20explained
[WARN] [1785296647.676425794] []: TF_OLD_DATA ignoring data from the past for frame rear_right_wheel at time 1785296624.893584 according to authority Authority undetectable
Possible reasons are listed at http://wiki.ros.org/tf/Errors%20explained
[WARN] [1785296647.676483109] []: TF_OLD_DATA ignoring data from the past for frame front_left_wheel at time 1785296624.992471 according to authority Authority undetectable
Possible reasons are listed at http://wiki.ros.org/tf/Errors%20explained
[WARN] [1785296647.676497591] []: TF_OLD_DATA ignoring data from the past for frame front_right_wheel at time 1785296624.992471 according to authority Authority undetectable
Possible reasons are listed at http://wiki.ros.org/tf/Errors%20explained
[WARN] [1785296647.676506609] []: TF_OLD_DATA ignoring data from the past for frame rear_left_wheel at time 1785296624.992471 according to authority Authority undetectable
Possible reasons are listed at http://wiki.ros.org/tf/Errors%20explained
[WARN] [1785296647.676515128] []: TF_OLD_DATA ignoring data from the past for frame rear_right_wheel at time 1785296624.992471 according to authority Authority undetectable
Possible reasons are listed at http://wiki.ros.org/tf/Errors%20explained
[WARN] [1785296647.676540721] []: TF_OLD_DATA ignoring data from the past for frame front_left_wheel at time 1785296625.092247 according to authority Authority undetectable
Possible reasons are listed at http://wiki.ros.org/tf/Errors%20explained
[WARN] [1785296647.676553184] []: TF_OLD_DATA ignoring data from the past for frame front_right_wheel at time 1785296625.092247 according to authority Authority undetectable
Possible reasons are listed at http://wiki.ros.org/tf/Errors%20explained
[WARN] [1785296647.676561795] []: TF_OLD_DATA ignoring data from the past for frame rear_left_wheel at time 1785296625.092247 according to authority Authority undetectable
Possible reasons are listed at http://wiki.ros.org/tf/Errors%20explained
[WARN] [1785296647.676570147] []: TF_OLD_DATA ignoring data from the past for frame rear_right_wheel at time 1785296625.092247 according to authority Authority undetectable
Possible reasons are listed at http://wiki.ros.org/tf/Errors%20explained
[WARN] [1785296647.676595702] []: TF_OLD_DATA ignoring data from the past for frame front_left_wheel at time 1785296625.193231 according to authority Authority undetectable
Possible reasons are listed at http://wiki.ros.org/tf/Errors%20explained
[WARN] [1785296647.676609888] []: TF_OLD_DATA ignoring data from the past for frame front_right_wheel at time 1785296625.193231 according to authority Authority undetectable
Possible reasons are listed at http://wiki.ros.org/tf/Errors%20explained
[WARN] [1785296647.676618240] []: TF_OLD_DATA ignoring data from the past for frame rear_left_wheel at time 1785296625.193231 according to authority Authority undetectable
Possible reasons are listed at http://wiki.ros.org/tf/Errors%20explained
[WARN] [1785296647.676626573] []: TF_OLD_DATA ignoring data from the past for frame rear_right_wheel at time 1785296625.193231 according to authority Authority undetectable
Possible reasons are listed at http://wiki.ros.org/tf/Errors%20explained
[WARN] [1785296647.676654888] []: TF_OLD_DATA ignoring data from the past for frame front_left_wheel at time 1785296625.292817 according to authority Authority undetectable
Possible reasons are listed at http://wiki.ros.org/tf/Errors%20explained
[WARN] [1785296647.676732759] []: TF_OLD_DATA ignoring data from the past for frame front_right_wheel at time 1785296625.292817 according to authority Authority undetectable
Possible reasons are listed at http://wiki.ros.org/tf/Errors%20explained
[WARN] [1785296647.676745833] []: TF_OLD_DATA ignoring data from the past for frame rear_left_wheel at time 1785296625.292817 according to authority Authority undetectable
Possible reasons are listed at http://wiki.ros.org/tf/Errors%20explained
[WARN] [1785296647.676754629] []: TF_OLD_DATA ignoring data from the past for frame rear_right_wheel at time 1785296625.292817 according to authority Authority undetectable
Possible reasons are listed at http://wiki.ros.org/tf/Errors%20explained
[WARN] [1785296647.676788778] []: TF_OLD_DATA ignoring data from the past for frame front_left_wheel at time 1785296625.392495 according to authority Authority undetectable
Possible reasons are listed at http://wiki.ros.org/tf/Errors%20explained
[WARN] [1785296647.676801611] []: TF_OLD_DATA ignoring data from the past for frame front_right_wheel at time 1785296625.392495 according to authority Authority undetectable
Possible reasons are listed at http://wiki.ros.org/tf/Errors%20explained
[WARN] [1785296647.676810185] []: TF_OLD_DATA ignoring data from the past for frame rear_left_wheel at time 1785296625.392495 according to authority Authority undetectable
Possible reasons are listed at http://wiki.ros.org/tf/Errors%20explained
[WARN] [1785296647.676818370] []: TF_OLD_DATA ignoring data from the past for frame rear_right_wheel at time 1785296625.392495 according to authority Authority undetectable
Possible reasons are listed at http://wiki.ros.org/tf/Errors%20explained
[WARN] [1785296647.676845574] []: TF_OLD_DATA ignoring data from the past for frame front_left_wheel at time 1785296625.492088 according to authority Authority undetectable
Possible reasons are listed at http://wiki.ros.org/tf/Errors%20explained
[WARN] [1785296647.676857722] []: TF_OLD_DATA ignoring data from the past for frame front_right_wheel at time 1785296625.492088 according to authority Authority undetectable
Possible reasons are listed at http://wiki.ros.org/tf/Errors%20explained
[WARN] [1785296647.676866834] []: TF_OLD_DATA ignoring data from the past for frame rear_left_wheel at time 1785296625.492088 according to authority Authority undetectable
Possible reasons are listed at http://wiki.ros.org/tf/Errors%20explained
[WARN] [1785296647.676878630] []: TF_OLD_DATA ignoring data from the past for frame rear_right_wheel at time 1785296625.492088 according to authority Authority undetectable
Possible reasons are listed at http://wiki.ros.org/tf/Errors%20explained
[WARN] [1785296647.676909723] []: TF_OLD_DATA ignoring data from the past for frame front_left_wheel at time 1785296625.592133 according to authority Authority undetectable
Possible reasons are listed at http://wiki.ros.org/tf/Errors%20explained
[WARN] [1785296647.676923889] []: TF_OLD_DATA ignoring data from the past for frame front_right_wheel at time 1785296625.592133 according to authority Authority undetectable
Possible reasons are listed at http://wiki.ros.org/tf/Errors%20explained
[WARN] [1785296647.676933038] []: TF_OLD_DATA ignoring data from the past for frame rear_left_wheel at time 1785296625.592133 according to authority Authority undetectable
Possible reasons are listed at http://wiki.ros.org/tf/Errors%20explained
[WARN] [1785296647.676941353] []: TF_OLD_DATA ignoring data from the past for frame rear_right_wheel at time 1785296625.592133 according to authority Authority undetectable
Possible reasons are listed at http://wiki.ros.org/tf/Errors%20explained
[WARN] [1785296647.676972093] []: TF_OLD_DATA ignoring data from the past for frame front_left_wheel at time 1785296625.692079 according to authority Authority undetectable
Possible reasons are listed at http://wiki.ros.org/tf/Errors%20explained
[WARN] [1785296647.676996408] []: TF_OLD_DATA ignoring data from the past for frame front_right_wheel at time 1785296625.692079 according to authority Authority undetectable
Possible reasons are listed at http://wiki.ros.org/tf/Errors%20explained
[WARN] [1785296647.677027334] []: TF_OLD_DATA ignoring data from the past for frame rear_left_wheel at time 1785296625.692079 according to authority Authority undetectable
Possible reasons are listed at http://wiki.ros.org/tf/Errors%20explained
[WARN] [1785296647.677038631] []: TF_OLD_DATA ignoring data from the past for frame rear_right_wheel at time 1785296625.692079 according to authority Authority undetectable
Possible reasons are listed at http://wiki.ros.org/tf/Errors%20explained
[WARN] [1785296647.677076724] []: TF_OLD_DATA ignoring data from the past for frame front_left_wheel at time 1785296625.792568 according to authority Authority undetectable
Possible reasons are listed at http://wiki.ros.org/tf/Errors%20explained
[WARN] [1785296647.677090576] []: TF_OLD_DATA ignoring data from the past for frame front_right_wheel at time 1785296625.792568 according to authority Authority undetectable
Possible reasons are listed at http://wiki.ros.org/tf/Errors%20explained
[WARN] [1785296647.677099464] []: TF_OLD_DATA ignoring data from the past for frame rear_left_wheel at time 1785296625.792568 according to authority Authority undetectable
Possible reasons are listed at http://wiki.ros.org/tf/Errors%20explained
[WARN] [1785296647.677108094] []: TF_OLD_DATA ignoring data from the past for frame rear_right_wheel at time 1785296625.792568 according to authority Authority undetectable
Possible reasons are listed at http://wiki.ros.org/tf/Errors%20explained
[WARN] [1785296647.677135872] []: TF_OLD_DATA ignoring data from the past for frame front_left_wheel at time 1785296625.892837 according to authority Authority undetectable
Possible reasons are listed at http://wiki.ros.org/tf/Errors%20explained
[WARN] [1785296647.677148594] []: TF_OLD_DATA ignoring data from the past for frame front_right_wheel at time 1785296625.892837 according to authority Authority undetectable
Possible reasons are listed at http://wiki.ros.org/tf/Errors%20explained
[WARN] [1785296647.677157020] []: TF_OLD_DATA ignoring data from the past for frame rear_left_wheel at time 1785296625.892837 according to authority Authority undetectable
Possible reasons are listed at http://wiki.ros.org/tf/Errors%20explained
[WARN] [1785296647.677167891] []: TF_OLD_DATA ignoring data from the past for frame rear_right_wheel at time 1785296625.892837 according to authority Authority undetectable
Possible reasons are listed at http://wiki.ros.org/tf/Errors%20explained
[WARN] [1785296647.677207854] []: TF_OLD_DATA ignoring data from the past for frame front_left_wheel at time 1785296625.992464 according to authority Authority undetectable
Possible reasons are listed at http://wiki.ros.org/tf/Errors%20explained
[WARN] [1785296647.677221613] []: TF_OLD_DATA ignoring data from the past for frame front_right_wheel at time 1785296625.992464 according to authority Authority undetectable
Possible reasons are listed at http://wiki.ros.org/tf/Errors%20explained
[WARN] [1785296647.677231317] []: TF_OLD_DATA ignoring data from the past for frame rear_left_wheel at time 1785296625.992464 according to authority Authority undetectable
Possible reasons are listed at http://wiki.ros.org/tf/Errors%20explained
[WARN] [1785296647.677239502] []: TF_OLD_DATA ignoring data from the past for frame rear_right_wheel at time 1785296625.992464 according to authority Authority undetectable
Possible reasons are listed at http://wiki.ros.org/tf/Errors%20explained
[WARN] [1785296647.677269114] []: TF_OLD_DATA ignoring data from the past for frame front_left_wheel at time 1785296626.092132 according to authority Authority undetectable
Possible reasons are listed at http://wiki.ros.org/tf/Errors%20explained
[WARN] [1785296647.677281447] []: TF_OLD_DATA ignoring data from the past for frame front_right_wheel at time 1785296626.092132 according to authority Authority undetectable
Possible reasons are listed at http://wiki.ros.org/tf/Errors%20explained
[WARN] [1785296647.677326892] []: TF_OLD_DATA ignoring data from the past for frame rear_left_wheel at time 1785296626.092132 according to authority Authority undetectable
Possible reasons are listed at http://wiki.ros.org/tf/Errors%20explained
[WARN] [1785296647.677337558] []: TF_OLD_DATA ignoring data from the past for frame rear_right_wheel at time 1785296626.092132 according to authority Authority undetectable
Possible reasons are listed at http://wiki.ros.org/tf/Errors%20explained
[WARN] [1785296647.677368522] []: TF_OLD_DATA ignoring data from the past for frame front_left_wheel at time 1785296626.192274 according to authority Authority undetectable
Possible reasons are listed at http://wiki.ros.org/tf/Errors%20explained
[WARN] [1785296647.677382911] []: TF_OLD_DATA ignoring data from the past for frame front_right_wheel at time 1785296626.192274 according to authority Authority undetectable
Possible reasons are listed at http://wiki.ros.org/tf/Errors%20explained
[WARN] [1785296647.677391336] []: TF_OLD_DATA ignoring data from the past for frame rear_left_wheel at time 1785296626.192274 according to authority Authority undetectable
Possible reasons are listed at http://wiki.ros.org/tf/Errors%20explained
[WARN] [1785296647.677399559] []: TF_OLD_DATA ignoring data from the past for frame rear_right_wheel at time 1785296626.192274 according to authority Authority undetectable
Possible reasons are listed at http://wiki.ros.org/tf/Errors%20explained
[WARN] [1785296647.677424522] []: TF_OLD_DATA ignoring data from the past for frame front_left_wheel at time 1785296626.292093 according to authority Authority undetectable
Possible reasons are listed at http://wiki.ros.org/tf/Errors%20explained
[WARN] [1785296647.677435929] []: TF_OLD_DATA ignoring data from the past for frame front_right_wheel at time 1785296626.292093 according to authority Authority undetectable
Possible reasons are listed at http://wiki.ros.org/tf/Errors%20explained
[WARN] [1785296647.677444300] []: TF_OLD_DATA ignoring data from the past for frame rear_left_wheel at time 1785296626.292093 according to authority Authority undetectable
Possible reasons are listed at http://wiki.ros.org/tf/Errors%20explained
[WARN] [1785296647.677478374] []: TF_OLD_DATA ignoring data from the past for frame rear_right_wheel at time 1785296626.292093 according to authority Authority undetectable
Possible reasons are listed at http://wiki.ros.org/tf/Errors%20explained
[WARN] [1785296647.677513985] []: TF_OLD_DATA ignoring data from the past for frame front_left_wheel at time 1785296626.392108 according to authority Authority undetectable
Possible reasons are listed at http://wiki.ros.org/tf/Errors%20explained
[WARN] [1785296647.677530059] []: TF_OLD_DATA ignoring data from the past for frame front_right_wheel at time 1785296626.392108 according to authority Authority undetectable
Possible reasons are listed at http://wiki.ros.org/tf/Errors%20explained
[WARN] [1785296647.677539152] []: TF_OLD_DATA ignoring data from the past for frame rear_left_wheel at time 1785296626.392108 according to authority Authority undetectable
Possible reasons are listed at http://wiki.ros.org/tf/Errors%20explained
[WARN] [1785296647.677547467] []: TF_OLD_DATA ignoring data from the past for frame rear_right_wheel at time 1785296626.392108 according to authority Authority undetectable
Possible reasons are listed at http://wiki.ros.org/tf/Errors%20explained
[WARN] [1785296647.677583467] []: TF_OLD_DATA ignoring data from the past for frame front_left_wheel at time 1785296626.492050 according to authority Authority undetectable
Possible reasons are listed at http://wiki.ros.org/tf/Errors%20explained
[WARN] [1785296647.677599356] []: TF_OLD_DATA ignoring data from the past for frame front_right_wheel at time 1785296626.492050 according to authority Authority undetectable
Possible reasons are listed at http://wiki.ros.org/tf/Errors%20explained
[WARN] [1785296647.677607967] []: TF_OLD_DATA ignoring data from the past for frame rear_left_wheel at time 1785296626.492050 according to authority Authority undetectable
Possible reasons are listed at http://wiki.ros.org/tf/Errors%20explained
[WARN] [1785296647.677636634] []: TF_OLD_DATA ignoring data from the past for frame rear_right_wheel at time 1785296626.492050 according to authority Authority undetectable
Possible reasons are listed at http://wiki.ros.org/tf/Errors%20explained
[WARN] [1785296647.677667375] []: TF_OLD_DATA ignoring data from the past for frame front_left_wheel at time 1785296626.592083 according to authority Authority undetectable
Possible reasons are listed at http://wiki.ros.org/tf/Errors%20explained
[WARN] [1785296647.677681227] []: TF_OLD_DATA ignoring data from the past for frame front_right_wheel at time 1785296626.592083 according to authority Authority undetectable
Possible reasons are listed at http://wiki.ros.org/tf/Errors%20explained
[WARN] [1785296647.677689783] []: TF_OLD_DATA ignoring data from the past for frame rear_left_wheel at time 1785296626.592083 according to authority Authority undetectable
Possible reasons are listed at http://wiki.ros.org/tf/Errors%20explained
[WARN] [1785296647.677697986] []: TF_OLD_DATA ignoring data from the past for frame rear_right_wheel at time 1785296626.592083 according to authority Authority undetectable
Possible reasons are listed at http://wiki.ros.org/tf/Errors%20explained
[WARN] [1785296647.677723264] []: TF_OLD_DATA ignoring data from the past for frame front_left_wheel at time 1785296626.905537 according to authority Authority undetectable
Possible reasons are listed at http://wiki.ros.org/tf/Errors%20explained
[WARN] [1785296647.677735116] []: TF_OLD_DATA ignoring data from the past for frame front_right_wheel at time 1785296626.905537 according to authority Authority undetectable
Possible reasons are listed at http://wiki.ros.org/tf/Errors%20explained
[WARN] [1785296647.677743764] []: TF_OLD_DATA ignoring data from the past for frame rear_left_wheel at time 1785296626.905537 according to authority Authority undetectable
Possible reasons are listed at http://wiki.ros.org/tf/Errors%20explained
[WARN] [1785296647.677752079] []: TF_OLD_DATA ignoring data from the past for frame rear_right_wheel at time 1785296626.905537 according to authority Authority undetectable
Possible reasons are listed at http://wiki.ros.org/tf/Errors%20explained
[WARN] [1785296647.677779598] []: TF_OLD_DATA ignoring data from the past for frame front_left_wheel at time 1785296626.992066 according to authority Authority undetectable
Possible reasons are listed at http://wiki.ros.org/tf/Errors%20explained
[WARN] [1785296647.677794765] []: TF_OLD_DATA ignoring data from the past for frame front_right_wheel at time 1785296626.992066 according to authority Authority undetectable
Possible reasons are listed at http://wiki.ros.org/tf/Errors%20explained
[WARN] [1785296647.677803450] []: TF_OLD_DATA ignoring data from the past for frame rear_left_wheel at time 1785296626.992066 according to authority Authority undetectable
Possible reasons are listed at http://wiki.ros.org/tf/Errors%20explained
[WARN] [1785296647.677811839] []: TF_OLD_DATA ignoring data from the past for frame rear_right_wheel at time 1785296626.992066 according to authority Authority undetectable
Possible reasons are listed at http://wiki.ros.org/tf/Errors%20explained
[WARN] [1785296647.677843820] []: TF_OLD_DATA ignoring data from the past for frame front_left_wheel at time 1785296627.092104 according to authority Authority undetectable
Possible reasons are listed at http://wiki.ros.org/tf/Errors%20explained
[WARN] [1785296647.677856821] []: TF_OLD_DATA ignoring data from the past for frame front_right_wheel at time 1785296627.092104 according to authority Authority undetectable
Possible reasons are listed at http://wiki.ros.org/tf/Errors%20explained
[WARN] [1785296647.677865543] []: TF_OLD_DATA ignoring data from the past for frame rear_left_wheel at time 1785296627.092104 according to authority Authority undetectable
Possible reasons are listed at http://wiki.ros.org/tf/Errors%20explained
[WARN] [1785296647.677876450] []: TF_OLD_DATA ignoring data from the past for frame rear_right_wheel at time 1785296627.092104 according to authority Authority undetectable
Possible reasons are listed at http://wiki.ros.org/tf/Errors%20explained
[WARN] [1785296647.677919821] []: TF_OLD_DATA ignoring data from the past for frame front_left_wheel at time 1785296627.192057 according to authority Authority undetectable
Possible reasons are listed at http://wiki.ros.org/tf/Errors%20explained
[WARN] [1785296647.677932136] []: TF_OLD_DATA ignoring data from the past for frame front_right_wheel at time 1785296627.192057 according to authority Authority undetectable
Possible reasons are listed at http://wiki.ros.org/tf/Errors%20explained
[WARN] [1785296647.677940506] []: TF_OLD_DATA ignoring data from the past for frame rear_left_wheel at time 1785296627.192057 according to authority Authority undetectable
Possible reasons are listed at http://wiki.ros.org/tf/Errors%20explained
[WARN] [1785296647.677948728] []: TF_OLD_DATA ignoring data from the past for frame rear_right_wheel at time 1785296627.192057 according to authority Authority undetectable
Possible reasons are listed at http://wiki.ros.org/tf/Errors%20explained
[WARN] [1785296647.677974321] []: TF_OLD_DATA ignoring data from the past for frame front_left_wheel at time 1785296627.292025 according to authority Authority undetectable
Possible reasons are listed at http://wiki.ros.org/tf/Errors%20explained
[WARN] [1785296647.677987081] []: TF_OLD_DATA ignoring data from the past for frame front_right_wheel at time 1785296627.292025 according to authority Authority undetectable
Possible reasons are listed at http://wiki.ros.org/tf/Errors%20explained
[WARN] [1785296647.677995655] []: TF_OLD_DATA ignoring data from the past for frame rear_left_wheel at time 1785296627.292025 according to authority Authority undetectable
Possible reasons are listed at http://wiki.ros.org/tf/Errors%20explained
[WARN] [1785296647.678003821] []: TF_OLD_DATA ignoring data from the past for frame rear_right_wheel at time 1785296627.292025 according to authority Authority undetectable
Possible reasons are listed at http://wiki.ros.org/tf/Errors%20explained
[WARN] [1785296647.678031081] []: TF_OLD_DATA ignoring data from the past for frame front_left_wheel at time 1785296627.392067 according to authority Authority undetectable
Possible reasons are listed at http://wiki.ros.org/tf/Errors%20explained
[WARN] [1785296647.678044581] []: TF_OLD_DATA ignoring data from the past for frame front_right_wheel at time 1785296627.392067 according to authority Authority undetectable
Possible reasons are listed at http://wiki.ros.org/tf/Errors%20explained
[WARN] [1785296647.678053470] []: TF_OLD_DATA ignoring data from the past for frame rear_left_wheel at time 1785296627.392067 according to authority Authority undetectable
Possible reasons are listed at http://wiki.ros.org/tf/Errors%20explained
[WARN] [1785296647.678061674] []: TF_OLD_DATA ignoring data from the past for frame rear_right_wheel at time 1785296627.392067 according to authority Authority undetectable
Possible reasons are listed at http://wiki.ros.org/tf/Errors%20explained
[WARN] [1785296647.678090544] []: TF_OLD_DATA ignoring data from the past for frame front_left_wheel at time 1785296627.592082 according to authority Authority undetectable
Possible reasons are listed at http://wiki.ros.org/tf/Errors%20explained
[WARN] [1785296647.678103970] []: TF_OLD_DATA ignoring data from the past for frame front_right_wheel at time 1785296627.592082 according to authority Authority undetectable
Possible reasons are listed at http://wiki.ros.org/tf/Errors%20explained
[WARN] [1785296647.678112378] []: TF_OLD_DATA ignoring data from the past for frame rear_left_wheel at time 1785296627.592082 according to authority Authority undetectable
Possible reasons are listed at http://wiki.ros.org/tf/Errors%20explained
[WARN] [1785296647.678120470] []: TF_OLD_DATA ignoring data from the past for frame rear_right_wheel at time 1785296627.592082 according to authority Authority undetectable
Possible reasons are listed at http://wiki.ros.org/tf/Errors%20explained
[WARN] [1785296647.678203600] []: TF_OLD_DATA ignoring data from the past for frame front_left_wheel at time 1785296627.692075 according to authority Authority undetectable
Possible reasons are listed at http://wiki.ros.org/tf/Errors%20explained
[WARN] [1785296647.678221156] []: TF_OLD_DATA ignoring data from the past for frame front_right_wheel at time 1785296627.692075 according to authority Authority undetectable
Possible reasons are listed at http://wiki.ros.org/tf/Errors%20explained
[WARN] [1785296647.678230304] []: TF_OLD_DATA ignoring data from the past for frame rear_left_wheel at time 1785296627.692075 according to authority Authority undetectable
Possible reasons are listed at http://wiki.ros.org/tf/Errors%20explained
[WARN] [1785296647.678238563] []: TF_OLD_DATA ignoring data from the past for frame rear_right_wheel at time 1785296627.692075 according to authority Authority undetectable
Possible reasons are listed at http://wiki.ros.org/tf/Errors%20explained
[WARN] [1785296647.678272453] []: TF_OLD_DATA ignoring data from the past for frame front_left_wheel at time 1785296627.792085 according to authority Authority undetectable
Possible reasons are listed at http://wiki.ros.org/tf/Errors%20explained
[WARN] [1785296647.678285879] []: TF_OLD_DATA ignoring data from the past for frame front_right_wheel at time 1785296627.792085 according to authority Authority undetectable
Possible reasons are listed at http://wiki.ros.org/tf/Errors%20explained
[WARN] [1785296647.678294304] []: TF_OLD_DATA ignoring data from the past for frame rear_left_wheel at time 1785296627.792085 according to authority Authority undetectable
Possible reasons are listed at http://wiki.ros.org/tf/Errors%20explained
[WARN] [1785296647.678302342] []: TF_OLD_DATA ignoring data from the past for frame rear_right_wheel at time 1785296627.792085 according to authority Authority undetectable
Possible reasons are listed at http://wiki.ros.org/tf/Errors%20explained
[WARN] [1785296647.678328990] []: TF_OLD_DATA ignoring data from the past for frame front_left_wheel at time 1785296627.892010 according to authority Authority undetectable
Possible reasons are listed at http://wiki.ros.org/tf/Errors%20explained
[WARN] [1785296647.678340860] []: TF_OLD_DATA ignoring data from the past for frame front_right_wheel at time 1785296627.892010 according to authority Authority undetectable
Possible reasons are listed at http://wiki.ros.org/tf/Errors%20explained
[WARN] [1785296647.678349027] []: TF_OLD_DATA ignoring data from the past for frame rear_left_wheel at time 1785296627.892010 according to authority Authority undetectable
Possible reasons are listed at http://wiki.ros.org/tf/Errors%20explained
[WARN] [1785296647.678357249] []: TF_OLD_DATA ignoring data from the past for frame rear_right_wheel at time 1785296627.892010 according to authority Authority undetectable
Possible reasons are listed at http://wiki.ros.org/tf/Errors%20explained
[WARN] [1785296647.678384435] []: TF_OLD_DATA ignoring data from the past for frame front_left_wheel at time 1785296628.092067 according to authority Authority undetectable
Possible reasons are listed at http://wiki.ros.org/tf/Errors%20explained
[WARN] [1785296647.678398324] []: TF_OLD_DATA ignoring data from the past for frame front_right_wheel at time 1785296628.092067 according to authority Authority undetectable
Possible reasons are listed at http://wiki.ros.org/tf/Errors%20explained
[WARN] [1785296647.678406620] []: TF_OLD_DATA ignoring data from the past for frame rear_left_wheel at time 1785296628.092067 according to authority Authority undetectable
Possible reasons are listed at http://wiki.ros.org/tf/Errors%20explained
[WARN] [1785296647.678414694] []: TF_OLD_DATA ignoring data from the past for frame rear_right_wheel at time 1785296628.092067 according to authority Authority undetectable
Possible reasons are listed at http://wiki.ros.org/tf/Errors%20explained
[WARN] [1785296647.678438157] []: TF_OLD_DATA ignoring data from the past for frame front_left_wheel at time 1785296628.192059 according to authority Authority undetectable
Possible reasons are listed at http://wiki.ros.org/tf/Errors%20explained
[WARN] [1785296647.678477194] []: TF_OLD_DATA ignoring data from the past for frame front_right_wheel at time 1785296628.192059 according to authority Authority undetectable
Possible reasons are listed at http://wiki.ros.org/tf/Errors%20explained
[WARN] [1785296647.678489065] []: TF_OLD_DATA ignoring data from the past for frame rear_left_wheel at time 1785296628.192059 according to authority Authority undetectable
Possible reasons are listed at http://wiki.ros.org/tf/Errors%20explained
[WARN] [1785296647.678497491] []: TF_OLD_DATA ignoring data from the past for frame rear_right_wheel at time 1785296628.192059 according to authority Authority undetectable
Possible reasons are listed at http://wiki.ros.org/tf/Errors%20explained
[WARN] [1785296647.678528324] []: TF_OLD_DATA ignoring data from the past for frame front_left_wheel at time 1785296628.292088 according to authority Authority undetectable
Possible reasons are listed at http://wiki.ros.org/tf/Errors%20explained
[WARN] [1785296647.678541973] []: TF_OLD_DATA ignoring data from the past for frame front_right_wheel at time 1785296628.292088 according to authority Authority undetectable
Possible reasons are listed at http://wiki.ros.org/tf/Errors%20explained
[WARN] [1785296647.678550750] []: TF_OLD_DATA ignoring data from the past for frame rear_left_wheel at time 1785296628.292088 according to authority Authority undetectable
Possible reasons are listed at http://wiki.ros.org/tf/Errors%20explained
[WARN] [1785296647.678558880] []: TF_OLD_DATA ignoring data from the past for frame rear_right_wheel at time 1785296628.292088 according to authority Authority undetectable
Possible reasons are listed at http://wiki.ros.org/tf/Errors%20explained
[WARN] [1785296647.678584862] []: TF_OLD_DATA ignoring data from the past for frame front_left_wheel at time 1785296628.392066 according to authority Authority undetectable
Possible reasons are listed at http://wiki.ros.org/tf/Errors%20explained
[WARN] [1785296647.678596232] []: TF_OLD_DATA ignoring data from the past for frame front_right_wheel at time 1785296628.392066 according to authority Authority undetectable
Possible reasons are listed at http://wiki.ros.org/tf/Errors%20explained
[WARN] [1785296647.678604454] []: TF_OLD_DATA ignoring data from the past for frame rear_left_wheel at time 1785296628.392066 according to authority Authority undetectable
Possible reasons are listed at http://wiki.ros.org/tf/Errors%20explained
[WARN] [1785296647.678612528] []: TF_OLD_DATA ignoring data from the past for frame rear_right_wheel at time 1785296628.392066 according to authority Authority undetectable
Possible reasons are listed at http://wiki.ros.org/tf/Errors%20explained
[WARN] [1785296647.678635084] []: TF_OLD_DATA ignoring data from the past for frame front_left_wheel at time 1785296628.492044 according to authority Authority undetectable
Possible reasons are listed at http://wiki.ros.org/tf/Errors%20explained
[WARN] [1785296647.678650806] []: TF_OLD_DATA ignoring data from the past for frame front_right_wheel at time 1785296628.492044 according to authority Authority undetectable
Possible reasons are listed at http://wiki.ros.org/tf/Errors%20explained
[WARN] [1785296647.678659251] []: TF_OLD_DATA ignoring data from the past for frame rear_left_wheel at time 1785296628.492044 according to authority Authority undetectable
Possible reasons are listed at http://wiki.ros.org/tf/Errors%20explained
[WARN] [1785296647.678667381] []: TF_OLD_DATA ignoring data from the past for frame rear_right_wheel at time 1785296628.492044 according to authority Authority undetectable
Possible reasons are listed at http://wiki.ros.org/tf/Errors%20explained
[WARN] [1785296647.678692473] []: TF_OLD_DATA ignoring data from the past for frame front_left_wheel at time 1785296628.592080 according to authority Authority undetectable
Possible reasons are listed at http://wiki.ros.org/tf/Errors%20explained
[WARN] [1785296647.678705270] []: TF_OLD_DATA ignoring data from the past for frame front_right_wheel at time 1785296628.592080 according to authority Authority undetectable
Possible reasons are listed at http://wiki.ros.org/tf/Errors%20explained
[WARN] [1785296647.678728844] []: TF_OLD_DATA ignoring data from the past for frame rear_left_wheel at time 1785296628.592080 according to authority Authority undetectable
Possible reasons are listed at http://wiki.ros.org/tf/Errors%20explained
[WARN] [1785296647.678737937] []: TF_OLD_DATA ignoring data from the past for frame rear_right_wheel at time 1785296628.592080 according to authority Authority undetectable
Possible reasons are listed at http://wiki.ros.org/tf/Errors%20explained
[WARN] [1785296647.678765270] []: TF_OLD_DATA ignoring data from the past for frame front_left_wheel at time 1785296628.692028 according to authority Authority undetectable
Possible reasons are listed at http://wiki.ros.org/tf/Errors%20explained
[WARN] [1785296647.678777752] []: TF_OLD_DATA ignoring data from the past for frame front_right_wheel at time 1785296628.692028 according to authority Authority undetectable
Possible reasons are listed at http://wiki.ros.org/tf/Errors%20explained
[WARN] [1785296647.678786104] []: TF_OLD_DATA ignoring data from the past for frame rear_left_wheel at time 1785296628.692028 according to authority Authority undetectable
Possible reasons are listed at http://wiki.ros.org/tf/Errors%20explained
[WARN] [1785296647.678794270] []: TF_OLD_DATA ignoring data from the past for frame rear_right_wheel at time 1785296628.692028 according to authority Authority undetectable
Possible reasons are listed at http://wiki.ros.org/tf/Errors%20explained
[INFO] [1785296648.817139322] [amcl]: Received a 1552 X 2299 map @ 0.050 m/pix
[WARN] [1785296651.349250611] []: TF_OLD_DATA ignoring data from the past for frame front_left_wheel at time 1785296637.592067 according to authority Authority undetectable
Possible reasons are listed at http://wiki.ros.org/tf/Errors%20explained
[WARN] [1785296651.349286759] []: TF_OLD_DATA ignoring data from the past for frame front_right_wheel at time 1785296637.592067 according to authority Authority undetectable
Possible reasons are listed at http://wiki.ros.org/tf/Errors%20explained
[WARN] [1785296651.349297759] []: TF_OLD_DATA ignoring data from the past for frame rear_left_wheel at time 1785296637.592067 according to authority Authority undetectable
Possible reasons are listed at http://wiki.ros.org/tf/Errors%20explained
[WARN] [1785296651.349306815] []: TF_OLD_DATA ignoring data from the past for frame rear_right_wheel at time 1785296637.592067 according to authority Authority undetectable
Possible reasons are listed at http://wiki.ros.org/tf/Errors%20explained
[WARN] [1785296651.349355463] []: TF_OLD_DATA ignoring data from the past for frame front_left_wheel at time 1785296637.792095 according to authority Authority undetectable
Possible reasons are listed at http://wiki.ros.org/tf/Errors%20explained
[WARN] [1785296651.349368685] []: TF_OLD_DATA ignoring data from the past for frame front_right_wheel at time 1785296637.792095 according to authority Authority undetectable
Possible reasons are listed at http://wiki.ros.org/tf/Errors%20explained
[WARN] [1785296651.349376871] []: TF_OLD_DATA ignoring data from the past for frame rear_left_wheel at time 1785296637.792095 according to authority Authority undetectable
Possible reasons are listed at http://wiki.ros.org/tf/Errors%20explained
[WARN] [1785296651.349384797] []: TF_OLD_DATA ignoring data from the past for frame rear_right_wheel at time 1785296637.792095 according to authority Authority undetectable
Possible reasons are listed at http://wiki.ros.org/tf/Errors%20explained
[WARN] [1785296651.349410945] []: TF_OLD_DATA ignoring data from the past for frame front_left_wheel at time 1785296637.892081 according to authority Authority undetectable
Possible reasons are listed at http://wiki.ros.org/tf/Errors%20explained
[WARN] [1785296651.349422278] []: TF_OLD_DATA ignoring data from the past for frame front_right_wheel at time 1785296637.892081 according to authority Authority undetectable
Possible reasons are listed at http://wiki.ros.org/tf/Errors%20explained
[WARN] [1785296651.349480279] []: TF_OLD_DATA ignoring data from the past for frame rear_left_wheel at time 1785296637.892081 according to authority Authority undetectable
Possible reasons are listed at http://wiki.ros.org/tf/Errors%20explained
[WARN] [1785296651.349492390] []: TF_OLD_DATA ignoring data from the past for frame rear_right_wheel at time 1785296637.892081 according to authority Authority undetectable
Possible reasons are listed at http://wiki.ros.org/tf/Errors%20explained
[WARN] [1785296654.428664970] []: TF_OLD_DATA ignoring data from the past for frame front_left_wheel at time 1785296638.092090 according to authority Authority undetectable
Possible reasons are listed at http://wiki.ros.org/tf/Errors%20explained
[WARN] [1785296654.428707266] []: TF_OLD_DATA ignoring data from the past for frame front_right_wheel at time 1785296638.092090 according to authority Authority undetectable
Possible reasons are listed at http://wiki.ros.org/tf/Errors%20explained
[WARN] [1785296654.428720248] []: TF_OLD_DATA ignoring data from the past for frame rear_left_wheel at time 1785296638.092090 according to authority Authority undetectable
Possible reasons are listed at http://wiki.ros.org/tf/Errors%20explained
[WARN] [1785296654.428731026] []: TF_OLD_DATA ignoring data from the past for frame rear_right_wheel at time 1785296638.092090 according to authority Authority undetectable
Possible reasons are listed at http://wiki.ros.org/tf/Errors%20explained
[WARN] [1785296654.428917767] []: TF_OLD_DATA ignoring data from the past for frame front_left_wheel at time 1785296638.292310 according to authority Authority undetectable
Possible reasons are listed at http://wiki.ros.org/tf/Errors%20explained
[WARN] [1785296654.428940841] []: TF_OLD_DATA ignoring data from the past for frame front_right_wheel at time 1785296638.292310 according to authority Authority undetectable
Possible reasons are listed at http://wiki.ros.org/tf/Errors%20explained
[WARN] [1785296654.428950953] []: TF_OLD_DATA ignoring data from the past for frame rear_left_wheel at time 1785296638.292310 according to authority Authority undetectable
Possible reasons are listed at http://wiki.ros.org/tf/Errors%20explained
[WARN] [1785296654.428960360] []: TF_OLD_DATA ignoring data from the past for frame rear_right_wheel at time 1785296638.292310 according to authority Authority undetectable
Possible reasons are listed at http://wiki.ros.org/tf/Errors%20explained
[WARN] [1785296654.429000583] []: TF_OLD_DATA ignoring data from the past for frame front_left_wheel at time 1785296638.392138 according to authority Authority undetectable
Possible reasons are listed at http://wiki.ros.org/tf/Errors%20explained
[WARN] [1785296654.429017583] []: TF_OLD_DATA ignoring data from the past for frame front_right_wheel at time 1785296638.392138 according to authority Authority undetectable
Possible reasons are listed at http://wiki.ros.org/tf/Errors%20explained
[WARN] [1785296654.429027046] []: TF_OLD_DATA ignoring data from the past for frame rear_left_wheel at time 1785296638.392138 according to authority Authority undetectable
Possible reasons are listed at http://wiki.ros.org/tf/Errors%20explained
[WARN] [1785296654.429036453] []: TF_OLD_DATA ignoring data from the past for frame rear_right_wheel at time 1785296638.392138 according to authority Authority undetectable
Possible reasons are listed at http://wiki.ros.org/tf/Errors%20explained
[WARN] [1785296654.429076620] []: TF_OLD_DATA ignoring data from the past for frame front_left_wheel at time 1785296638.492060 according to authority Authority undetectable
Possible reasons are listed at http://wiki.ros.org/tf/Errors%20explained
[WARN] [1785296654.429094824] []: TF_OLD_DATA ignoring data from the past for frame front_right_wheel at time 1785296638.492060 according to authority Authority undetectable
Possible reasons are listed at http://wiki.ros.org/tf/Errors%20explained
[WARN] [1785296654.429104935] []: TF_OLD_DATA ignoring data from the past for frame rear_left_wheel at time 1785296638.492060 according to authority Authority undetectable
Possible reasons are listed at http://wiki.ros.org/tf/Errors%20explained
[WARN] [1785296654.429114972] []: TF_OLD_DATA ignoring data from the past for frame rear_right_wheel at time 1785296638.492060 according to authority Authority undetectable
Possible reasons are listed at http://wiki.ros.org/tf/Errors%20explained
[WARN] [1785296654.429284269] []: TF_OLD_DATA ignoring data from the past for frame front_left_wheel at time 1785296638.592062 according to authority Authority undetectable
Possible reasons are listed at http://wiki.ros.org/tf/Errors%20explained
[WARN] [1785296654.429369511] []: TF_OLD_DATA ignoring data from the past for frame front_right_wheel at time 1785296638.592062 according to authority Authority undetectable
Possible reasons are listed at http://wiki.ros.org/tf/Errors%20explained
[WARN] [1785296654.429382511] []: TF_OLD_DATA ignoring data from the past for frame rear_left_wheel at time 1785296638.592062 according to authority Authority undetectable
Possible reasons are listed at http://wiki.ros.org/tf/Errors%20explained
[WARN] [1785296654.429391770] []: TF_OLD_DATA ignoring data from the past for frame rear_right_wheel at time 1785296638.592062 according to authority Authority undetectable
Possible reasons are listed at http://wiki.ros.org/tf/Errors%20explained
[WARN] [1785296654.429443585] []: TF_OLD_DATA ignoring data from the past for frame front_left_wheel at time 1785296638.692035 according to authority Authority undetectable
Possible reasons are listed at http://wiki.ros.org/tf/Errors%20explained
[WARN] [1785296654.429464122] []: TF_OLD_DATA ignoring data from the past for frame front_right_wheel at time 1785296638.692035 according to authority Authority undetectable
Possible reasons are listed at http://wiki.ros.org/tf/Errors%20explained
[WARN] [1785296654.429474196] []: TF_OLD_DATA ignoring data from the past for frame rear_left_wheel at time 1785296638.692035 according to authority Authority undetectable
Possible reasons are listed at http://wiki.ros.org/tf/Errors%20explained
[WARN] [1785296654.429484233] []: TF_OLD_DATA ignoring data from the past for frame rear_right_wheel at time 1785296638.692035 according to authority Authority undetectable
Possible reasons are listed at http://wiki.ros.org/tf/Errors%20explained
[WARN] [1785296654.429523326] []: TF_OLD_DATA ignoring data from the past for frame front_left_wheel at time 1785296638.792146 according to authority Authority undetectable
Possible reasons are listed at http://wiki.ros.org/tf/Errors%20explained
[WARN] [1785296654.429539123] []: TF_OLD_DATA ignoring data from the past for frame front_right_wheel at time 1785296638.792146 according to authority Authority undetectable
Possible reasons are listed at http://wiki.ros.org/tf/Errors%20explained
[WARN] [1785296654.429551900] []: TF_OLD_DATA ignoring data from the past for frame rear_left_wheel at time 1785296638.792146 according to authority Authority undetectable
Possible reasons are listed at http://wiki.ros.org/tf/Errors%20explained
[WARN] [1785296654.429562215] []: TF_OLD_DATA ignoring data from the past for frame rear_right_wheel at time 1785296638.792146 according to authority Authority undetectable
Possible reasons are listed at http://wiki.ros.org/tf/Errors%20explained
[WARN] [1785296654.429597290] []: TF_OLD_DATA ignoring data from the past for frame front_left_wheel at time 1785296638.892136 according to authority Authority undetectable
Possible reasons are listed at http://wiki.ros.org/tf/Errors%20explained
[WARN] [1785296654.429612642] []: TF_OLD_DATA ignoring data from the past for frame front_right_wheel at time 1785296638.892136 according to authority Authority undetectable
Possible reasons are listed at http://wiki.ros.org/tf/Errors%20explained
[WARN] [1785296654.429621993] []: TF_OLD_DATA ignoring data from the past for frame rear_left_wheel at time 1785296638.892136 according to authority Authority undetectable
Possible reasons are listed at http://wiki.ros.org/tf/Errors%20explained
[WARN] [1785296654.429630697] []: TF_OLD_DATA ignoring data from the past for frame rear_right_wheel at time 1785296638.892136 according to authority Authority undetectable
Possible reasons are listed at http://wiki.ros.org/tf/Errors%20explained
[WARN] [1785296654.429662771] []: TF_OLD_DATA ignoring data from the past for frame front_left_wheel at time 1785296638.992068 according to authority Authority undetectable
Possible reasons are listed at http://wiki.ros.org/tf/Errors%20explained
[WARN] [1785296654.429910477] []: TF_OLD_DATA ignoring data from the past for frame front_right_wheel at time 1785296638.992068 according to authority Authority undetectable
Possible reasons are listed at http://wiki.ros.org/tf/Errors%20explained
[WARN] [1785296654.429952829] []: TF_OLD_DATA ignoring data from the past for frame rear_left_wheel at time 1785296638.992068 according to authority Authority undetectable
Possible reasons are listed at http://wiki.ros.org/tf/Errors%20explained
[WARN] [1785296654.429963995] []: TF_OLD_DATA ignoring data from the past for frame rear_right_wheel at time 1785296638.992068 according to authority Authority undetectable
Possible reasons are listed at http://wiki.ros.org/tf/Errors%20explained
[WARN] [1785296654.430019977] []: TF_OLD_DATA ignoring data from the past for frame front_left_wheel at time 1785296639.092051 according to authority Authority undetectable
Possible reasons are listed at http://wiki.ros.org/tf/Errors%20explained
[WARN] [1785296654.430035329] []: TF_OLD_DATA ignoring data from the past for frame front_right_wheel at time 1785296639.092051 according to authority Authority undetectable
Possible reasons are listed at http://wiki.ros.org/tf/Errors%20explained
[WARN] [1785296654.430045218] []: TF_OLD_DATA ignoring data from the past for frame rear_left_wheel at time 1785296639.092051 according to authority Authority undetectable
Possible reasons are listed at http://wiki.ros.org/tf/Errors%20explained
[WARN] [1785296654.430055014] []: TF_OLD_DATA ignoring data from the past for frame rear_right_wheel at time 1785296639.092051 according to authority Authority undetectable
Possible reasons are listed at http://wiki.ros.org/tf/Errors%20explained
[WARN] [1785296654.430087774] []: TF_OLD_DATA ignoring data from the past for frame front_left_wheel at time 1785296639.192146 according to authority Authority undetectable
Possible reasons are listed at http://wiki.ros.org/tf/Errors%20explained
[WARN] [1785296654.430103700] []: TF_OLD_DATA ignoring data from the past for frame front_right_wheel at time 1785296639.192146 according to authority Authority undetectable
Possible reasons are listed at http://wiki.ros.org/tf/Errors%20explained
[WARN] [1785296654.430112552] []: TF_OLD_DATA ignoring data from the past for frame rear_left_wheel at time 1785296639.192146 according to authority Authority undetectable
Possible reasons are listed at http://wiki.ros.org/tf/Errors%20explained
[WARN] [1785296654.430121293] []: TF_OLD_DATA ignoring data from the past for frame rear_right_wheel at time 1785296639.192146 according to authority Authority undetectable
Possible reasons are listed at http://wiki.ros.org/tf/Errors%20explained
[WARN] [1785296654.430151700] []: TF_OLD_DATA ignoring data from the past for frame front_left_wheel at time 1785296639.292215 according to authority Authority undetectable
Possible reasons are listed at http://wiki.ros.org/tf/Errors%20explained
[WARN] [1785296654.430165959] []: TF_OLD_DATA ignoring data from the past for frame front_right_wheel at time 1785296639.292215 according to authority Authority undetectable
Possible reasons are listed at http://wiki.ros.org/tf/Errors%20explained
[WARN] [1785296654.430174830] []: TF_OLD_DATA ignoring data from the past for frame rear_left_wheel at time 1785296639.292215 according to authority Authority undetectable
Possible reasons are listed at http://wiki.ros.org/tf/Errors%20explained
[WARN] [1785296654.430183571] []: TF_OLD_DATA ignoring data from the past for frame rear_right_wheel at time 1785296639.292215 according to authority Authority undetectable
Possible reasons are listed at http://wiki.ros.org/tf/Errors%20explained
[WARN] [1785296654.430226293] []: TF_OLD_DATA ignoring data from the past for frame front_left_wheel at time 1785296639.392067 according to authority Authority undetectable
Possible reasons are listed at http://wiki.ros.org/tf/Errors%20explained
[WARN] [1785296654.430304571] []: TF_OLD_DATA ignoring data from the past for frame front_right_wheel at time 1785296639.392067 according to authority Authority undetectable
Possible reasons are listed at http://wiki.ros.org/tf/Errors%20explained
[WARN] [1785296654.430351498] []: TF_OLD_DATA ignoring data from the past for frame rear_left_wheel at time 1785296639.392067 according to authority Authority undetectable
Possible reasons are listed at http://wiki.ros.org/tf/Errors%20explained
[WARN] [1785296654.430362738] []: TF_OLD_DATA ignoring data from the past for frame rear_right_wheel at time 1785296639.392067 according to authority Authority undetectable
Possible reasons are listed at http://wiki.ros.org/tf/Errors%20explained
[WARN] [1785296654.430404776] []: TF_OLD_DATA ignoring data from the past for frame front_left_wheel at time 1785296639.492077 according to authority Authority undetectable
Possible reasons are listed at http://wiki.ros.org/tf/Errors%20explained
[WARN] [1785296654.430423202] []: TF_OLD_DATA ignoring data from the past for frame front_right_wheel at time 1785296639.492077 according to authority Authority undetectable
Possible reasons are listed at http://wiki.ros.org/tf/Errors%20explained
[WARN] [1785296654.430433628] []: TF_OLD_DATA ignoring data from the past for frame rear_left_wheel at time 1785296639.492077 according to authority Authority undetectable
Possible reasons are listed at http://wiki.ros.org/tf/Errors%20explained
[WARN] [1785296654.430442479] []: TF_OLD_DATA ignoring data from the past for frame rear_right_wheel at time 1785296639.492077 according to authority Authority undetectable
Possible reasons are listed at http://wiki.ros.org/tf/Errors%20explained
[WARN] [1785296654.430477072] []: TF_OLD_DATA ignoring data from the past for frame front_left_wheel at time 1785296639.592090 according to authority Authority undetectable
Possible reasons are listed at http://wiki.ros.org/tf/Errors%20explained
[WARN] [1785296654.430491295] []: TF_OLD_DATA ignoring data from the past for frame front_right_wheel at time 1785296639.592090 according to authority Authority undetectable
Possible reasons are listed at http://wiki.ros.org/tf/Errors%20explained
[WARN] [1785296654.430500017] []: TF_OLD_DATA ignoring data from the past for frame rear_left_wheel at time 1785296639.592090 according to authority Authority undetectable
Possible reasons are listed at http://wiki.ros.org/tf/Errors%20explained
[WARN] [1785296654.430509109] []: TF_OLD_DATA ignoring data from the past for frame rear_right_wheel at time 1785296639.592090 according to authority Authority undetectable
Possible reasons are listed at http://wiki.ros.org/tf/Errors%20explained
[WARN] [1785296654.430537924] []: TF_OLD_DATA ignoring data from the past for frame front_left_wheel at time 1785296639.692079 according to authority Authority undetectable
Possible reasons are listed at http://wiki.ros.org/tf/Errors%20explained
[WARN] [1785296654.430555239] []: TF_OLD_DATA ignoring data from the past for frame front_right_wheel at time 1785296639.692079 according to authority Authority undetectable
Possible reasons are listed at http://wiki.ros.org/tf/Errors%20explained
[WARN] [1785296654.430564443] []: TF_OLD_DATA ignoring data from the past for frame rear_left_wheel at time 1785296639.692079 according to authority Authority undetectable
Possible reasons are listed at http://wiki.ros.org/tf/Errors%20explained
[WARN] [1785296654.430573388] []: TF_OLD_DATA ignoring data from the past for frame rear_right_wheel at time 1785296639.692079 according to authority Authority undetectable
Possible reasons are listed at http://wiki.ros.org/tf/Errors%20explained
[WARN] [1785296654.430605036] []: TF_OLD_DATA ignoring data from the past for frame front_left_wheel at time 1785296639.792506 according to authority Authority undetectable
Possible reasons are listed at http://wiki.ros.org/tf/Errors%20explained
[WARN] [1785296654.430622925] []: TF_OLD_DATA ignoring data from the past for frame front_right_wheel at time 1785296639.792506 according to authority Authority undetectable
Possible reasons are listed at http://wiki.ros.org/tf/Errors%20explained
[WARN] [1785296654.430631906] []: TF_OLD_DATA ignoring data from the past for frame rear_left_wheel at time 1785296639.792506 according to authority Authority undetectable
Possible reasons are listed at http://wiki.ros.org/tf/Errors%20explained
[WARN] [1785296654.430660907] []: TF_OLD_DATA ignoring data from the past for frame rear_right_wheel at time 1785296639.792506 according to authority Authority undetectable
Possible reasons are listed at http://wiki.ros.org/tf/Errors%20explained
[WARN] [1785296654.430697277] []: TF_OLD_DATA ignoring data from the past for frame front_left_wheel at time 1785296639.892081 according to authority Authority undetectable
Possible reasons are listed at http://wiki.ros.org/tf/Errors%20explained
[WARN] [1785296654.430711277] []: TF_OLD_DATA ignoring data from the past for frame front_right_wheel at time 1785296639.892081 according to authority Authority undetectable
Possible reasons are listed at http://wiki.ros.org/tf/Errors%20explained
[WARN] [1785296654.430720648] []: TF_OLD_DATA ignoring data from the past for frame rear_left_wheel at time 1785296639.892081 according to authority Authority undetectable
Possible reasons are listed at http://wiki.ros.org/tf/Errors%20explained
[WARN] [1785296654.430729314] []: TF_OLD_DATA ignoring data from the past for frame rear_right_wheel at time 1785296639.892081 according to authority Authority undetectable
Possible reasons are listed at http://wiki.ros.org/tf/Errors%20explained
[WARN] [1785296654.430756907] []: TF_OLD_DATA ignoring data from the past for frame front_left_wheel at time 1785296639.992043 according to authority Authority undetectable
Possible reasons are listed at http://wiki.ros.org/tf/Errors%20explained
[WARN] [1785296654.430771074] []: TF_OLD_DATA ignoring data from the past for frame front_right_wheel at time 1785296639.992043 according to authority Authority undetectable
Possible reasons are listed at http://wiki.ros.org/tf/Errors%20explained
[WARN] [1785296654.430780389] []: TF_OLD_DATA ignoring data from the past for frame rear_left_wheel at time 1785296639.992043 according to authority Authority undetectable
Possible reasons are listed at http://wiki.ros.org/tf/Errors%20explained
[WARN] [1785296654.430789259] []: TF_OLD_DATA ignoring data from the past for frame rear_right_wheel at time 1785296639.992043 according to authority Authority undetectable
Possible reasons are listed at http://wiki.ros.org/tf/Errors%20explained
[WARN] [1785296654.430820222] []: TF_OLD_DATA ignoring data from the past for frame front_left_wheel at time 1785296640.092031 according to authority Authority undetectable
Possible reasons are listed at http://wiki.ros.org/tf/Errors%20explained
[WARN] [1785296654.430832945] []: TF_OLD_DATA ignoring data from the past for frame front_right_wheel at time 1785296640.092031 according to authority Authority undetectable
Possible reasons are listed at http://wiki.ros.org/tf/Errors%20explained
[WARN] [1785296654.430842185] []: TF_OLD_DATA ignoring data from the past for frame rear_left_wheel at time 1785296640.092031 according to authority Authority undetectable
Possible reasons are listed at http://wiki.ros.org/tf/Errors%20explained
[WARN] [1785296654.430850815] []: TF_OLD_DATA ignoring data from the past for frame rear_right_wheel at time 1785296640.092031 according to authority Authority undetectable
Possible reasons are listed at http://wiki.ros.org/tf/Errors%20explained
[WARN] [1785296654.430879352] []: TF_OLD_DATA ignoring data from the past for frame front_left_wheel at time 1785296640.192083 according to authority Authority undetectable
Possible reasons are listed at http://wiki.ros.org/tf/Errors%20explained
[WARN] [1785296654.430896315] []: TF_OLD_DATA ignoring data from the past for frame front_right_wheel at time 1785296640.192083 according to authority Authority undetectable
Possible reasons are listed at http://wiki.ros.org/tf/Errors%20explained
[WARN] [1785296654.430905260] []: TF_OLD_DATA ignoring data from the past for frame rear_left_wheel at time 1785296640.192083 according to authority Authority undetectable
Possible reasons are listed at http://wiki.ros.org/tf/Errors%20explained
[WARN] [1785296654.430913890] []: TF_OLD_DATA ignoring data from the past for frame rear_right_wheel at time 1785296640.192083 according to authority Authority undetectable
Possible reasons are listed at http://wiki.ros.org/tf/Errors%20explained
[WARN] [1785296654.430962705] []: TF_OLD_DATA ignoring data from the past for frame front_left_wheel at time 1785296640.292131 according to authority Authority undetectable
Possible reasons are listed at http://wiki.ros.org/tf/Errors%20explained
[WARN] [1785296654.430978686] []: TF_OLD_DATA ignoring data from the past for frame front_right_wheel at time 1785296640.292131 according to authority Authority undetectable
Possible reasons are listed at http://wiki.ros.org/tf/Errors%20explained
[WARN] [1785296654.430988020] []: TF_OLD_DATA ignoring data from the past for frame rear_left_wheel at time 1785296640.292131 according to authority Authority undetectable
Possible reasons are listed at http://wiki.ros.org/tf/Errors%20explained
[WARN] [1785296654.430997371] []: TF_OLD_DATA ignoring data from the past for frame rear_right_wheel at time 1785296640.292131 according to authority Authority undetectable
Possible reasons are listed at http://wiki.ros.org/tf/Errors%20explained
[WARN] [1785296654.431073502] []: TF_OLD_DATA ignoring data from the past for frame front_left_wheel at time 1785296640.392094 according to authority Authority undetectable
Possible reasons are listed at http://wiki.ros.org/tf/Errors%20explained
[WARN] [1785296654.431092668] []: TF_OLD_DATA ignoring data from the past for frame front_right_wheel at time 1785296640.392094 according to authority Authority undetectable
Possible reasons are listed at http://wiki.ros.org/tf/Errors%20explained
[WARN] [1785296654.431102242] []: TF_OLD_DATA ignoring data from the past for frame rear_left_wheel at time 1785296640.392094 according to authority Authority undetectable
Possible reasons are listed at http://wiki.ros.org/tf/Errors%20explained
[WARN] [1785296654.431111280] []: TF_OLD_DATA ignoring data from the past for frame rear_right_wheel at time 1785296640.392094 according to authority Authority undetectable
Possible reasons are listed at http://wiki.ros.org/tf/Errors%20explained
[WARN] [1785296654.431149502] []: TF_OLD_DATA ignoring data from the past for frame front_left_wheel at time 1785296640.492090 according to authority Authority undetectable
Possible reasons are listed at http://wiki.ros.org/tf/Errors%20explained
[WARN] [1785296654.431164113] []: TF_OLD_DATA ignoring data from the past for frame front_right_wheel at time 1785296640.492090 according to authority Authority undetectable
Possible reasons are listed at http://wiki.ros.org/tf/Errors%20explained
[WARN] [1785296654.431173706] []: TF_OLD_DATA ignoring data from the past for frame rear_left_wheel at time 1785296640.492090 according to authority Authority undetectable
Possible reasons are listed at http://wiki.ros.org/tf/Errors%20explained
[WARN] [1785296654.431182317] []: TF_OLD_DATA ignoring data from the past for frame rear_right_wheel at time 1785296640.492090 according to authority Authority undetectable
Possible reasons are listed at http://wiki.ros.org/tf/Errors%20explained
[WARN] [1785296654.431440448] []: TF_OLD_DATA ignoring data from the past for frame front_left_wheel at time 1785296640.592067 according to authority Authority undetectable
Possible reasons are listed at http://wiki.ros.org/tf/Errors%20explained
[WARN] [1785296654.431466652] []: TF_OLD_DATA ignoring data from the past for frame front_right_wheel at time 1785296640.592067 according to authority Authority undetectable
Possible reasons are listed at http://wiki.ros.org/tf/Errors%20explained
[WARN] [1785296654.431478319] []: TF_OLD_DATA ignoring data from the past for frame rear_left_wheel at time 1785296640.592067 according to authority Authority undetectable
Possible reasons are listed at http://wiki.ros.org/tf/Errors%20explained
[WARN] [1785296654.431487763] []: TF_OLD_DATA ignoring data from the past for frame rear_right_wheel at time 1785296640.592067 according to authority Authority undetectable
Possible reasons are listed at http://wiki.ros.org/tf/Errors%20explained
[WARN] [1785296654.431569597] []: TF_OLD_DATA ignoring data from the past for frame front_left_wheel at time 1785296640.692088 according to authority Authority undetectable
Possible reasons are listed at http://wiki.ros.org/tf/Errors%20explained
[WARN] [1785296654.431587041] []: TF_OLD_DATA ignoring data from the past for frame front_right_wheel at time 1785296640.692088 according to authority Authority undetectable
Possible reasons are listed at http://wiki.ros.org/tf/Errors%20explained
[WARN] [1785296654.431596671] []: TF_OLD_DATA ignoring data from the past for frame rear_left_wheel at time 1785296640.692088 according to authority Authority undetectable
Possible reasons are listed at http://wiki.ros.org/tf/Errors%20explained
[WARN] [1785296654.431605356] []: TF_OLD_DATA ignoring data from the past for frame rear_right_wheel at time 1785296640.692088 according to authority Authority undetectable
Possible reasons are listed at http://wiki.ros.org/tf/Errors%20explained
[WARN] [1785296654.431696524] []: TF_OLD_DATA ignoring data from the past for frame front_left_wheel at time 1785296640.792078 according to authority Authority undetectable
Possible reasons are listed at http://wiki.ros.org/tf/Errors%20explained
[WARN] [1785296654.431714783] []: TF_OLD_DATA ignoring data from the past for frame front_right_wheel at time 1785296640.792078 according to authority Authority undetectable
Possible reasons are listed at http://wiki.ros.org/tf/Errors%20explained
[WARN] [1785296654.431724042] []: TF_OLD_DATA ignoring data from the past for frame rear_left_wheel at time 1785296640.792078 according to authority Authority undetectable
Possible reasons are listed at http://wiki.ros.org/tf/Errors%20explained
[WARN] [1785296654.431732894] []: TF_OLD_DATA ignoring data from the past for frame rear_right_wheel at time 1785296640.792078 according to authority Authority undetectable
Possible reasons are listed at http://wiki.ros.org/tf/Errors%20explained
[WARN] [1785296654.431761135] []: TF_OLD_DATA ignoring data from the past for frame front_left_wheel at time 1785296640.892083 according to authority Authority undetectable
Possible reasons are listed at http://wiki.ros.org/tf/Errors%20explained
[WARN] [1785296654.431774487] []: TF_OLD_DATA ignoring data from the past for frame front_right_wheel at time 1785296640.892083 according to authority Authority undetectable
Possible reasons are listed at http://wiki.ros.org/tf/Errors%20explained
[WARN] [1785296654.431783839] []: TF_OLD_DATA ignoring data from the past for frame rear_left_wheel at time 1785296640.892083 according to authority Authority undetectable
Possible reasons are listed at http://wiki.ros.org/tf/Errors%20explained
[WARN] [1785296654.431999284] []: TF_OLD_DATA ignoring data from the past for frame rear_right_wheel at time 1785296640.892083 according to authority Authority undetectable
Possible reasons are listed at http://wiki.ros.org/tf/Errors%20explained
[WARN] [1785296654.432053618] []: TF_OLD_DATA ignoring data from the past for frame front_left_wheel at time 1785296640.992082 according to authority Authority undetectable
Possible reasons are listed at http://wiki.ros.org/tf/Errors%20explained
[WARN] [1785296654.432073044] []: TF_OLD_DATA ignoring data from the past for frame front_right_wheel at time 1785296640.992082 according to authority Authority undetectable
Possible reasons are listed at http://wiki.ros.org/tf/Errors%20explained
[WARN] [1785296654.432082359] []: TF_OLD_DATA ignoring data from the past for frame rear_left_wheel at time 1785296640.992082 according to authority Authority undetectable
Possible reasons are listed at http://wiki.ros.org/tf/Errors%20explained
[WARN] [1785296654.432091248] []: TF_OLD_DATA ignoring data from the past for frame rear_right_wheel at time 1785296640.992082 according to authority Authority undetectable
Possible reasons are listed at http://wiki.ros.org/tf/Errors%20explained
[WARN] [1785296654.432121285] []: TF_OLD_DATA ignoring data from the past for frame front_left_wheel at time 1785296641.092079 according to authority Authority undetectable
Possible reasons are listed at http://wiki.ros.org/tf/Errors%20explained
[WARN] [1785296654.432157119] []: TF_OLD_DATA ignoring data from the past for frame front_right_wheel at time 1785296641.092079 according to authority Authority undetectable
Possible reasons are listed at http://wiki.ros.org/tf/Errors%20explained
[WARN] [1785296654.432167989] []: TF_OLD_DATA ignoring data from the past for frame rear_left_wheel at time 1785296641.092079 according to authority Authority undetectable
Possible reasons are listed at http://wiki.ros.org/tf/Errors%20explained
[WARN] [1785296654.432176785] []: TF_OLD_DATA ignoring data from the past for frame rear_right_wheel at time 1785296641.092079 according to authority Authority undetectable
Possible reasons are listed at http://wiki.ros.org/tf/Errors%20explained
[WARN] [1785296654.432221434] []: TF_OLD_DATA ignoring data from the past for frame front_left_wheel at time 1785296641.192078 according to authority Authority undetectable
Possible reasons are listed at http://wiki.ros.org/tf/Errors%20explained
[WARN] [1785296654.432236601] []: TF_OLD_DATA ignoring data from the past for frame front_right_wheel at time 1785296641.192078 according to authority Authority undetectable
Possible reasons are listed at http://wiki.ros.org/tf/Errors%20explained
[WARN] [1785296654.432246064] []: TF_OLD_DATA ignoring data from the past for frame rear_left_wheel at time 1785296641.192078 according to authority Authority undetectable
Possible reasons are listed at http://wiki.ros.org/tf/Errors%20explained
[WARN] [1785296654.432254786] []: TF_OLD_DATA ignoring data from the past for frame rear_right_wheel at time 1785296641.192078 according to authority Authority undetectable
Possible reasons are listed at http://wiki.ros.org/tf/Errors%20explained
[WARN] [1785296654.432319212] []: TF_OLD_DATA ignoring data from the past for frame front_left_wheel at time 1785296641.292479 according to authority Authority undetectable
Possible reasons are listed at http://wiki.ros.org/tf/Errors%20explained
[WARN] [1785296654.432335749] []: TF_OLD_DATA ignoring data from the past for frame front_right_wheel at time 1785296641.292479 according to authority Authority undetectable
Possible reasons are listed at http://wiki.ros.org/tf/Errors%20explained
[WARN] [1785296654.432346898] []: TF_OLD_DATA ignoring data from the past for frame rear_left_wheel at time 1785296641.292479 according to authority Authority undetectable
Possible reasons are listed at http://wiki.ros.org/tf/Errors%20explained
[WARN] [1785296654.432356249] []: TF_OLD_DATA ignoring data from the past for frame rear_right_wheel at time 1785296641.292479 according to authority Authority undetectable
Possible reasons are listed at http://wiki.ros.org/tf/Errors%20explained
[WARN] [1785296654.432388120] []: TF_OLD_DATA ignoring data from the past for frame front_left_wheel at time 1785296641.392107 according to authority Authority undetectable
Possible reasons are listed at http://wiki.ros.org/tf/Errors%20explained
[WARN] [1785296654.432403953] []: TF_OLD_DATA ignoring data from the past for frame front_right_wheel at time 1785296641.392107 according to authority Authority undetectable
Possible reasons are listed at http://wiki.ros.org/tf/Errors%20explained
[WARN] [1785296654.432413028] []: TF_OLD_DATA ignoring data from the past for frame rear_left_wheel at time 1785296641.392107 according to authority Authority undetectable
Possible reasons are listed at http://wiki.ros.org/tf/Errors%20explained
[WARN] [1785296654.432421694] []: TF_OLD_DATA ignoring data from the past for frame rear_right_wheel at time 1785296641.392107 according to authority Authority undetectable
Possible reasons are listed at http://wiki.ros.org/tf/Errors%20explained
[WARN] [1785296654.432455713] []: TF_OLD_DATA ignoring data from the past for frame front_left_wheel at time 1785296641.492068 according to authority Authority undetectable
Possible reasons are listed at http://wiki.ros.org/tf/Errors%20explained
[WARN] [1785296654.432472306] []: TF_OLD_DATA ignoring data from the past for frame front_right_wheel at time 1785296641.492068 according to authority Authority undetectable
Possible reasons are listed at http://wiki.ros.org/tf/Errors%20explained
[WARN] [1785296654.432513195] []: TF_OLD_DATA ignoring data from the past for frame rear_left_wheel at time 1785296641.492068 according to authority Authority undetectable
Possible reasons are listed at http://wiki.ros.org/tf/Errors%20explained
[WARN] [1785296654.432524732] []: TF_OLD_DATA ignoring data from the past for frame rear_right_wheel at time 1785296641.492068 according to authority Authority undetectable
Possible reasons are listed at http://wiki.ros.org/tf/Errors%20explained
[WARN] [1785296655.126562936] []: TF_OLD_DATA ignoring data from the past for frame front_left_wheel at time 1785296643.092115 according to authority Authority undetectable
Possible reasons are listed at http://wiki.ros.org/tf/Errors%20explained
[WARN] [1785296655.126606084] []: TF_OLD_DATA ignoring data from the past for frame front_right_wheel at time 1785296643.092115 according to authority Authority undetectable
Possible reasons are listed at http://wiki.ros.org/tf/Errors%20explained
[WARN] [1785296655.126618677] []: TF_OLD_DATA ignoring data from the past for frame rear_left_wheel at time 1785296643.092115 according to authority Authority undetectable
Possible reasons are listed at http://wiki.ros.org/tf/Errors%20explained
[WARN] [1785296655.126628381] []: TF_OLD_DATA ignoring data from the past for frame rear_right_wheel at time 1785296643.092115 according to authority Authority undetectable
Possible reasons are listed at http://wiki.ros.org/tf/Errors%20explained
[WARN] [1785296655.127093920] []: TF_OLD_DATA ignoring data from the past for frame front_left_wheel at time 1785296643.292087 according to authority Authority undetectable
Possible reasons are listed at http://wiki.ros.org/tf/Errors%20explained
[WARN] [1785296655.127119643] []: TF_OLD_DATA ignoring data from the past for frame front_right_wheel at time 1785296643.292087 according to authority Authority undetectable
Possible reasons are listed at http://wiki.ros.org/tf/Errors%20explained
[WARN] [1785296655.127129420] []: TF_OLD_DATA ignoring data from the past for frame rear_left_wheel at time 1785296643.292087 according to authority Authority undetectable
Possible reasons are listed at http://wiki.ros.org/tf/Errors%20explained
[WARN] [1785296655.127138198] []: TF_OLD_DATA ignoring data from the past for frame rear_right_wheel at time 1785296643.292087 according to authority Authority undetectable
Possible reasons are listed at http://wiki.ros.org/tf/Errors%20explained
[WARN] [1785296655.128101000] []: TF_OLD_DATA ignoring data from the past for frame front_left_wheel at time 1785296643.392944 according to authority Authority undetectable
Possible reasons are listed at http://wiki.ros.org/tf/Errors%20explained
[WARN] [1785296655.128128704] []: TF_OLD_DATA ignoring data from the past for frame front_right_wheel at time 1785296643.392944 according to authority Authority undetectable
Possible reasons are listed at http://wiki.ros.org/tf/Errors%20explained
[WARN] [1785296655.128138759] []: TF_OLD_DATA ignoring data from the past for frame rear_left_wheel at time 1785296643.392944 according to authority Authority undetectable
Possible reasons are listed at http://wiki.ros.org/tf/Errors%20explained
[WARN] [1785296655.128147574] []: TF_OLD_DATA ignoring data from the past for frame rear_right_wheel at time 1785296643.392944 according to authority Authority undetectable
Possible reasons are listed at http://wiki.ros.org/tf/Errors%20explained
[WARN] [1785296655.170774534] []: TF_OLD_DATA ignoring data from the past for frame front_left_wheel at time 1785296643.592079 according to authority Authority undetectable
Possible reasons are listed at http://wiki.ros.org/tf/Errors%20explained
[WARN] [1785296655.170823590] []: TF_OLD_DATA ignoring data from the past for frame front_right_wheel at time 1785296643.592079 according to authority Authority undetectable
Possible reasons are listed at http://wiki.ros.org/tf/Errors%20explained
[WARN] [1785296655.170892794] []: TF_OLD_DATA ignoring data from the past for frame rear_left_wheel at time 1785296643.592079 according to authority Authority undetectable
Possible reasons are listed at http://wiki.ros.org/tf/Errors%20explained
[WARN] [1785296655.170905387] []: TF_OLD_DATA ignoring data from the past for frame rear_right_wheel at time 1785296643.592079 according to authority Authority undetectable
Possible reasons are listed at http://wiki.ros.org/tf/Errors%20explained
[WARN] [1785296655.170959720] []: TF_OLD_DATA ignoring data from the past for frame front_left_wheel at time 1785296643.692049 according to authority Authority undetectable
Possible reasons are listed at http://wiki.ros.org/tf/Errors%20explained
[WARN] [1785296655.170974758] []: TF_OLD_DATA ignoring data from the past for frame front_right_wheel at time 1785296643.692049 according to authority Authority undetectable
Possible reasons are listed at http://wiki.ros.org/tf/Errors%20explained
[WARN] [1785296655.170984054] []: TF_OLD_DATA ignoring data from the past for frame rear_left_wheel at time 1785296643.692049 according to authority Authority undetectable
Possible reasons are listed at http://wiki.ros.org/tf/Errors%20explained
[WARN] [1785296655.170993035] []: TF_OLD_DATA ignoring data from the past for frame rear_right_wheel at time 1785296643.692049 according to authority Authority undetectable
Possible reasons are listed at http://wiki.ros.org/tf/Errors%20explained
[WARN] [1785296655.171022350] []: TF_OLD_DATA ignoring data from the past for frame front_left_wheel at time 1785296643.792028 according to authority Authority undetectable
Possible reasons are listed at http://wiki.ros.org/tf/Errors%20explained
[WARN] [1785296655.171035480] []: TF_OLD_DATA ignoring data from the past for frame front_right_wheel at time 1785296643.792028 according to authority Authority undetectable
Possible reasons are listed at http://wiki.ros.org/tf/Errors%20explained
[WARN] [1785296655.171044406] []: TF_OLD_DATA ignoring data from the past for frame rear_left_wheel at time 1785296643.792028 according to authority Authority undetectable
Possible reasons are listed at http://wiki.ros.org/tf/Errors%20explained
[WARN] [1785296655.171053091] []: TF_OLD_DATA ignoring data from the past for frame rear_right_wheel at time 1785296643.792028 according to authority Authority undetectable
Possible reasons are listed at http://wiki.ros.org/tf/Errors%20explained
[WARN] [1785296655.171079147] []: TF_OLD_DATA ignoring data from the past for frame front_left_wheel at time 1785296643.992029 according to authority Authority undetectable
Possible reasons are listed at http://wiki.ros.org/tf/Errors%20explained
[WARN] [1785296655.171093480] []: TF_OLD_DATA ignoring data from the past for frame front_right_wheel at time 1785296643.992029 according to authority Authority undetectable
Possible reasons are listed at http://wiki.ros.org/tf/Errors%20explained
[WARN] [1785296655.171102277] []: TF_OLD_DATA ignoring data from the past for frame rear_left_wheel at time 1785296643.992029 according to authority Authority undetectable
Possible reasons are listed at http://wiki.ros.org/tf/Errors%20explained
[WARN] [1785296655.171111018] []: TF_OLD_DATA ignoring data from the past for frame rear_right_wheel at time 1785296643.992029 according to authority Authority undetectable
Possible reasons are listed at http://wiki.ros.org/tf/Errors%20explained
[WARN] [1785296655.171710484] []: TF_OLD_DATA ignoring data from the past for frame front_left_wheel at time 1785296644.192114 according to authority Authority undetectable
Possible reasons are listed at http://wiki.ros.org/tf/Errors%20explained
[WARN] [1785296655.171736966] []: TF_OLD_DATA ignoring data from the past for frame front_right_wheel at time 1785296644.192114 according to authority Authority undetectable
Possible reasons are listed at http://wiki.ros.org/tf/Errors%20explained
[WARN] [1785296655.171747503] []: TF_OLD_DATA ignoring data from the past for frame rear_left_wheel at time 1785296644.192114 according to authority Authority undetectable
Possible reasons are listed at http://wiki.ros.org/tf/Errors%20explained
[WARN] [1785296655.171799836] []: TF_OLD_DATA ignoring data from the past for frame rear_right_wheel at time 1785296644.192114 according to authority Authority undetectable
Possible reasons are listed at http://wiki.ros.org/tf/Errors%20explained
[WARN] [1785296655.171847559] []: TF_OLD_DATA ignoring data from the past for frame front_left_wheel at time 1785296644.292068 according to authority Authority undetectable
Possible reasons are listed at http://wiki.ros.org/tf/Errors%20explained
[WARN] [1785296655.171864596] []: TF_OLD_DATA ignoring data from the past for frame front_right_wheel at time 1785296644.292068 according to authority Authority undetectable
Possible reasons are listed at http://wiki.ros.org/tf/Errors%20explained
[WARN] [1785296655.171873948] []: TF_OLD_DATA ignoring data from the past for frame rear_left_wheel at time 1785296644.292068 according to authority Authority undetectable
Possible reasons are listed at http://wiki.ros.org/tf/Errors%20explained
[WARN] [1785296655.171882800] []: TF_OLD_DATA ignoring data from the past for frame rear_right_wheel at time 1785296644.292068 according to authority Authority undetectable
Possible reasons are listed at http://wiki.ros.org/tf/Errors%20explained
[WARN] [1785296655.172291987] []: TF_OLD_DATA ignoring data from the past for frame front_left_wheel at time 1785296644.492075 according to authority Authority undetectable
Possible reasons are listed at http://wiki.ros.org/tf/Errors%20explained
[WARN] [1785296655.172314543] []: TF_OLD_DATA ignoring data from the past for frame front_right_wheel at time 1785296644.492075 according to authority Authority undetectable
Possible reasons are listed at http://wiki.ros.org/tf/Errors%20explained
[WARN] [1785296655.172326413] []: TF_OLD_DATA ignoring data from the past for frame rear_left_wheel at time 1785296644.492075 according to authority Authority undetectable
Possible reasons are listed at http://wiki.ros.org/tf/Errors%20explained
[WARN] [1785296655.172335561] []: TF_OLD_DATA ignoring data from the past for frame rear_right_wheel at time 1785296644.492075 according to authority Authority undetectable
Possible reasons are listed at http://wiki.ros.org/tf/Errors%20explained
[WARN] [1785296655.172375025] []: TF_OLD_DATA ignoring data from the past for frame front_left_wheel at time 1785296644.692061 according to authority Authority undetectable
Possible reasons are listed at http://wiki.ros.org/tf/Errors%20explained
[WARN] [1785296655.172389043] []: TF_OLD_DATA ignoring data from the past for frame front_right_wheel at time 1785296644.692061 according to authority Authority undetectable
Possible reasons are listed at http://wiki.ros.org/tf/Errors%20explained
[WARN] [1785296655.172398043] []: TF_OLD_DATA ignoring data from the past for frame rear_left_wheel at time 1785296644.692061 according to authority Authority undetectable
Possible reasons are listed at http://wiki.ros.org/tf/Errors%20explained
[WARN] [1785296655.172406747] []: TF_OLD_DATA ignoring data from the past for frame rear_right_wheel at time 1785296644.692061 according to authority Authority undetectable
Possible reasons are listed at http://wiki.ros.org/tf/Errors%20explained
[WARN] [1785296655.172436006] []: TF_OLD_DATA ignoring data from the past for frame front_left_wheel at time 1785296644.792042 according to authority Authority undetectable
Possible reasons are listed at http://wiki.ros.org/tf/Errors%20explained
[WARN] [1785296655.172451970] []: TF_OLD_DATA ignoring data from the past for frame front_right_wheel at time 1785296644.792042 according to authority Authority undetectable
Possible reasons are listed at http://wiki.ros.org/tf/Errors%20explained
[WARN] [1785296655.172461136] []: TF_OLD_DATA ignoring data from the past for frame rear_left_wheel at time 1785296644.792042 according to authority Authority undetectable
Possible reasons are listed at http://wiki.ros.org/tf/Errors%20explained
[WARN] [1785296655.172469821] []: TF_OLD_DATA ignoring data from the past for frame rear_right_wheel at time 1785296644.792042 according to authority Authority undetectable
Possible reasons are listed at http://wiki.ros.org/tf/Errors%20explained
[WARN] [1785296655.172775286] []: TF_OLD_DATA ignoring data from the past for frame front_left_wheel at time 1785296644.892106 according to authority Authority undetectable
Possible reasons are listed at http://wiki.ros.org/tf/Errors%20explained
[WARN] [1785296655.172798268] []: TF_OLD_DATA ignoring data from the past for frame front_right_wheel at time 1785296644.892106 according to authority Authority undetectable
Possible reasons are listed at http://wiki.ros.org/tf/Errors%20explained
[WARN] [1785296655.172808027] []: TF_OLD_DATA ignoring data from the past for frame rear_left_wheel at time 1785296644.892106 according to authority Authority undetectable
Possible reasons are listed at http://wiki.ros.org/tf/Errors%20explained
[WARN] [1785296655.172817175] []: TF_OLD_DATA ignoring data from the past for frame rear_right_wheel at time 1785296644.892106 according to authority Authority undetectable
Possible reasons are listed at http://wiki.ros.org/tf/Errors%20explained
[WARN] [1785296655.173453457] []: TF_OLD_DATA ignoring data from the past for frame front_left_wheel at time 1785296644.992147 according to authority Authority undetectable
Possible reasons are listed at http://wiki.ros.org/tf/Errors%20explained
[WARN] [1785296655.173476883] []: TF_OLD_DATA ignoring data from the past for frame front_right_wheel at time 1785296644.992147 according to authority Authority undetectable
Possible reasons are listed at http://wiki.ros.org/tf/Errors%20explained
[WARN] [1785296655.173487605] []: TF_OLD_DATA ignoring data from the past for frame rear_left_wheel at time 1785296644.992147 according to authority Authority undetectable
Possible reasons are listed at http://wiki.ros.org/tf/Errors%20explained
[WARN] [1785296655.173496753] []: TF_OLD_DATA ignoring data from the past for frame rear_right_wheel at time 1785296644.992147 according to authority Authority undetectable
Possible reasons are listed at http://wiki.ros.org/tf/Errors%20explained
[WARN] [1785296655.173539753] []: TF_OLD_DATA ignoring data from the past for frame front_left_wheel at time 1785296645.092095 according to authority Authority undetectable
Possible reasons are listed at http://wiki.ros.org/tf/Errors%20explained
[WARN] [1785296655.173555457] []: TF_OLD_DATA ignoring data from the past for frame front_right_wheel at time 1785296645.092095 according to authority Authority undetectable
Possible reasons are listed at http://wiki.ros.org/tf/Errors%20explained
[WARN] [1785296655.173564476] []: TF_OLD_DATA ignoring data from the past for frame rear_left_wheel at time 1785296645.092095 according to authority Authority undetectable
Possible reasons are listed at http://wiki.ros.org/tf/Errors%20explained
[WARN] [1785296655.173573272] []: TF_OLD_DATA ignoring data from the past for frame rear_right_wheel at time 1785296645.092095 according to authority Authority undetectable
Possible reasons are listed at http://wiki.ros.org/tf/Errors%20explained
[INFO] [1785296700.829592857] [amcl]: initialPoseReceived
[WARN] [1785296700.829668820] [amcl]: Received initial pose request, but AMCL is not yet in the active state
[INFO] [1785296707.716298949] [amcl]: initialPoseReceived
[WARN] [1785296707.716367801] [amcl]: Received initial pose request, but AMCL is not yet in the active state
[INFO] [1785296719.517033761] [rclcpp]: signal_handler(SIGINT/SIGTERM)
[INFO] [1785296719.517308115] [amcl]: Running Nav2 LifecycleNode rcl preshutdown (amcl)
[INFO] [1785296719.517595172] [amcl]: Cleaning up
[INFO] [1785296719.536560463] [amcl]: Destroying bond (amcl) to lifecycle manager.
