[INFO] [1786024342.762648168] [behavior_server]: 
	behavior_server lifecycle node launched. 
	Waiting on external lifecycle transitions to activate
	See https://design.ros2.org/articles/node_lifecycle.html for more information.
[INFO] [1786024343.620576761] [behavior_server]: Configuring
[INFO] [1786024343.646861238] [behavior_server]: Creating behavior plugin spin of type nav2_behaviors::Spin
[INFO] [1786024343.650611037] [behavior_server]: Creating behavior plugin backup of type nav2_behaviors::BackUp
[INFO] [1786024343.653802239] [behavior_server]: Creating behavior plugin drive_on_heading of type nav2_behaviors::DriveOnHeading
[INFO] [1786024343.656442587] [behavior_server]: Creating behavior plugin assisted_teleop of type nav2_behaviors::AssistedTeleop
[INFO] [1786024343.662627232] [behavior_server]: Creating behavior plugin wait of type nav2_behaviors::Wait
[INFO] [1786024343.741646425] [behavior_server]: Configuring spin
[INFO] [1786024343.835078789] [behavior_server]: Configuring backup
[INFO] [1786024343.902427510] [behavior_server]: Configuring drive_on_heading
[INFO] [1786024343.954713686] [behavior_server]: Configuring assisted_teleop
[INFO] [1786024344.006845694] [behavior_server]: Configuring wait
[INFO] [1786024349.135767612] [behavior_server]: Activating
[INFO] [1786024349.135856298] [behavior_server]: Activating spin
[INFO] [1786024349.135879687] [behavior_server]: Activating backup
[INFO] [1786024349.135898687] [behavior_server]: Activating drive_on_heading
[INFO] [1786024349.135914261] [behavior_server]: Activating assisted_teleop
[INFO] [1786024349.135931428] [behavior_server]: Activating wait
[INFO] [1786024349.135960650] [behavior_server]: Creating bond (behavior_server) to lifecycle manager.
[INFO] [1786024773.609589284] [behavior_server]: Running backup
[WARN] [1786024773.610301306] [behavior_server]: Collision Ahead - Exiting DriveOnHeading
[WARN] [1786024773.610356973] [behavior_server]: backup failed
[WARN] [1786024773.610381103] [behavior_server]: [backup] [ActionServer] Aborting handle.
[INFO] [1786024773.625750984] [behavior_server]: Running spin
[INFO] [1786024773.625907115] [behavior_server]: Turning 1.57 for spin behavior.
[WARN] [1786024774.826293042] [behavior_server]: Collision Ahead - Exiting Spin
[WARN] [1786024774.826352728] [behavior_server]: spin failed
[WARN] [1786024774.826377839] [behavior_server]: [spin] [ActionServer] Aborting handle.
[INFO] [1786024774.846291930] [behavior_server]: Running wait
[INFO] [1786024779.846627608] [behavior_server]: wait completed successfully
[INFO] [1786024781.718820414] [behavior_server]: Running backup
[WARN] [1786024781.719106748] [behavior_server]: Collision Ahead - Exiting DriveOnHeading
[WARN] [1786024781.719142138] [behavior_server]: backup failed
[WARN] [1786024781.719157971] [behavior_server]: [backup] [ActionServer] Aborting handle.
[INFO] [1786024781.735997971] [behavior_server]: Running spin
[INFO] [1786024781.736148009] [behavior_server]: Turning 1.57 for spin behavior.
[WARN] [1786024783.236565705] [behavior_server]: Collision Ahead - Exiting Spin
[WARN] [1786024783.236642928] [behavior_server]: spin failed
[WARN] [1786024783.236672669] [behavior_server]: [spin] [ActionServer] Aborting handle.
[INFO] [1786024783.255604421] [behavior_server]: Running wait
[INFO] [1786024788.255851951] [behavior_server]: wait completed successfully
[INFO] [1786024826.732772594] [behavior_server]: Running backup
[WARN] [1786024826.733343727] [behavior_server]: Collision Ahead - Exiting DriveOnHeading
[WARN] [1786024826.733388931] [behavior_server]: backup failed
[WARN] [1786024826.733409579] [behavior_server]: [backup] [ActionServer] Aborting handle.
[INFO] [1786024826.738085938] [behavior_server]: Running spin
[INFO] [1786024826.738221180] [behavior_server]: Turning 1.57 for spin behavior.
[WARN] [1786024827.938516940] [behavior_server]: Collision Ahead - Exiting Spin
[WARN] [1786024827.938577422] [behavior_server]: spin failed
[WARN] [1786024827.938597292] [behavior_server]: [spin] [ActionServer] Aborting handle.
[INFO] [1786024827.955634942] [behavior_server]: Running wait
[INFO] [1786024832.955876193] [behavior_server]: wait completed successfully
[INFO] [1786024843.850324764] [behavior_server]: Running backup
[WARN] [1786024843.850649099] [behavior_server]: Collision Ahead - Exiting DriveOnHeading
[WARN] [1786024843.850688248] [behavior_server]: backup failed
[WARN] [1786024843.850707563] [behavior_server]: [backup] [ActionServer] Aborting handle.
[INFO] [1786024843.863892673] [behavior_server]: Running spin
[INFO] [1786024843.864016599] [behavior_server]: Turning 1.57 for spin behavior.
[WARN] [1786024845.564613679] [behavior_server]: Collision Ahead - Exiting Spin
[WARN] [1786024845.564684864] [behavior_server]: spin failed
[WARN] [1786024845.564710438] [behavior_server]: [spin] [ActionServer] Aborting handle.
[INFO] [1786024845.582190165] [behavior_server]: Running wait
[INFO] [1786024850.582453713] [behavior_server]: wait completed successfully
[INFO] [1786024851.688275821] [behavior_server]: Running backup
[WARN] [1786024851.688591953] [behavior_server]: Collision Ahead - Exiting DriveOnHeading
[WARN] [1786024851.688626064] [behavior_server]: backup failed
[WARN] [1786024851.688645342] [behavior_server]: [backup] [ActionServer] Aborting handle.
[INFO] [1786024851.693084829] [behavior_server]: Running spin
[INFO] [1786024851.693210478] [behavior_server]: Turning 1.57 for spin behavior.
[WARN] [1786024853.350464466] [behavior_server]: Collision Ahead - Exiting Spin
[WARN] [1786024853.350541133] [behavior_server]: spin failed
[WARN] [1786024853.350568782] [behavior_server]: [spin] [ActionServer] Aborting handle.
[INFO] [1786024853.371847862] [behavior_server]: Running wait
[INFO] [1786024858.372279337] [behavior_server]: wait completed successfully
[INFO] [1786024859.080849862] [behavior_server]: Running backup
[WARN] [1786024859.081341624] [behavior_server]: Collision Ahead - Exiting DriveOnHeading
[WARN] [1786024859.081396865] [behavior_server]: backup failed
[WARN] [1786024859.081416254] [behavior_server]: [backup] [ActionServer] Aborting handle.
[INFO] [1786024859.093187505] [behavior_server]: Running spin
[INFO] [1786024859.093308913] [behavior_server]: Turning 1.57 for spin behavior.
[INFO] [1786024862.693657542] [behavior_server]: spin completed successfully
[INFO] [1786024863.815498758] [behavior_server]: Running backup
[INFO] [1786024868.515919223] [behavior_server]: backup completed successfully
[INFO] [1786024941.652310552] [behavior_server]: Running backup
[WARN] [1786024944.352703043] [behavior_server]: Collision Ahead - Exiting DriveOnHeading
[WARN] [1786024944.352756117] [behavior_server]: backup failed
[WARN] [1786024944.352773969] [behavior_server]: [backup] [ActionServer] Aborting handle.
[INFO] [1786024944.366470434] [behavior_server]: Running spin
[INFO] [1786024944.366807547] [behavior_server]: Turning 1.57 for spin behavior.
[WARN] [1786024945.167143820] [behavior_server]: Collision Ahead - Exiting Spin
[WARN] [1786024945.167204079] [behavior_server]: spin failed
[WARN] [1786024945.167223042] [behavior_server]: [spin] [ActionServer] Aborting handle.
[INFO] [1786024945.186295148] [behavior_server]: Running wait
[INFO] [1786024950.187229385] [behavior_server]: wait completed successfully
[INFO] [1786024951.319469806] [behavior_server]: Running backup
[WARN] [1786024951.323097437] [behavior_server]: Collision Ahead - Exiting DriveOnHeading
[WARN] [1786024951.323184215] [behavior_server]: backup failed
[WARN] [1786024951.323213567] [behavior_server]: [backup] [ActionServer] Aborting handle.
[INFO] [1786024951.335930674] [behavior_server]: Running spin
[INFO] [1786024951.336114824] [behavior_server]: Turning 1.57 for spin behavior.
[WARN] [1786024951.837329852] [behavior_server]: Collision Ahead - Exiting Spin
[WARN] [1786024951.837422963] [behavior_server]: spin failed
[WARN] [1786024951.837446519] [behavior_server]: [spin] [ActionServer] Aborting handle.
[INFO] [1786024951.855919269] [behavior_server]: Running wait
[INFO] [1786024956.856166447] [behavior_server]: wait completed successfully
[INFO] [1786024958.002954337] [behavior_server]: Running backup
[WARN] [1786024958.003231135] [behavior_server]: Collision Ahead - Exiting DriveOnHeading
[WARN] [1786024958.003266746] [behavior_server]: backup failed
[WARN] [1786024958.003282246] [behavior_server]: [backup] [ActionServer] Aborting handle.
[INFO] [1786024958.019228872] [behavior_server]: Running spin
[INFO] [1786024958.019574503] [behavior_server]: Turning 1.57 for spin behavior.
[WARN] [1786024958.220294242] [behavior_server]: Collision Ahead - Exiting Spin
[WARN] [1786024958.220371260] [behavior_server]: spin failed
[WARN] [1786024958.220399057] [behavior_server]: [spin] [ActionServer] Aborting handle.
[INFO] [1786024958.236927593] [behavior_server]: Running wait
[INFO] [1786024963.237183603] [behavior_server]: wait completed successfully
[INFO] [1786024964.350694273] [behavior_server]: Running backup
[WARN] [1786024964.350991127] [behavior_server]: Collision Ahead - Exiting DriveOnHeading
[WARN] [1786024964.351030405] [behavior_server]: backup failed
[WARN] [1786024964.351050738] [behavior_server]: [backup] [ActionServer] Aborting handle.
[INFO] [1786024964.366567990] [behavior_server]: Running spin
[INFO] [1786024964.366702306] [behavior_server]: Turning 1.57 for spin behavior.
[WARN] [1786024964.967075289] [behavior_server]: Collision Ahead - Exiting Spin
[WARN] [1786024964.967139827] [behavior_server]: spin failed
[WARN] [1786024964.967162623] [behavior_server]: [spin] [ActionServer] Aborting handle.
[INFO] [1786024964.986157469] [behavior_server]: Running wait
[INFO] [1786024969.986414702] [behavior_server]: wait completed successfully
[INFO] [1786024971.099985946] [behavior_server]: Running backup
[WARN] [1786024971.100305707] [behavior_server]: Collision Ahead - Exiting DriveOnHeading
[WARN] [1786024971.100352003] [behavior_server]: backup failed
[WARN] [1786024971.100376004] [behavior_server]: [backup] [ActionServer] Aborting handle.
[INFO] [1786024971.106208239] [behavior_server]: Running spin
[INFO] [1786024971.106333203] [behavior_server]: Turning 1.57 for spin behavior.
[WARN] [1786024971.206822906] [behavior_server]: Collision Ahead - Exiting Spin
[WARN] [1786024971.206889610] [behavior_server]: spin failed
[WARN] [1786024971.206915537] [behavior_server]: [spin] [ActionServer] Aborting handle.
[INFO] [1786024971.226291051] [behavior_server]: Running wait
[INFO] [1786024976.226672674] [behavior_server]: wait completed successfully
[INFO] [1786024977.339448765] [behavior_server]: Running backup
[WARN] [1786024977.339746193] [behavior_server]: Collision Ahead - Exiting DriveOnHeading
[WARN] [1786024977.339784008] [behavior_server]: backup failed
[WARN] [1786024977.339801860] [behavior_server]: [backup] [ActionServer] Aborting handle.
[INFO] [1786024977.356018042] [behavior_server]: Running spin
[INFO] [1786024977.356157617] [behavior_server]: Turning 1.57 for spin behavior.
[WARN] [1786024977.956468896] [behavior_server]: Collision Ahead - Exiting Spin
[WARN] [1786024977.956531341] [behavior_server]: spin failed
[WARN] [1786024977.956552007] [behavior_server]: [spin] [ActionServer] Aborting handle.
[INFO] [1786024977.976166745] [behavior_server]: Running wait
[INFO] [1786024982.976447034] [behavior_server]: wait completed successfully
[INFO] [1786024984.091250581] [behavior_server]: Running backup
[WARN] [1786024984.691761232] [behavior_server]: Collision Ahead - Exiting DriveOnHeading
[WARN] [1786024984.691823732] [behavior_server]: backup failed
[WARN] [1786024984.691845436] [behavior_server]: [backup] [ActionServer] Aborting handle.
[INFO] [1786024984.706131052] [behavior_server]: Running spin
[INFO] [1786024984.706263960] [behavior_server]: Turning 1.57 for spin behavior.
[WARN] [1786024984.806561107] [behavior_server]: Collision Ahead - Exiting Spin
[WARN] [1786024984.806625533] [behavior_server]: spin failed
[WARN] [1786024984.806649515] [behavior_server]: [spin] [ActionServer] Aborting handle.
[INFO] [1786024984.826198067] [behavior_server]: Running wait
[INFO] [1786024989.826470337] [behavior_server]: wait completed successfully
[INFO] [1786024990.950546140] [behavior_server]: Running backup
[WARN] [1786024990.951718627] [behavior_server]: Collision Ahead - Exiting DriveOnHeading
[WARN] [1786024990.951789369] [behavior_server]: backup failed
[WARN] [1786024990.951814369] [behavior_server]: [backup] [ActionServer] Aborting handle.
[INFO] [1786024990.956012614] [behavior_server]: Running spin
[INFO] [1786024990.956148652] [behavior_server]: Turning 1.57 for spin behavior.
[WARN] [1786024991.556477024] [behavior_server]: Collision Ahead - Exiting Spin
[WARN] [1786024991.556545469] [behavior_server]: spin failed
[WARN] [1786024991.556570747] [behavior_server]: [spin] [ActionServer] Aborting handle.
[INFO] [1786024991.576027280] [behavior_server]: Running wait
[INFO] [1786024996.576369810] [behavior_server]: wait completed successfully
[INFO] [1786024997.692434827] [behavior_server]: Running backup
[WARN] [1786024997.693577037] [behavior_server]: Collision Ahead - Exiting DriveOnHeading
[WARN] [1786024997.693635148] [behavior_server]: backup failed
[WARN] [1786024997.693657815] [behavior_server]: [backup] [ActionServer] Aborting handle.
[INFO] [1786024997.713466350] [behavior_server]: Running spin
[INFO] [1786024997.713727167] [behavior_server]: Turning 1.57 for spin behavior.
[WARN] [1786024998.214192598] [behavior_server]: Collision Ahead - Exiting Spin
[WARN] [1786024998.214272321] [behavior_server]: spin failed
[WARN] [1786024998.214298117] [behavior_server]: [spin] [ActionServer] Aborting handle.
[INFO] [1786024998.232760738] [behavior_server]: Running wait
[INFO] [1786025003.233122156] [behavior_server]: wait completed successfully
[INFO] [1786025004.365744080] [behavior_server]: Running backup
[WARN] [1786025004.367023550] [behavior_server]: Collision Ahead - Exiting DriveOnHeading
[WARN] [1786025004.367096069] [behavior_server]: backup failed
[WARN] [1786025004.367123884] [behavior_server]: [backup] [ActionServer] Aborting handle.
[INFO] [1786025004.379871602] [behavior_server]: Running spin
[INFO] [1786025004.380014659] [behavior_server]: Turning 1.57 for spin behavior.
[WARN] [1786025004.982078485] [behavior_server]: Collision Ahead - Exiting Spin
[WARN] [1786025004.982657210] [behavior_server]: spin failed
[WARN] [1786025004.982708266] [behavior_server]: [spin] [ActionServer] Aborting handle.
[INFO] [1786025005.001729204] [behavior_server]: Running wait
[INFO] [1786025010.001986197] [behavior_server]: wait completed successfully
[INFO] [1786025014.550606268] [behavior_server]: Running backup
[INFO] [1786025018.951950026] [behavior_server]: backup completed successfully
[INFO] [1786025020.078965752] [behavior_server]: Running backup
[INFO] [1786025024.379363008] [behavior_server]: backup completed successfully
[INFO] [1786025034.153788262] [behavior_server]: Running backup
[INFO] [1786025039.855097516] [behavior_server]: backup completed successfully
[INFO] [1786025040.985200259] [behavior_server]: Running backup
[WARN] [1786025040.985608539] [behavior_server]: Collision Ahead - Exiting DriveOnHeading
[WARN] [1786025040.985654298] [behavior_server]: backup failed
[WARN] [1786025040.985673835] [behavior_server]: [backup] [ActionServer] Aborting handle.
[INFO] [1786025040.991655072] [behavior_server]: Running spin
[INFO] [1786025040.991828092] [behavior_server]: Turning 1.57 for spin behavior.
[WARN] [1786025041.492226448] [behavior_server]: Collision Ahead - Exiting Spin
[WARN] [1786025041.492314171] [behavior_server]: spin failed
[WARN] [1786025041.492362153] [behavior_server]: [spin] [ActionServer] Aborting handle.
[INFO] [1786025041.505618819] [behavior_server]: Running wait
[INFO] [1786025046.505926978] [behavior_server]: wait completed successfully
[INFO] [1786025047.645120697] [behavior_server]: Running backup
[WARN] [1786025047.645489143] [behavior_server]: Collision Ahead - Exiting DriveOnHeading
[WARN] [1786025047.645515144] [behavior_server]: backup failed
[WARN] [1786025047.645529607] [behavior_server]: [backup] [ActionServer] Aborting handle.
[INFO] [1786025047.673598262] [behavior_server]: Running spin
[INFO] [1786025047.673766559] [behavior_server]: Turning 1.57 for spin behavior.
[WARN] [1786025048.976828461] [behavior_server]: Collision Ahead - Exiting Spin
[WARN] [1786025048.976892035] [behavior_server]: spin failed
[WARN] [1786025048.976922998] [behavior_server]: [spin] [ActionServer] Aborting handle.
[INFO] [1786025048.994718449] [behavior_server]: Running wait
[INFO] [1786025053.995109979] [behavior_server]: wait completed successfully
[INFO] [1786025055.107833607] [behavior_server]: Running backup
[WARN] [1786025055.108338387] [behavior_server]: Collision Ahead - Exiting DriveOnHeading
[WARN] [1786025055.108414832] [behavior_server]: backup failed
[WARN] [1786025055.108500999] [behavior_server]: [backup] [ActionServer] Aborting handle.
[INFO] [1786025055.110323695] [behavior_server]: Running spin
[INFO] [1786025055.110543437] [behavior_server]: Turning 1.57 for spin behavior.
[WARN] [1786025055.811116177] [behavior_server]: Collision Ahead - Exiting Spin
[WARN] [1786025055.811227178] [behavior_server]: spin failed
[WARN] [1786025055.811258233] [behavior_server]: [spin] [ActionServer] Aborting handle.
[INFO] [1786025055.824305417] [behavior_server]: Running wait
[INFO] [1786025060.824561150] [behavior_server]: wait completed successfully
[INFO] [1786025061.935819325] [behavior_server]: Running backup
[WARN] [1786025061.936394921] [behavior_server]: Collision Ahead - Exiting DriveOnHeading
[WARN] [1786025061.936443699] [behavior_server]: backup failed
[WARN] [1786025061.936465570] [behavior_server]: [backup] [ActionServer] Aborting handle.
[INFO] [1786025061.948988694] [behavior_server]: Running spin
[INFO] [1786025061.949129399] [behavior_server]: Turning 1.57 for spin behavior.
[WARN] [1786025062.049487657] [behavior_server]: Collision Ahead - Exiting Spin
[WARN] [1786025062.049571195] [behavior_server]: spin failed
[WARN] [1786025062.049605343] [behavior_server]: [spin] [ActionServer] Aborting handle.
[INFO] [1786025062.069007061] [behavior_server]: Running wait
[INFO] [1786025067.069250942] [behavior_server]: wait completed successfully
[INFO] [1786025068.181884255] [behavior_server]: Running backup
[WARN] [1786025068.182189998] [behavior_server]: Collision Ahead - Exiting DriveOnHeading
[WARN] [1786025068.182227109] [behavior_server]: backup failed
[WARN] [1786025068.182246665] [behavior_server]: [backup] [ActionServer] Aborting handle.
[INFO] [1786025068.184520881] [behavior_server]: Running spin
[INFO] [1786025068.184649011] [behavior_server]: Turning 1.57 for spin behavior.
[WARN] [1786025068.884959602] [behavior_server]: Collision Ahead - Exiting Spin
[WARN] [1786025068.885019880] [behavior_server]: spin failed
[WARN] [1786025068.885040288] [behavior_server]: [spin] [ActionServer] Aborting handle.
[INFO] [1786025068.900144667] [behavior_server]: Running wait
[INFO] [1786025073.900427864] [behavior_server]: wait completed successfully
[INFO] [1786025075.019104117] [behavior_server]: Running backup
[WARN] [1786025075.019381897] [behavior_server]: Collision Ahead - Exiting DriveOnHeading
[WARN] [1786025075.019413397] [behavior_server]: backup failed
[WARN] [1786025075.019430008] [behavior_server]: [backup] [ActionServer] Aborting handle.
[INFO] [1786025075.025567153] [behavior_server]: Running spin
[INFO] [1786025075.025686857] [behavior_server]: Turning 1.57 for spin behavior.
[WARN] [1786025085.025871155] [behavior_server]: Exceeded time allowance before reaching the Spin goal - Exiting Spin
[WARN] [1786025085.025940693] [behavior_server]: spin failed
[WARN] [1786025085.025968711] [behavior_server]: [spin] [ActionServer] Aborting handle.
[INFO] [1786025085.045532449] [behavior_server]: Running wait
[INFO] [1786025090.045977239] [behavior_server]: wait completed successfully
[INFO] [1786025091.158471884] [behavior_server]: Running backup
[WARN] [1786025091.559500766] [behavior_server]: Collision Ahead - Exiting DriveOnHeading
[WARN] [1786025091.559562137] [behavior_server]: backup failed
[WARN] [1786025091.559584822] [behavior_server]: [backup] [ActionServer] Aborting handle.
[INFO] [1786025091.575498003] [behavior_server]: Running spin
[INFO] [1786025091.575643522] [behavior_server]: Turning 1.57 for spin behavior.
[WARN] [1786025101.575833468] [behavior_server]: Exceeded time allowance before reaching the Spin goal - Exiting Spin
[WARN] [1786025101.575899876] [behavior_server]: spin failed
[WARN] [1786025101.575921653] [behavior_server]: [spin] [ActionServer] Aborting handle.
[INFO] [1786025101.591585722] [behavior_server]: Running wait
[INFO] [1786025106.592378624] [behavior_server]: wait completed successfully
[INFO] [1786025111.131671459] [behavior_server]: Running backup
[WARN] [1786025111.131998479] [behavior_server]: Collision Ahead - Exiting DriveOnHeading
[WARN] [1786025111.132028517] [behavior_server]: backup failed
[WARN] [1786025111.132047943] [behavior_server]: [backup] [ActionServer] Aborting handle.
[INFO] [1786025111.135063237] [behavior_server]: Running spin
[INFO] [1786025111.136715598] [behavior_server]: Turning 1.57 for spin behavior.
[WARN] [1786025121.136958452] [behavior_server]: Exceeded time allowance before reaching the Spin goal - Exiting Spin
[WARN] [1786025121.137026711] [behavior_server]: spin failed
[WARN] [1786025121.137047137] [behavior_server]: [spin] [ActionServer] Aborting handle.
[INFO] [1786025121.155113478] [behavior_server]: Running wait
[INFO] [1786025126.155368044] [behavior_server]: wait completed successfully
[INFO] [1786025127.268960955] [behavior_server]: Running backup
[WARN] [1786025127.269276012] [behavior_server]: Collision Ahead - Exiting DriveOnHeading
[WARN] [1786025127.269311327] [behavior_server]: backup failed
[WARN] [1786025127.269329420] [behavior_server]: [backup] [ActionServer] Aborting handle.
[INFO] [1786025127.284736838] [behavior_server]: Running spin
[INFO] [1786025127.284864321] [behavior_server]: Turning 1.57 for spin behavior.
[WARN] [1786025137.285091563] [behavior_server]: Exceeded time allowance before reaching the Spin goal - Exiting Spin
[WARN] [1786025137.285167304] [behavior_server]: spin failed
[WARN] [1786025137.285197508] [behavior_server]: [spin] [ActionServer] Aborting handle.
[INFO] [1786025137.298109931] [behavior_server]: Running wait
[INFO] [1786025142.298378831] [behavior_server]: wait completed successfully
[INFO] [1786025143.418853909] [behavior_server]: Running backup
[WARN] [1786025143.419158670] [behavior_server]: Collision Ahead - Exiting DriveOnHeading
[WARN] [1786025143.419198911] [behavior_server]: backup failed
[WARN] [1786025143.419220449] [behavior_server]: [backup] [ActionServer] Aborting handle.
[INFO] [1786025143.436499766] [behavior_server]: Running spin
[INFO] [1786025143.436723656] [behavior_server]: Turning 1.57 for spin behavior.
[WARN] [1786025153.471509256] [behavior_server]: Exceeded time allowance before reaching the Spin goal - Exiting Spin
[WARN] [1786025153.471576627] [behavior_server]: spin failed
[WARN] [1786025153.471601146] [behavior_server]: [spin] [ActionServer] Aborting handle.
[INFO] [1786025153.491755313] [behavior_server]: Running wait
[INFO] [1786025158.492033379] [behavior_server]: wait completed successfully
[INFO] [1786025159.054813525] [behavior_server]: Running backup
[WARN] [1786025159.055130953] [behavior_server]: Collision Ahead - Exiting DriveOnHeading
[WARN] [1786025159.055166305] [behavior_server]: backup failed
[WARN] [1786025159.055182064] [behavior_server]: [backup] [ActionServer] Aborting handle.
[INFO] [1786025159.071810174] [behavior_server]: Running spin
[INFO] [1786025159.071949694] [behavior_server]: Turning 1.57 for spin behavior.
[WARN] [1786025169.072177066] [behavior_server]: Exceeded time allowance before reaching the Spin goal - Exiting Spin
[WARN] [1786025169.072242140] [behavior_server]: spin failed
[WARN] [1786025169.072267177] [behavior_server]: [spin] [ActionServer] Aborting handle.
[INFO] [1786025169.091751489] [behavior_server]: Running wait
[INFO] [1786025174.092027037] [behavior_server]: wait completed successfully
[INFO] [1786025175.204904388] [behavior_server]: Running backup
[WARN] [1786025175.205891597] [behavior_server]: Collision Ahead - Exiting DriveOnHeading
[WARN] [1786025175.205966560] [behavior_server]: backup failed
[WARN] [1786025175.205996801] [behavior_server]: [backup] [ActionServer] Aborting handle.
[INFO] [1786025175.221816111] [behavior_server]: Running spin
[INFO] [1786025175.221946741] [behavior_server]: Turning 1.57 for spin behavior.
[WARN] [1786025185.222159873] [behavior_server]: Exceeded time allowance before reaching the Spin goal - Exiting Spin
[WARN] [1786025185.222217799] [behavior_server]: spin failed
[WARN] [1786025185.222234040] [behavior_server]: [spin] [ActionServer] Aborting handle.
[INFO] [1786025185.241796296] [behavior_server]: Running wait
[INFO] [1786025190.241998232] [behavior_server]: wait completed successfully
[INFO] [1786025190.323638017] [behavior_server]: Running spin
[INFO] [1786025190.323775017] [behavior_server]: Turning 1.57 for spin behavior.
[WARN] [1786025200.323965519] [behavior_server]: Exceeded time allowance before reaching the Spin goal - Exiting Spin
[WARN] [1786025200.324029852] [behavior_server]: spin failed
[WARN] [1786025200.324050760] [behavior_server]: [spin] [ActionServer] Aborting handle.
[INFO] [1786025200.339410808] [behavior_server]: Running wait
[INFO] [1786025205.339657615] [behavior_server]: wait completed successfully
[INFO] [1786025205.722289414] [behavior_server]: Running backup
[WARN] [1786025205.722771879] [behavior_server]: Collision Ahead - Exiting DriveOnHeading
[WARN] [1786025205.722821509] [behavior_server]: backup failed
[WARN] [1786025205.722844583] [behavior_server]: [backup] [ActionServer] Aborting handle.
[INFO] [1786025205.739364304] [behavior_server]: Running spin
[INFO] [1786025205.739496361] [behavior_server]: Turning 1.57 for spin behavior.
[WARN] [1786025215.739690066] [behavior_server]: Exceeded time allowance before reaching the Spin goal - Exiting Spin
[WARN] [1786025215.739760585] [behavior_server]: spin failed
[WARN] [1786025215.739782918] [behavior_server]: [spin] [ActionServer] Aborting handle.
[INFO] [1786025215.759748584] [behavior_server]: Running wait
[INFO] [1786025220.760004780] [behavior_server]: wait completed successfully
[INFO] [1786025221.874349454] [behavior_server]: Running backup
[WARN] [1786025221.874670086] [behavior_server]: Collision Ahead - Exiting DriveOnHeading
[WARN] [1786025221.874706308] [behavior_server]: backup failed
[WARN] [1786025221.874726475] [behavior_server]: [backup] [ActionServer] Aborting handle.
[INFO] [1786025221.879447464] [behavior_server]: Running spin
[INFO] [1786025221.879593131] [behavior_server]: Turning 1.57 for spin behavior.
[WARN] [1786025231.879792670] [behavior_server]: Exceeded time allowance before reaching the Spin goal - Exiting Spin
[WARN] [1786025231.879873948] [behavior_server]: spin failed
[WARN] [1786025231.879904911] [behavior_server]: [spin] [ActionServer] Aborting handle.
[INFO] [1786025231.903360522] [behavior_server]: Running wait
[INFO] [1786025236.903846886] [behavior_server]: wait completed successfully
[INFO] [1786025237.119155965] [behavior_server]: Running backup
[WARN] [1786025237.120843048] [behavior_server]: Collision Ahead - Exiting DriveOnHeading
[WARN] [1786025237.120899159] [behavior_server]: backup failed
[WARN] [1786025237.120922511] [behavior_server]: [backup] [ActionServer] Aborting handle.
[INFO] [1786025237.137921105] [behavior_server]: Running spin
[INFO] [1786025237.138062939] [behavior_server]: Turning 1.57 for spin behavior.
[WARN] [1786025247.138241700] [behavior_server]: Exceeded time allowance before reaching the Spin goal - Exiting Spin
[WARN] [1786025247.138306052] [behavior_server]: spin failed
[WARN] [1786025247.138325700] [behavior_server]: [spin] [ActionServer] Aborting handle.
[INFO] [1786025247.156720246] [behavior_server]: Running wait
[INFO] [1786025252.156993498] [behavior_server]: wait completed successfully
[INFO] [1786025252.379542135] [behavior_server]: Running backup
[WARN] [1786025252.379835137] [behavior_server]: Collision Ahead - Exiting DriveOnHeading
[WARN] [1786025252.379863526] [behavior_server]: backup failed
[WARN] [1786025252.379879952] [behavior_server]: [backup] [ActionServer] Aborting handle.
[INFO] [1786025252.396719711] [behavior_server]: Running spin
[INFO] [1786025252.396844860] [behavior_server]: Turning 1.57 for spin behavior.
[WARN] [1786025262.397010880] [behavior_server]: Exceeded time allowance before reaching the Spin goal - Exiting Spin
[WARN] [1786025262.397076102] [behavior_server]: spin failed
[WARN] [1786025262.397099417] [behavior_server]: [spin] [ActionServer] Aborting handle.
[INFO] [1786025262.416749767] [behavior_server]: Running wait
[INFO] [1786025267.417003833] [behavior_server]: wait completed successfully
[INFO] [1786025271.960597914] [behavior_server]: Running backup
[WARN] [1786025271.960989620] [behavior_server]: Collision Ahead - Exiting DriveOnHeading
[WARN] [1786025271.961070713] [behavior_server]: backup failed
[WARN] [1786025271.961102306] [behavior_server]: [backup] [ActionServer] Aborting handle.
[INFO] [1786025271.966745744] [behavior_server]: Running spin
[INFO] [1786025271.966944171] [behavior_server]: Turning 1.57 for spin behavior.
[WARN] [1786025281.967245951] [behavior_server]: Exceeded time allowance before reaching the Spin goal - Exiting Spin
[WARN] [1786025281.967307062] [behavior_server]: spin failed
[WARN] [1786025281.967328674] [behavior_server]: [spin] [ActionServer] Aborting handle.
[INFO] [1786025281.984423972] [behavior_server]: Running wait
[INFO] [1786025286.984671279] [behavior_server]: wait completed successfully
[INFO] [1786025288.095376859] [behavior_server]: Running backup
[WARN] [1786025288.095792158] [behavior_server]: Collision Ahead - Exiting DriveOnHeading
[WARN] [1786025288.095832084] [behavior_server]: backup failed
[WARN] [1786025288.095853176] [behavior_server]: [backup] [ActionServer] Aborting handle.
[INFO] [1786025288.102197415] [behavior_server]: Running spin
[INFO] [1786025288.102339194] [behavior_server]: Turning 1.57 for spin behavior.
[WARN] [1786025298.102558510] [behavior_server]: Exceeded time allowance before reaching the Spin goal - Exiting Spin
[WARN] [1786025298.102617122] [behavior_server]: spin failed
[WARN] [1786025298.102641103] [behavior_server]: [spin] [ActionServer] Aborting handle.
[INFO] [1786025298.122335490] [behavior_server]: Running wait
[INFO] [1786025303.122587501] [behavior_server]: wait completed successfully
[INFO] [1786025304.235758483] [behavior_server]: Running backup
[WARN] [1786025304.236125504] [behavior_server]: Collision Ahead - Exiting DriveOnHeading
[WARN] [1786025304.236164578] [behavior_server]: backup failed
[WARN] [1786025304.236182930] [behavior_server]: [backup] [ActionServer] Aborting handle.
[INFO] [1786025304.242288278] [behavior_server]: Running spin
[INFO] [1786025304.242412094] [behavior_server]: Turning 1.57 for spin behavior.
[WARN] [1786025314.242584299] [behavior_server]: Exceeded time allowance before reaching the Spin goal - Exiting Spin
[WARN] [1786025314.242674337] [behavior_server]: spin failed
[WARN] [1786025314.242698244] [behavior_server]: [spin] [ActionServer] Aborting handle.
[INFO] [1786025314.264376882] [behavior_server]: Running wait
[INFO] [1786025319.264699023] [behavior_server]: wait completed successfully
[INFO] [1786025320.375834809] [behavior_server]: Running backup
[WARN] [1786025320.376935964] [behavior_server]: Collision Ahead - Exiting DriveOnHeading
[WARN] [1786025320.376985649] [behavior_server]: backup failed
[WARN] [1786025320.377003297] [behavior_server]: [backup] [ActionServer] Aborting handle.
[INFO] [1786025320.389431996] [behavior_server]: Running spin
[INFO] [1786025320.389583978] [behavior_server]: Turning 1.57 for spin behavior.
[WARN] [1786025330.389778813] [behavior_server]: Exceeded time allowance before reaching the Spin goal - Exiting Spin
[WARN] [1786025330.389837220] [behavior_server]: spin failed
[WARN] [1786025330.389857035] [behavior_server]: [spin] [ActionServer] Aborting handle.
[INFO] [1786025330.408895585] [behavior_server]: Running wait
[INFO] [1786025335.409170188] [behavior_server]: wait completed successfully
[INFO] [1786025335.713994465] [behavior_server]: Running backup
[WARN] [1786025336.314400115] [behavior_server]: Collision Ahead - Exiting DriveOnHeading
[WARN] [1786025336.314466597] [behavior_server]: backup failed
[WARN] [1786025336.314490393] [behavior_server]: [backup] [ActionServer] Aborting handle.
[INFO] [1786025336.332864569] [behavior_server]: Running spin
[INFO] [1786025336.332995088] [behavior_server]: Turning 1.57 for spin behavior.
[WARN] [1786025346.333187571] [behavior_server]: Exceeded time allowance before reaching the Spin goal - Exiting Spin
[WARN] [1786025346.333257442] [behavior_server]: spin failed
[WARN] [1786025346.333282312] [behavior_server]: [spin] [ActionServer] Aborting handle.
[INFO] [1786025346.352776087] [behavior_server]: Running wait
[INFO] [1786025351.353025042] [behavior_server]: wait completed successfully
[INFO] [1786025352.386920994] [behavior_server]: Running backup
[WARN] [1786025352.387209921] [behavior_server]: Collision Ahead - Exiting DriveOnHeading
[WARN] [1786025352.387237477] [behavior_server]: backup failed
[WARN] [1786025352.387255366] [behavior_server]: [backup] [ActionServer] Aborting handle.
[INFO] [1786025352.402852526] [behavior_server]: Running spin
[INFO] [1786025352.402972064] [behavior_server]: Turning 1.57 for spin behavior.
[WARN] [1786025362.403478919] [behavior_server]: Exceeded time allowance before reaching the Spin goal - Exiting Spin
[WARN] [1786025362.403684846] [behavior_server]: spin failed
[WARN] [1786025362.403706420] [behavior_server]: [spin] [ActionServer] Aborting handle.
[INFO] [1786025362.423656197] [behavior_server]: Running wait
[INFO] [1786025367.423950782] [behavior_server]: wait completed successfully
[INFO] [1786025368.552727740] [behavior_server]: Running backup
[WARN] [1786025368.553126335] [behavior_server]: Collision Ahead - Exiting DriveOnHeading
[WARN] [1786025368.553163354] [behavior_server]: backup failed
[WARN] [1786025368.553183835] [behavior_server]: [backup] [ActionServer] Aborting handle.
[INFO] [1786025368.561022582] [behavior_server]: Running spin
[INFO] [1786025368.561168676] [behavior_server]: Turning 1.57 for spin behavior.
[WARN] [1786025378.561340621] [behavior_server]: Exceeded time allowance before reaching the Spin goal - Exiting Spin
[WARN] [1786025378.561405844] [behavior_server]: spin failed
[WARN] [1786025378.561432177] [behavior_server]: [spin] [ActionServer] Aborting handle.
[INFO] [1786025378.578006380] [behavior_server]: Running wait
[INFO] [1786025383.578218002] [behavior_server]: wait completed successfully
[INFO] [1786025384.691262891] [behavior_server]: Running backup
[WARN] [1786025384.691546318] [behavior_server]: Collision Ahead - Exiting DriveOnHeading
[WARN] [1786025384.691575874] [behavior_server]: backup failed
[WARN] [1786025384.691595930] [behavior_server]: [backup] [ActionServer] Aborting handle.
[INFO] [1786025384.708119021] [behavior_server]: Running spin
[INFO] [1786025384.708305263] [behavior_server]: Turning 1.57 for spin behavior.
[WARN] [1786025394.708519505] [behavior_server]: Exceeded time allowance before reaching the Spin goal - Exiting Spin
[WARN] [1786025394.708588913] [behavior_server]: spin failed
[WARN] [1786025394.708613506] [behavior_server]: [spin] [ActionServer] Aborting handle.
[INFO] [1786025394.730682109] [behavior_server]: Running wait
[INFO] [1786025399.730952027] [behavior_server]: wait completed successfully
[INFO] [1786025400.834042010] [behavior_server]: Running backup
[WARN] [1786025400.834331771] [behavior_server]: Collision Ahead - Exiting DriveOnHeading
[WARN] [1786025400.834359512] [behavior_server]: backup failed
[WARN] [1786025400.834375586] [behavior_server]: [backup] [ActionServer] Aborting handle.
[INFO] [1786025400.848168588] [behavior_server]: Running spin
[INFO] [1786025400.848302922] [behavior_server]: Turning 1.57 for spin behavior.
[WARN] [1786025410.848823944] [behavior_server]: Exceeded time allowance before reaching the Spin goal - Exiting Spin
[WARN] [1786025410.848881296] [behavior_server]: spin failed
[WARN] [1786025410.848900889] [behavior_server]: [spin] [ActionServer] Aborting handle.
[INFO] [1786025410.868106698] [behavior_server]: Running wait
[INFO] [1786025415.868608007] [behavior_server]: wait completed successfully
[INFO] [1786025416.993280516] [behavior_server]: Running backup
[WARN] [1786025416.993955853] [behavior_server]: Collision Ahead - Exiting DriveOnHeading
[WARN] [1786025416.994028353] [behavior_server]: backup failed
[WARN] [1786025416.994053057] [behavior_server]: [backup] [ActionServer] Aborting handle.
[INFO] [1786025417.002137195] [behavior_server]: Running spin
[INFO] [1786025417.002318844] [behavior_server]: Turning 1.57 for spin behavior.
[WARN] [1786025427.002527808] [behavior_server]: Exceeded time allowance before reaching the Spin goal - Exiting Spin
[WARN] [1786025427.002588457] [behavior_server]: spin failed
[WARN] [1786025427.002611920] [behavior_server]: [spin] [ActionServer] Aborting handle.
[INFO] [1786025427.018521637] [behavior_server]: Running wait
[INFO] [1786025432.018781463] [behavior_server]: wait completed successfully
[INFO] [1786025435.732310829] [behavior_server]: Running backup
[WARN] [1786025435.732611571] [behavior_server]: Collision Ahead - Exiting DriveOnHeading
[WARN] [1786025435.732653164] [behavior_server]: backup failed
[WARN] [1786025435.732675034] [behavior_server]: [backup] [ActionServer] Aborting handle.
[INFO] [1786025435.745291586] [behavior_server]: Running spin
[INFO] [1786025435.745411438] [behavior_server]: Turning 1.57 for spin behavior.
[WARN] [1786025445.745752922] [behavior_server]: Exceeded time allowance before reaching the Spin goal - Exiting Spin
[WARN] [1786025445.745833496] [behavior_server]: spin failed
[WARN] [1786025445.745861071] [behavior_server]: [spin] [ActionServer] Aborting handle.
[INFO] [1786025445.767678061] [behavior_server]: Running wait
[INFO] [1786025450.767896683] [behavior_server]: wait completed successfully
[INFO] [1786025451.878171631] [behavior_server]: Running backup
[WARN] [1786025451.878461170] [behavior_server]: Collision Ahead - Exiting DriveOnHeading
[WARN] [1786025451.878495022] [behavior_server]: backup failed
[WARN] [1786025451.878514467] [behavior_server]: [backup] [ActionServer] Aborting handle.
[INFO] [1786025451.895783580] [behavior_server]: Running spin
[INFO] [1786025451.895922415] [behavior_server]: Turning 1.57 for spin behavior.
[WARN] [1786025461.897027310] [behavior_server]: Exceeded time allowance before reaching the Spin goal - Exiting Spin
[WARN] [1786025461.897117051] [behavior_server]: spin failed
[WARN] [1786025461.897142885] [behavior_server]: [spin] [ActionServer] Aborting handle.
[INFO] [1786025461.915130206] [behavior_server]: Running wait
[INFO] [1786025466.915332772] [behavior_server]: wait completed successfully
[INFO] [1786025468.042007533] [behavior_server]: Running backup
[WARN] [1786025468.042298164] [behavior_server]: Collision Ahead - Exiting DriveOnHeading
[WARN] [1786025468.042329535] [behavior_server]: backup failed
[WARN] [1786025468.042346961] [behavior_server]: [backup] [ActionServer] Aborting handle.
[INFO] [1786025468.047492823] [behavior_server]: Running spin
[INFO] [1786025468.047631009] [behavior_server]: Turning 1.57 for spin behavior.
[WARN] [1786025478.047807103] [behavior_server]: Exceeded time allowance before reaching the Spin goal - Exiting Spin
[WARN] [1786025478.047904362] [behavior_server]: spin failed
[WARN] [1786025478.047925640] [behavior_server]: [spin] [ActionServer] Aborting handle.
[INFO] [1786025478.060194893] [behavior_server]: Running wait
[INFO] [1786025483.060434423] [behavior_server]: wait completed successfully
[INFO] [1786025484.174936116] [behavior_server]: Running backup
[WARN] [1786025484.175236099] [behavior_server]: Collision Ahead - Exiting DriveOnHeading
[WARN] [1786025484.175272822] [behavior_server]: backup failed
[WARN] [1786025484.175291211] [behavior_server]: [backup] [ActionServer] Aborting handle.
[INFO] [1786025484.180117478] [behavior_server]: Running spin
[INFO] [1786025484.180252997] [behavior_server]: Turning 1.57 for spin behavior.
[WARN] [1786025494.180409906] [behavior_server]: Exceeded time allowance before reaching the Spin goal - Exiting Spin
[WARN] [1786025494.180477036] [behavior_server]: spin failed
[WARN] [1786025494.180503184] [behavior_server]: [spin] [ActionServer] Aborting handle.
[INFO] [1786025494.200313683] [behavior_server]: Running wait
[INFO] [1786025499.200584268] [behavior_server]: wait completed successfully
[INFO] [1786025500.313071747] [behavior_server]: Running backup
[WARN] [1786025500.313355785] [behavior_server]: Collision Ahead - Exiting DriveOnHeading
[WARN] [1786025500.313384248] [behavior_server]: backup failed
[WARN] [1786025500.313403137] [behavior_server]: [backup] [ActionServer] Aborting handle.
[INFO] [1786025500.331161809] [behavior_server]: Running spin
[INFO] [1786025500.331296384] [behavior_server]: Turning 1.57 for spin behavior.
[WARN] [1786025510.331566719] [behavior_server]: Exceeded time allowance before reaching the Spin goal - Exiting Spin
[WARN] [1786025510.331700350] [behavior_server]: spin failed
[WARN] [1786025510.331727720] [behavior_server]: [spin] [ActionServer] Aborting handle.
[INFO] [1786025510.345610038] [behavior_server]: Running wait
[INFO] [1786025515.346031790] [behavior_server]: wait completed successfully
[INFO] [1786025515.750520543] [behavior_server]: Running backup
[WARN] [1786025515.751376566] [behavior_server]: Collision Ahead - Exiting DriveOnHeading
[WARN] [1786025515.751429956] [behavior_server]: backup failed
[WARN] [1786025515.751456493] [behavior_server]: [backup] [ActionServer] Aborting handle.
[INFO] [1786025515.760914693] [behavior_server]: Running spin
[INFO] [1786025515.762834574] [behavior_server]: Turning 1.57 for spin behavior.
[WARN] [1786025525.821550584] [behavior_server]: Exceeded time allowance before reaching the Spin goal - Exiting Spin
[WARN] [1786025525.821620233] [behavior_server]: spin failed
[WARN] [1786025525.821641344] [behavior_server]: [spin] [ActionServer] Aborting handle.
[INFO] [1786025525.834009894] [behavior_server]: Running wait
[INFO] [1786025530.834324683] [behavior_server]: wait completed successfully
[INFO] [1786025531.957695851] [behavior_server]: Running backup
[WARN] [1786025531.958221539] [behavior_server]: Collision Ahead - Exiting DriveOnHeading
[WARN] [1786025531.958269169] [behavior_server]: backup failed
[WARN] [1786025531.958287854] [behavior_server]: [backup] [ActionServer] Aborting handle.
[INFO] [1786025531.976246639] [behavior_server]: Running spin
[INFO] [1786025531.976378362] [behavior_server]: Turning 1.57 for spin behavior.
[WARN] [1786025541.976573622] [behavior_server]: Exceeded time allowance before reaching the Spin goal - Exiting Spin
[WARN] [1786025541.976640678] [behavior_server]: spin failed
[WARN] [1786025541.976667549] [behavior_server]: [spin] [ActionServer] Aborting handle.
[INFO] [1786025541.994295683] [behavior_server]: Running wait
[INFO] [1786025546.994606028] [behavior_server]: wait completed successfully
[INFO] [1786025548.119489149] [behavior_server]: Running backup
[WARN] [1786025548.119792410] [behavior_server]: Collision Ahead - Exiting DriveOnHeading
[WARN] [1786025548.119824095] [behavior_server]: backup failed
[WARN] [1786025548.119849688] [behavior_server]: [backup] [ActionServer] Aborting handle.
[INFO] [1786025548.137881825] [behavior_server]: Running spin
[INFO] [1786025548.138349327] [behavior_server]: Turning 1.57 for spin behavior.
[WARN] [1786025558.138645126] [behavior_server]: Exceeded time allowance before reaching the Spin goal - Exiting Spin
[WARN] [1786025558.138717589] [behavior_server]: spin failed
[WARN] [1786025558.138737737] [behavior_server]: [spin] [ActionServer] Aborting handle.
[INFO] [1786025558.154592603] [behavior_server]: Running wait
[INFO] [1786025563.155708859] [behavior_server]: wait completed successfully
[INFO] [1786025564.324972096] [behavior_server]: Running backup
[WARN] [1786025564.325835582] [behavior_server]: Collision Ahead - Exiting DriveOnHeading
[WARN] [1786025564.325921675] [behavior_server]: backup failed
[WARN] [1786025564.325946768] [behavior_server]: [backup] [ActionServer] Aborting handle.
[INFO] [1786025564.342087857] [behavior_server]: Running spin
[INFO] [1786025564.342258562] [behavior_server]: Turning 1.57 for spin behavior.
[WARN] [1786025574.342743435] [behavior_server]: Exceeded time allowance before reaching the Spin goal - Exiting Spin
[WARN] [1786025574.342809380] [behavior_server]: spin failed
[WARN] [1786025574.342831491] [behavior_server]: [spin] [ActionServer] Aborting handle.
[INFO] [1786025574.354654464] [behavior_server]: Running wait
[INFO] [1786025579.354902345] [behavior_server]: wait completed successfully
[INFO] [1786025580.469042518] [behavior_server]: Running backup
[WARN] [1786025580.469334446] [behavior_server]: Collision Ahead - Exiting DriveOnHeading
[WARN] [1786025580.469376594] [behavior_server]: backup failed
[WARN] [1786025580.469397631] [behavior_server]: [backup] [ActionServer] Aborting handle.
[INFO] [1786025580.484644160] [behavior_server]: Running spin
[INFO] [1786025580.484762827] [behavior_server]: Turning 1.57 for spin behavior.
[WARN] [1786025590.484942755] [behavior_server]: Exceeded time allowance before reaching the Spin goal - Exiting Spin
[WARN] [1786025590.485016070] [behavior_server]: spin failed
[WARN] [1786025590.485040570] [behavior_server]: [spin] [ActionServer] Aborting handle.
[INFO] [1786025590.504651512] [behavior_server]: Running wait
[INFO] [1786025595.504908078] [behavior_server]: wait completed successfully
[INFO] [1786025599.054679835] [behavior_server]: Running backup
[WARN] [1786025599.054957522] [behavior_server]: Collision Ahead - Exiting DriveOnHeading
[WARN] [1786025599.054988004] [behavior_server]: backup failed
[WARN] [1786025599.055008485] [behavior_server]: [backup] [ActionServer] Aborting handle.
[INFO] [1786025599.070641257] [behavior_server]: Running spin
[INFO] [1786025599.070833943] [behavior_server]: Turning 1.57 for spin behavior.
[WARN] [1786025609.071316539] [behavior_server]: Exceeded time allowance before reaching the Spin goal - Exiting Spin
[WARN] [1786025609.071391558] [behavior_server]: spin failed
[WARN] [1786025609.071421465] [behavior_server]: [spin] [ActionServer] Aborting handle.
[INFO] [1786025609.088740783] [behavior_server]: Running wait
[INFO] [1786025614.088976627] [behavior_server]: wait completed successfully
[INFO] [1786025615.202307555] [behavior_server]: Running backup
[WARN] [1786025615.202872799] [behavior_server]: Collision Ahead - Exiting DriveOnHeading
[WARN] [1786025615.202915040] [behavior_server]: backup failed
[WARN] [1786025615.202958485] [behavior_server]: [backup] [ActionServer] Aborting handle.
[INFO] [1786025615.217320731] [behavior_server]: Running spin
[INFO] [1786025615.217440694] [behavior_server]: Turning 1.57 for spin behavior.
[WARN] [1786025625.217612677] [behavior_server]: Exceeded time allowance before reaching the Spin goal - Exiting Spin
[WARN] [1786025625.217671400] [behavior_server]: spin failed
[WARN] [1786025625.217693566] [behavior_server]: [spin] [ActionServer] Aborting handle.
[INFO] [1786025625.237419805] [behavior_server]: Running wait
[INFO] [1786025630.237623890] [behavior_server]: wait completed successfully
[INFO] [1786025631.356707109] [behavior_server]: Running backup
[WARN] [1786025631.357751559] [behavior_server]: Collision Ahead - Exiting DriveOnHeading
[WARN] [1786025631.357813781] [behavior_server]: backup failed
[WARN] [1786025631.357836967] [behavior_server]: [backup] [ActionServer] Aborting handle.
[INFO] [1786025631.373146792] [behavior_server]: Running spin
[INFO] [1786025631.373326052] [behavior_server]: Turning 1.57 for spin behavior.
[WARN] [1786025641.374116168] [behavior_server]: Exceeded time allowance before reaching the Spin goal - Exiting Spin
[WARN] [1786025641.374177002] [behavior_server]: spin failed
[WARN] [1786025641.374200965] [behavior_server]: [spin] [ActionServer] Aborting handle.
[INFO] [1786025641.392652085] [behavior_server]: Running wait
[INFO] [1786025646.392928430] [behavior_server]: wait completed successfully
[INFO] [1786025647.516253561] [behavior_server]: Running backup
[WARN] [1786025647.516567063] [behavior_server]: Collision Ahead - Exiting DriveOnHeading
[WARN] [1786025647.516602767] [behavior_server]: backup failed
[WARN] [1786025647.516689230] [behavior_server]: [backup] [ActionServer] Aborting handle.
[INFO] [1786025647.532743596] [behavior_server]: Running spin
[INFO] [1786025647.532869042] [behavior_server]: Turning 1.57 for spin behavior.
[WARN] [1786025657.592284981] [behavior_server]: Exceeded time allowance before reaching the Spin goal - Exiting Spin
[WARN] [1786025657.592370445] [behavior_server]: spin failed
[WARN] [1786025657.592395760] [behavior_server]: [spin] [ActionServer] Aborting handle.
[INFO] [1786025657.603720304] [behavior_server]: Running wait
[INFO] [1786025662.603982574] [behavior_server]: wait completed successfully
[INFO] [1786025663.747502131] [behavior_server]: Running backup
[WARN] [1786025663.747787003] [behavior_server]: Collision Ahead - Exiting DriveOnHeading
[WARN] [1786025663.747823263] [behavior_server]: backup failed
[WARN] [1786025663.747844985] [behavior_server]: [backup] [ActionServer] Aborting handle.
[INFO] [1786025663.763461034] [behavior_server]: Running spin
[INFO] [1786025663.763591146] [behavior_server]: Turning 1.57 for spin behavior.
[WARN] [1786025673.763864148] [behavior_server]: Exceeded time allowance before reaching the Spin goal - Exiting Spin
[WARN] [1786025673.763931871] [behavior_server]: spin failed
[WARN] [1786025673.763953223] [behavior_server]: [spin] [ActionServer] Aborting handle.
[INFO] [1786025673.783716887] [behavior_server]: Running wait
[INFO] [1786025678.783950472] [behavior_server]: wait completed successfully
[INFO] [1786025679.067364797] [behavior_server]: Running backup
[WARN] [1786025679.067700225] [behavior_server]: Collision Ahead - Exiting DriveOnHeading
[WARN] [1786025679.067739244] [behavior_server]: backup failed
[WARN] [1786025679.067760151] [behavior_server]: [backup] [ActionServer] Aborting handle.
[INFO] [1786025679.074850209] [behavior_server]: Running spin
[INFO] [1786025679.075004099] [behavior_server]: Turning 1.57 for spin behavior.
[WARN] [1786025689.075242752] [behavior_server]: Exceeded time allowance before reaching the Spin goal - Exiting Spin
[WARN] [1786025689.075303882] [behavior_server]: spin failed
[WARN] [1786025689.075328512] [behavior_server]: [spin] [ActionServer] Aborting handle.
[INFO] [1786025689.093247259] [behavior_server]: Running wait
[INFO] [1786025694.093502161] [behavior_server]: wait completed successfully
[INFO] [1786025695.217546881] [behavior_server]: Running backup
[WARN] [1786025695.217857568] [behavior_server]: Collision Ahead - Exiting DriveOnHeading
[WARN] [1786025695.217885105] [behavior_server]: backup failed
[WARN] [1786025695.217901513] [behavior_server]: [backup] [ActionServer] Aborting handle.
[INFO] [1786025695.233564840] [behavior_server]: Running spin
[INFO] [1786025695.233721156] [behavior_server]: Turning 1.57 for spin behavior.
[WARN] [1786025705.233953347] [behavior_server]: Exceeded time allowance before reaching the Spin goal - Exiting Spin
[WARN] [1786025705.234016051] [behavior_server]: spin failed
[WARN] [1786025705.234037033] [behavior_server]: [spin] [ActionServer] Aborting handle.
[INFO] [1786025705.247834128] [behavior_server]: Running wait
[INFO] [1786025710.248111474] [behavior_server]: wait completed successfully
[INFO] [1786025711.367025536] [behavior_server]: Running backup
[WARN] [1786025711.367351464] [behavior_server]: Collision Ahead - Exiting DriveOnHeading
[WARN] [1786025711.367396224] [behavior_server]: backup failed
[WARN] [1786025711.367416576] [behavior_server]: [backup] [ActionServer] Aborting handle.
[INFO] [1786025711.382506381] [behavior_server]: Running spin
[INFO] [1786025711.382641845] [behavior_server]: Turning 1.57 for spin behavior.
[WARN] [1786025721.382922648] [behavior_server]: Exceeded time allowance before reaching the Spin goal - Exiting Spin
[WARN] [1786025721.382977574] [behavior_server]: spin failed
[WARN] [1786025721.383001000] [behavior_server]: [spin] [ActionServer] Aborting handle.
[INFO] [1786025721.402547293] [behavior_server]: Running wait
[INFO] [1786025726.402791473] [behavior_server]: wait completed successfully
[INFO] [1786025727.520774641] [behavior_server]: Running backup
[WARN] [1786025727.521046550] [behavior_server]: Collision Ahead - Exiting DriveOnHeading
[WARN] [1786025727.521092847] [behavior_server]: backup failed
[WARN] [1786025727.521113791] [behavior_server]: [backup] [ActionServer] Aborting handle.
[INFO] [1786025727.537537326] [behavior_server]: Running spin
[INFO] [1786025727.537687808] [behavior_server]: Turning 1.57 for spin behavior.
[WARN] [1786025737.537890778] [behavior_server]: Exceeded time allowance before reaching the Spin goal - Exiting Spin
[WARN] [1786025737.537965501] [behavior_server]: spin failed
[WARN] [1786025737.537991797] [behavior_server]: [spin] [ActionServer] Aborting handle.
[INFO] [1786025737.557648183] [behavior_server]: Running wait
[INFO] [1786025742.559172203] [behavior_server]: wait completed successfully
[INFO] [1786025743.676549720] [behavior_server]: Running backup
[WARN] [1786025743.676907241] [behavior_server]: Collision Ahead - Exiting DriveOnHeading
[WARN] [1786025743.676942815] [behavior_server]: backup failed
[WARN] [1786025743.676960648] [behavior_server]: [backup] [ActionServer] Aborting handle.
[INFO] [1786025743.688768843] [behavior_server]: Running spin
[INFO] [1786025743.688917085] [behavior_server]: Turning 1.57 for spin behavior.
[WARN] [1786025753.689068146] [behavior_server]: Exceeded time allowance before reaching the Spin goal - Exiting Spin
[WARN] [1786025753.689124498] [behavior_server]: spin failed
[WARN] [1786025753.689143739] [behavior_server]: [spin] [ActionServer] Aborting handle.
[INFO] [1786025753.700395616] [behavior_server]: Running wait
[INFO] [1786025758.700666926] [behavior_server]: wait completed successfully
[INFO] [1786025762.385234347] [behavior_server]: Running backup
[WARN] [1786025762.385671460] [behavior_server]: Collision Ahead - Exiting DriveOnHeading
[WARN] [1786025762.385770424] [behavior_server]: backup failed
[WARN] [1786025762.385794516] [behavior_server]: [backup] [ActionServer] Aborting handle.
[INFO] [1786025762.401316472] [behavior_server]: Running spin
[INFO] [1786025762.401454566] [behavior_server]: Turning 1.57 for spin behavior.
[WARN] [1786025772.401671368] [behavior_server]: Exceeded time allowance before reaching the Spin goal - Exiting Spin
[WARN] [1786025772.401723906] [behavior_server]: spin failed
[WARN] [1786025772.401754332] [behavior_server]: [spin] [ActionServer] Aborting handle.
[INFO] [1786025772.422030055] [behavior_server]: Running wait
[INFO] [1786025777.422288087] [behavior_server]: wait completed successfully
[INFO] [1786025778.535018559] [behavior_server]: Running backup
[WARN] [1786025778.535616025] [behavior_server]: Collision Ahead - Exiting DriveOnHeading
[WARN] [1786025778.535660396] [behavior_server]: backup failed
[WARN] [1786025778.535681396] [behavior_server]: [backup] [ActionServer] Aborting handle.
[INFO] [1786025778.541156278] [behavior_server]: Running spin
[INFO] [1786025778.541282612] [behavior_server]: Turning 1.57 for spin behavior.
[WARN] [1786025788.541489674] [behavior_server]: Exceeded time allowance before reaching the Spin goal - Exiting Spin
[WARN] [1786025788.541559637] [behavior_server]: spin failed
[WARN] [1786025788.541584989] [behavior_server]: [spin] [ActionServer] Aborting handle.
[INFO] [1786025788.561775582] [behavior_server]: Running wait
[INFO] [1786025793.562155744] [behavior_server]: wait completed successfully
[INFO] [1786025794.706104037] [behavior_server]: Running backup
[WARN] [1786025794.706683170] [behavior_server]: Collision Ahead - Exiting DriveOnHeading
[WARN] [1786025794.706731244] [behavior_server]: backup failed
[WARN] [1786025794.706750281] [behavior_server]: [backup] [ActionServer] Aborting handle.
[INFO] [1786025794.717877528] [behavior_server]: Running spin
[INFO] [1786025794.718047955] [behavior_server]: Turning 1.57 for spin behavior.
[WARN] [1786025804.718480685] [behavior_server]: Exceeded time allowance before reaching the Spin goal - Exiting Spin
[WARN] [1786025804.718542185] [behavior_server]: spin failed
[WARN] [1786025804.718565222] [behavior_server]: [spin] [ActionServer] Aborting handle.
[INFO] [1786025804.731817203] [behavior_server]: Running wait
[INFO] [1786025809.732087864] [behavior_server]: wait completed successfully
[INFO] [1786025810.846168548] [behavior_server]: Running backup
[WARN] [1786025810.846496994] [behavior_server]: Collision Ahead - Exiting DriveOnHeading
[WARN] [1786025810.846536772] [behavior_server]: backup failed
[WARN] [1786025810.846555198] [behavior_server]: [backup] [ActionServer] Aborting handle.
[INFO] [1786025810.852308970] [behavior_server]: Running spin
[INFO] [1786025810.852451027] [behavior_server]: Turning 1.57 for spin behavior.
[WARN] [1786025820.852636848] [behavior_server]: Exceeded time allowance before reaching the Spin goal - Exiting Spin
[WARN] [1786025820.852690755] [behavior_server]: spin failed
[WARN] [1786025820.852712996] [behavior_server]: [spin] [ActionServer] Aborting handle.
[INFO] [1786025820.871811417] [behavior_server]: Running wait
[INFO] [1786025825.872350339] [behavior_server]: wait completed successfully
[INFO] [1786025826.977316768] [behavior_server]: Running backup
[WARN] [1786025826.977577733] [behavior_server]: Collision Ahead - Exiting DriveOnHeading
[WARN] [1786025826.977613307] [behavior_server]: backup failed
[WARN] [1786025826.977631566] [behavior_server]: [backup] [ActionServer] Aborting handle.
[INFO] [1786025826.981896701] [behavior_server]: Running spin
[INFO] [1786025826.982001479] [behavior_server]: Turning 1.57 for spin behavior.
[WARN] [1786025836.982318486] [behavior_server]: Exceeded time allowance before reaching the Spin goal - Exiting Spin
[WARN] [1786025836.982377820] [behavior_server]: spin failed
[WARN] [1786025836.982400765] [behavior_server]: [spin] [ActionServer] Aborting handle.
[INFO] [1786025837.001853057] [behavior_server]: Running wait
[INFO] [1786025842.002186441] [behavior_server]: wait completed successfully
[INFO] [1786025842.405838279] [behavior_server]: Running backup
[WARN] [1786025842.406141892] [behavior_server]: Collision Ahead - Exiting DriveOnHeading
[WARN] [1786025842.406188263] [behavior_server]: backup failed
[WARN] [1786025842.406206985] [behavior_server]: [backup] [ActionServer] Aborting handle.
[INFO] [1786025842.422239629] [behavior_server]: Running spin
[INFO] [1786025842.422374556] [behavior_server]: Turning 1.57 for spin behavior.
[WARN] [1786025852.422541210] [behavior_server]: Exceeded time allowance before reaching the Spin goal - Exiting Spin
[WARN] [1786025852.422607525] [behavior_server]: spin failed
[WARN] [1786025852.422632210] [behavior_server]: [spin] [ActionServer] Aborting handle.
[INFO] [1786025852.439317895] [behavior_server]: Running wait
[INFO] [1786025857.439593464] [behavior_server]: wait completed successfully
[INFO] [1786025858.553459424] [behavior_server]: Running backup
[WARN] [1786025858.553750111] [behavior_server]: Collision Ahead - Exiting DriveOnHeading
[WARN] [1786025858.553789444] [behavior_server]: backup failed
[WARN] [1786025858.553807370] [behavior_server]: [backup] [ActionServer] Aborting handle.
[INFO] [1786025858.569378956] [behavior_server]: Running spin
[INFO] [1786025858.569510513] [behavior_server]: Turning 1.57 for spin behavior.
[WARN] [1786025868.569875390] [behavior_server]: Exceeded time allowance before reaching the Spin goal - Exiting Spin
[WARN] [1786025868.570033613] [behavior_server]: spin failed
[WARN] [1786025868.570092688] [behavior_server]: [spin] [ActionServer] Aborting handle.
[INFO] [1786025868.589308127] [behavior_server]: Running wait
[INFO] [1786025873.589553140] [behavior_server]: wait completed successfully
[INFO] [1786025874.712465798] [behavior_server]: Running backup
[WARN] [1786025874.712731133] [behavior_server]: Collision Ahead - Exiting DriveOnHeading
[WARN] [1786025874.712756041] [behavior_server]: backup failed
[WARN] [1786025874.712772634] [behavior_server]: [backup] [ActionServer] Aborting handle.
[INFO] [1786025874.730127803] [behavior_server]: Running spin
[INFO] [1786025874.730278100] [behavior_server]: Turning 1.57 for spin behavior.
[WARN] [1786025884.730763849] [behavior_server]: Exceeded time allowance before reaching the Spin goal - Exiting Spin
[WARN] [1786025884.730836609] [behavior_server]: spin failed
[WARN] [1786025884.730862831] [behavior_server]: [spin] [ActionServer] Aborting handle.
[INFO] [1786025884.744212257] [behavior_server]: Running wait
[INFO] [1786025889.744684549] [behavior_server]: wait completed successfully
[INFO] [1786025890.887194704] [behavior_server]: Running spin
[INFO] [1786025890.887356501] [behavior_server]: Turning 1.57 for spin behavior.
[WARN] [1786025900.888117159] [behavior_server]: Exceeded time allowance before reaching the Spin goal - Exiting Spin
[WARN] [1786025900.888176455] [behavior_server]: spin failed
[WARN] [1786025900.888200196] [behavior_server]: [spin] [ActionServer] Aborting handle.
[INFO] [1786025900.906397778] [behavior_server]: Running wait
[INFO] [1786025905.906641051] [behavior_server]: wait completed successfully
[INFO] [1786025907.009181745] [behavior_server]: Running backup
[WARN] [1786025907.009477135] [behavior_server]: Collision Ahead - Exiting DriveOnHeading
[WARN] [1786025907.009506024] [behavior_server]: backup failed
[WARN] [1786025907.009521783] [behavior_server]: [backup] [ActionServer] Aborting handle.
[INFO] [1786025907.026485988] [behavior_server]: Running spin
[INFO] [1786025907.026624822] [behavior_server]: Turning 1.57 for spin behavior.
[WARN] [1786025917.026918496] [behavior_server]: Exceeded time allowance before reaching the Spin goal - Exiting Spin
[WARN] [1786025917.026981255] [behavior_server]: spin failed
[WARN] [1786025917.027035200] [behavior_server]: [spin] [ActionServer] Aborting handle.
[INFO] [1786025917.046870736] [behavior_server]: Running wait
[INFO] [1786025922.047261194] [behavior_server]: wait completed successfully
[INFO] [1786025925.736675568] [behavior_server]: Running backup
[WARN] [1786025925.737131422] [behavior_server]: Collision Ahead - Exiting DriveOnHeading
[WARN] [1786025925.737171756] [behavior_server]: backup failed
[WARN] [1786025925.737188274] [behavior_server]: [backup] [ActionServer] Aborting handle.
[INFO] [1786025925.750141049] [behavior_server]: Running spin
[INFO] [1786025925.750292106] [behavior_server]: Turning 1.57 for spin behavior.
[WARN] [1786025935.750471593] [behavior_server]: Exceeded time allowance before reaching the Spin goal - Exiting Spin
[WARN] [1786025935.750536075] [behavior_server]: spin failed
[WARN] [1786025935.750558668] [behavior_server]: [spin] [ActionServer] Aborting handle.
[INFO] [1786025935.769648162] [behavior_server]: Running wait
[INFO] [1786025940.770669568] [behavior_server]: wait completed successfully
[INFO] [1786025941.879526834] [behavior_server]: Running backup
[WARN] [1786025941.879794225] [behavior_server]: Collision Ahead - Exiting DriveOnHeading
[WARN] [1786025941.879818058] [behavior_server]: backup failed
[WARN] [1786025941.879833966] [behavior_server]: [backup] [ActionServer] Aborting handle.
[INFO] [1786025941.896623373] [behavior_server]: Running spin
[INFO] [1786025941.897411711] [behavior_server]: Turning 1.57 for spin behavior.
[WARN] [1786025951.897635328] [behavior_server]: Exceeded time allowance before reaching the Spin goal - Exiting Spin
[WARN] [1786025951.897694106] [behavior_server]: spin failed
[WARN] [1786025951.897717607] [behavior_server]: [spin] [ActionServer] Aborting handle.
[INFO] [1786025951.916482432] [behavior_server]: Running wait
[INFO] [1786025956.916763668] [behavior_server]: wait completed successfully
[INFO] [1786025958.039980902] [behavior_server]: Running backup
[WARN] [1786025958.040322089] [behavior_server]: Collision Ahead - Exiting DriveOnHeading
[WARN] [1786025958.040363108] [behavior_server]: backup failed
[WARN] [1786025958.040382497] [behavior_server]: [backup] [ActionServer] Aborting handle.
[INFO] [1786025958.056595383] [behavior_server]: Running spin
[INFO] [1786025958.056727013] [behavior_server]: Turning 1.57 for spin behavior.
[WARN] [1786025968.057334132] [behavior_server]: Exceeded time allowance before reaching the Spin goal - Exiting Spin
[WARN] [1786025968.057388688] [behavior_server]: spin failed
[WARN] [1786025968.057405022] [behavior_server]: [spin] [ActionServer] Aborting handle.
[INFO] [1786025968.076584776] [behavior_server]: Running wait
[INFO] [1786025973.076846159] [behavior_server]: wait completed successfully
[INFO] [1786025974.238112492] [behavior_server]: Running backup
[WARN] [1786025974.238748977] [behavior_server]: Collision Ahead - Exiting DriveOnHeading
[WARN] [1786025974.238824904] [behavior_server]: backup failed
[WARN] [1786025974.238852700] [behavior_server]: [backup] [ActionServer] Aborting handle.
[INFO] [1786025974.242105033] [behavior_server]: Running spin
[INFO] [1786025974.242262422] [behavior_server]: Turning 1.57 for spin behavior.
[WARN] [1786025984.242414669] [behavior_server]: Exceeded time allowance before reaching the Spin goal - Exiting Spin
[WARN] [1786025984.242479484] [behavior_server]: spin failed
[WARN] [1786025984.242502262] [behavior_server]: [spin] [ActionServer] Aborting handle.
[INFO] [1786025984.257924514] [behavior_server]: Running wait
[INFO] [1786025989.258179212] [behavior_server]: wait completed successfully
[INFO] [1786025990.371595855] [behavior_server]: Running backup
[WARN] [1786025990.371900005] [behavior_server]: Collision Ahead - Exiting DriveOnHeading
[WARN] [1786025990.371936987] [behavior_server]: backup failed
[WARN] [1786025990.371953876] [behavior_server]: [backup] [ActionServer] Aborting handle.
[INFO] [1786025990.387903075] [behavior_server]: Running spin
[INFO] [1786025990.388031965] [behavior_server]: Turning 1.57 for spin behavior.
[WARN] [1786026000.388208526] [behavior_server]: Exceeded time allowance before reaching the Spin goal - Exiting Spin
[WARN] [1786026000.388273434] [behavior_server]: spin failed
[WARN] [1786026000.388295897] [behavior_server]: [spin] [ActionServer] Aborting handle.
[INFO] [1786026000.407909265] [behavior_server]: Running wait
[INFO] [1786026005.408167889] [behavior_server]: wait completed successfully
[INFO] [1786026005.723704908] [behavior_server]: Running backup
[WARN] [1786026005.723969650] [behavior_server]: Collision Ahead - Exiting DriveOnHeading
[WARN] [1786026005.723996946] [behavior_server]: backup failed
[WARN] [1786026005.724015113] [behavior_server]: [backup] [ActionServer] Aborting handle.
[INFO] [1786026005.745295027] [behavior_server]: Running spin
[INFO] [1786026005.745443509] [behavior_server]: Turning 1.57 for spin behavior.
[WARN] [1786026015.746527798] [behavior_server]: Exceeded time allowance before reaching the Spin goal - Exiting Spin
[WARN] [1786026015.746608372] [behavior_server]: spin failed
[WARN] [1786026015.746637761] [behavior_server]: [spin] [ActionServer] Aborting handle.
[INFO] [1786026015.759720611] [behavior_server]: Running wait
[INFO] [1786026020.759954976] [behavior_server]: wait completed successfully
[INFO] [1786026021.879138670] [behavior_server]: Running backup
[WARN] [1786026021.879478097] [behavior_server]: Collision Ahead - Exiting DriveOnHeading
[WARN] [1786026021.879517635] [behavior_server]: backup failed
[WARN] [1786026021.879538616] [behavior_server]: [backup] [ActionServer] Aborting handle.
[INFO] [1786026021.889964785] [behavior_server]: Running spin
[INFO] [1786026021.890137953] [behavior_server]: Turning 1.57 for spin behavior.
[WARN] [1786026031.890301996] [behavior_server]: Exceeded time allowance before reaching the Spin goal - Exiting Spin
[WARN] [1786026031.890371126] [behavior_server]: spin failed
[WARN] [1786026031.890397200] [behavior_server]: [spin] [ActionServer] Aborting handle.
[INFO] [1786026031.909933474] [behavior_server]: Running wait
[INFO] [1786026036.910174562] [behavior_server]: wait completed successfully
[INFO] [1786026038.022816311] [behavior_server]: Running backup
[WARN] [1786026038.023133072] [behavior_server]: Collision Ahead - Exiting DriveOnHeading
[WARN] [1786026038.023166869] [behavior_server]: backup failed
[WARN] [1786026038.023200091] [behavior_server]: [backup] [ActionServer] Aborting handle.
[INFO] [1786026038.039776497] [behavior_server]: Running spin
[INFO] [1786026038.039917776] [behavior_server]: Turning 1.57 for spin behavior.
[WARN] [1786026048.040108375] [behavior_server]: Exceeded time allowance before reaching the Spin goal - Exiting Spin
[WARN] [1786026048.040175709] [behavior_server]: spin failed
[WARN] [1786026048.040198005] [behavior_server]: [spin] [ActionServer] Aborting handle.
[INFO] [1786026048.059781280] [behavior_server]: Running wait
[INFO] [1786026053.060043682] [behavior_server]: wait completed successfully
[INFO] [1786026054.175835634] [behavior_server]: Running backup
[WARN] [1786026054.176397878] [behavior_server]: Collision Ahead - Exiting DriveOnHeading
[WARN] [1786026054.176440323] [behavior_server]: backup failed
[WARN] [1786026054.176457915] [behavior_server]: [backup] [ActionServer] Aborting handle.
[INFO] [1786026054.180706068] [behavior_server]: Running spin
[INFO] [1786026054.180840217] [behavior_server]: Turning 1.57 for spin behavior.
[WARN] [1786026064.181071816] [behavior_server]: Exceeded time allowance before reaching the Spin goal - Exiting Spin
[WARN] [1786026064.181146076] [behavior_server]: spin failed
[WARN] [1786026064.181168965] [behavior_server]: [spin] [ActionServer] Aborting handle.
[INFO] [1786026064.192617954] [behavior_server]: Running wait
[INFO] [1786026069.193602268] [behavior_server]: wait completed successfully
[INFO] [1786026070.318756994] [behavior_server]: Running backup
[WARN] [1786026070.319371016] [behavior_server]: Collision Ahead - Exiting DriveOnHeading
[WARN] [1786026070.319432479] [behavior_server]: backup failed
[WARN] [1786026070.319455905] [behavior_server]: [backup] [ActionServer] Aborting handle.
[INFO] [1786026070.325632698] [behavior_server]: Running spin
[INFO] [1786026070.325760995] [behavior_server]: Turning 1.57 for spin behavior.
[WARN] [1786026080.325953279] [behavior_server]: Exceeded time allowance before reaching the Spin goal - Exiting Spin
[WARN] [1786026080.326012743] [behavior_server]: spin failed
[WARN] [1786026080.326035280] [behavior_server]: [spin] [ActionServer] Aborting handle.
[INFO] [1786026080.341065918] [behavior_server]: Running wait
[INFO] [1786026085.341953305] [behavior_server]: wait completed successfully
[INFO] [1786026089.054700252] [behavior_server]: Running backup
[WARN] [1786026089.055110829] [behavior_server]: Collision Ahead - Exiting DriveOnHeading
[WARN] [1786026089.055152959] [behavior_server]: backup failed
[WARN] [1786026089.055174292] [behavior_server]: [backup] [ActionServer] Aborting handle.
[INFO] [1786026089.071246695] [behavior_server]: Running spin
[INFO] [1786026089.072183775] [behavior_server]: Turning 1.57 for spin behavior.
[WARN] [1786026099.073160545] [behavior_server]: Exceeded time allowance before reaching the Spin goal - Exiting Spin
[WARN] [1786026099.073228415] [behavior_server]: spin failed
[WARN] [1786026099.073252212] [behavior_server]: [spin] [ActionServer] Aborting handle.
[INFO] [1786026099.091223811] [behavior_server]: Running wait
[INFO] [1786026104.091466269] [behavior_server]: wait completed successfully
[INFO] [1786026105.215323173] [behavior_server]: Running backup
[WARN] [1786026105.216044677] [behavior_server]: Collision Ahead - Exiting DriveOnHeading
[WARN] [1786026105.216112733] [behavior_server]: backup failed
[WARN] [1786026105.216141418] [behavior_server]: [backup] [ActionServer] Aborting handle.
[INFO] [1786026105.233252938] [behavior_server]: Running spin
[INFO] [1786026105.233405291] [behavior_server]: Turning 1.57 for spin behavior.
[WARN] [1786026115.234493950] [behavior_server]: Exceeded time allowance before reaching the Spin goal - Exiting Spin
[WARN] [1786026115.234564562] [behavior_server]: spin failed
[WARN] [1786026115.234583432] [behavior_server]: [spin] [ActionServer] Aborting handle.
[INFO] [1786026115.249758942] [behavior_server]: Running wait
[INFO] [1786026120.250050604] [behavior_server]: wait completed successfully
[INFO] [1786026121.355888723] [behavior_server]: Running backup
[WARN] [1786026121.356585949] [behavior_server]: Collision Ahead - Exiting DriveOnHeading
[WARN] [1786026121.356638357] [behavior_server]: backup failed
[WARN] [1786026121.356659950] [behavior_server]: [backup] [ActionServer] Aborting handle.
[INFO] [1786026121.371768811] [behavior_server]: Running spin
[INFO] [1786026121.371928627] [behavior_server]: Turning 1.57 for spin behavior.
[WARN] [1786026131.372152503] [behavior_server]: Exceeded time allowance before reaching the Spin goal - Exiting Spin
[WARN] [1786026131.372218170] [behavior_server]: spin failed
[WARN] [1786026131.372239874] [behavior_server]: [spin] [ActionServer] Aborting handle.
[INFO] [1786026131.391781519] [behavior_server]: Running wait
[INFO] [1786026136.392053366] [behavior_server]: wait completed successfully
[INFO] [1786026137.505828696] [behavior_server]: Running backup
[WARN] [1786026137.506098068] [behavior_server]: Collision Ahead - Exiting DriveOnHeading
[WARN] [1786026137.506133790] [behavior_server]: backup failed
[WARN] [1786026137.506151864] [behavior_server]: [backup] [ActionServer] Aborting handle.
[INFO] [1786026137.511702895] [behavior_server]: Running spin
[INFO] [1786026137.511833747] [behavior_server]: Turning 1.57 for spin behavior.
[WARN] [1786026147.512016254] [behavior_server]: Exceeded time allowance before reaching the Spin goal - Exiting Spin
[WARN] [1786026147.512093198] [behavior_server]: spin failed
[WARN] [1786026147.512116958] [behavior_server]: [spin] [ActionServer] Aborting handle.
[INFO] [1786026147.531845770] [behavior_server]: Running wait
[INFO] [1786026152.532095135] [behavior_server]: wait completed successfully
[INFO] [1786026153.655335351] [behavior_server]: Running backup
[WARN] [1786026153.655607408] [behavior_server]: Collision Ahead - Exiting DriveOnHeading
[WARN] [1786026153.655642908] [behavior_server]: backup failed
[WARN] [1786026153.655660982] [behavior_server]: [backup] [ActionServer] Aborting handle.
[INFO] [1786026153.671663608] [behavior_server]: Running spin
[INFO] [1786026153.671804312] [behavior_server]: Turning 1.57 for spin behavior.
[WARN] [1786026163.672013096] [behavior_server]: Exceeded time allowance before reaching the Spin goal - Exiting Spin
[WARN] [1786026163.673073528] [behavior_server]: spin failed
[WARN] [1786026163.673122547] [behavior_server]: [spin] [ActionServer] Aborting handle.
[INFO] [1786026163.686947364] [behavior_server]: Running wait
[INFO] [1786026168.687287174] [behavior_server]: wait completed successfully
[INFO] [1786026169.083863399] [behavior_server]: Running backup
[WARN] [1786026169.084177716] [behavior_server]: Collision Ahead - Exiting DriveOnHeading
[WARN] [1786026169.084211882] [behavior_server]: backup failed
[WARN] [1786026169.084229642] [behavior_server]: [backup] [ActionServer] Aborting handle.
[INFO] [1786026169.089729579] [behavior_server]: Running spin
[INFO] [1786026169.089871506] [behavior_server]: Turning 1.57 for spin behavior.
[WARN] [1786026179.090028364] [behavior_server]: Exceeded time allowance before reaching the Spin goal - Exiting Spin
[WARN] [1786026179.090101216] [behavior_server]: spin failed
[WARN] [1786026179.090121790] [behavior_server]: [spin] [ActionServer] Aborting handle.
[INFO] [1786026179.105392819] [behavior_server]: Running wait
[INFO] [1786026184.105612795] [behavior_server]: wait completed successfully
[INFO] [1786026185.232401253] [behavior_server]: Running backup
[WARN] [1786026185.232703569] [behavior_server]: Collision Ahead - Exiting DriveOnHeading
[WARN] [1786026185.232735440] [behavior_server]: backup failed
[WARN] [1786026185.232753236] [behavior_server]: [backup] [ActionServer] Aborting handle.
[INFO] [1786026185.235961309] [behavior_server]: Running spin
[INFO] [1786026185.236103903] [behavior_server]: Turning 1.57 for spin behavior.
[WARN] [1786026195.236282946] [behavior_server]: Exceeded time allowance before reaching the Spin goal - Exiting Spin
[WARN] [1786026195.236357261] [behavior_server]: spin failed
[WARN] [1786026195.236381613] [behavior_server]: [spin] [ActionServer] Aborting handle.
[INFO] [1786026195.255377014] [behavior_server]: Running wait
[INFO] [1786026200.255618861] [behavior_server]: wait completed successfully
[INFO] [1786026201.369410524] [behavior_server]: Running backup
[WARN] [1786026201.369720267] [behavior_server]: Collision Ahead - Exiting DriveOnHeading
[WARN] [1786026201.369756359] [behavior_server]: backup failed
[WARN] [1786026201.369778156] [behavior_server]: [backup] [ActionServer] Aborting handle.
[INFO] [1786026201.385404316] [behavior_server]: Running spin
[INFO] [1786026201.385532983] [behavior_server]: Turning 1.57 for spin behavior.
[WARN] [1786026211.385698915] [behavior_server]: Exceeded time allowance before reaching the Spin goal - Exiting Spin
[WARN] [1786026211.385759249] [behavior_server]: spin failed
[WARN] [1786026211.385779379] [behavior_server]: [spin] [ActionServer] Aborting handle.
[INFO] [1786026211.401791338] [behavior_server]: Running wait
[INFO] [1786026216.402162092] [behavior_server]: wait completed successfully
[INFO] [1786026217.553805983] [behavior_server]: Running backup
[WARN] [1786026217.554110466] [behavior_server]: Collision Ahead - Exiting DriveOnHeading
[WARN] [1786026217.554144578] [behavior_server]: backup failed
[WARN] [1786026217.554165133] [behavior_server]: [backup] [ActionServer] Aborting handle.
[INFO] [1786026217.568295044] [behavior_server]: Running spin
[INFO] [1786026217.568467694] [behavior_server]: Turning 1.57 for spin behavior.
[WARN] [1786026227.568648718] [behavior_server]: Exceeded time allowance before reaching the Spin goal - Exiting Spin
[WARN] [1786026227.568710256] [behavior_server]: spin failed
[WARN] [1786026227.568736182] [behavior_server]: [spin] [ActionServer] Aborting handle.
[INFO] [1786026227.588008492] [behavior_server]: Running wait
[INFO] [1786026232.588277598] [behavior_server]: wait completed successfully
[INFO] [1786026233.702267707] [behavior_server]: Running backup
[WARN] [1786026233.702565523] [behavior_server]: Collision Ahead - Exiting DriveOnHeading
[WARN] [1786026233.702591542] [behavior_server]: backup failed
[WARN] [1786026233.702609801] [behavior_server]: [backup] [ActionServer] Aborting handle.
[INFO] [1786026233.703697752] [behavior_server]: Running spin
[INFO] [1786026233.703828771] [behavior_server]: Turning 1.57 for spin behavior.
[WARN] [1786026243.704207945] [behavior_server]: Exceeded time allowance before reaching the Spin goal - Exiting Spin
[WARN] [1786026243.704271871] [behavior_server]: spin failed
[WARN] [1786026243.704297056] [behavior_server]: [spin] [ActionServer] Aborting handle.
[INFO] [1786026243.717989947] [behavior_server]: Running wait
[INFO] [1786026248.718257701] [behavior_server]: wait completed successfully
[INFO] [1786026252.521107719] [behavior_server]: Running backup
[WARN] [1786026252.522252633] [behavior_server]: Collision Ahead - Exiting DriveOnHeading
[WARN] [1786026252.522339355] [behavior_server]: backup failed
[WARN] [1786026252.522364003] [behavior_server]: [backup] [ActionServer] Aborting handle.
[INFO] [1786026252.560643326] [behavior_server]: Running spin
[INFO] [1786026252.560822105] [behavior_server]: Turning 1.57 for spin behavior.
[WARN] [1786026262.561040092] [behavior_server]: Exceeded time allowance before reaching the Spin goal - Exiting Spin
[WARN] [1786026262.561122260] [behavior_server]: spin failed
[WARN] [1786026262.561148019] [behavior_server]: [spin] [ActionServer] Aborting handle.
[INFO] [1786026262.892087604] [behavior_server]: Running wait
[INFO] [1786026267.892314284] [behavior_server]: wait completed successfully
[INFO] [1786026269.071097621] [behavior_server]: Running backup
[WARN] [1786026269.071418252] [behavior_server]: Collision Ahead - Exiting DriveOnHeading
[WARN] [1786026269.071454974] [behavior_server]: backup failed
[WARN] [1786026269.071474382] [behavior_server]: [backup] [ActionServer] Aborting handle.
[INFO] [1786026269.087171154] [behavior_server]: Running spin
[INFO] [1786026269.087288173] [behavior_server]: Turning 1.57 for spin behavior.
[WARN] [1786026279.087478476] [behavior_server]: Exceeded time allowance before reaching the Spin goal - Exiting Spin
[WARN] [1786026279.087537680] [behavior_server]: spin failed
[WARN] [1786026279.087558661] [behavior_server]: [spin] [ActionServer] Aborting handle.
[INFO] [1786026279.107294344] [behavior_server]: Running wait
[INFO] [1786026284.107530543] [behavior_server]: wait completed successfully
[INFO] [1786026285.210124237] [behavior_server]: Running backup
[WARN] [1786026285.210407850] [behavior_server]: Collision Ahead - Exiting DriveOnHeading
[WARN] [1786026285.210441887] [behavior_server]: backup failed
[WARN] [1786026285.210459924] [behavior_server]: [backup] [ActionServer] Aborting handle.
[INFO] [1786026285.227934983] [behavior_server]: Running spin
[INFO] [1786026285.228201188] [behavior_server]: Turning 1.57 for spin behavior.
[WARN] [1786026295.228613325] [behavior_server]: Exceeded time allowance before reaching the Spin goal - Exiting Spin
[WARN] [1786026295.228680733] [behavior_server]: spin failed
[WARN] [1786026295.228707270] [behavior_server]: [spin] [ActionServer] Aborting handle.
[INFO] [1786026295.247175483] [behavior_server]: Running wait
[INFO] [1786026300.247651331] [behavior_server]: wait completed successfully
[INFO] [1786026301.419804057] [behavior_server]: Running spin
[INFO] [1786026301.419962706] [behavior_server]: Turning 1.57 for spin behavior.
[WARN] [1786026311.420143472] [behavior_server]: Exceeded time allowance before reaching the Spin goal - Exiting Spin
[WARN] [1786026311.420199954] [behavior_server]: spin failed
[WARN] [1786026311.420218583] [behavior_server]: [spin] [ActionServer] Aborting handle.
[INFO] [1786026311.433826196] [behavior_server]: Running wait
[INFO] [1786026316.434198839] [behavior_server]: wait completed successfully
[INFO] [1786026317.539484363] [behavior_server]: Running backup
[WARN] [1786026317.539749142] [behavior_server]: Collision Ahead - Exiting DriveOnHeading
[WARN] [1786026317.539777679] [behavior_server]: backup failed
[WARN] [1786026317.539796124] [behavior_server]: [backup] [ActionServer] Aborting handle.
[INFO] [1786026317.555315043] [behavior_server]: Running spin
[INFO] [1786026317.555445692] [behavior_server]: Turning 1.57 for spin behavior.
[WARN] [1786026327.555637624] [behavior_server]: Exceeded time allowance before reaching the Spin goal - Exiting Spin
[WARN] [1786026327.555698791] [behavior_server]: spin failed
[WARN] [1786026327.555721495] [behavior_server]: [spin] [ActionServer] Aborting handle.
[INFO] [1786026327.575345733] [behavior_server]: Running wait
[INFO] [1786026332.575579116] [behavior_server]: wait completed successfully
[INFO] [1786026333.688477182] [behavior_server]: Running backup
[WARN] [1786026333.688788702] [behavior_server]: Collision Ahead - Exiting DriveOnHeading
[WARN] [1786026333.688822277] [behavior_server]: backup failed
[WARN] [1786026333.688851851] [behavior_server]: [backup] [ActionServer] Aborting handle.
[INFO] [1786026333.696221243] [behavior_server]: Running spin
[INFO] [1786026333.696364633] [behavior_server]: Turning 1.57 for spin behavior.
[WARN] [1786026343.696581232] [behavior_server]: Exceeded time allowance before reaching the Spin goal - Exiting Spin
[WARN] [1786026343.696643677] [behavior_server]: spin failed
[WARN] [1786026343.696665362] [behavior_server]: [spin] [ActionServer] Aborting handle.
[INFO] [1786026343.715506170] [behavior_server]: Running wait
[INFO] [1786026348.715824869] [behavior_server]: wait completed successfully
[INFO] [1786026349.085116684] [behavior_server]: Running backup
[WARN] [1786026349.085397796] [behavior_server]: Collision Ahead - Exiting DriveOnHeading
[WARN] [1786026349.085439593] [behavior_server]: backup failed
[WARN] [1786026349.085458575] [behavior_server]: [backup] [ActionServer] Aborting handle.
[INFO] [1786026349.097678290] [behavior_server]: Running spin
[INFO] [1786026349.098555925] [behavior_server]: Turning 1.57 for spin behavior.
[WARN] [1786026359.098836802] [behavior_server]: Exceeded time allowance before reaching the Spin goal - Exiting Spin
[WARN] [1786026359.098921765] [behavior_server]: spin failed
[WARN] [1786026359.098952210] [behavior_server]: [spin] [ActionServer] Aborting handle.
[INFO] [1786026359.116765919] [behavior_server]: Running wait
[INFO] [1786026364.117011506] [behavior_server]: wait completed successfully
[INFO] [1786026365.234745247] [behavior_server]: Running backup
[WARN] [1786026365.235049860] [behavior_server]: Collision Ahead - Exiting DriveOnHeading
[WARN] [1786026365.235103064] [behavior_server]: backup failed
[WARN] [1786026365.235126453] [behavior_server]: [backup] [ActionServer] Aborting handle.
[INFO] [1786026365.246499942] [behavior_server]: Running spin
[INFO] [1786026365.246644572] [behavior_server]: Turning 1.57 for spin behavior.
[WARN] [1786026375.246833800] [behavior_server]: Exceeded time allowance before reaching the Spin goal - Exiting Spin
[WARN] [1786026375.246906523] [behavior_server]: spin failed
[WARN] [1786026375.246929690] [behavior_server]: [spin] [ActionServer] Aborting handle.
[INFO] [1786026375.266894467] [behavior_server]: Running wait
[INFO] [1786026380.267210406] [behavior_server]: wait completed successfully
[INFO] [1786026381.379190300] [behavior_server]: Running backup
[WARN] [1786026381.379466043] [behavior_server]: Collision Ahead - Exiting DriveOnHeading
[WARN] [1786026381.379495858] [behavior_server]: backup failed
[WARN] [1786026381.379512932] [behavior_server]: [backup] [ActionServer] Aborting handle.
[INFO] [1786026381.396454488] [behavior_server]: Running spin
[INFO] [1786026381.396566674] [behavior_server]: Turning 1.57 for spin behavior.
[WARN] [1786026391.396738569] [behavior_server]: Exceeded time allowance before reaching the Spin goal - Exiting Spin
[WARN] [1786026391.396804921] [behavior_server]: spin failed
[WARN] [1786026391.396827273] [behavior_server]: [spin] [ActionServer] Aborting handle.
[INFO] [1786026391.416609401] [behavior_server]: Running wait
[INFO] [1786026396.416881136] [behavior_server]: wait completed successfully
[INFO] [1786026397.525672976] [behavior_server]: Running backup
[WARN] [1786026397.525929644] [behavior_server]: Collision Ahead - Exiting DriveOnHeading
[WARN] [1786026397.525956959] [behavior_server]: backup failed
[WARN] [1786026397.525972459] [behavior_server]: [backup] [ActionServer] Aborting handle.
[INFO] [1786026397.533578779] [behavior_server]: Running spin
[INFO] [1786026397.533704706] [behavior_server]: Turning 1.57 for spin behavior.
[WARN] [1786026407.533936823] [behavior_server]: Exceeded time allowance before reaching the Spin goal - Exiting Spin
[WARN] [1786026407.534090787] [behavior_server]: spin failed
[WARN] [1786026407.534134435] [behavior_server]: [spin] [ActionServer] Aborting handle.
[INFO] [1786026407.547446750] [behavior_server]: Running wait
[INFO] [1786026412.547691485] [behavior_server]: wait completed successfully
[INFO] [1786026417.089374913] [behavior_server]: Running backup
[WARN] [1786026417.089686081] [behavior_server]: Collision Ahead - Exiting DriveOnHeading
[WARN] [1786026417.089721452] [behavior_server]: backup failed
[WARN] [1786026417.089740229] [behavior_server]: [backup] [ActionServer] Aborting handle.
[INFO] [1786026417.105626299] [behavior_server]: Running spin
[INFO] [1786026417.105755651] [behavior_server]: Turning 1.57 for spin behavior.
[WARN] [1786026427.105925416] [behavior_server]: Exceeded time allowance before reaching the Spin goal - Exiting Spin
[WARN] [1786026427.105981657] [behavior_server]: spin failed
[WARN] [1786026427.106003732] [behavior_server]: [spin] [ActionServer] Aborting handle.
[INFO] [1786026427.125605581] [behavior_server]: Running wait
[INFO] [1786026432.125897224] [behavior_server]: wait completed successfully
[INFO] [1786026432.393497515] [behavior_server]: Running backup
[WARN] [1786026432.394039444] [behavior_server]: Collision Ahead - Exiting DriveOnHeading
[WARN] [1786026432.394095759] [behavior_server]: backup failed
[WARN] [1786026432.394117463] [behavior_server]: [backup] [ActionServer] Aborting handle.
[INFO] [1786026432.410520831] [behavior_server]: Running spin
[INFO] [1786026432.410654313] [behavior_server]: Turning 1.57 for spin behavior.
[WARN] [1786026442.410799875] [behavior_server]: Exceeded time allowance before reaching the Spin goal - Exiting Spin
[WARN] [1786026442.410855079] [behavior_server]: spin failed
[WARN] [1786026442.411544638] [behavior_server]: [spin] [ActionServer] Aborting handle.
[INFO] [1786026442.431261599] [behavior_server]: Running wait
[INFO] [1786026447.431585742] [behavior_server]: wait completed successfully
[INFO] [1786026448.558000290] [behavior_server]: Running backup
[WARN] [1786026448.558399051] [behavior_server]: Collision Ahead - Exiting DriveOnHeading
[WARN] [1786026448.558447996] [behavior_server]: backup failed
[WARN] [1786026448.558472126] [behavior_server]: [backup] [ActionServer] Aborting handle.
[INFO] [1786026448.565118311] [behavior_server]: Running spin
[INFO] [1786026448.565321830] [behavior_server]: Turning 1.57 for spin behavior.
[WARN] [1786026458.565511892] [behavior_server]: Exceeded time allowance before reaching the Spin goal - Exiting Spin
[WARN] [1786026458.565586041] [behavior_server]: spin failed
[WARN] [1786026458.565610152] [behavior_server]: [spin] [ActionServer] Aborting handle.
[INFO] [1786026458.585350705] [behavior_server]: Running wait
[INFO] [1786026463.585600960] [behavior_server]: wait completed successfully
[INFO] [1786026464.688987936] [behavior_server]: Running backup
[WARN] [1786026464.689320401] [behavior_server]: Collision Ahead - Exiting DriveOnHeading
[WARN] [1786026464.689359031] [behavior_server]: backup failed
[WARN] [1786026464.689382160] [behavior_server]: [backup] [ActionServer] Aborting handle.
[INFO] [1786026464.705334026] [behavior_server]: Running spin
[INFO] [1786026464.705465212] [behavior_server]: Turning 1.57 for spin behavior.
[WARN] [1786026474.705612126] [behavior_server]: Exceeded time allowance before reaching the Spin goal - Exiting Spin
[WARN] [1786026474.705677811] [behavior_server]: spin failed
[WARN] [1786026474.705702422] [behavior_server]: [spin] [ActionServer] Aborting handle.
[INFO] [1786026474.725394920] [behavior_server]: Running wait
[INFO] [1786026479.725659544] [behavior_server]: wait completed successfully
[INFO] [1786026480.839241929] [behavior_server]: Running backup
[WARN] [1786026480.839618838] [behavior_server]: Collision Ahead - Exiting DriveOnHeading
[WARN] [1786026480.839660357] [behavior_server]: backup failed
[WARN] [1786026480.839677690] [behavior_server]: [backup] [ActionServer] Aborting handle.
[INFO] [1786026480.855389703] [behavior_server]: Running spin
[INFO] [1786026480.855542259] [behavior_server]: Turning 1.57 for spin behavior.
[WARN] [1786026490.855735395] [behavior_server]: Exceeded time allowance before reaching the Spin goal - Exiting Spin
[WARN] [1786026490.855798044] [behavior_server]: spin failed
[WARN] [1786026490.855821377] [behavior_server]: [spin] [ActionServer] Aborting handle.
[INFO] [1786026490.867971018] [behavior_server]: Running wait
[INFO] [1786026495.868254161] [behavior_server]: wait completed successfully
[INFO] [1786026497.012869773] [behavior_server]: Running backup
[WARN] [1786026497.013169811] [behavior_server]: Collision Ahead - Exiting DriveOnHeading
[WARN] [1786026497.013204701] [behavior_server]: backup failed
[WARN] [1786026497.013223386] [behavior_server]: [backup] [ActionServer] Aborting handle.
[INFO] [1786026497.021444672] [behavior_server]: Running spin
[INFO] [1786026497.021587876] [behavior_server]: Turning 1.57 for spin behavior.
[WARN] [1786026507.021790327] [behavior_server]: Exceeded time allowance before reaching the Spin goal - Exiting Spin
[WARN] [1786026507.021854939] [behavior_server]: spin failed
[WARN] [1786026507.021879402] [behavior_server]: [spin] [ActionServer] Aborting handle.
[INFO] [1786026507.039177108] [behavior_server]: Running wait
[INFO] [1786026512.039431807] [behavior_server]: wait completed successfully
[INFO] [1786026512.387145373] [behavior_server]: Running backup
[WARN] [1786026512.387432023] [behavior_server]: Collision Ahead - Exiting DriveOnHeading
[WARN] [1786026512.387464023] [behavior_server]: backup failed
[WARN] [1786026512.387482542] [behavior_server]: [backup] [ActionServer] Aborting handle.
[INFO] [1786026512.403589334] [behavior_server]: Running spin
[INFO] [1786026512.403723557] [behavior_server]: Turning 1.57 for spin behavior.
[WARN] [1786026522.404442418] [behavior_server]: Exceeded time allowance before reaching the Spin goal - Exiting Spin
[WARN] [1786026522.405230237] [behavior_server]: spin failed
[WARN] [1786026522.405284627] [behavior_server]: [spin] [ActionServer] Aborting handle.
[INFO] [1786026522.423590153] [behavior_server]: Running wait
[INFO] [1786026527.423858685] [behavior_server]: wait completed successfully
[INFO] [1786026528.538228315] [behavior_server]: Running backup
[WARN] [1786026528.538743947] [behavior_server]: Collision Ahead - Exiting DriveOnHeading
[WARN] [1786026528.538785651] [behavior_server]: backup failed
[WARN] [1786026528.538808300] [behavior_server]: [backup] [ActionServer] Aborting handle.
[INFO] [1786026528.553775845] [behavior_server]: Running spin
[INFO] [1786026528.553897087] [behavior_server]: Turning 1.57 for spin behavior.
[WARN] [1786026538.554205501] [behavior_server]: Exceeded time allowance before reaching the Spin goal - Exiting Spin
[WARN] [1786026538.554290520] [behavior_server]: spin failed
[WARN] [1786026538.554321131] [behavior_server]: [spin] [ActionServer] Aborting handle.
[INFO] [1786026538.567818909] [behavior_server]: Running wait
[INFO] [1786026543.568169960] [behavior_server]: wait completed successfully
[INFO] [1786026544.681135267] [behavior_server]: Running backup
[WARN] [1786026544.681520399] [behavior_server]: Collision Ahead - Exiting DriveOnHeading
[WARN] [1786026544.681554399] [behavior_server]: backup failed
[WARN] [1786026544.681572455] [behavior_server]: [backup] [ActionServer] Aborting handle.
[INFO] [1786026544.700494948] [behavior_server]: Running spin
[INFO] [1786026544.700638153] [behavior_server]: Turning 1.57 for spin behavior.
[WARN] [1786026554.700843270] [behavior_server]: Exceeded time allowance before reaching the Spin goal - Exiting Spin
[WARN] [1786026554.700930511] [behavior_server]: spin failed
[WARN] [1786026554.700951048] [behavior_server]: [spin] [ActionServer] Aborting handle.
[INFO] [1786026554.718808110] [behavior_server]: Running wait
[INFO] [1786026559.719083105] [behavior_server]: wait completed successfully
[INFO] [1786026560.825648710] [behavior_server]: Running backup
[WARN] [1786026560.826019527] [behavior_server]: Collision Ahead - Exiting DriveOnHeading
[WARN] [1786026560.826053656] [behavior_server]: backup failed
[WARN] [1786026560.826088657] [behavior_server]: [backup] [ActionServer] Aborting handle.
[INFO] [1786026560.842008170] [behavior_server]: Running spin
[INFO] [1786026560.842139153] [behavior_server]: Turning 1.57 for spin behavior.
[WARN] [1786026570.842513567] [behavior_server]: Exceeded time allowance before reaching the Spin goal - Exiting Spin
[WARN] [1786026570.842582327] [behavior_server]: spin failed
[WARN] [1786026570.842603697] [behavior_server]: [spin] [ActionServer] Aborting handle.
[INFO] [1786026570.862999495] [behavior_server]: Running wait
[INFO] [1786026575.864393052] [behavior_server]: wait completed successfully
[INFO] [1786026580.565947472] [behavior_server]: Running backup
[WARN] [1786026580.567129905] [behavior_server]: Collision Ahead - Exiting DriveOnHeading
[WARN] [1786026580.568033132] [behavior_server]: backup failed
[WARN] [1786026580.568088725] [behavior_server]: [backup] [ActionServer] Aborting handle.
[INFO] [1786026580.574895096] [behavior_server]: Running spin
[INFO] [1786026580.575042671] [behavior_server]: Turning 1.57 for spin behavior.
[WARN] [1786026590.575365492] [behavior_server]: Exceeded time allowance before reaching the Spin goal - Exiting Spin
[WARN] [1786026590.575454604] [behavior_server]: spin failed
[WARN] [1786026590.575482382] [behavior_server]: [spin] [ActionServer] Aborting handle.
[INFO] [1786026590.587745487] [behavior_server]: Running wait
[INFO] [1786026595.588005222] [behavior_server]: wait completed successfully
[INFO] [1786026596.701706459] [behavior_server]: Running backup
[WARN] [1786026596.702019405] [behavior_server]: Collision Ahead - Exiting DriveOnHeading
[WARN] [1786026596.702046776] [behavior_server]: backup failed
[WARN] [1786026596.702075443] [behavior_server]: [backup] [ActionServer] Aborting handle.
[INFO] [1786026596.717252526] [behavior_server]: Running spin
[INFO] [1786026596.717373194] [behavior_server]: Turning 1.57 for spin behavior.
[WARN] [1786026606.717555904] [behavior_server]: Exceeded time allowance before reaching the Spin goal - Exiting Spin
[WARN] [1786026606.717622756] [behavior_server]: spin failed
[WARN] [1786026606.717647367] [behavior_server]: [spin] [ActionServer] Aborting handle.
[INFO] [1786026606.737282161] [behavior_server]: Running wait
[INFO] [1786026611.737515840] [behavior_server]: wait completed successfully
[INFO] [1786026612.380400628] [behavior_server]: Running backup
[WARN] [1786026612.380674167] [behavior_server]: Collision Ahead - Exiting DriveOnHeading
[WARN] [1786026612.380702982] [behavior_server]: backup failed
[WARN] [1786026612.380722704] [behavior_server]: [backup] [ActionServer] Aborting handle.
[INFO] [1786026612.397223425] [behavior_server]: Running spin
[INFO] [1786026612.397362833] [behavior_server]: Turning 1.57 for spin behavior.
[WARN] [1786026622.397550969] [behavior_server]: Exceeded time allowance before reaching the Spin goal - Exiting Spin
[WARN] [1786026622.397614210] [behavior_server]: spin failed
[WARN] [1786026622.397637821] [behavior_server]: [spin] [ActionServer] Aborting handle.
[INFO] [1786026622.417389263] [behavior_server]: Running wait
[INFO] [1786026627.417672128] [behavior_server]: wait completed successfully
[INFO] [1786026628.541405773] [behavior_server]: Running backup
[WARN] [1786026628.542464519] [behavior_server]: Collision Ahead - Exiting DriveOnHeading
[WARN] [1786026628.542523872] [behavior_server]: backup failed
[WARN] [1786026628.542551390] [behavior_server]: [backup] [ActionServer] Aborting handle.
[INFO] [1786026628.557345750] [behavior_server]: Running spin
[INFO] [1786026628.557508769] [behavior_server]: Turning 1.57 for spin behavior.
[WARN] [1786026638.557692405] [behavior_server]: Exceeded time allowance before reaching the Spin goal - Exiting Spin
[WARN] [1786026638.557749202] [behavior_server]: spin failed
[WARN] [1786026638.557772720] [behavior_server]: [spin] [ActionServer] Aborting handle.
[INFO] [1786026638.596463619] [behavior_server]: Running wait
[INFO] [1786026643.596702836] [behavior_server]: wait completed successfully
[INFO] [1786026644.704537707] [behavior_server]: Running backup
[WARN] [1786026644.704838487] [behavior_server]: Collision Ahead - Exiting DriveOnHeading
[WARN] [1786026644.704875024] [behavior_server]: backup failed
[WARN] [1786026644.704893505] [behavior_server]: [backup] [ActionServer] Aborting handle.
[INFO] [1786026644.721432078] [behavior_server]: Running spin
[INFO] [1786026644.722101674] [behavior_server]: Turning 1.57 for spin behavior.
[WARN] [1786026654.722321625] [behavior_server]: Exceeded time allowance before reaching the Spin goal - Exiting Spin
[WARN] [1786026654.722381348] [behavior_server]: spin failed
[WARN] [1786026654.722403033] [behavior_server]: [spin] [ActionServer] Aborting handle.
[INFO] [1786026654.741620583] [behavior_server]: Running wait
[INFO] [1786026659.741853467] [behavior_server]: wait completed successfully
[INFO] [1786026660.854898145] [behavior_server]: Running backup
[WARN] [1786026660.855211480] [behavior_server]: Collision Ahead - Exiting DriveOnHeading
[WARN] [1786026660.855248480] [behavior_server]: backup failed
[WARN] [1786026660.855268758] [behavior_server]: [backup] [ActionServer] Aborting handle.
[INFO] [1786026660.871361884] [behavior_server]: Running spin
[INFO] [1786026660.871492051] [behavior_server]: Turning 1.57 for spin behavior.
[WARN] [1786026670.871682761] [behavior_server]: Exceeded time allowance before reaching the Spin goal - Exiting Spin
[WARN] [1786026670.871748947] [behavior_server]: spin failed
[WARN] [1786026670.871771317] [behavior_server]: [spin] [ActionServer] Aborting handle.
[INFO] [1786026670.891357277] [behavior_server]: Running wait
[INFO] [1786026675.891627476] [behavior_server]: wait completed successfully
[INFO] [1786026677.014861432] [behavior_server]: Running backup
[WARN] [1786026677.015269619] [behavior_server]: Collision Ahead - Exiting DriveOnHeading
[WARN] [1786026677.015306268] [behavior_server]: backup failed
[WARN] [1786026677.015326601] [behavior_server]: [backup] [ActionServer] Aborting handle.
[INFO] [1786026677.031855100] [behavior_server]: Running spin
[INFO] [1786026677.031995434] [behavior_server]: Turning 1.57 for spin behavior.
[WARN] [1786026687.032184440] [behavior_server]: Exceeded time allowance before reaching the Spin goal - Exiting Spin
[WARN] [1786026687.032261996] [behavior_server]: spin failed
[WARN] [1786026687.032285885] [behavior_server]: [spin] [ActionServer] Aborting handle.
[INFO] [1786026687.044360729] [behavior_server]: Running wait
[INFO] [1786026692.044619595] [behavior_server]: wait completed successfully
[INFO] [1786026692.378080916] [behavior_server]: Running backup
[WARN] [1786026692.378376862] [behavior_server]: Collision Ahead - Exiting DriveOnHeading
[WARN] [1786026692.378407621] [behavior_server]: backup failed
[WARN] [1786026692.378426047] [behavior_server]: [backup] [ActionServer] Aborting handle.
[INFO] [1786026692.394678693] [behavior_server]: Running spin
[INFO] [1786026692.394859638] [behavior_server]: Turning 1.57 for spin behavior.
[WARN] [1786026702.396032427] [behavior_server]: Exceeded time allowance before reaching the Spin goal - Exiting Spin
[WARN] [1786026702.396132465] [behavior_server]: spin failed
[WARN] [1786026702.396162150] [behavior_server]: [spin] [ActionServer] Aborting handle.
[INFO] [1786026702.414513307] [behavior_server]: Running wait
[INFO] [1786026707.414777117] [behavior_server]: wait completed successfully
[INFO] [1786026708.529642743] [behavior_server]: Running backup
[WARN] [1786026708.530534007] [behavior_server]: Collision Ahead - Exiting DriveOnHeading
[WARN] [1786026708.530607100] [behavior_server]: backup failed
[WARN] [1786026708.530633971] [behavior_server]: [backup] [ActionServer] Aborting handle.
[INFO] [1786026708.544323398] [behavior_server]: Running spin
[INFO] [1786026708.544466899] [behavior_server]: Turning 1.57 for spin behavior.
[WARN] [1786026718.544731370] [behavior_server]: Exceeded time allowance before reaching the Spin goal - Exiting Spin
[WARN] [1786026718.544811129] [behavior_server]: spin failed
[WARN] [1786026718.544838963] [behavior_server]: [spin] [ActionServer] Aborting handle.
[INFO] [1786026718.566741417] [behavior_server]: Running wait
[INFO] [1786026723.567088079] [behavior_server]: wait completed successfully
[INFO] [1786026724.679730710] [behavior_server]: Running backup
[WARN] [1786026724.680078453] [behavior_server]: Collision Ahead - Exiting DriveOnHeading
[WARN] [1786026724.680120453] [behavior_server]: backup failed
[WARN] [1786026724.680140675] [behavior_server]: [backup] [ActionServer] Aborting handle.
[INFO] [1786026724.695012313] [behavior_server]: Running spin
[INFO] [1786026724.695216425] [behavior_server]: Turning 1.57 for spin behavior.
[WARN] [1786026734.695688823] [behavior_server]: Exceeded time allowance before reaching the Spin goal - Exiting Spin
[WARN] [1786026734.695754731] [behavior_server]: spin failed
[WARN] [1786026734.695777008] [behavior_server]: [spin] [ActionServer] Aborting handle.
[INFO] [1786026734.710326774] [behavior_server]: Running wait
[INFO] [1786026739.710524398] [behavior_server]: wait completed successfully
[INFO] [1786026744.239449815] [behavior_server]: Running backup
[WARN] [1786026744.239805058] [behavior_server]: Collision Ahead - Exiting DriveOnHeading
[WARN] [1786026744.239842984] [behavior_server]: backup failed
[WARN] [1786026744.239862947] [behavior_server]: [backup] [ActionServer] Aborting handle.
[INFO] [1786026744.255787776] [behavior_server]: Running spin
[INFO] [1786026744.255920202] [behavior_server]: Turning 1.57 for spin behavior.
[WARN] [1786026754.256121228] [behavior_server]: Exceeded time allowance before reaching the Spin goal - Exiting Spin
[WARN] [1786026754.256188358] [behavior_server]: spin failed
[WARN] [1786026754.256210840] [behavior_server]: [spin] [ActionServer] Aborting handle.
[INFO] [1786026754.275730744] [behavior_server]: Running wait
[INFO] [1786026759.275980313] [behavior_server]: wait completed successfully
[INFO] [1786026760.379289800] [behavior_server]: Running backup
[WARN] [1786026760.379541598] [behavior_server]: Collision Ahead - Exiting DriveOnHeading
[WARN] [1786026760.379576079] [behavior_server]: backup failed
[WARN] [1786026760.379593246] [behavior_server]: [backup] [ActionServer] Aborting handle.
[INFO] [1786026760.396292671] [behavior_server]: Running spin
[INFO] [1786026760.396401265] [behavior_server]: Turning 1.57 for spin behavior.
[WARN] [1786026770.396696624] [behavior_server]: Exceeded time allowance before reaching the Spin goal - Exiting Spin
[WARN] [1786026770.396751903] [behavior_server]: spin failed
[WARN] [1786026770.396768477] [behavior_server]: [spin] [ActionServer] Aborting handle.
[INFO] [1786026770.407554332] [behavior_server]: Running wait
[INFO] [1786026775.407801957] [behavior_server]: wait completed successfully
[INFO] [1786026775.750470438] [behavior_server]: Running backup
[WARN] [1786026775.753251861] [behavior_server]: Collision Ahead - Exiting DriveOnHeading
[WARN] [1786026775.753337102] [behavior_server]: backup failed
[WARN] [1786026775.753914605] [behavior_server]: [backup] [ActionServer] Aborting handle.
[INFO] [1786026775.766922158] [behavior_server]: Running spin
[INFO] [1786026775.767418568] [behavior_server]: Turning 1.57 for spin behavior.
[WARN] [1786026785.767587705] [behavior_server]: Exceeded time allowance before reaching the Spin goal - Exiting Spin
[WARN] [1786026785.767643650] [behavior_server]: spin failed
[WARN] [1786026785.767663076] [behavior_server]: [spin] [ActionServer] Aborting handle.
[INFO] [1786026785.785228451] [behavior_server]: Running wait
[INFO] [1786026790.785481020] [behavior_server]: wait completed successfully
[INFO] [1786026791.908113132] [behavior_server]: Running backup
[WARN] [1786026791.908386096] [behavior_server]: Collision Ahead - Exiting DriveOnHeading
[WARN] [1786026791.908413541] [behavior_server]: backup failed
[WARN] [1786026791.908432208] [behavior_server]: [backup] [ActionServer] Aborting handle.
[INFO] [1786026791.925229170] [behavior_server]: Running spin
[INFO] [1786026791.925369412] [behavior_server]: Turning 1.57 for spin behavior.
[WARN] [1786026801.925694865] [behavior_server]: Exceeded time allowance before reaching the Spin goal - Exiting Spin
[WARN] [1786026801.925769680] [behavior_server]: spin failed
[WARN] [1786026801.925797921] [behavior_server]: [spin] [ActionServer] Aborting handle.
[INFO] [1786026801.945293399] [behavior_server]: Running wait
[INFO] [1786026806.945593802] [behavior_server]: wait completed successfully
[INFO] [1786026808.058298395] [behavior_server]: Running backup
[WARN] [1786026808.058590897] [behavior_server]: Collision Ahead - Exiting DriveOnHeading
[WARN] [1786026808.058628694] [behavior_server]: backup failed
[WARN] [1786026808.058647138] [behavior_server]: [backup] [ActionServer] Aborting handle.
[INFO] [1786026808.075192637] [behavior_server]: Running spin
[INFO] [1786026808.075308619] [behavior_server]: Turning 1.57 for spin behavior.
[WARN] [1786026818.075900980] [behavior_server]: Exceeded time allowance before reaching the Spin goal - Exiting Spin
[WARN] [1786026818.076209260] [behavior_server]: spin failed
[WARN] [1786026818.076233130] [behavior_server]: [spin] [ActionServer] Aborting handle.
[INFO] [1786026818.090304671] [behavior_server]: Running wait
[INFO] [1786026823.090559685] [behavior_server]: wait completed successfully
[INFO] [1786026824.215089344] [behavior_server]: Running backup
[WARN] [1786026824.215464049] [behavior_server]: Collision Ahead - Exiting DriveOnHeading
[WARN] [1786026824.215507327] [behavior_server]: backup failed
[WARN] [1786026824.215528902] [behavior_server]: [backup] [ActionServer] Aborting handle.
[INFO] [1786026824.233660094] [behavior_server]: Running spin
[INFO] [1786026824.233785317] [behavior_server]: Turning 1.57 for spin behavior.
[WARN] [1786026834.233977695] [behavior_server]: Exceeded time allowance before reaching the Spin goal - Exiting Spin
[WARN] [1786026834.234042695] [behavior_server]: spin failed
[WARN] [1786026834.234074862] [behavior_server]: [spin] [ActionServer] Aborting handle.
[INFO] [1786026834.249004500] [behavior_server]: Running wait
[INFO] [1786026839.249267699] [behavior_server]: wait completed successfully
[INFO] [1786026840.365153088] [behavior_server]: Running backup
[WARN] [1786026840.365478534] [behavior_server]: Collision Ahead - Exiting DriveOnHeading
[WARN] [1786026840.365516109] [behavior_server]: backup failed
[WARN] [1786026840.365536739] [behavior_server]: [backup] [ActionServer] Aborting handle.
[INFO] [1786026840.369269018] [behavior_server]: Running spin
[INFO] [1786026840.369397389] [behavior_server]: Turning 1.57 for spin behavior.
[WARN] [1786026850.370227437] [behavior_server]: Exceeded time allowance before reaching the Spin goal - Exiting Spin
[WARN] [1786026850.370315975] [behavior_server]: spin failed
[WARN] [1786026850.370338642] [behavior_server]: [spin] [ActionServer] Aborting handle.
[INFO] [1786026850.388717243] [behavior_server]: Running wait
[INFO] [1786026855.388969683] [behavior_server]: wait completed successfully
[INFO] [1786026855.721729294] [behavior_server]: Running backup
[WARN] [1786026855.722017870] [behavior_server]: Collision Ahead - Exiting DriveOnHeading
[WARN] [1786026855.722044962] [behavior_server]: backup failed
[WARN] [1786026855.722076537] [behavior_server]: [backup] [ActionServer] Aborting handle.
[INFO] [1786026855.738653832] [behavior_server]: Running spin
[INFO] [1786026855.738793092] [behavior_server]: Turning 1.57 for spin behavior.
[WARN] [1786026865.738977599] [behavior_server]: Exceeded time allowance before reaching the Spin goal - Exiting Spin
[WARN] [1786026865.739094433] [behavior_server]: spin failed
[WARN] [1786026865.739118619] [behavior_server]: [spin] [ActionServer] Aborting handle.
[INFO] [1786026865.757987945] [behavior_server]: Running wait
[INFO] [1786026870.758363126] [behavior_server]: wait completed successfully
[INFO] [1786026871.874633369] [behavior_server]: Running backup
[WARN] [1786026871.874939871] [behavior_server]: Collision Ahead - Exiting DriveOnHeading
[WARN] [1786026871.874977075] [behavior_server]: backup failed
[WARN] [1786026871.874993538] [behavior_server]: [backup] [ActionServer] Aborting handle.
[INFO] [1786026871.877643867] [behavior_server]: Running spin
[INFO] [1786026871.877775201] [behavior_server]: Turning 1.57 for spin behavior.
[WARN] [1786026881.877969690] [behavior_server]: Exceeded time allowance before reaching the Spin goal - Exiting Spin
[WARN] [1786026881.878035487] [behavior_server]: spin failed
[WARN] [1786026881.878065857] [behavior_server]: [spin] [ActionServer] Aborting handle.
[INFO] [1786026881.889956553] [behavior_server]: Running wait
[INFO] [1786026886.890176011] [behavior_server]: wait completed successfully
[INFO] [1786026888.012936678] [behavior_server]: Running backup
[WARN] [1786026888.013241717] [behavior_server]: Collision Ahead - Exiting DriveOnHeading
[WARN] [1786026888.013269217] [behavior_server]: backup failed
[WARN] [1786026888.013286291] [behavior_server]: [backup] [ActionServer] Aborting handle.
[INFO] [1786026888.030842814] [behavior_server]: Running spin
[INFO] [1786026888.030974056] [behavior_server]: Turning 1.57 for spin behavior.
[WARN] [1786026898.031246638] [behavior_server]: Exceeded time allowance before reaching the Spin goal - Exiting Spin
[WARN] [1786026898.031363268] [behavior_server]: spin failed
[WARN] [1786026898.031392120] [behavior_server]: [spin] [ActionServer] Aborting handle.
[INFO] [1786026898.049827610] [behavior_server]: Running wait
[INFO] [1786026903.050111328] [behavior_server]: wait completed successfully
[INFO] [1786026907.588811151] [behavior_server]: Running backup
[WARN] [1786026907.589117060] [behavior_server]: Collision Ahead - Exiting DriveOnHeading
[WARN] [1786026907.589153579] [behavior_server]: backup failed
[WARN] [1786026907.589171375] [behavior_server]: [backup] [ActionServer] Aborting handle.
[INFO] [1786026907.605520761] [behavior_server]: Running spin
[INFO] [1786026907.605657077] [behavior_server]: Turning 1.57 for spin behavior.
[WARN] [1786026917.605846825] [behavior_server]: Exceeded time allowance before reaching the Spin goal - Exiting Spin
[WARN] [1786026917.605918214] [behavior_server]: spin failed
[WARN] [1786026917.605943140] [behavior_server]: [spin] [ActionServer] Aborting handle.
[INFO] [1786026917.621484374] [behavior_server]: Running wait
[INFO] [1786026922.622544152] [behavior_server]: wait completed successfully
[INFO] [1786026923.740101735] [behavior_server]: Running backup
[WARN] [1786026923.740412515] [behavior_server]: Collision Ahead - Exiting DriveOnHeading
[WARN] [1786026923.740443904] [behavior_server]: backup failed
[WARN] [1786026923.740463608] [behavior_server]: [backup] [ActionServer] Aborting handle.
[INFO] [1786026923.747104959] [behavior_server]: Running spin
[INFO] [1786026923.747272682] [behavior_server]: Turning 1.57 for spin behavior.
[WARN] [1786026933.747425115] [behavior_server]: Exceeded time allowance before reaching the Spin goal - Exiting Spin
[WARN] [1786026933.747484819] [behavior_server]: spin failed
[WARN] [1786026933.747505597] [behavior_server]: [spin] [ActionServer] Aborting handle.
[INFO] [1786026933.767028205] [behavior_server]: Running wait
[INFO] [1786026938.767210255] [behavior_server]: wait completed successfully
[INFO] [1786026939.060713965] [behavior_server]: Running backup
[WARN] [1786026939.061005930] [behavior_server]: Collision Ahead - Exiting DriveOnHeading
[WARN] [1786026939.061045245] [behavior_server]: backup failed
[WARN] [1786026939.061074171] [behavior_server]: [backup] [ActionServer] Aborting handle.
[INFO] [1786026939.076947055] [behavior_server]: Running spin
[INFO] [1786026939.077094981] [behavior_server]: Turning 1.57 for spin behavior.
[WARN] [1786026949.077254915] [behavior_server]: Exceeded time allowance before reaching the Spin goal - Exiting Spin
[WARN] [1786026949.077325989] [behavior_server]: spin failed
[WARN] [1786026949.077348693] [behavior_server]: [spin] [ActionServer] Aborting handle.
[INFO] [1786026949.096938856] [behavior_server]: Running wait
[INFO] [1786026954.097322778] [behavior_server]: wait completed successfully
[INFO] [1786026955.209840853] [behavior_server]: Running backup
[WARN] [1786026955.210451449] [behavior_server]: Collision Ahead - Exiting DriveOnHeading
[WARN] [1786026955.210502301] [behavior_server]: backup failed
[WARN] [1786026955.210526301] [behavior_server]: [backup] [ActionServer] Aborting handle.
[INFO] [1786026955.228886772] [behavior_server]: Running spin
[INFO] [1786026955.229038921] [behavior_server]: Turning 1.57 for spin behavior.
[WARN] [1786026965.230205731] [behavior_server]: Exceeded time allowance before reaching the Spin goal - Exiting Spin
[WARN] [1786026965.230274750] [behavior_server]: spin failed
[WARN] [1786026965.230298231] [behavior_server]: [spin] [ActionServer] Aborting handle.
[INFO] [1786026965.247566326] [behavior_server]: Running wait
[INFO] [1786026970.247822303] [behavior_server]: wait completed successfully
[INFO] [1786026971.355694204] [behavior_server]: Running backup
[WARN] [1786026971.355991983] [behavior_server]: Collision Ahead - Exiting DriveOnHeading
[WARN] [1786026971.356021965] [behavior_server]: backup failed
[WARN] [1786026971.356040965] [behavior_server]: [backup] [ActionServer] Aborting handle.
[INFO] [1786026971.373194708] [behavior_server]: Running spin
[INFO] [1786026971.373344282] [behavior_server]: Turning 1.57 for spin behavior.
[WARN] [1786026981.374625833] [behavior_server]: Exceeded time allowance before reaching the Spin goal - Exiting Spin
[WARN] [1786026981.374703111] [behavior_server]: spin failed
[WARN] [1786026981.374727352] [behavior_server]: [spin] [ActionServer] Aborting handle.
[INFO] [1786026981.389229228] [behavior_server]: Running wait
[INFO] [1786026986.389471279] [behavior_server]: wait completed successfully
[INFO] [1786026987.492293078] [behavior_server]: Running backup
[WARN] [1786026987.492558616] [behavior_server]: Collision Ahead - Exiting DriveOnHeading
[WARN] [1786026987.492591394] [behavior_server]: backup failed
[WARN] [1786026987.492611005] [behavior_server]: [backup] [ActionServer] Aborting handle.
[INFO] [1786026987.509260616] [behavior_server]: Running spin
[INFO] [1786026987.509375098] [behavior_server]: Turning 1.57 for spin behavior.
[WARN] [1786026997.509558253] [behavior_server]: Exceeded time allowance before reaching the Spin goal - Exiting Spin
[WARN] [1786026997.509621217] [behavior_server]: spin failed
[WARN] [1786026997.509646161] [behavior_server]: [spin] [ActionServer] Aborting handle.
[INFO] [1786026997.529671420] [behavior_server]: Running wait
[INFO] [1786027002.531099051] [behavior_server]: wait completed successfully
[INFO] [1786027003.645285172] [behavior_server]: Running backup
[WARN] [1786027003.645593970] [behavior_server]: Collision Ahead - Exiting DriveOnHeading
[WARN] [1786027003.645627840] [behavior_server]: backup failed
[WARN] [1786027003.645646155] [behavior_server]: [backup] [ActionServer] Aborting handle.
[INFO] [1786027003.661332964] [behavior_server]: Running spin
[INFO] [1786027003.661548187] [behavior_server]: Turning 1.57 for spin behavior.
[WARN] [1786027013.661784825] [behavior_server]: Exceeded time allowance before reaching the Spin goal - Exiting Spin
[WARN] [1786027013.661850195] [behavior_server]: spin failed
[WARN] [1786027013.661876418] [behavior_server]: [spin] [ActionServer] Aborting handle.
[INFO] [1786027013.681352525] [behavior_server]: Running wait
[INFO] [1786027018.681609095] [behavior_server]: wait completed successfully
[INFO] [1786027019.087659665] [behavior_server]: Running backup
[WARN] [1786027019.091427223] [behavior_server]: Collision Ahead - Exiting DriveOnHeading
[WARN] [1786027019.091521501] [behavior_server]: backup failed
[WARN] [1786027019.091569372] [behavior_server]: [backup] [ActionServer] Aborting handle.
[INFO] [1786027019.111335722] [behavior_server]: Running spin
[INFO] [1786027019.111477093] [behavior_server]: Turning 1.57 for spin behavior.
[WARN] [1786027029.111631896] [behavior_server]: Exceeded time allowance before reaching the Spin goal - Exiting Spin
[WARN] [1786027029.111688860] [behavior_server]: spin failed
[WARN] [1786027029.111712878] [behavior_server]: [spin] [ActionServer] Aborting handle.
[INFO] [1786027029.132744624] [behavior_server]: Running wait
[INFO] [1786027034.133000230] [behavior_server]: wait completed successfully
[INFO] [1786027035.249529419] [behavior_server]: Running backup
[WARN] [1786027045.249851520] [behavior_server]: Exceeded time allowance before reaching the DriveOnHeading goal - Exiting DriveOnHeading
[WARN] [1786027045.249929187] [behavior_server]: backup failed
[WARN] [1786027045.249955780] [behavior_server]: [backup] [ActionServer] Aborting handle.
[INFO] [1786027045.265027752] [behavior_server]: Running spin
[INFO] [1786027045.265185623] [behavior_server]: Turning 1.57 for spin behavior.
[WARN] [1786027055.265828503] [behavior_server]: Exceeded time allowance before reaching the Spin goal - Exiting Spin
[WARN] [1786027055.265893985] [behavior_server]: spin failed
[WARN] [1786027055.265913911] [behavior_server]: [spin] [ActionServer] Aborting handle.
[INFO] [1786027055.285180777] [behavior_server]: Running wait
[INFO] [1786027060.285426179] [behavior_server]: wait completed successfully
[INFO] [1786027061.392908781] [behavior_server]: Running backup
[WARN] [1786027071.393208160] [behavior_server]: Exceeded time allowance before reaching the DriveOnHeading goal - Exiting DriveOnHeading
[WARN] [1786027071.393282753] [behavior_server]: backup failed
[WARN] [1786027071.393305660] [behavior_server]: [backup] [ActionServer] Aborting handle.
[INFO] [1786027071.410853257] [behavior_server]: Running spin
[INFO] [1786027071.410974054] [behavior_server]: Turning 1.57 for spin behavior.
[WARN] [1786027081.411158099] [behavior_server]: Exceeded time allowance before reaching the Spin goal - Exiting Spin
[WARN] [1786027081.411219006] [behavior_server]: spin failed
[WARN] [1786027081.411240821] [behavior_server]: [spin] [ActionServer] Aborting handle.
[INFO] [1786027081.430427075] [behavior_server]: Running wait
[INFO] [1786027086.430723830] [behavior_server]: wait completed successfully
[INFO] [1786027090.977934311] [behavior_server]: Running backup
[WARN] [1786027100.978214282] [behavior_server]: Exceeded time allowance before reaching the DriveOnHeading goal - Exiting DriveOnHeading
[WARN] [1786027100.978287486] [behavior_server]: backup failed
[WARN] [1786027100.978309467] [behavior_server]: [backup] [ActionServer] Aborting handle.
[INFO] [1786027100.994416723] [behavior_server]: Running spin
[INFO] [1786027100.994560612] [behavior_server]: Turning 1.57 for spin behavior.
[WARN] [1786027110.996396092] [behavior_server]: Exceeded time allowance before reaching the Spin goal - Exiting Spin
[WARN] [1786027110.996479685] [behavior_server]: spin failed
[WARN] [1786027110.996510741] [behavior_server]: [spin] [ActionServer] Aborting handle.
[INFO] [1786027111.014276339] [behavior_server]: Running wait
[INFO] [1786027116.014562704] [behavior_server]: wait completed successfully
[INFO] [1786027116.188159809] [behavior_server]: Running spin
[INFO] [1786027116.188341384] [behavior_server]: Turning 1.57 for spin behavior.
[WARN] [1786027126.188531799] [behavior_server]: Exceeded time allowance before reaching the Spin goal - Exiting Spin
[WARN] [1786027126.188594559] [behavior_server]: spin failed
[WARN] [1786027126.188615299] [behavior_server]: [spin] [ActionServer] Aborting handle.
[INFO] [1786027126.202546376] [behavior_server]: Running wait
[INFO] [1786027131.202816946] [behavior_server]: wait completed successfully
[INFO] [1786027132.315678374] [behavior_server]: Running backup
[WARN] [1786027142.315986752] [behavior_server]: Exceeded time allowance before reaching the DriveOnHeading goal - Exiting DriveOnHeading
[WARN] [1786027142.316053586] [behavior_server]: backup failed
[WARN] [1786027142.316086142] [behavior_server]: [backup] [ActionServer] Aborting handle.
[INFO] [1786027142.332848919] [behavior_server]: Running spin
[INFO] [1786027142.332982476] [behavior_server]: Turning 1.57 for spin behavior.
[WARN] [1786027152.333200872] [behavior_server]: Exceeded time allowance before reaching the Spin goal - Exiting Spin
[WARN] [1786027152.333253965] [behavior_server]: spin failed
[WARN] [1786027152.333271484] [behavior_server]: [spin] [ActionServer] Aborting handle.
[INFO] [1786027152.352619312] [behavior_server]: Running wait
[INFO] [1786027157.352887178] [behavior_server]: wait completed successfully
[INFO] [1786027158.478163378] [behavior_server]: Running backup
[WARN] [1786027168.478442590] [behavior_server]: Exceeded time allowance before reaching the DriveOnHeading goal - Exiting DriveOnHeading
[WARN] [1786027168.478504702] [behavior_server]: backup failed
[WARN] [1786027168.478525276] [behavior_server]: [backup] [ActionServer] Aborting handle.
[INFO] [1786027168.495040385] [behavior_server]: Running spin
[INFO] [1786027168.495204423] [behavior_server]: Turning 1.57 for spin behavior.
[WARN] [1786027178.496280917] [behavior_server]: Exceeded time allowance before reaching the Spin goal - Exiting Spin
[WARN] [1786027178.496357862] [behavior_server]: spin failed
[WARN] [1786027178.496381955] [behavior_server]: [spin] [ActionServer] Aborting handle.
[INFO] [1786027178.514629000] [behavior_server]: Running wait
[INFO] [1786027183.514878162] [behavior_server]: wait completed successfully
[INFO] [1786027184.633516529] [behavior_server]: Running backup
[WARN] [1786027184.633810308] [behavior_server]: Collision Ahead - Exiting DriveOnHeading
[WARN] [1786027184.633840364] [behavior_server]: backup failed
[WARN] [1786027184.633859475] [behavior_server]: [backup] [ActionServer] Aborting handle.
[INFO] [1786027184.648995559] [behavior_server]: Running spin
[INFO] [1786027184.649163356] [behavior_server]: Turning 1.57 for spin behavior.
[WARN] [1786027194.649333363] [behavior_server]: Exceeded time allowance before reaching the Spin goal - Exiting Spin
[WARN] [1786027194.649399938] [behavior_server]: spin failed
[WARN] [1786027194.649421216] [behavior_server]: [spin] [ActionServer] Aborting handle.
[INFO] [1786027194.668684896] [behavior_server]: Running wait
[INFO] [1786027199.668959632] [behavior_server]: wait completed successfully
[INFO] [1786027200.792820213] [behavior_server]: Running backup
[WARN] [1786027200.793130937] [behavior_server]: Collision Ahead - Exiting DriveOnHeading
[WARN] [1786027200.793160808] [behavior_server]: backup failed
[WARN] [1786027200.793177530] [behavior_server]: [backup] [ActionServer] Aborting handle.
[INFO] [1786027200.798643560] [behavior_server]: Running spin
[INFO] [1786027200.798752802] [behavior_server]: Turning 1.57 for spin behavior.
[WARN] [1786027210.799765554] [behavior_server]: Exceeded time allowance before reaching the Spin goal - Exiting Spin
[WARN] [1786027210.799831240] [behavior_server]: spin failed
[WARN] [1786027210.800470688] [behavior_server]: [spin] [ActionServer] Aborting handle.
[INFO] [1786027210.824495579] [behavior_server]: Running wait
[INFO] [1786027215.824752575] [behavior_server]: wait completed successfully
[INFO] [1786027216.936401255] [behavior_server]: Running backup
[WARN] [1786027216.936712702] [behavior_server]: Collision Ahead - Exiting DriveOnHeading
[WARN] [1786027216.936751628] [behavior_server]: backup failed
[WARN] [1786027216.936775869] [behavior_server]: [backup] [ActionServer] Aborting handle.
[INFO] [1786027216.952683253] [behavior_server]: Running spin
[INFO] [1786027216.952839142] [behavior_server]: Turning 1.57 for spin behavior.
[WARN] [1786027226.954074674] [behavior_server]: Exceeded time allowance before reaching the Spin goal - Exiting Spin
[WARN] [1786027226.954143897] [behavior_server]: spin failed
[WARN] [1786027226.954170341] [behavior_server]: [spin] [ActionServer] Aborting handle.
[INFO] [1786027226.971803216] [behavior_server]: Running wait
[INFO] [1786027231.972036934] [behavior_server]: wait completed successfully
[INFO] [1786027232.405122579] [behavior_server]: Running backup
[WARN] [1786027232.405424136] [behavior_server]: Collision Ahead - Exiting DriveOnHeading
[WARN] [1786027232.405452396] [behavior_server]: backup failed
[WARN] [1786027232.405469970] [behavior_server]: [backup] [ActionServer] Aborting handle.
[INFO] [1786027232.421931635] [behavior_server]: Running spin
[INFO] [1786027232.422083969] [behavior_server]: Turning 1.57 for spin behavior.
[WARN] [1786027242.422293717] [behavior_server]: Exceeded time allowance before reaching the Spin goal - Exiting Spin
[WARN] [1786027242.422370755] [behavior_server]: spin failed
[WARN] [1786027242.422402347] [behavior_server]: [spin] [ActionServer] Aborting handle.
[INFO] [1786027242.442107808] [behavior_server]: Running wait
[INFO] [1786027247.443125659] [behavior_server]: wait completed successfully
[INFO] [1786027248.556496479] [behavior_server]: Running backup
[WARN] [1786027248.556810685] [behavior_server]: Collision Ahead - Exiting DriveOnHeading
[WARN] [1786027248.556847500] [behavior_server]: backup failed
[WARN] [1786027248.556869111] [behavior_server]: [backup] [ActionServer] Aborting handle.
[INFO] [1786027248.564412338] [behavior_server]: Running spin
[INFO] [1786027248.564553172] [behavior_server]: Turning 1.57 for spin behavior.
[WARN] [1786027258.564945717] [behavior_server]: Exceeded time allowance before reaching the Spin goal - Exiting Spin
[WARN] [1786027258.565017199] [behavior_server]: spin failed
[WARN] [1786027258.565042514] [behavior_server]: [spin] [ActionServer] Aborting handle.
[INFO] [1786027258.582258720] [behavior_server]: Running wait
[INFO] [1786027263.583891056] [behavior_server]: wait completed successfully
[INFO] [1786027264.699977521] [behavior_server]: Running backup
[WARN] [1786027264.700341782] [behavior_server]: Collision Ahead - Exiting DriveOnHeading
[WARN] [1786027264.700442486] [behavior_server]: backup failed
[WARN] [1786027264.700462764] [behavior_server]: [backup] [ActionServer] Aborting handle.
[INFO] [1786027264.704347582] [behavior_server]: Running spin
[INFO] [1786027264.704492546] [behavior_server]: Turning 1.57 for spin behavior.
[WARN] [1786027274.704878369] [behavior_server]: Exceeded time allowance before reaching the Spin goal - Exiting Spin
[WARN] [1786027274.704952203] [behavior_server]: spin failed
[WARN] [1786027274.704975240] [behavior_server]: [spin] [ActionServer] Aborting handle.
[INFO] [1786027274.722037612] [behavior_server]: Running wait
[INFO] [1786027279.722286070] [behavior_server]: wait completed successfully
[INFO] [1786027284.259579829] [behavior_server]: Running backup
[WARN] [1786027284.259983943] [behavior_server]: Collision Ahead - Exiting DriveOnHeading
[WARN] [1786027284.260027961] [behavior_server]: backup failed
[WARN] [1786027284.260048554] [behavior_server]: [backup] [ActionServer] Aborting handle.
[INFO] [1786027284.275759233] [behavior_server]: Running spin
[INFO] [1786027284.275905697] [behavior_server]: Turning 1.57 for spin behavior.
[WARN] [1786027294.276119038] [behavior_server]: Exceeded time allowance before reaching the Spin goal - Exiting Spin
[WARN] [1786027294.276184612] [behavior_server]: spin failed
[WARN] [1786027294.276205946] [behavior_server]: [spin] [ActionServer] Aborting handle.
[INFO] [1786027294.296373557] [behavior_server]: Running wait
[INFO] [1786027299.296612015] [behavior_server]: wait completed successfully
[INFO] [1786027300.478106007] [behavior_server]: Running backup
[WARN] [1786027300.478407304] [behavior_server]: Collision Ahead - Exiting DriveOnHeading
[WARN] [1786027300.478446842] [behavior_server]: backup failed
[WARN] [1786027300.478463879] [behavior_server]: [backup] [ActionServer] Aborting handle.
[INFO] [1786027300.480348019] [behavior_server]: Running spin
[INFO] [1786027300.480488390] [behavior_server]: Turning 1.57 for spin behavior.
[WARN] [1786027307.181566757] [behavior_server]: Collision Ahead - Exiting Spin
[WARN] [1786027307.181631072] [behavior_server]: spin failed
[WARN] [1786027307.181652572] [behavior_server]: [spin] [ActionServer] Aborting handle.
[INFO] [1786027307.200439138] [behavior_server]: Running wait
[INFO] [1786027312.200712430] [behavior_server]: wait completed successfully
[INFO] [1786027313.338623274] [behavior_server]: Running backup
[WARN] [1786027313.338934480] [behavior_server]: Collision Ahead - Exiting DriveOnHeading
[WARN] [1786027313.338966961] [behavior_server]: backup failed
[WARN] [1786027313.338985109] [behavior_server]: [backup] [ActionServer] Aborting handle.
[INFO] [1786027313.360208449] [behavior_server]: Running spin
[INFO] [1786027313.360363468] [behavior_server]: Turning 1.57 for spin behavior.
[INFO] [1786027315.761476902] [behavior_server]: spin completed successfully
[INFO] [1786027316.875256872] [behavior_server]: Running backup
[INFO] [1786027321.275698173] [behavior_server]: backup completed successfully
[INFO] [1786027322.392959255] [behavior_server]: Running backup
[INFO] [1786027326.893356996] [behavior_server]: backup completed successfully
[INFO] [1786027328.005101400] [behavior_server]: Running backup
[INFO] [1786027332.405572498] [behavior_server]: backup completed successfully
[INFO] [1786027341.147247164] [behavior_server]: Running backup
[INFO] [1786027347.147746466] [behavior_server]: backup completed successfully
[INFO] [1786027348.265342421] [behavior_server]: Running backup
[WARN] [1786027350.965902671] [behavior_server]: Collision Ahead - Exiting DriveOnHeading
[WARN] [1786027350.965961264] [behavior_server]: backup failed
[WARN] [1786027350.965986153] [behavior_server]: [backup] [ActionServer] Aborting handle.
[INFO] [1786027350.984811701] [behavior_server]: Running spin
[INFO] [1786027350.984941831] [behavior_server]: Turning 1.57 for spin behavior.
[WARN] [1786027351.485346940] [behavior_server]: Collision Ahead - Exiting Spin
[WARN] [1786027351.485411255] [behavior_server]: spin failed
[WARN] [1786027351.485433367] [behavior_server]: [spin] [ActionServer] Aborting handle.
[INFO] [1786027351.504760732] [behavior_server]: Running wait
[INFO] [1786027356.505024320] [behavior_server]: wait completed successfully
[INFO] [1786027357.615677125] [behavior_server]: Running backup
[WARN] [1786027357.616103183] [behavior_server]: Collision Ahead - Exiting DriveOnHeading
[WARN] [1786027357.616141406] [behavior_server]: backup failed
[WARN] [1786027357.616166276] [behavior_server]: [backup] [ActionServer] Aborting handle.
[INFO] [1786027357.621089562] [behavior_server]: Running spin
[INFO] [1786027357.621241952] [behavior_server]: Turning 1.57 for spin behavior.
[WARN] [1786027358.221629038] [behavior_server]: Collision Ahead - Exiting Spin
[WARN] [1786027358.221701316] [behavior_server]: spin failed
[WARN] [1786027358.221726668] [behavior_server]: [spin] [ActionServer] Aborting handle.
[INFO] [1786027358.241461462] [behavior_server]: Running wait
[INFO] [1786027363.241714180] [behavior_server]: wait completed successfully
[INFO] [1786027364.348536945] [behavior_server]: Running backup
[WARN] [1786027364.349033892] [behavior_server]: Collision Ahead - Exiting DriveOnHeading
[WARN] [1786027364.349081800] [behavior_server]: backup failed
[WARN] [1786027364.349103800] [behavior_server]: [backup] [ActionServer] Aborting handle.
[INFO] [1786027364.365238685] [behavior_server]: Running spin
[INFO] [1786027364.365381334] [behavior_server]: Turning 1.57 for spin behavior.
[WARN] [1786027364.465776813] [behavior_server]: Collision Ahead - Exiting Spin
[WARN] [1786027364.465841425] [behavior_server]: spin failed
[WARN] [1786027364.465864962] [behavior_server]: [spin] [ActionServer] Aborting handle.
[INFO] [1786027364.484481768] [behavior_server]: Running wait
[INFO] [1786027369.484741245] [behavior_server]: wait completed successfully
[INFO] [1786027374.027147792] [behavior_server]: Running backup
[WARN] [1786027374.027545924] [behavior_server]: Collision Ahead - Exiting DriveOnHeading
[WARN] [1786027374.027591683] [behavior_server]: backup failed
[WARN] [1786027374.027611702] [behavior_server]: [backup] [ActionServer] Aborting handle.
[INFO] [1786027374.033624031] [behavior_server]: Running spin
[INFO] [1786027374.033757773] [behavior_server]: Turning 1.57 for spin behavior.
[WARN] [1786027384.033950039] [behavior_server]: Exceeded time allowance before reaching the Spin goal - Exiting Spin
[WARN] [1786027384.034024243] [behavior_server]: spin failed
[WARN] [1786027384.034050132] [behavior_server]: [spin] [ActionServer] Aborting handle.
[INFO] [1786027384.053611814] [behavior_server]: Running wait
[INFO] [1786027389.053854495] [behavior_server]: wait completed successfully
[INFO] [1786027390.168276394] [behavior_server]: Running backup
[WARN] [1786027390.168570026] [behavior_server]: Collision Ahead - Exiting DriveOnHeading
[WARN] [1786027390.168598563] [behavior_server]: backup failed
[WARN] [1786027390.168615711] [behavior_server]: [backup] [ActionServer] Aborting handle.
[INFO] [1786027390.184157741] [behavior_server]: Running spin
[INFO] [1786027390.184309057] [behavior_server]: Turning 1.57 for spin behavior.
[WARN] [1786027400.184619343] [behavior_server]: Exceeded time allowance before reaching the Spin goal - Exiting Spin
[WARN] [1786027400.184691028] [behavior_server]: spin failed
[WARN] [1786027400.184712140] [behavior_server]: [spin] [ActionServer] Aborting handle.
[INFO] [1786027400.203716892] [behavior_server]: Running wait
[INFO] [1786027405.204010369] [behavior_server]: wait completed successfully
[INFO] [1786027405.755021054] [behavior_server]: Running backup
[WARN] [1786027405.755419222] [behavior_server]: Collision Ahead - Exiting DriveOnHeading
[WARN] [1786027405.755463297] [behavior_server]: backup failed
[WARN] [1786027405.755484852] [behavior_server]: [backup] [ActionServer] Aborting handle.
[INFO] [1786027405.758692315] [behavior_server]: Running spin
[INFO] [1786027405.758858704] [behavior_server]: Turning 1.57 for spin behavior.
[WARN] [1786027415.759287898] [behavior_server]: Exceeded time allowance before reaching the Spin goal - Exiting Spin
[WARN] [1786027415.759359584] [behavior_server]: spin failed
[WARN] [1786027415.759378158] [behavior_server]: [spin] [ActionServer] Aborting handle.
[INFO] [1786027415.774800058] [behavior_server]: Running wait
[INFO] [1786027420.775122072] [behavior_server]: wait completed successfully
[INFO] [1786027421.887426442] [behavior_server]: Running backup
[WARN] [1786027421.887692739] [behavior_server]: Collision Ahead - Exiting DriveOnHeading
[WARN] [1786027421.887718017] [behavior_server]: backup failed
[WARN] [1786027421.887735573] [behavior_server]: [backup] [ActionServer] Aborting handle.
[INFO] [1786027421.894415443] [behavior_server]: Running spin
[INFO] [1786027421.894550407] [behavior_server]: Turning 1.57 for spin behavior.
[WARN] [1786027431.895544011] [behavior_server]: Exceeded time allowance before reaching the Spin goal - Exiting Spin
[WARN] [1786027431.895616123] [behavior_server]: spin failed
[WARN] [1786027431.895644901] [behavior_server]: [spin] [ActionServer] Aborting handle.
[INFO] [1786027431.914386763] [behavior_server]: Running wait
[INFO] [1786027436.914621073] [behavior_server]: wait completed successfully
[INFO] [1786027438.020399925] [behavior_server]: Running backup
[WARN] [1786027438.020721446] [behavior_server]: Collision Ahead - Exiting DriveOnHeading
[WARN] [1786027438.020751798] [behavior_server]: backup failed
[WARN] [1786027438.020770353] [behavior_server]: [backup] [ActionServer] Aborting handle.
[INFO] [1786027438.037383167] [behavior_server]: Running spin
[INFO] [1786027438.037525649] [behavior_server]: Turning 1.57 for spin behavior.
[WARN] [1786027448.086968817] [behavior_server]: Exceeded time allowance before reaching the Spin goal - Exiting Spin
[WARN] [1786027448.087034706] [behavior_server]: spin failed
[WARN] [1786027448.087068929] [behavior_server]: [spin] [ActionServer] Aborting handle.
[INFO] [1786027448.113714538] [behavior_server]: Running wait
[INFO] [1786027453.113986978] [behavior_server]: wait completed successfully
[INFO] [1786027454.216253867] [behavior_server]: Running backup
[WARN] [1786027454.216561590] [behavior_server]: Collision Ahead - Exiting DriveOnHeading
[WARN] [1786027454.216594535] [behavior_server]: backup failed
[WARN] [1786027454.216613331] [behavior_server]: [backup] [ActionServer] Aborting handle.
[INFO] [1786027454.222819384] [behavior_server]: Running spin
[INFO] [1786027454.222970737] [behavior_server]: Turning 1.57 for spin behavior.
[WARN] [1786027464.223163781] [behavior_server]: Exceeded time allowance before reaching the Spin goal - Exiting Spin
[WARN] [1786027464.223225634] [behavior_server]: spin failed
[WARN] [1786027464.223246393] [behavior_server]: [spin] [ActionServer] Aborting handle.
[INFO] [1786027464.239213611] [behavior_server]: Running wait
[INFO] [1786027469.239446421] [behavior_server]: wait completed successfully
[INFO] [1786027470.353473763] [behavior_server]: Running backup
[WARN] [1786027470.353787153] [behavior_server]: Collision Ahead - Exiting DriveOnHeading
[WARN] [1786027470.353817820] [behavior_server]: backup failed
[WARN] [1786027470.353835857] [behavior_server]: [backup] [ActionServer] Aborting handle.
[INFO] [1786027470.369227553] [behavior_server]: Running spin
[INFO] [1786027470.369351165] [behavior_server]: Turning 1.57 for spin behavior.
[WARN] [1786027480.369543117] [behavior_server]: Exceeded time allowance before reaching the Spin goal - Exiting Spin
[WARN] [1786027480.369604487] [behavior_server]: spin failed
[WARN] [1786027480.369631173] [behavior_server]: [spin] [ActionServer] Aborting handle.
[INFO] [1786027480.389226947] [behavior_server]: Running wait
[INFO] [1786027485.389480480] [behavior_server]: wait completed successfully
[INFO] [1786027485.721890941] [behavior_server]: Running backup
[WARN] [1786027485.722367870] [behavior_server]: Collision Ahead - Exiting DriveOnHeading
[WARN] [1786027485.722414092] [behavior_server]: backup failed
[WARN] [1786027485.722434185] [behavior_server]: [backup] [ActionServer] Aborting handle.
[INFO] [1786027485.739143073] [behavior_server]: Running spin
[INFO] [1786027485.739257796] [behavior_server]: Turning 1.57 for spin behavior.
[WARN] [1786027495.739459748] [behavior_server]: Exceeded time allowance before reaching the Spin goal - Exiting Spin
[WARN] [1786027495.739520341] [behavior_server]: spin failed
[WARN] [1786027495.739539471] [behavior_server]: [spin] [ActionServer] Aborting handle.
[INFO] [1786027495.760594735] [behavior_server]: Running wait
[INFO] [1786027500.760872434] [behavior_server]: wait completed successfully
[INFO] [1786027501.878039812] [behavior_server]: Running backup
[WARN] [1786027501.879974063] [behavior_server]: Collision Ahead - Exiting DriveOnHeading
[WARN] [1786027501.880182749] [behavior_server]: backup failed
[WARN] [1786027501.880212620] [behavior_server]: [backup] [ActionServer] Aborting handle.
[INFO] [1786027501.889543301] [behavior_server]: Running spin
[INFO] [1786027501.889956525] [behavior_server]: Turning 1.57 for spin behavior.
[WARN] [1786027511.890319256] [behavior_server]: Exceeded time allowance before reaching the Spin goal - Exiting Spin
[WARN] [1786027511.890381071] [behavior_server]: spin failed
[WARN] [1786027511.890402312] [behavior_server]: [spin] [ActionServer] Aborting handle.
[INFO] [1786027511.908714617] [behavior_server]: Running wait
[INFO] [1786027516.908939742] [behavior_server]: wait completed successfully
[INFO] [1786027518.021552261] [behavior_server]: Running backup
[WARN] [1786027518.021841374] [behavior_server]: Collision Ahead - Exiting DriveOnHeading
[WARN] [1786027518.021877652] [behavior_server]: backup failed
[WARN] [1786027518.021898744] [behavior_server]: [backup] [ActionServer] Aborting handle.
[INFO] [1786027518.038682114] [behavior_server]: Running spin
[INFO] [1786027518.038822560] [behavior_server]: Turning 1.57 for spin behavior.
[WARN] [1786027528.038998400] [behavior_server]: Exceeded time allowance before reaching the Spin goal - Exiting Spin
[WARN] [1786027528.039078234] [behavior_server]: spin failed
[WARN] [1786027528.039103512] [behavior_server]: [spin] [ActionServer] Aborting handle.
[INFO] [1786027528.058710342] [behavior_server]: Running wait
[INFO] [1786027533.059324284] [behavior_server]: wait completed successfully
[INFO] [1786027537.678649718] [behavior_server]: Running backup
[WARN] [1786027537.678983960] [behavior_server]: Collision Ahead - Exiting DriveOnHeading
[WARN] [1786027537.679014905] [behavior_server]: backup failed
[WARN] [1786027537.679032664] [behavior_server]: [backup] [ActionServer] Aborting handle.
[INFO] [1786027537.692628684] [behavior_server]: Running spin
[INFO] [1786027537.692819981] [behavior_server]: Turning 1.57 for spin behavior.
[WARN] [1786027547.736492839] [behavior_server]: Exceeded time allowance before reaching the Spin goal - Exiting Spin
[WARN] [1786027547.736558839] [behavior_server]: spin failed
[WARN] [1786027547.736581451] [behavior_server]: [spin] [ActionServer] Aborting handle.
[INFO] [1786027547.750932604] [behavior_server]: Running wait
[INFO] [1786027552.751823195] [behavior_server]: wait completed successfully
[INFO] [1786027553.868701886] [behavior_server]: Running backup
[WARN] [1786027553.869002240] [behavior_server]: Collision Ahead - Exiting DriveOnHeading
[WARN] [1786027553.869035814] [behavior_server]: backup failed
[WARN] [1786027553.869068907] [behavior_server]: [backup] [ActionServer] Aborting handle.
[INFO] [1786027553.881177825] [behavior_server]: Running spin
[INFO] [1786027553.881318382] [behavior_server]: Turning 1.57 for spin behavior.
[WARN] [1786027563.881508556] [behavior_server]: Exceeded time allowance before reaching the Spin goal - Exiting Spin
[WARN] [1786027563.881576223] [behavior_server]: spin failed
[WARN] [1786027563.881599519] [behavior_server]: [spin] [ActionServer] Aborting handle.
[INFO] [1786027563.901657148] [behavior_server]: Running wait
[INFO] [1786027568.901917847] [behavior_server]: wait completed successfully
[INFO] [1786027570.024272031] [behavior_server]: Running backup
[WARN] [1786027570.024579200] [behavior_server]: Collision Ahead - Exiting DriveOnHeading
[WARN] [1786027570.024611293] [behavior_server]: backup failed
[WARN] [1786027570.024631552] [behavior_server]: [backup] [ActionServer] Aborting handle.
[INFO] [1786027570.041212051] [behavior_server]: Running spin
[INFO] [1786027570.041347718] [behavior_server]: Turning 1.57 for spin behavior.
[WARN] [1786027580.041519207] [behavior_server]: Exceeded time allowance before reaching the Spin goal - Exiting Spin
[WARN] [1786027580.041584541] [behavior_server]: spin failed
[WARN] [1786027580.041605133] [behavior_server]: [spin] [ActionServer] Aborting handle.
[INFO] [1786027580.061473761] [behavior_server]: Running wait
[INFO] [1786027585.061803109] [behavior_server]: wait completed successfully
[INFO] [1786027585.763040010] [behavior_server]: Running backup
[WARN] [1786027585.763343437] [behavior_server]: Collision Ahead - Exiting DriveOnHeading
[WARN] [1786027585.763373271] [behavior_server]: backup failed
[WARN] [1786027585.763392401] [behavior_server]: [backup] [ActionServer] Aborting handle.
[INFO] [1786027585.768263261] [behavior_server]: Running spin
[INFO] [1786027585.768453706] [behavior_server]: Turning 1.57 for spin behavior.
[WARN] [1786027595.773985595] [behavior_server]: Exceeded time allowance before reaching the Spin goal - Exiting Spin
[WARN] [1786027595.774051521] [behavior_server]: spin failed
[WARN] [1786027595.774102985] [behavior_server]: [spin] [ActionServer] Aborting handle.
[INFO] [1786027595.792231566] [behavior_server]: Running wait
[INFO] [1786027600.792474672] [behavior_server]: wait completed successfully
[INFO] [1786027601.903643832] [behavior_server]: Running backup
[WARN] [1786027601.903930796] [behavior_server]: Collision Ahead - Exiting DriveOnHeading
[WARN] [1786027601.903960908] [behavior_server]: backup failed
[WARN] [1786027601.903981426] [behavior_server]: [backup] [ActionServer] Aborting handle.
[INFO] [1786027601.920536869] [behavior_server]: Running spin
[INFO] [1786027601.920682722] [behavior_server]: Turning 1.57 for spin behavior.
[WARN] [1786027611.920878118] [behavior_server]: Exceeded time allowance before reaching the Spin goal - Exiting Spin
[WARN] [1786027611.920944119] [behavior_server]: spin failed
[WARN] [1786027611.920967489] [behavior_server]: [spin] [ActionServer] Aborting handle.
[INFO] [1786027611.940579986] [behavior_server]: Running wait
[INFO] [1786027616.940841259] [behavior_server]: wait completed successfully
[INFO] [1786027618.054500044] [behavior_server]: Running backup
[WARN] [1786027618.054775601] [behavior_server]: Collision Ahead - Exiting DriveOnHeading
[WARN] [1786027618.054807175] [behavior_server]: backup failed
[WARN] [1786027618.054827453] [behavior_server]: [backup] [ActionServer] Aborting handle.
[INFO] [1786027618.070814726] [behavior_server]: Running spin
[INFO] [1786027618.070948505] [behavior_server]: Turning 1.57 for spin behavior.
[WARN] [1786027628.071747479] [behavior_server]: Exceeded time allowance before reaching the Spin goal - Exiting Spin
[WARN] [1786027628.071830294] [behavior_server]: spin failed
[WARN] [1786027628.071856257] [behavior_server]: [spin] [ActionServer] Aborting handle.
[INFO] [1786027628.091355550] [behavior_server]: Running wait
[INFO] [1786027633.091632508] [behavior_server]: wait completed successfully
[INFO] [1786027634.355115562] [behavior_server]: Running spin
[INFO] [1786027634.355320730] [behavior_server]: Turning 1.57 for spin behavior.
[INFO] [1786027634.391233206] [behavior_server]: Running wait
[INFO] [1786027638.066946070] [behavior_server]: Running backup
[WARN] [1786027638.067348072] [behavior_server]: Collision Ahead - Exiting DriveOnHeading
[WARN] [1786027638.067391702] [behavior_server]: backup failed
[WARN] [1786027638.067409628] [behavior_server]: [backup] [ActionServer] Aborting handle.
[ERROR] [1786027638.155424002] [behavior_server]: Received a preemption request for spin, however feature is currently not implemented. Aborting and stopping.
[WARN] [1786027638.155576373] [behavior_server]: [spin] [ActionServer] Aborting handle.
[INFO] [1786027638.155666151] [behavior_server]: Running spin
[INFO] [1786027638.155729466] [behavior_server]: Turning 1.57 for spin behavior.
[INFO] [1786027639.391514294] [behavior_server]: wait completed successfully
[WARN] [1786027648.155882844] [behavior_server]: Exceeded time allowance before reaching the Spin goal - Exiting Spin
[WARN] [1786027648.155936863] [behavior_server]: spin failed
[WARN] [1786027648.155961733] [behavior_server]: [spin] [ActionServer] Aborting handle.
[INFO] [1786027648.170890501] [behavior_server]: Running wait
[INFO] [1786027653.171148440] [behavior_server]: wait completed successfully
[INFO] [1786027654.284623705] [behavior_server]: Running backup
[WARN] [1786027654.285130856] [behavior_server]: Collision Ahead - Exiting DriveOnHeading
[WARN] [1786027654.285183042] [behavior_server]: backup failed
[WARN] [1786027654.285202523] [behavior_server]: [backup] [ActionServer] Aborting handle.
[INFO] [1786027654.301821004] [behavior_server]: Running spin
[INFO] [1786027654.301956930] [behavior_server]: Turning 1.57 for spin behavior.
[WARN] [1786027664.302167086] [behavior_server]: Exceeded time allowance before reaching the Spin goal - Exiting Spin
[WARN] [1786027664.302220253] [behavior_server]: spin failed
[WARN] [1786027664.302243086] [behavior_server]: [spin] [ActionServer] Aborting handle.
[INFO] [1786027664.320765874] [behavior_server]: Running wait
[INFO] [1786027669.321025110] [behavior_server]: wait completed successfully
[INFO] [1786027670.424003687] [behavior_server]: Running backup
[WARN] [1786027670.424303948] [behavior_server]: Collision Ahead - Exiting DriveOnHeading
[WARN] [1786027670.424333782] [behavior_server]: backup failed
[WARN] [1786027670.424353356] [behavior_server]: [backup] [ActionServer] Aborting handle.
[INFO] [1786027670.440795113] [behavior_server]: Running spin
[INFO] [1786027670.440920632] [behavior_server]: Turning 1.57 for spin behavior.
[WARN] [1786027680.441286363] [behavior_server]: Exceeded time allowance before reaching the Spin goal - Exiting Spin
[WARN] [1786027680.441363400] [behavior_server]: spin failed
[WARN] [1786027680.441386252] [behavior_server]: [spin] [ActionServer] Aborting handle.
[INFO] [1786027680.460933971] [behavior_server]: Running wait
[INFO] [1786027685.461605191] [behavior_server]: wait completed successfully
[INFO] [1786027685.736603614] [behavior_server]: Running backup
[WARN] [1786027685.736964171] [behavior_server]: Collision Ahead - Exiting DriveOnHeading
[WARN] [1786027685.737009912] [behavior_server]: backup failed
[WARN] [1786027685.737031060] [behavior_server]: [backup] [ActionServer] Aborting handle.
[INFO] [1786027685.749589981] [behavior_server]: Running spin
[INFO] [1786027685.749730167] [behavior_server]: Turning 1.57 for spin behavior.
[WARN] [1786027695.749922971] [behavior_server]: Exceeded time allowance before reaching the Spin goal - Exiting Spin
[WARN] [1786027695.749995472] [behavior_server]: spin failed
[WARN] [1786027695.750019027] [behavior_server]: [spin] [ActionServer] Aborting handle.
[INFO] [1786027695.764218680] [behavior_server]: Running wait
[INFO] [1786027700.764481916] [behavior_server]: wait completed successfully
[INFO] [1786027701.876976231] [behavior_server]: Running backup
[WARN] [1786027701.877432289] [behavior_server]: Collision Ahead - Exiting DriveOnHeading
[WARN] [1786027701.877479511] [behavior_server]: backup failed
[WARN] [1786027701.877499252] [behavior_server]: [backup] [ActionServer] Aborting handle.
[INFO] [1786027701.891894443] [behavior_server]: Running spin
[INFO] [1786027701.892021221] [behavior_server]: Turning 1.57 for spin behavior.
[WARN] [1786027711.892184525] [behavior_server]: Exceeded time allowance before reaching the Spin goal - Exiting Spin
[WARN] [1786027711.892255395] [behavior_server]: spin failed
[WARN] [1786027711.892278951] [behavior_server]: [spin] [ActionServer] Aborting handle.
[INFO] [1786027711.912023671] [behavior_server]: Running wait
[INFO] [1786027716.912304592] [behavior_server]: wait completed successfully
[INFO] [1786027718.023743346] [behavior_server]: Running backup
[WARN] [1786027718.024971760] [behavior_server]: Collision Ahead - Exiting DriveOnHeading
[WARN] [1786027718.025063872] [behavior_server]: backup failed
[WARN] [1786027718.025097353] [behavior_server]: [backup] [ActionServer] Aborting handle.
[INFO] [1786027718.040878107] [behavior_server]: Running spin
[INFO] [1786027718.040983571] [behavior_server]: Turning 1.57 for spin behavior.
[WARN] [1786027728.041152134] [behavior_server]: Exceeded time allowance before reaching the Spin goal - Exiting Spin
[WARN] [1786027728.041219782] [behavior_server]: spin failed
[WARN] [1786027728.041243930] [behavior_server]: [spin] [ActionServer] Aborting handle.
[INFO] [1786027728.060803445] [behavior_server]: Running wait
[INFO] [1786027733.061126349] [behavior_server]: wait completed successfully
[INFO] [1786027734.176446161] [behavior_server]: Running backup
[WARN] [1786027734.176941108] [behavior_server]: Collision Ahead - Exiting DriveOnHeading
[WARN] [1786027734.176987756] [behavior_server]: backup failed
[WARN] [1786027734.177080849] [behavior_server]: [backup] [ActionServer] Aborting handle.
[INFO] [1786027734.191200760] [behavior_server]: Running spin
[INFO] [1786027734.191411650] [behavior_server]: Turning 1.57 for spin behavior.
[WARN] [1786027744.191615677] [behavior_server]: Exceeded time allowance before reaching the Spin goal - Exiting Spin
[WARN] [1786027744.191673325] [behavior_server]: spin failed
[WARN] [1786027744.191692121] [behavior_server]: [spin] [ActionServer] Aborting handle.
[INFO] [1786027744.207352282] [behavior_server]: Running wait
[INFO] [1786027749.207874371] [behavior_server]: wait completed successfully
[INFO] [1786027750.321000986] [behavior_server]: Running backup
[WARN] [1786027750.321293210] [behavior_server]: Collision Ahead - Exiting DriveOnHeading
[WARN] [1786027750.321331358] [behavior_server]: backup failed
[WARN] [1786027750.321350229] [behavior_server]: [backup] [ActionServer] Aborting handle.
[INFO] [1786027750.338068580] [behavior_server]: Running spin
[INFO] [1786027750.338196747] [behavior_server]: Turning 1.57 for spin behavior.
[WARN] [1786027760.338376279] [behavior_server]: Exceeded time allowance before reaching the Spin goal - Exiting Spin
[WARN] [1786027760.338444335] [behavior_server]: spin failed
[WARN] [1786027760.338470780] [behavior_server]: [spin] [ActionServer] Aborting handle.
[INFO] [1786027760.357964665] [behavior_server]: Running wait
[INFO] [1786027765.358228096] [behavior_server]: wait completed successfully
[INFO] [1786027765.721082043] [behavior_server]: Running backup
[WARN] [1786027765.721359082] [behavior_server]: Collision Ahead - Exiting DriveOnHeading
[WARN] [1786027765.721392990] [behavior_server]: backup failed
[WARN] [1786027765.721411841] [behavior_server]: [backup] [ActionServer] Aborting handle.
[INFO] [1786027765.738129323] [behavior_server]: Running spin
[INFO] [1786027765.738254453] [behavior_server]: Turning 1.57 for spin behavior.
[WARN] [1786027775.738445369] [behavior_server]: Exceeded time allowance before reaching the Spin goal - Exiting Spin
[WARN] [1786027775.738499314] [behavior_server]: spin failed
[WARN] [1786027775.738516184] [behavior_server]: [spin] [ActionServer] Aborting handle.
[INFO] [1786027775.876716151] [behavior_server]: Running wait
[INFO] [1786027780.876962045] [behavior_server]: wait completed successfully
[INFO] [1786027782.015850331] [behavior_server]: Running backup
[WARN] [1786027782.016150444] [behavior_server]: Collision Ahead - Exiting DriveOnHeading
[WARN] [1786027782.016181074] [behavior_server]: backup failed
[WARN] [1786027782.016201463] [behavior_server]: [backup] [ActionServer] Aborting handle.
[INFO] [1786027782.033001518] [behavior_server]: Running spin
[INFO] [1786027782.033132667] [behavior_server]: Turning 1.57 for spin behavior.
[WARN] [1786027792.033333213] [behavior_server]: Exceeded time allowance before reaching the Spin goal - Exiting Spin
[WARN] [1786027792.033405899] [behavior_server]: spin failed
[WARN] [1786027792.033431158] [behavior_server]: [spin] [ActionServer] Aborting handle.
[INFO] [1786027792.052946266] [behavior_server]: Running wait
[INFO] [1786027797.053192030] [behavior_server]: wait completed successfully
[INFO] [1786027801.598466136] [behavior_server]: Running backup
[WARN] [1786027801.598778804] [behavior_server]: Collision Ahead - Exiting DriveOnHeading
[WARN] [1786027801.598809823] [behavior_server]: backup failed
[WARN] [1786027801.598831693] [behavior_server]: [backup] [ActionServer] Aborting handle.
[INFO] [1786027801.613714331] [behavior_server]: Running spin
[INFO] [1786027801.613859665] [behavior_server]: Turning 1.57 for spin behavior.
[WARN] [1786027811.614087674] [behavior_server]: Exceeded time allowance before reaching the Spin goal - Exiting Spin
[WARN] [1786027811.614151545] [behavior_server]: spin failed
[WARN] [1786027811.614173323] [behavior_server]: [spin] [ActionServer] Aborting handle.
[INFO] [1786027811.633779746] [behavior_server]: Running wait
[INFO] [1786027816.634069047] [behavior_server]: wait completed successfully
[INFO] [1786027817.760484524] [behavior_server]: Running backup
[WARN] [1786027817.760801377] [behavior_server]: Collision Ahead - Exiting DriveOnHeading
[WARN] [1786027817.760832303] [behavior_server]: backup failed
[WARN] [1786027817.760853396] [behavior_server]: [backup] [ActionServer] Aborting handle.
[INFO] [1786027817.776630372] [behavior_server]: Running spin
[INFO] [1786027817.776752651] [behavior_server]: Turning 1.57 for spin behavior.
[WARN] [1786027827.776916307] [behavior_server]: Exceeded time allowance before reaching the Spin goal - Exiting Spin
[WARN] [1786027827.776992549] [behavior_server]: spin failed
[WARN] [1786027827.777017864] [behavior_server]: [spin] [ActionServer] Aborting handle.
[INFO] [1786027827.787503792] [behavior_server]: Running wait
[INFO] [1786027832.787746667] [behavior_server]: wait completed successfully
[INFO] [1786027833.902097818] [behavior_server]: Running backup
[WARN] [1786027833.902387282] [behavior_server]: Collision Ahead - Exiting DriveOnHeading
[WARN] [1786027833.902419449] [behavior_server]: backup failed
[WARN] [1786027833.902440357] [behavior_server]: [backup] [ActionServer] Aborting handle.
[INFO] [1786027833.917734571] [behavior_server]: Running spin
[INFO] [1786027833.917860331] [behavior_server]: Turning 1.57 for spin behavior.
[WARN] [1786027843.918024988] [behavior_server]: Exceeded time allowance before reaching the Spin goal - Exiting Spin
[WARN] [1786027843.918094655] [behavior_server]: spin failed
[WARN] [1786027843.918118359] [behavior_server]: [spin] [ActionServer] Aborting handle.
[INFO] [1786027843.937651874] [behavior_server]: Running wait
[INFO] [1786027848.937886916] [behavior_server]: wait completed successfully
[INFO] [1786027850.053016923] [behavior_server]: Running backup
[WARN] [1786027850.053382888] [behavior_server]: Collision Ahead - Exiting DriveOnHeading
[WARN] [1786027850.053414480] [behavior_server]: backup failed
[WARN] [1786027850.053432110] [behavior_server]: [backup] [ActionServer] Aborting handle.
[INFO] [1786027850.067520818] [behavior_server]: Running spin
[INFO] [1786027850.067635392] [behavior_server]: Turning 1.57 for spin behavior.
[WARN] [1786027860.067853679] [behavior_server]: Exceeded time allowance before reaching the Spin goal - Exiting Spin
[WARN] [1786027860.067932161] [behavior_server]: spin failed
[WARN] [1786027860.067957143] [behavior_server]: [spin] [ActionServer] Aborting handle.
[INFO] [1786027860.088175587] [behavior_server]: Running wait
[INFO] [1786027865.088411167] [behavior_server]: wait completed successfully
[INFO] [1786027865.759521908] [behavior_server]: Running backup
[WARN] [1786027865.760327801] [behavior_server]: Collision Ahead - Exiting DriveOnHeading
[WARN] [1786027865.760386542] [behavior_server]: backup failed
[WARN] [1786027865.760407339] [behavior_server]: [backup] [ActionServer] Aborting handle.
[INFO] [1786027865.778234900] [behavior_server]: Running spin
[INFO] [1786027865.778373345] [behavior_server]: Turning 1.57 for spin behavior.
[WARN] [1786027875.778649373] [behavior_server]: Exceeded time allowance before reaching the Spin goal - Exiting Spin
[WARN] [1786027875.778746096] [behavior_server]: spin failed
[WARN] [1786027875.778771096] [behavior_server]: [spin] [ActionServer] Aborting handle.
[INFO] [1786027875.802420486] [behavior_server]: Running wait
[INFO] [1786027880.802686139] [behavior_server]: wait completed successfully
[INFO] [1786027881.903919921] [behavior_server]: Running backup
[WARN] [1786027881.904211552] [behavior_server]: Collision Ahead - Exiting DriveOnHeading
[WARN] [1786027881.904249404] [behavior_server]: backup failed
[WARN] [1786027881.904266590] [behavior_server]: [backup] [ActionServer] Aborting handle.
[INFO] [1786027881.920910367] [behavior_server]: Running spin
[INFO] [1786027881.921022330] [behavior_server]: Turning 1.57 for spin behavior.
[WARN] [1786027891.921176524] [behavior_server]: Exceeded time allowance before reaching the Spin goal - Exiting Spin
[WARN] [1786027891.921238543] [behavior_server]: spin failed
[WARN] [1786027891.921263728] [behavior_server]: [spin] [ActionServer] Aborting handle.
[INFO] [1786027891.940930189] [behavior_server]: Running wait
[INFO] [1786027896.941165675] [behavior_server]: wait completed successfully
[INFO] [1786027898.055172620] [behavior_server]: Running backup
[WARN] [1786027898.055479215] [behavior_server]: Collision Ahead - Exiting DriveOnHeading
[WARN] [1786027898.055508233] [behavior_server]: backup failed
[WARN] [1786027898.055526826] [behavior_server]: [backup] [ActionServer] Aborting handle.
[INFO] [1786027898.071364839] [behavior_server]: Running spin
[INFO] [1786027898.071516636] [behavior_server]: Turning 1.57 for spin behavior.
[WARN] [1786027908.073260746] [behavior_server]: Exceeded time allowance before reaching the Spin goal - Exiting Spin
[WARN] [1786027908.073344617] [behavior_server]: spin failed
[WARN] [1786027908.073373840] [behavior_server]: [spin] [ActionServer] Aborting handle.
[INFO] [1786027908.090741787] [behavior_server]: Running wait
[INFO] [1786027913.090978015] [behavior_server]: wait completed successfully
[INFO] [1786027914.207440140] [behavior_server]: Running backup
[WARN] [1786027914.207766105] [behavior_server]: Collision Ahead - Exiting DriveOnHeading
[WARN] [1786027914.207795031] [behavior_server]: backup failed
[WARN] [1786027914.207811012] [behavior_server]: [backup] [ActionServer] Aborting handle.
[INFO] [1786027914.223476395] [behavior_server]: Running spin
[INFO] [1786027914.223624674] [behavior_server]: Turning 1.57 for spin behavior.
[WARN] [1786027924.223913146] [behavior_server]: Exceeded time allowance before reaching the Spin goal - Exiting Spin
[WARN] [1786027924.224015461] [behavior_server]: spin failed
[WARN] [1786027924.224072869] [behavior_server]: [spin] [ActionServer] Aborting handle.
[INFO] [1786027924.238113910] [behavior_server]: Running wait
[INFO] [1786027929.238334470] [behavior_server]: wait completed successfully
[INFO] [1786027930.353487273] [behavior_server]: Running backup
[WARN] [1786027930.353823720] [behavior_server]: Collision Ahead - Exiting DriveOnHeading
[WARN] [1786027930.353858349] [behavior_server]: backup failed
[WARN] [1786027930.353879442] [behavior_server]: [backup] [ActionServer] Aborting handle.
[INFO] [1786027930.358815451] [behavior_server]: Running spin
[INFO] [1786027930.358948285] [behavior_server]: Turning 1.57 for spin behavior.
[WARN] [1786027940.359136997] [behavior_server]: Exceeded time allowance before reaching the Spin goal - Exiting Spin
[WARN] [1786027940.359197442] [behavior_server]: spin failed
[WARN] [1786027940.359223905] [behavior_server]: [spin] [ActionServer] Aborting handle.
[INFO] [1786027940.378171177] [behavior_server]: Running wait
[INFO] [1786027945.378397348] [behavior_server]: wait completed successfully
[INFO] [1786027945.733865736] [behavior_server]: Running backup
[WARN] [1786027945.734166108] [behavior_server]: Collision Ahead - Exiting DriveOnHeading
[WARN] [1786027945.734200442] [behavior_server]: backup failed
[WARN] [1786027945.734220275] [behavior_server]: [backup] [ActionServer] Aborting handle.
[INFO] [1786027945.752063559] [behavior_server]: Running spin
[INFO] [1786027945.752200115] [behavior_server]: Turning 1.57 for spin behavior.
[WARN] [1786027955.752407069] [behavior_server]: Exceeded time allowance before reaching the Spin goal - Exiting Spin
[WARN] [1786027955.752469902] [behavior_server]: spin failed
[WARN] [1786027955.752499273] [behavior_server]: [spin] [ActionServer] Aborting handle.
[INFO] [1786027955.772103159] [behavior_server]: Running wait
[INFO] [1786027960.772361349] [behavior_server]: wait completed successfully
[INFO] [1786027965.928958662] [behavior_server]: Running spin
[INFO] [1786027965.929114422] [behavior_server]: Turning 1.57 for spin behavior.
[WARN] [1786027975.929343746] [behavior_server]: Exceeded time allowance before reaching the Spin goal - Exiting Spin
[WARN] [1786027975.929413821] [behavior_server]: spin failed
[WARN] [1786027975.929436654] [behavior_server]: [spin] [ActionServer] Aborting handle.
[INFO] [1786027975.947681347] [behavior_server]: Running wait
[INFO] [1786027980.947957279] [behavior_server]: wait completed successfully
[INFO] [1786027982.062854710] [behavior_server]: Running backup
[WARN] [1786027982.063687418] [behavior_server]: Collision Ahead - Exiting DriveOnHeading
[WARN] [1786027982.063728826] [behavior_server]: backup failed
[WARN] [1786027982.063751882] [behavior_server]: [backup] [ActionServer] Aborting handle.
[INFO] [1786027982.077685866] [behavior_server]: Running spin
[INFO] [1786027982.077825681] [behavior_server]: Turning 1.57 for spin behavior.
[WARN] [1786027992.078014542] [behavior_server]: Exceeded time allowance before reaching the Spin goal - Exiting Spin
[WARN] [1786027992.078096524] [behavior_server]: spin failed
[WARN] [1786027992.078126524] [behavior_server]: [spin] [ActionServer] Aborting handle.
[INFO] [1786027992.097812744] [behavior_server]: Running wait
[INFO] [1786027997.098038564] [behavior_server]: wait completed successfully
[INFO] [1786027998.220770076] [behavior_server]: Running backup
[WARN] [1786027998.221086781] [behavior_server]: Collision Ahead - Exiting DriveOnHeading
[WARN] [1786027998.221125633] [behavior_server]: backup failed
[WARN] [1786027998.221145078] [behavior_server]: [backup] [ActionServer] Aborting handle.
[INFO] [1786027998.237874911] [behavior_server]: Running spin
[INFO] [1786027998.238004171] [behavior_server]: Turning 1.57 for spin behavior.
[WARN] [1786028008.238191605] [behavior_server]: Exceeded time allowance before reaching the Spin goal - Exiting Spin
[WARN] [1786028008.238257124] [behavior_server]: spin failed
[WARN] [1786028008.238280402] [behavior_server]: [spin] [ActionServer] Aborting handle.
[INFO] [1786028008.257867121] [behavior_server]: Running wait
[INFO] [1786028013.258195053] [behavior_server]: wait completed successfully
[INFO] [1786028013.492839626] [behavior_server]: Running spin
[INFO] [1786028013.493150702] [behavior_server]: Turning 1.57 for spin behavior.
[WARN] [1786028023.493504897] [behavior_server]: Exceeded time allowance before reaching the Spin goal - Exiting Spin
[WARN] [1786028023.493569656] [behavior_server]: spin failed
[WARN] [1786028023.493591230] [behavior_server]: [spin] [ActionServer] Aborting handle.
[INFO] [1786028023.505822020] [behavior_server]: Running wait
[INFO] [1786028028.506102692] [behavior_server]: wait completed successfully
[INFO] [1786028029.062226651] [behavior_server]: Running backup
[WARN] [1786028029.062555838] [behavior_server]: Collision Ahead - Exiting DriveOnHeading
[WARN] [1786028029.062596005] [behavior_server]: backup failed
[WARN] [1786028029.062618597] [behavior_server]: [backup] [ActionServer] Aborting handle.
[INFO] [1786028029.068686575] [behavior_server]: Running spin
[INFO] [1786028029.068872206] [behavior_server]: Turning 1.57 for spin behavior.
[WARN] [1786028039.069117122] [behavior_server]: Exceeded time allowance before reaching the Spin goal - Exiting Spin
[WARN] [1786028039.069178289] [behavior_server]: spin failed
[WARN] [1786028039.069198938] [behavior_server]: [spin] [ActionServer] Aborting handle.
[INFO] [1786028039.087509280] [behavior_server]: Running wait
[INFO] [1786028044.087813304] [behavior_server]: wait completed successfully
[INFO] [1786028045.201983453] [behavior_server]: Running backup
[WARN] [1786028045.202336270] [behavior_server]: Collision Ahead - Exiting DriveOnHeading
[WARN] [1786028045.202371548] [behavior_server]: backup failed
[WARN] [1786028045.202390159] [behavior_server]: [backup] [ActionServer] Aborting handle.
[INFO] [1786028045.217347519] [behavior_server]: Running spin
[INFO] [1786028045.217487353] [behavior_server]: Turning 1.57 for spin behavior.
[WARN] [1786028055.217695770] [behavior_server]: Exceeded time allowance before reaching the Spin goal - Exiting Spin
[WARN] [1786028055.217770807] [behavior_server]: spin failed
[WARN] [1786028055.217794344] [behavior_server]: [spin] [ActionServer] Aborting handle.
[INFO] [1786028055.237541231] [behavior_server]: Running wait
[INFO] [1786028060.256220079] [behavior_server]: wait completed successfully
[INFO] [1786028061.465327252] [behavior_server]: Running backup
[WARN] [1786028061.465674014] [behavior_server]: Collision Ahead - Exiting DriveOnHeading
[WARN] [1786028061.465716569] [behavior_server]: backup failed
[WARN] [1786028061.465738903] [behavior_server]: [backup] [ActionServer] Aborting handle.
[INFO] [1786028061.469276867] [behavior_server]: Running spin
[INFO] [1786028061.469408886] [behavior_server]: Turning 1.57 for spin behavior.
[WARN] [1786028071.469612099] [behavior_server]: Exceeded time allowance before reaching the Spin goal - Exiting Spin
[WARN] [1786028071.469673451] [behavior_server]: spin failed
[WARN] [1786028071.469693951] [behavior_server]: [spin] [ActionServer] Aborting handle.
[INFO] [1786028071.488562592] [behavior_server]: Running wait
[INFO] [1786028076.488846579] [behavior_server]: wait completed successfully
[INFO] [1786028077.606715823] [behavior_server]: Running backup
[WARN] [1786028077.606988399] [behavior_server]: Collision Ahead - Exiting DriveOnHeading
[WARN] [1786028077.607016102] [behavior_server]: backup failed
[WARN] [1786028077.607032991] [behavior_server]: [backup] [ActionServer] Aborting handle.
[INFO] [1786028077.613665287] [behavior_server]: Running spin
[INFO] [1786028077.613791603] [behavior_server]: Turning 1.57 for spin behavior.
[WARN] [1786028087.613974741] [behavior_server]: Exceeded time allowance before reaching the Spin goal - Exiting Spin
[WARN] [1786028087.614038686] [behavior_server]: spin failed
[WARN] [1786028087.614076927] [behavior_server]: [spin] [ActionServer] Aborting handle.
[INFO] [1786028087.633620109] [behavior_server]: Running wait
[INFO] [1786028092.633862725] [behavior_server]: wait completed successfully
[INFO] [1786028093.747521187] [behavior_server]: Running backup
[WARN] [1786028093.747892652] [behavior_server]: Collision Ahead - Exiting DriveOnHeading
[WARN] [1786028093.747925504] [behavior_server]: backup failed
[WARN] [1786028093.747948430] [behavior_server]: [backup] [ActionServer] Aborting handle.
[INFO] [1786028093.763847721] [behavior_server]: Running spin
[INFO] [1786028093.764000204] [behavior_server]: Turning 1.57 for spin behavior.
[WARN] [1786028103.765441275] [behavior_server]: Exceeded time allowance before reaching the Spin goal - Exiting Spin
[WARN] [1786028103.765504775] [behavior_server]: spin failed
[WARN] [1786028103.765527998] [behavior_server]: [spin] [ActionServer] Aborting handle.
[INFO] [1786028103.788912090] [behavior_server]: Running wait
[INFO] [1786028108.789213058] [behavior_server]: wait completed successfully
[INFO] [1786028109.065081822] [behavior_server]: Running backup
[WARN] [1786028109.065370008] [behavior_server]: Collision Ahead - Exiting DriveOnHeading
[WARN] [1786028109.065402212] [behavior_server]: backup failed
[WARN] [1786028109.065419694] [behavior_server]: [backup] [ActionServer] Aborting handle.
[INFO] [1786028109.084702448] [behavior_server]: Running spin
[INFO] [1786028109.084877727] [behavior_server]: Turning 1.57 for spin behavior.
[WARN] [1786028119.085053125] [behavior_server]: Exceeded time allowance before reaching the Spin goal - Exiting Spin
[WARN] [1786028119.085122996] [behavior_server]: spin failed
[WARN] [1786028119.085141866] [behavior_server]: [spin] [ActionServer] Aborting handle.
[INFO] [1786028119.103737728] [behavior_server]: Running wait
[INFO] [1786028124.103927622] [behavior_server]: wait completed successfully
[INFO] [1786028128.654815832] [behavior_server]: Running backup
[WARN] [1786028128.655148149] [behavior_server]: Collision Ahead - Exiting DriveOnHeading
[WARN] [1786028128.655182890] [behavior_server]: backup failed
[WARN] [1786028128.655201501] [behavior_server]: [backup] [ActionServer] Aborting handle.
[INFO] [1786028128.671719537] [behavior_server]: Running spin
[INFO] [1786028128.671843871] [behavior_server]: Turning 1.57 for spin behavior.
[WARN] [1786028138.672092121] [behavior_server]: Exceeded time allowance before reaching the Spin goal - Exiting Spin
[WARN] [1786028138.672710161] [behavior_server]: spin failed
[WARN] [1786028138.672760069] [behavior_server]: [spin] [ActionServer] Aborting handle.
[INFO] [1786028138.691600228] [behavior_server]: Running wait
[INFO] [1786028143.691843641] [behavior_server]: wait completed successfully
[INFO] [1786028144.804825710] [behavior_server]: Running backup
[WARN] [1786028154.805120219] [behavior_server]: Exceeded time allowance before reaching the DriveOnHeading goal - Exiting DriveOnHeading
[WARN] [1786028154.805187053] [behavior_server]: backup failed
[WARN] [1786028154.805207720] [behavior_server]: [backup] [ActionServer] Aborting handle.
[INFO] [1786028154.820563045] [behavior_server]: Running spin
[INFO] [1786028154.820701250] [behavior_server]: Turning 1.57 for spin behavior.
[WARN] [1786028164.820900999] [behavior_server]: Exceeded time allowance before reaching the Spin goal - Exiting Spin
[WARN] [1786028164.820966963] [behavior_server]: spin failed
[WARN] [1786028164.820991111] [behavior_server]: [spin] [ActionServer] Aborting handle.
[INFO] [1786028164.840478737] [behavior_server]: Running wait
[INFO] [1786028169.840798076] [behavior_server]: wait completed successfully
[INFO] [1786028170.956572901] [behavior_server]: Running backup
[WARN] [1786028180.956886114] [behavior_server]: Exceeded time allowance before reaching the DriveOnHeading goal - Exiting DriveOnHeading
[WARN] [1786028180.956968078] [behavior_server]: backup failed
[WARN] [1786028180.956995318] [behavior_server]: [backup] [ActionServer] Aborting handle.
[INFO] [1786028180.974757898] [behavior_server]: Running spin
[INFO] [1786028180.974896269] [behavior_server]: Turning 1.57 for spin behavior.
[WARN] [1786028190.976303803] [behavior_server]: Exceeded time allowance before reaching the Spin goal - Exiting Spin
[WARN] [1786028190.976430008] [behavior_server]: spin failed
[WARN] [1786028190.976456452] [behavior_server]: [spin] [ActionServer] Aborting handle.
[INFO] [1786028190.993814567] [behavior_server]: Running wait
[INFO] [1786028195.994204128] [behavior_server]: wait completed successfully
[INFO] [1786028197.095222335] [behavior_server]: Running backup
[WARN] [1786028207.192252822] [behavior_server]: Exceeded time allowance before reaching the DriveOnHeading goal - Exiting DriveOnHeading
[WARN] [1786028207.192336953] [behavior_server]: backup failed
[WARN] [1786028207.192361582] [behavior_server]: [backup] [ActionServer] Aborting handle.
[INFO] [1786028207.418046235] [behavior_server]: Running spin
[INFO] [1786028207.420176488] [behavior_server]: Turning 1.57 for spin behavior.
[WARN] [1786028217.420401812] [behavior_server]: Exceeded time allowance before reaching the Spin goal - Exiting Spin
[WARN] [1786028217.420470312] [behavior_server]: spin failed
[WARN] [1786028217.420494979] [behavior_server]: [spin] [ActionServer] Aborting handle.
[INFO] [1786028217.439740900] [behavior_server]: Running wait
[INFO] [1786028222.439991257] [behavior_server]: wait completed successfully
[INFO] [1786028223.554533686] [behavior_server]: Running backup
[WARN] [1786028233.554837289] [behavior_server]: Exceeded time allowance before reaching the DriveOnHeading goal - Exiting DriveOnHeading
[WARN] [1786028233.554896789] [behavior_server]: backup failed
[WARN] [1786028233.554922456] [behavior_server]: [backup] [ActionServer] Aborting handle.
[INFO] [1786028233.570074095] [behavior_server]: Running spin
[INFO] [1786028233.570214892] [behavior_server]: Turning 1.57 for spin behavior.
[WARN] [1786028243.571897853] [behavior_server]: Exceeded time allowance before reaching the Spin goal - Exiting Spin
[WARN] [1786028243.571963983] [behavior_server]: spin failed
[WARN] [1786028243.571988261] [behavior_server]: [spin] [ActionServer] Aborting handle.
[INFO] [1786028243.589880008] [behavior_server]: Running wait
[INFO] [1786028248.812357462] [behavior_server]: wait completed successfully
[INFO] [1786028249.099536992] [behavior_server]: Running backup
[INFO] [1786028249.130088716] [behavior_server]: Running spin
[INFO] [1786028249.130452311] [behavior_server]: Turning 1.57 for spin behavior.
[INFO] [1786028249.140936961] [behavior_server]: Running wait
[INFO] [1786028254.141202411] [behavior_server]: wait completed successfully
[ERROR] [1786028255.499855965] [behavior_server]: Received a preemption request for backup, however feature is currently not implemented. Aborting and stopping.
[WARN] [1786028255.500636877] [behavior_server]: [backup] [ActionServer] Aborting handle.
[INFO] [1786028255.501333622] [behavior_server]: Running backup
[WARN] [1786028259.131152489] [behavior_server]: Exceeded time allowance before reaching the Spin goal - Exiting Spin
[WARN] [1786028259.131230638] [behavior_server]: spin failed
[WARN] [1786028259.131258582] [behavior_server]: [spin] [ActionServer] Aborting handle.
[WARN] [1786028265.501701687] [behavior_server]: Exceeded time allowance before reaching the DriveOnHeading goal - Exiting DriveOnHeading
[WARN] [1786028265.501756761] [behavior_server]: backup failed
[WARN] [1786028265.501779280] [behavior_server]: [backup] [ActionServer] Aborting handle.
[INFO] [1786028265.518174315] [behavior_server]: Running spin
[INFO] [1786028265.518327260] [behavior_server]: Turning 1.57 for spin behavior.
[WARN] [1786028275.518523343] [behavior_server]: Exceeded time allowance before reaching the Spin goal - Exiting Spin
[WARN] [1786028275.518582343] [behavior_server]: spin failed
[WARN] [1786028275.518600584] [behavior_server]: [spin] [ActionServer] Aborting handle.
[INFO] [1786028275.538230341] [behavior_server]: Running wait
[INFO] [1786028280.538493791] [behavior_server]: wait completed successfully
[INFO] [1786028281.653522667] [behavior_server]: Running backup
[WARN] [1786028291.653791195] [behavior_server]: Exceeded time allowance before reaching the DriveOnHeading goal - Exiting DriveOnHeading
[WARN] [1786028291.653858029] [behavior_server]: backup failed
[WARN] [1786028291.653878862] [behavior_server]: [backup] [ActionServer] Aborting handle.
[INFO] [1786028291.668104885] [behavior_server]: Running spin
[INFO] [1786028291.668235682] [behavior_server]: Turning 1.57 for spin behavior.
[WARN] [1786028301.697945909] [behavior_server]: Exceeded time allowance before reaching the Spin goal - Exiting Spin
[WARN] [1786028301.698011113] [behavior_server]: spin failed
[WARN] [1786028301.698031669] [behavior_server]: [spin] [ActionServer] Aborting handle.
[INFO] [1786028301.710386700] [behavior_server]: Running wait
[INFO] [1786028306.710655872] [behavior_server]: wait completed successfully
[INFO] [1786028307.834222981] [behavior_server]: Running backup
[WARN] [1786028317.834507527] [behavior_server]: Exceeded time allowance before reaching the DriveOnHeading goal - Exiting DriveOnHeading
[WARN] [1786028317.834575343] [behavior_server]: backup failed
[WARN] [1786028317.834599713] [behavior_server]: [backup] [ActionServer] Aborting handle.
[INFO] [1786028317.850401689] [behavior_server]: Running spin
[INFO] [1786028317.850537523] [behavior_server]: Turning 1.57 for spin behavior.
[WARN] [1786028327.850758421] [behavior_server]: Exceeded time allowance before reaching the Spin goal - Exiting Spin
[WARN] [1786028327.850825718] [behavior_server]: spin failed
[WARN] [1786028327.850854885] [behavior_server]: [spin] [ActionServer] Aborting handle.
[INFO] [1786028327.870781254] [behavior_server]: Running wait
[INFO] [1786028332.871031315] [behavior_server]: wait completed successfully
[INFO] [1786028333.983756086] [behavior_server]: Running backup
[WARN] [1786028343.984936193] [behavior_server]: Exceeded time allowance before reaching the DriveOnHeading goal - Exiting DriveOnHeading
[WARN] [1786028343.985020230] [behavior_server]: backup failed
[WARN] [1786028343.985045286] [behavior_server]: [backup] [ActionServer] Aborting handle.
[INFO] [1786028343.987988691] [behavior_server]: Running spin
[INFO] [1786028343.988212748] [behavior_server]: Turning 1.57 for spin behavior.
[WARN] [1786028353.988400461] [behavior_server]: Exceeded time allowance before reaching the Spin goal - Exiting Spin
[WARN] [1786028353.988461554] [behavior_server]: spin failed
[WARN] [1786028353.988482924] [behavior_server]: [spin] [ActionServer] Aborting handle.
[INFO] [1786028354.006012410] [behavior_server]: Running wait
[INFO] [1786028359.006269563] [behavior_server]: wait completed successfully
[INFO] [1786028363.575643116] [behavior_server]: Running backup
[WARN] [1786028373.576119164] [behavior_server]: Exceeded time allowance before reaching the DriveOnHeading goal - Exiting DriveOnHeading
[WARN] [1786028373.576183701] [behavior_server]: backup failed
[WARN] [1786028373.576205331] [behavior_server]: [backup] [ActionServer] Aborting handle.
[INFO] [1786028373.590377316] [behavior_server]: Running spin
[INFO] [1786028373.590506373] [behavior_server]: Turning 1.57 for spin behavior.
[WARN] [1786028383.590710900] [behavior_server]: Exceeded time allowance before reaching the Spin goal - Exiting Spin
[WARN] [1786028383.590787586] [behavior_server]: spin failed
[WARN] [1786028383.590808975] [behavior_server]: [spin] [ActionServer] Aborting handle.
[INFO] [1786028383.610822715] [behavior_server]: Running wait
[INFO] [1786028388.611465352] [behavior_server]: wait completed successfully
[INFO] [1786028388.761200345] [behavior_server]: Running spin
[INFO] [1786028388.761338513] [behavior_server]: Turning 1.57 for spin behavior.
[WARN] [1786028398.762530286] [behavior_server]: Exceeded time allowance before reaching the Spin goal - Exiting Spin
[WARN] [1786028398.762600287] [behavior_server]: spin failed
[WARN] [1786028398.762627490] [behavior_server]: [spin] [ActionServer] Aborting handle.
[INFO] [1786028398.782130450] [behavior_server]: Running wait
[INFO] [1786028403.782387677] [behavior_server]: wait completed successfully
[INFO] [1786028404.897498610] [behavior_server]: Running backup
[WARN] [1786028414.897854083] [behavior_server]: Exceeded time allowance before reaching the DriveOnHeading goal - Exiting DriveOnHeading
[WARN] [1786028414.897920527] [behavior_server]: backup failed
[WARN] [1786028414.897945991] [behavior_server]: [backup] [ActionServer] Aborting handle.
[INFO] [1786028414.912112402] [behavior_server]: Running spin
[INFO] [1786028414.912244495] [behavior_server]: Turning 1.57 for spin behavior.
[WARN] [1786028424.912461523] [behavior_server]: Exceeded time allowance before reaching the Spin goal - Exiting Spin
[WARN] [1786028424.912527171] [behavior_server]: spin failed
[WARN] [1786028424.912546079] [behavior_server]: [spin] [ActionServer] Aborting handle.
[INFO] [1786028424.932579134] [behavior_server]: Running wait
[INFO] [1786028429.932917232] [behavior_server]: wait completed successfully
[INFO] [1786028431.063442898] [behavior_server]: Running backup
[WARN] [1786028441.063785982] [behavior_server]: Exceeded time allowance before reaching the DriveOnHeading goal - Exiting DriveOnHeading
[WARN] [1786028441.063854575] [behavior_server]: backup failed
[WARN] [1786028441.063876130] [behavior_server]: [backup] [ActionServer] Aborting handle.
[INFO] [1786028441.080096701] [behavior_server]: Running spin
[INFO] [1786028441.080220961] [behavior_server]: Turning 1.57 for spin behavior.
[WARN] [1786028451.080398137] [behavior_server]: Exceeded time allowance before reaching the Spin goal - Exiting Spin
[WARN] [1786028451.080466674] [behavior_server]: spin failed
[WARN] [1786028451.080490211] [behavior_server]: [spin] [ActionServer] Aborting handle.
[INFO] [1786028451.100425914] [behavior_server]: Running wait
[INFO] [1786028456.100727623] [behavior_server]: wait completed successfully
[INFO] [1786028457.215223256] [behavior_server]: Running backup
[WARN] [1786028467.215501395] [behavior_server]: Exceeded time allowance before reaching the DriveOnHeading goal - Exiting DriveOnHeading
[WARN] [1786028467.215563321] [behavior_server]: backup failed
[WARN] [1786028467.215586655] [behavior_server]: [backup] [ActionServer] Aborting handle.
[INFO] [1786028467.232397525] [behavior_server]: Running spin
[INFO] [1786028467.232520341] [behavior_server]: Turning 1.57 for spin behavior.
[WARN] [1786028477.232825295] [behavior_server]: Exceeded time allowance before reaching the Spin goal - Exiting Spin
[WARN] [1786028477.232886499] [behavior_server]: spin failed
[WARN] [1786028477.232909703] [behavior_server]: [spin] [ActionServer] Aborting handle.
[INFO] [1786028477.253182815] [behavior_server]: Running wait
[INFO] [1786028482.253738507] [behavior_server]: wait completed successfully
[INFO] [1786028483.347841231] [behavior_server]: Running backup
[WARN] [1786028493.348270833] [behavior_server]: Exceeded time allowance before reaching the DriveOnHeading goal - Exiting DriveOnHeading
[WARN] [1786028493.348333612] [behavior_server]: backup failed
[WARN] [1786028493.348356130] [behavior_server]: [backup] [ActionServer] Aborting handle.
[INFO] [1786028493.367855201] [behavior_server]: Running spin
[INFO] [1786028493.368012276] [behavior_server]: Turning 1.57 for spin behavior.
[WARN] [1786028503.368179451] [behavior_server]: Exceeded time allowance before reaching the Spin goal - Exiting Spin
[WARN] [1786028503.368242488] [behavior_server]: spin failed
[WARN] [1786028503.368261526] [behavior_server]: [spin] [ActionServer] Aborting handle.
[INFO] [1786028503.387896467] [behavior_server]: Running wait
[INFO] [1786028508.388171676] [behavior_server]: wait completed successfully
[INFO] [1786028509.062705566] [behavior_server]: Running backup
[WARN] [1786028519.063339170] [behavior_server]: Exceeded time allowance before reaching the DriveOnHeading goal - Exiting DriveOnHeading
[WARN] [1786028519.063412207] [behavior_server]: backup failed
[WARN] [1786028519.063434004] [behavior_server]: [backup] [ActionServer] Aborting handle.
[INFO] [1786028519.079867187] [behavior_server]: Running spin
[INFO] [1786028519.080294764] [behavior_server]: Turning 1.57 for spin behavior.
[WARN] [1786028529.178478239] [behavior_server]: Exceeded time allowance before reaching the Spin goal - Exiting Spin
[WARN] [1786028529.178553925] [behavior_server]: spin failed
[WARN] [1786028529.179516726] [behavior_server]: [spin] [ActionServer] Aborting handle.
[INFO] [1786028529.196846730] [behavior_server]: Running wait
[INFO] [1786028534.197113698] [behavior_server]: wait completed successfully
[INFO] [1786028535.307084120] [behavior_server]: Running backup
[WARN] [1786028545.307361241] [behavior_server]: Exceeded time allowance before reaching the DriveOnHeading goal - Exiting DriveOnHeading
[WARN] [1786028545.307427834] [behavior_server]: backup failed
[WARN] [1786028545.307451260] [behavior_server]: [backup] [ActionServer] Aborting handle.
[INFO] [1786028545.323959277] [behavior_server]: Running spin
[INFO] [1786028545.324095315] [behavior_server]: Turning 1.57 for spin behavior.
[WARN] [1786028555.324288990] [behavior_server]: Exceeded time allowance before reaching the Spin goal - Exiting Spin
[WARN] [1786028555.324347065] [behavior_server]: spin failed
[WARN] [1786028555.324370972] [behavior_server]: [spin] [ActionServer] Aborting handle.
[INFO] [1786028555.344073137] [behavior_server]: Running wait
[INFO] [1786028560.344321253] [behavior_server]: wait completed successfully
[INFO] [1786028561.458456958] [behavior_server]: Running backup
[WARN] [1786028571.459794880] [behavior_server]: Exceeded time allowance before reaching the DriveOnHeading goal - Exiting DriveOnHeading
[WARN] [1786028571.459869825] [behavior_server]: backup failed
[WARN] [1786028571.459893011] [behavior_server]: [backup] [ActionServer] Aborting handle.
[INFO] [1786028571.471928503] [behavior_server]: Running spin
[INFO] [1786028571.472097596] [behavior_server]: Turning 1.57 for spin behavior.
[WARN] [1786028581.472280290] [behavior_server]: Exceeded time allowance before reaching the Spin goal - Exiting Spin
[WARN] [1786028581.472345143] [behavior_server]: spin failed
[WARN] [1786028581.472536625] [behavior_server]: [spin] [ActionServer] Aborting handle.
[INFO] [1786028581.491732972] [behavior_server]: Running wait
[INFO] [1786028586.491973125] [behavior_server]: wait completed successfully
[INFO] [1786028587.602861701] [behavior_server]: Running backup
[WARN] [1786028597.603155970] [behavior_server]: Exceeded time allowance before reaching the DriveOnHeading goal - Exiting DriveOnHeading
[WARN] [1786028597.603212674] [behavior_server]: backup failed
[WARN] [1786028597.603233692] [behavior_server]: [backup] [ActionServer] Aborting handle.
[INFO] [1786028597.615990392] [behavior_server]: Running spin
[INFO] [1786028597.616154097] [behavior_server]: Turning 1.57 for spin behavior.
[WARN] [1786028607.616352143] [behavior_server]: Exceeded time allowance before reaching the Spin goal - Exiting Spin
[WARN] [1786028607.616411180] [behavior_server]: spin failed
[WARN] [1786028607.616469533] [behavior_server]: [spin] [ActionServer] Aborting handle.
[INFO] [1786028607.637668890] [behavior_server]: Running wait
[INFO] [1786028612.637916618] [behavior_server]: wait completed successfully
[INFO] [1786028617.297801004] [behavior_server]: Running backup
[WARN] [1786028627.298095161] [behavior_server]: Exceeded time allowance before reaching the DriveOnHeading goal - Exiting DriveOnHeading
[WARN] [1786028627.298163551] [behavior_server]: backup failed
[WARN] [1786028627.298189866] [behavior_server]: [backup] [ActionServer] Aborting handle.
[INFO] [1786028627.313113596] [behavior_server]: Running spin
[INFO] [1786028627.313262578] [behavior_server]: Turning 1.57 for spin behavior.
[WARN] [1786028637.313428976] [behavior_server]: Exceeded time allowance before reaching the Spin goal - Exiting Spin
[WARN] [1786028637.313500328] [behavior_server]: spin failed
[WARN] [1786028637.313524569] [behavior_server]: [spin] [ActionServer] Aborting handle.
[INFO] [1786028637.333236178] [behavior_server]: Running wait
[INFO] [1786028642.333506424] [behavior_server]: wait completed successfully
[INFO] [1786028643.450084476] [behavior_server]: Running backup
[WARN] [1786028653.450408578] [behavior_server]: Exceeded time allowance before reaching the DriveOnHeading goal - Exiting DriveOnHeading
[WARN] [1786028653.450474301] [behavior_server]: backup failed
[WARN] [1786028653.450498486] [behavior_server]: [backup] [ActionServer] Aborting handle.
[INFO] [1786028653.464134376] [behavior_server]: Running spin
[INFO] [1786028653.464257803] [behavior_server]: Turning 1.57 for spin behavior.
[WARN] [1786028663.466697953] [behavior_server]: Exceeded time allowance before reaching the Spin goal - Exiting Spin
[WARN] [1786028663.466787195] [behavior_server]: spin failed
[WARN] [1786028663.466870788] [behavior_server]: [spin] [ActionServer] Aborting handle.
[INFO] [1786028663.486882269] [behavior_server]: Running wait
[INFO] [1786028668.487195533] [behavior_server]: wait completed successfully
[INFO] [1786028669.081197738] [behavior_server]: Running backup
[WARN] [1786028679.081459969] [behavior_server]: Exceeded time allowance before reaching the DriveOnHeading goal - Exiting DriveOnHeading
[WARN] [1786028679.081526748] [behavior_server]: backup failed
[WARN] [1786028679.081548340] [behavior_server]: [backup] [ActionServer] Aborting handle.
[INFO] [1786028679.095843993] [behavior_server]: Running spin
[INFO] [1786028679.095980809] [behavior_server]: Turning 1.57 for spin behavior.
[WARN] [1786028689.096183429] [behavior_server]: Exceeded time allowance before reaching the Spin goal - Exiting Spin
[WARN] [1786028689.096244651] [behavior_server]: spin failed
[WARN] [1786028689.096265022] [behavior_server]: [spin] [ActionServer] Aborting handle.
[INFO] [1786028689.115385201] [behavior_server]: Running wait
[INFO] [1786028694.115645040] [behavior_server]: wait completed successfully
[INFO] [1786028695.233477395] [behavior_server]: Running backup
[WARN] [1786028705.233787793] [behavior_server]: Exceeded time allowance before reaching the DriveOnHeading goal - Exiting DriveOnHeading
[WARN] [1786028705.233851164] [behavior_server]: backup failed
[WARN] [1786028705.233873683] [behavior_server]: [backup] [ActionServer] Aborting handle.
[INFO] [1786028705.249305731] [behavior_server]: Running spin
[INFO] [1786028705.249461658] [behavior_server]: Turning 1.57 for spin behavior.
[WARN] [1786028715.291275156] [behavior_server]: Exceeded time allowance before reaching the Spin goal - Exiting Spin
[WARN] [1786028715.291344415] [behavior_server]: spin failed
[WARN] [1786028715.291370341] [behavior_server]: [spin] [ActionServer] Aborting handle.
[INFO] [1786028715.311094172] [behavior_server]: Running wait
[INFO] [1786028720.311361826] [behavior_server]: wait completed successfully
[INFO] [1786028721.423941300] [behavior_server]: Running backup
[WARN] [1786028731.424245624] [behavior_server]: Exceeded time allowance before reaching the DriveOnHeading goal - Exiting DriveOnHeading
[WARN] [1786028731.424313588] [behavior_server]: backup failed
[WARN] [1786028731.424336458] [behavior_server]: [backup] [ActionServer] Aborting handle.
[INFO] [1786028731.440986494] [behavior_server]: Running spin
[INFO] [1786028731.441340552] [behavior_server]: Turning 1.57 for spin behavior.
[WARN] [1786028741.441506950] [behavior_server]: Exceeded time allowance before reaching the Spin goal - Exiting Spin
[WARN] [1786028741.441568820] [behavior_server]: spin failed
[WARN] [1786028741.441591543] [behavior_server]: [spin] [ActionServer] Aborting handle.
[INFO] [1786028741.460855686] [behavior_server]: Running wait
[INFO] [1786028746.461685972] [behavior_server]: wait completed successfully
[INFO] [1786028747.575939770] [behavior_server]: Running backup
[WARN] [1786028757.585026939] [behavior_server]: Exceeded time allowance before reaching the DriveOnHeading goal - Exiting DriveOnHeading
[WARN] [1786028757.585112736] [behavior_server]: backup failed
[WARN] [1786028757.585138533] [behavior_server]: [backup] [ActionServer] Aborting handle.
[INFO] [1786028757.617560804] [behavior_server]: Running spin
[INFO] [1786028757.617694416] [behavior_server]: Turning 1.57 for spin behavior.
[WARN] [1786028767.617889240] [behavior_server]: Exceeded time allowance before reaching the Spin goal - Exiting Spin
[WARN] [1786028767.617947592] [behavior_server]: spin failed
[WARN] [1786028767.617972666] [behavior_server]: [spin] [ActionServer] Aborting handle.
[INFO] [1786028767.634915815] [behavior_server]: Running wait
[INFO] [1786028772.635555008] [behavior_server]: wait completed successfully
[INFO] [1786028773.747715276] [behavior_server]: Running backup
[WARN] [1786028783.748590980] [behavior_server]: Exceeded time allowance before reaching the DriveOnHeading goal - Exiting DriveOnHeading
[WARN] [1786028783.748673239] [behavior_server]: backup failed
[WARN] [1786028783.748698814] [behavior_server]: [backup] [ActionServer] Aborting handle.
[INFO] [1786028783.764209103] [behavior_server]: Running spin
[INFO] [1786028783.764333529] [behavior_server]: Turning 1.57 for spin behavior.
[WARN] [1786028793.764581115] [behavior_server]: Exceeded time allowance before reaching the Spin goal - Exiting Spin
[WARN] [1786028793.764691023] [behavior_server]: spin failed
[WARN] [1786028793.764720819] [behavior_server]: [spin] [ActionServer] Aborting handle.
[INFO] [1786028793.774794338] [behavior_server]: Running wait
[INFO] [1786028798.775397930] [behavior_server]: wait completed successfully
[INFO] [1786028799.079982500] [behavior_server]: Running backup
[WARN] [1786028809.080277994] [behavior_server]: Exceeded time allowance before reaching the DriveOnHeading goal - Exiting DriveOnHeading
[WARN] [1786028809.080335975] [behavior_server]: backup failed
[WARN] [1786028809.080354272] [behavior_server]: [backup] [ActionServer] Aborting handle.
[INFO] [1786028809.096813603] [behavior_server]: Running spin
[INFO] [1786028809.096947011] [behavior_server]: Turning 1.57 for spin behavior.
[WARN] [1786028819.097136708] [behavior_server]: Exceeded time allowance before reaching the Spin goal - Exiting Spin
[WARN] [1786028819.097200208] [behavior_server]: spin failed
[WARN] [1786028819.097224171] [behavior_server]: [spin] [ActionServer] Aborting handle.
[INFO] [1786028819.108131194] [behavior_server]: Running wait
[INFO] [1786028824.108386654] [behavior_server]: wait completed successfully
[INFO] [1786028825.221151798] [behavior_server]: Running backup
[WARN] [1786028835.221414088] [behavior_server]: Exceeded time allowance before reaching the DriveOnHeading goal - Exiting DriveOnHeading
[WARN] [1786028835.221477773] [behavior_server]: backup failed
[WARN] [1786028835.221503218] [behavior_server]: [backup] [ActionServer] Aborting handle.
[INFO] [1786028835.238149606] [behavior_server]: Running spin
[INFO] [1786028835.238307866] [behavior_server]: Turning 1.57 for spin behavior.
[WARN] [1786028845.238493822] [behavior_server]: Exceeded time allowance before reaching the Spin goal - Exiting Spin
[WARN] [1786028845.238557748] [behavior_server]: spin failed
[WARN] [1786028845.238579785] [behavior_server]: [spin] [ActionServer] Aborting handle.
[INFO] [1786028845.258529636] [behavior_server]: Running wait
[INFO] [1786028850.258786726] [behavior_server]: wait completed successfully
[INFO] [1786028851.402932617] [behavior_server]: Running backup
[WARN] [1786028861.403230962] [behavior_server]: Exceeded time allowance before reaching the DriveOnHeading goal - Exiting DriveOnHeading
[WARN] [1786028861.403290944] [behavior_server]: backup failed
[WARN] [1786028861.403313518] [behavior_server]: [backup] [ActionServer] Aborting handle.
[INFO] [1786028861.418365972] [behavior_server]: Running spin
[INFO] [1786028861.418501324] [behavior_server]: Turning 1.57 for spin behavior.
[WARN] [1786028871.418675909] [behavior_server]: Exceeded time allowance before reaching the Spin goal - Exiting Spin
[WARN] [1786028871.418740113] [behavior_server]: spin failed
[WARN] [1786028871.418766762] [behavior_server]: [spin] [ActionServer] Aborting handle.
[INFO] [1786028871.438426648] [behavior_server]: Running wait
[INFO] [1786028876.438696701] [behavior_server]: wait completed successfully
[INFO] [1786028880.952067473] [behavior_server]: Running backup
[WARN] [1786028890.952395670] [behavior_server]: Exceeded time allowance before reaching the DriveOnHeading goal - Exiting DriveOnHeading
[WARN] [1786028890.952488763] [behavior_server]: backup failed
[WARN] [1786028890.952515578] [behavior_server]: [backup] [ActionServer] Aborting handle.
[INFO] [1786028890.967026213] [behavior_server]: Running spin
[INFO] [1786028890.967181603] [behavior_server]: Turning 1.57 for spin behavior.
[WARN] [1786028900.967432115] [behavior_server]: Exceeded time allowance before reaching the Spin goal - Exiting Spin
[WARN] [1786028900.967494689] [behavior_server]: spin failed
[WARN] [1786028900.967517374] [behavior_server]: [spin] [ActionServer] Aborting handle.
[INFO] [1786028900.985854753] [behavior_server]: Running wait
[INFO] [1786028905.986117288] [behavior_server]: wait completed successfully
[INFO] [1786028907.096574437] [behavior_server]: Running backup
[WARN] [1786028917.096885949] [behavior_server]: Exceeded time allowance before reaching the DriveOnHeading goal - Exiting DriveOnHeading
[WARN] [1786028917.096981616] [behavior_server]: backup failed
[WARN] [1786028917.097002487] [behavior_server]: [backup] [ActionServer] Aborting handle.
[INFO] [1786028917.112823111] [behavior_server]: Running spin
[INFO] [1786028917.112981964] [behavior_server]: Turning 1.57 for spin behavior.
[WARN] [1786028927.113171679] [behavior_server]: Exceeded time allowance before reaching the Spin goal - Exiting Spin
[WARN] [1786028927.113237031] [behavior_server]: spin failed
[WARN] [1786028927.113260346] [behavior_server]: [spin] [ActionServer] Aborting handle.
[INFO] [1786028927.132906640] [behavior_server]: Running wait
[INFO] [1786028932.133177489] [behavior_server]: wait completed successfully
[INFO] [1786028932.392384142] [behavior_server]: Running backup
[WARN] [1786028942.485560556] [behavior_server]: Exceeded time allowance before reaching the DriveOnHeading goal - Exiting DriveOnHeading
[WARN] [1786028942.485634000] [behavior_server]: backup failed
[WARN] [1786028942.485656464] [behavior_server]: [backup] [ActionServer] Aborting handle.
[INFO] [1786028942.501134882] [behavior_server]: Running spin
[INFO] [1786028942.501370754] [behavior_server]: Turning 1.57 for spin behavior.
[WARN] [1786028952.501581987] [behavior_server]: Exceeded time allowance before reaching the Spin goal - Exiting Spin
[WARN] [1786028952.501637729] [behavior_server]: spin failed
[WARN] [1786028952.501658229] [behavior_server]: [spin] [ActionServer] Aborting handle.
[INFO] [1786028952.521928155] [behavior_server]: Running wait
[INFO] [1786028957.522135782] [behavior_server]: wait completed successfully
[INFO] [1786028958.634211311] [behavior_server]: Running backup
[WARN] [1786028968.634516138] [behavior_server]: Exceeded time allowance before reaching the DriveOnHeading goal - Exiting DriveOnHeading
[WARN] [1786028968.634630286] [behavior_server]: backup failed
[WARN] [1786028968.634665768] [behavior_server]: [backup] [ActionServer] Aborting handle.
[INFO] [1786028968.646692205] [behavior_server]: Running spin
[INFO] [1786028968.646837502] [behavior_server]: Turning 1.57 for spin behavior.
[WARN] [1786028978.647149884] [behavior_server]: Exceeded time allowance before reaching the Spin goal - Exiting Spin
[WARN] [1786028978.647226181] [behavior_server]: spin failed
[WARN] [1786028978.647257366] [behavior_server]: [spin] [ActionServer] Aborting handle.
[INFO] [1786028978.666797733] [behavior_server]: Running wait
[INFO] [1786028983.667040138] [behavior_server]: wait completed successfully
[INFO] [1786028984.779291834] [behavior_server]: Running backup
[WARN] [1786028994.871793448] [behavior_server]: Exceeded time allowance before reaching the DriveOnHeading goal - Exiting DriveOnHeading
[WARN] [1786028994.871861207] [behavior_server]: backup failed
[WARN] [1786028994.871882393] [behavior_server]: [backup] [ActionServer] Aborting handle.
[INFO] [1786028994.887394701] [behavior_server]: Running spin
[INFO] [1786028994.887515053] [behavior_server]: Turning 1.57 for spin behavior.
[WARN] [1786029004.887697823] [behavior_server]: Exceeded time allowance before reaching the Spin goal - Exiting Spin
[WARN] [1786029004.887766935] [behavior_server]: spin failed
[WARN] [1786029004.887789472] [behavior_server]: [spin] [ActionServer] Aborting handle.
[INFO] [1786029004.899791816] [behavior_server]: Running wait
[INFO] [1786029009.900117036] [behavior_server]: wait completed successfully
[INFO] [1786029011.012124046] [behavior_server]: Running backup
[WARN] [1786029021.012391243] [behavior_server]: Exceeded time allowance before reaching the DriveOnHeading goal - Exiting DriveOnHeading
[WARN] [1786029021.012451688] [behavior_server]: backup failed
[WARN] [1786029021.012473169] [behavior_server]: [backup] [ActionServer] Aborting handle.
[INFO] [1786029021.030716029] [behavior_server]: Running spin
[INFO] [1786029021.030844345] [behavior_server]: Turning 1.57 for spin behavior.
[WARN] [1786029031.031444691] [behavior_server]: Exceeded time allowance before reaching the Spin goal - Exiting Spin
[WARN] [1786029031.031784230] [behavior_server]: spin failed
[WARN] [1786029031.032277141] [behavior_server]: [spin] [ActionServer] Aborting handle.
[INFO] [1786029031.050460093] [behavior_server]: Running wait
[INFO] [1786029036.053193493] [behavior_server]: wait completed successfully
[INFO] [1786029037.178537928] [behavior_server]: Running backup
[WARN] [1786029047.178859940] [behavior_server]: Exceeded time allowance before reaching the DriveOnHeading goal - Exiting DriveOnHeading
[WARN] [1786029047.178972422] [behavior_server]: backup failed
[WARN] [1786029047.179046960] [behavior_server]: [backup] [ActionServer] Aborting handle.
[INFO] [1786029047.192161828] [behavior_server]: Running spin
[INFO] [1786029047.192327385] [behavior_server]: Turning 1.57 for spin behavior.
[WARN] [1786029057.192514525] [behavior_server]: Exceeded time allowance before reaching the Spin goal - Exiting Spin
[WARN] [1786029057.192576581] [behavior_server]: spin failed
[WARN] [1786029057.192600100] [behavior_server]: [spin] [ActionServer] Aborting handle.
[INFO] [1786029057.211695020] [behavior_server]: Running wait
[INFO] [1786029062.211935591] [behavior_server]: wait completed successfully
[INFO] [1786029063.325473388] [behavior_server]: Running backup
[WARN] [1786029073.325777751] [behavior_server]: Exceeded time allowance before reaching the DriveOnHeading goal - Exiting DriveOnHeading
[WARN] [1786029073.325849585] [behavior_server]: backup failed
[WARN] [1786029073.325875308] [behavior_server]: [backup] [ActionServer] Aborting handle.
[INFO] [1786029073.341621006] [behavior_server]: Running spin
[INFO] [1786029073.341762784] [behavior_server]: Turning 1.57 for spin behavior.
[WARN] [1786029083.344932756] [behavior_server]: Exceeded time allowance before reaching the Spin goal - Exiting Spin
[WARN] [1786029083.344983905] [behavior_server]: spin failed
[WARN] [1786029083.345002868] [behavior_server]: [spin] [ActionServer] Aborting handle.
[INFO] [1786029083.368873111] [behavior_server]: Running wait
[INFO] [1786029088.369520851] [behavior_server]: wait completed successfully
[INFO] [1786029089.067513334] [behavior_server]: Running backup
[WARN] [1786029099.067805901] [behavior_server]: Exceeded time allowance before reaching the DriveOnHeading goal - Exiting DriveOnHeading
[WARN] [1786029099.067868920] [behavior_server]: backup failed
[WARN] [1786029099.067890606] [behavior_server]: [backup] [ActionServer] Aborting handle.
[INFO] [1786029099.084358659] [behavior_server]: Running spin
[INFO] [1786029099.084489290] [behavior_server]: Turning 1.57 for spin behavior.
[WARN] [1786029109.084658708] [behavior_server]: Exceeded time allowance before reaching the Spin goal - Exiting Spin
[WARN] [1786029109.084733635] [behavior_server]: spin failed
[WARN] [1786029109.084758579] [behavior_server]: [spin] [ActionServer] Aborting handle.
[INFO] [1786029109.104213613] [behavior_server]: Running wait
[INFO] [1786029114.104463850] [behavior_server]: wait completed successfully
[INFO] [1786029115.220809310] [behavior_server]: Running backup
[WARN] [1786029125.221114341] [behavior_server]: Exceeded time allowance before reaching the DriveOnHeading goal - Exiting DriveOnHeading
[WARN] [1786029125.221190119] [behavior_server]: backup failed
[WARN] [1786029125.221213267] [behavior_server]: [backup] [ActionServer] Aborting handle.
[INFO] [1786029125.237796451] [behavior_server]: Running spin
[INFO] [1786029125.237918730] [behavior_server]: Turning 1.57 for spin behavior.
[WARN] [1786029135.238135500] [behavior_server]: Exceeded time allowance before reaching the Spin goal - Exiting Spin
[WARN] [1786029135.238214279] [behavior_server]: spin failed
[WARN] [1786029135.238236964] [behavior_server]: [spin] [ActionServer] Aborting handle.
[INFO] [1786029135.251563537] [behavior_server]: Running wait
[INFO] [1786029140.251829887] [behavior_server]: wait completed successfully
[INFO] [1786029144.891354429] [behavior_server]: Running backup
[WARN] [1786029154.891639663] [behavior_server]: Exceeded time allowance before reaching the DriveOnHeading goal - Exiting DriveOnHeading
[WARN] [1786029154.891715441] [behavior_server]: backup failed
[WARN] [1786029154.891740812] [behavior_server]: [backup] [ActionServer] Aborting handle.
[INFO] [1786029154.907587844] [behavior_server]: Running spin
[INFO] [1786029154.907724529] [behavior_server]: Turning 1.57 for spin behavior.
[WARN] [1786029164.907916837] [behavior_server]: Exceeded time allowance before reaching the Spin goal - Exiting Spin
[WARN] [1786029164.908008041] [behavior_server]: spin failed
[WARN] [1786029164.908034375] [behavior_server]: [spin] [ActionServer] Aborting handle.
[INFO] [1786029164.930519999] [behavior_server]: Running wait
[INFO] [1786029169.930901534] [behavior_server]: wait completed successfully
[INFO] [1786029171.040539531] [behavior_server]: Running backup
[WARN] [1786029181.040822061] [behavior_server]: Exceeded time allowance before reaching the DriveOnHeading goal - Exiting DriveOnHeading
[WARN] [1786029181.040886543] [behavior_server]: backup failed
[WARN] [1786029181.040909080] [behavior_server]: [backup] [ActionServer] Aborting handle.
[INFO] [1786029181.057603042] [behavior_server]: Running spin
[INFO] [1786029181.057734265] [behavior_server]: Turning 1.57 for spin behavior.
[WARN] [1786029191.059092190] [behavior_server]: Exceeded time allowance before reaching the Spin goal - Exiting Spin
[WARN] [1786029191.059174765] [behavior_server]: spin failed
[WARN] [1786029191.059202895] [behavior_server]: [spin] [ActionServer] Aborting handle.
[INFO] [1786029191.077659534] [behavior_server]: Running wait
[INFO] [1786029196.077892753] [behavior_server]: wait completed successfully
[INFO] [1786029197.190892676] [behavior_server]: Running backup
[WARN] [1786029207.191185947] [behavior_server]: Exceeded time allowance before reaching the DriveOnHeading goal - Exiting DriveOnHeading
[WARN] [1786029207.191248225] [behavior_server]: backup failed
[WARN] [1786029207.191272466] [behavior_server]: [backup] [ActionServer] Aborting handle.
[INFO] [1786029207.207595149] [behavior_server]: Running spin
[INFO] [1786029207.207734242] [behavior_server]: Turning 1.57 for spin behavior.
[WARN] [1786029217.207922716] [behavior_server]: Exceeded time allowance before reaching the Spin goal - Exiting Spin
[WARN] [1786029217.207988142] [behavior_server]: spin failed
[WARN] [1786029217.208013605] [behavior_server]: [spin] [ActionServer] Aborting handle.
[INFO] [1786029217.228881924] [behavior_server]: Running wait
[INFO] [1786029222.229212014] [behavior_server]: wait completed successfully
[INFO] [1786029223.361787601] [behavior_server]: Running backup
[WARN] [1786029233.368561408] [behavior_server]: Exceeded time allowance before reaching the DriveOnHeading goal - Exiting DriveOnHeading
[WARN] [1786029233.368629242] [behavior_server]: backup failed
[WARN] [1786029233.368651686] [behavior_server]: [backup] [ActionServer] Aborting handle.
[INFO] [1786029233.387115381] [behavior_server]: Running spin
[INFO] [1786029233.387264030] [behavior_server]: Turning 1.57 for spin behavior.
[WARN] [1786029243.387436911] [behavior_server]: Exceeded time allowance before reaching the Spin goal - Exiting Spin
[WARN] [1786029243.387497337] [behavior_server]: spin failed
[WARN] [1786029243.387519337] [behavior_server]: [spin] [ActionServer] Aborting handle.
[INFO] [1786029243.402087918] [behavior_server]: Running wait
[INFO] [1786029248.402391508] [behavior_server]: wait completed successfully
[INFO] [1786029249.057678126] [behavior_server]: Running backup
[WARN] [1786029259.057949915] [behavior_server]: Exceeded time allowance before reaching the DriveOnHeading goal - Exiting DriveOnHeading
[WARN] [1786029259.058062972] [behavior_server]: backup failed
[WARN] [1786029259.058088175] [behavior_server]: [backup] [ActionServer] Aborting handle.
[INFO] [1786029259.074803268] [behavior_server]: Running spin
[INFO] [1786029259.074928083] [behavior_server]: Turning 1.57 for spin behavior.
[WARN] [1786029269.075337096] [behavior_server]: Exceeded time allowance before reaching the Spin goal - Exiting Spin
[WARN] [1786029269.075417374] [behavior_server]: spin failed
[WARN] [1786029269.075443170] [behavior_server]: [spin] [ActionServer] Aborting handle.
[INFO] [1786029269.096836936] [behavior_server]: Running wait
[INFO] [1786029274.152771223] [behavior_server]: wait completed successfully
[INFO] [1786029275.271605400] [behavior_server]: Running backup
[WARN] [1786029285.271900264] [behavior_server]: Exceeded time allowance before reaching the DriveOnHeading goal - Exiting DriveOnHeading
[WARN] [1786029285.271968579] [behavior_server]: backup failed
[WARN] [1786029285.271991190] [behavior_server]: [backup] [ActionServer] Aborting handle.
[INFO] [1786029285.285862081] [behavior_server]: Running spin
[INFO] [1786029285.286006897] [behavior_server]: Turning 1.57 for spin behavior.
[WARN] [1786029295.286213205] [behavior_server]: Exceeded time allowance before reaching the Spin goal - Exiting Spin
[WARN] [1786029295.286279112] [behavior_server]: spin failed
[WARN] [1786029295.286300427] [behavior_server]: [spin] [ActionServer] Aborting handle.
[INFO] [1786029295.305892758] [behavior_server]: Running wait
[INFO] [1786029300.306132421] [behavior_server]: wait completed successfully
[INFO] [1786029301.432091268] [behavior_server]: Running backup
[WARN] [1786029311.432394965] [behavior_server]: Exceeded time allowance before reaching the DriveOnHeading goal - Exiting DriveOnHeading
[WARN] [1786029311.432465447] [behavior_server]: backup failed
[WARN] [1786029311.432488947] [behavior_server]: [backup] [ActionServer] Aborting handle.
[INFO] [1786029311.446145911] [behavior_server]: Running spin
[INFO] [1786029311.446984619] [behavior_server]: Turning 1.57 for spin behavior.
[WARN] [1786029321.447239686] [behavior_server]: Exceeded time allowance before reaching the Spin goal - Exiting Spin
[WARN] [1786029321.447316187] [behavior_server]: spin failed
[WARN] [1786029321.447340780] [behavior_server]: [spin] [ActionServer] Aborting handle.
[INFO] [1786029321.462183510] [behavior_server]: Running wait
[INFO] [1786029326.462513637] [behavior_server]: wait completed successfully
[INFO] [1786029327.576605399] [behavior_server]: Running backup
[WARN] [1786029337.576928300] [behavior_server]: Exceeded time allowance before reaching the DriveOnHeading goal - Exiting DriveOnHeading
[WARN] [1786029337.576991263] [behavior_server]: backup failed
[WARN] [1786029337.577011412] [behavior_server]: [backup] [ActionServer] Aborting handle.
[INFO] [1786029337.595575107] [behavior_server]: Running spin
[INFO] [1786029337.595708274] [behavior_server]: Turning 1.57 for spin behavior.
[WARN] [1786029347.596080212] [behavior_server]: Exceeded time allowance before reaching the Spin goal - Exiting Spin
[WARN] [1786029347.596146787] [behavior_server]: spin failed
[WARN] [1786029347.596172379] [behavior_server]: [spin] [ActionServer] Aborting handle.
[INFO] [1786029347.614787519] [behavior_server]: Running wait
[INFO] [1786029352.615078813] [behavior_server]: wait completed successfully
[INFO] [1786029353.730485823] [behavior_server]: Running backup
[WARN] [1786029363.730861687] [behavior_server]: Exceeded time allowance before reaching the DriveOnHeading goal - Exiting DriveOnHeading
[WARN] [1786029363.730934910] [behavior_server]: backup failed
[WARN] [1786029363.730954373] [behavior_server]: [backup] [ActionServer] Aborting handle.
[INFO] [1786029363.745157933] [behavior_server]: Running spin
[INFO] [1786029363.745303748] [behavior_server]: Turning 1.57 for spin behavior.
[WARN] [1786029373.837387452] [behavior_server]: Exceeded time allowance before reaching the Spin goal - Exiting Spin
[WARN] [1786029373.837483878] [behavior_server]: spin failed
[WARN] [1786029373.837517675] [behavior_server]: [spin] [ActionServer] Aborting handle.
[INFO] [1786029373.852406461] [behavior_server]: Running wait
[INFO] [1786029378.852613939] [behavior_server]: wait completed successfully
[INFO] [1786029379.055520800] [behavior_server]: Running backup
[WARN] [1786029389.055859757] [behavior_server]: Exceeded time allowance before reaching the DriveOnHeading goal - Exiting DriveOnHeading
[WARN] [1786029389.055938961] [behavior_server]: backup failed
[WARN] [1786029389.055963202] [behavior_server]: [backup] [ActionServer] Aborting handle.
[INFO] [1786029389.075865108] [behavior_server]: Running spin
[INFO] [1786029389.076008738] [behavior_server]: Turning 1.57 for spin behavior.
[WARN] [1786029399.076160712] [behavior_server]: Exceeded time allowance before reaching the Spin goal - Exiting Spin
[WARN] [1786029399.076232064] [behavior_server]: spin failed
[WARN] [1786029399.076260861] [behavior_server]: [spin] [ActionServer] Aborting handle.
[INFO] [1786029399.096747363] [behavior_server]: Running wait
[INFO] [1786029404.097023379] [behavior_server]: wait completed successfully
[INFO] [1786029408.886535694] [behavior_server]: Running backup
[WARN] [1786029418.886851817] [behavior_server]: Exceeded time allowance before reaching the DriveOnHeading goal - Exiting DriveOnHeading
[WARN] [1786029418.886997836] [behavior_server]: backup failed
[WARN] [1786029418.887030818] [behavior_server]: [backup] [ActionServer] Aborting handle.
[INFO] [1786029418.906223776] [behavior_server]: Running spin
[INFO] [1786029418.906415295] [behavior_server]: Turning 1.57 for spin behavior.
[WARN] [1786029428.906657232] [behavior_server]: Exceeded time allowance before reaching the Spin goal - Exiting Spin
[WARN] [1786029428.906719233] [behavior_server]: spin failed
[WARN] [1786029428.906743122] [behavior_server]: [spin] [ActionServer] Aborting handle.
[INFO] [1786029428.924879315] [behavior_server]: Running wait
[INFO] [1786029433.925136460] [behavior_server]: wait completed successfully
[INFO] [1786029435.029458354] [behavior_server]: Running backup
