[INFO] [1785992709.897474454] [collision_monitor]: 
	collision_monitor lifecycle node launched. 
	Waiting on external lifecycle transitions to activate
	See https://design.ros2.org/articles/node_lifecycle.html for more information.
[INFO] [1785992711.814717491] [collision_monitor]: Configuring
[INFO] [1785992711.845975009] [collision_monitor]: [scan]: Creating Scan
[INFO] [1785992711.859389062] [collision_monitor]: [FootprintApproach]: Creating Polygon
[INFO] [1785992711.860268641] [collision_monitor]: [FootprintApproach]: Polygon points are not defined. Using dynamic subscription instead.
[INFO] [1785992711.870824753] [collision_monitor]: [FootprintApproach]: Making footprint subscriber on /local_costmap/published_footprint topic
[INFO] [1785992718.717909230] [collision_monitor]: Activating
[INFO] [1785992718.717974046] [collision_monitor]: Creating bond (collision_monitor) to lifecycle manager.
[WARN] [1785993791.100212751] [collision_monitor]: [scan]: Latest source and current collision monitor node timestamps differ on 230.187551 seconds. Ignoring the source.
[WARN] [1785993791.100310918] [collision_monitor]: Robot to stop due to invalid source. Either due to data not published yet, or to lack of new data received within the sensor timeout, or if impossible to transform data to base frame
[WARN] [1785993791.150254349] [collision_monitor]: [scan]: Latest source and current collision monitor node timestamps differ on 230.237593 seconds. Ignoring the source.
[WARN] [1785993791.200448745] [collision_monitor]: [scan]: Latest source and current collision monitor node timestamps differ on 230.287787 seconds. Ignoring the source.
[WARN] [1785993791.250233453] [collision_monitor]: [scan]: Latest source and current collision monitor node timestamps differ on 230.337572 seconds. Ignoring the source.
[WARN] [1785993791.300198385] [collision_monitor]: [scan]: Latest source and current collision monitor node timestamps differ on 230.387537 seconds. Ignoring the source.
[WARN] [1785993791.350232816] [collision_monitor]: [scan]: Latest source and current collision monitor node timestamps differ on 230.437572 seconds. Ignoring the source.
[WARN] [1785993791.400271267] [collision_monitor]: [scan]: Latest source and current collision monitor node timestamps differ on 230.487580 seconds. Ignoring the source.
[WARN] [1785993791.450197846] [collision_monitor]: [scan]: Latest source and current collision monitor node timestamps differ on 230.537536 seconds. Ignoring the source.
[WARN] [1785993791.500202778] [collision_monitor]: [scan]: Latest source and current collision monitor node timestamps differ on 230.587542 seconds. Ignoring the source.
[WARN] [1785993791.550220524] [collision_monitor]: [scan]: Latest source and current collision monitor node timestamps differ on 230.637560 seconds. Ignoring the source.
[WARN] [1785993791.600245178] [collision_monitor]: [scan]: Latest source and current collision monitor node timestamps differ on 230.687582 seconds. Ignoring the source.
[WARN] [1785993791.650215054] [collision_monitor]: [scan]: Latest source and current collision monitor node timestamps differ on 230.737554 seconds. Ignoring the source.
[WARN] [1785993791.700359986] [collision_monitor]: [scan]: Latest source and current collision monitor node timestamps differ on 230.787698 seconds. Ignoring the source.
[WARN] [1785993791.750227325] [collision_monitor]: [scan]: Latest source and current collision monitor node timestamps differ on 230.837566 seconds. Ignoring the source.
[WARN] [1785993791.800281293] [collision_monitor]: [scan]: Latest source and current collision monitor node timestamps differ on 230.887619 seconds. Ignoring the source.
[WARN] [1785993791.850187762] [collision_monitor]: [scan]: Latest source and current collision monitor node timestamps differ on 230.937527 seconds. Ignoring the source.
[WARN] [1785993791.900150323] [collision_monitor]: [scan]: Latest source and current collision monitor node timestamps differ on 230.987489 seconds. Ignoring the source.
[WARN] [1785993791.950209051] [collision_monitor]: [scan]: Latest source and current collision monitor node timestamps differ on 231.037548 seconds. Ignoring the source.
[WARN] [1785993792.000203630] [collision_monitor]: [scan]: Latest source and current collision monitor node timestamps differ on 231.087542 seconds. Ignoring the source.
[WARN] [1785993792.050199025] [collision_monitor]: [scan]: Latest source and current collision monitor node timestamps differ on 231.137538 seconds. Ignoring the source.
[WARN] [1785993792.101914132] [collision_monitor]: [scan]: Latest source and current collision monitor node timestamps differ on 231.189252 seconds. Ignoring the source.
[WARN] [1785993792.150841299] [collision_monitor]: [scan]: Latest source and current collision monitor node timestamps differ on 231.238180 seconds. Ignoring the source.
[WARN] [1785993792.200251542] [collision_monitor]: [scan]: Latest source and current collision monitor node timestamps differ on 231.287589 seconds. Ignoring the source.
[WARN] [1785993792.250203677] [collision_monitor]: [scan]: Latest source and current collision monitor node timestamps differ on 231.337543 seconds. Ignoring the source.
[WARN] [1785993792.300193405] [collision_monitor]: [scan]: Latest source and current collision monitor node timestamps differ on 231.387532 seconds. Ignoring the source.
[WARN] [1785993792.350224744] [collision_monitor]: [scan]: Latest source and current collision monitor node timestamps differ on 231.437563 seconds. Ignoring the source.
[WARN] [1785993792.400239880] [collision_monitor]: [scan]: Latest source and current collision monitor node timestamps differ on 231.487578 seconds. Ignoring the source.
[WARN] [1785993792.450579424] [collision_monitor]: [scan]: Latest source and current collision monitor node timestamps differ on 231.537918 seconds. Ignoring the source.
[WARN] [1785993792.500231483] [collision_monitor]: [scan]: Latest source and current collision monitor node timestamps differ on 231.587569 seconds. Ignoring the source.
[WARN] [1785993792.550214619] [collision_monitor]: [scan]: Latest source and current collision monitor node timestamps differ on 231.637554 seconds. Ignoring the source.
[WARN] [1785993792.600225902] [collision_monitor]: [scan]: Latest source and current collision monitor node timestamps differ on 231.687564 seconds. Ignoring the source.
[WARN] [1785993792.650195889] [collision_monitor]: [scan]: Latest source and current collision monitor node timestamps differ on 231.737535 seconds. Ignoring the source.
[WARN] [1785993792.700182043] [collision_monitor]: [scan]: Latest source and current collision monitor node timestamps differ on 231.787521 seconds. Ignoring the source.
[WARN] [1785993792.750208826] [collision_monitor]: [scan]: Latest source and current collision monitor node timestamps differ on 231.837547 seconds. Ignoring the source.
[WARN] [1785993792.800279518] [collision_monitor]: [scan]: Latest source and current collision monitor node timestamps differ on 231.887618 seconds. Ignoring the source.
[WARN] [1785993792.850256375] [collision_monitor]: [scan]: Latest source and current collision monitor node timestamps differ on 231.937594 seconds. Ignoring the source.
[WARN] [1785993792.900206380] [collision_monitor]: [scan]: Latest source and current collision monitor node timestamps differ on 231.987545 seconds. Ignoring the source.
[WARN] [1785993792.950213608] [collision_monitor]: [scan]: Latest source and current collision monitor node timestamps differ on 232.037552 seconds. Ignoring the source.
[WARN] [1785993793.000247670] [collision_monitor]: [scan]: Latest source and current collision monitor node timestamps differ on 232.087586 seconds. Ignoring the source.
[WARN] [1785993793.050209046] [collision_monitor]: [scan]: Latest source and current collision monitor node timestamps differ on 232.137547 seconds. Ignoring the source.
[WARN] [1785993793.100462867] [collision_monitor]: [scan]: Latest source and current collision monitor node timestamps differ on 232.187801 seconds. Ignoring the source.
[WARN] [1785993793.150215335] [collision_monitor]: [scan]: Latest source and current collision monitor node timestamps differ on 232.237554 seconds. Ignoring the source.
[WARN] [1785993793.200573213] [collision_monitor]: [scan]: Latest source and current collision monitor node timestamps differ on 232.287910 seconds. Ignoring the source.
[WARN] [1785993793.250234772] [collision_monitor]: [scan]: Latest source and current collision monitor node timestamps differ on 232.337574 seconds. Ignoring the source.
[WARN] [1785993793.300192074] [collision_monitor]: [scan]: Latest source and current collision monitor node timestamps differ on 232.387531 seconds. Ignoring the source.
[WARN] [1785993793.350206691] [collision_monitor]: [scan]: Latest source and current collision monitor node timestamps differ on 232.437546 seconds. Ignoring the source.
[WARN] [1785993793.400188344] [collision_monitor]: [scan]: Latest source and current collision monitor node timestamps differ on 232.487527 seconds. Ignoring the source.
[WARN] [1785993793.450214572] [collision_monitor]: [scan]: Latest source and current collision monitor node timestamps differ on 232.537553 seconds. Ignoring the source.
[WARN] [1785993793.500244412] [collision_monitor]: [scan]: Latest source and current collision monitor node timestamps differ on 232.587582 seconds. Ignoring the source.
[WARN] [1785993793.550204676] [collision_monitor]: [scan]: Latest source and current collision monitor node timestamps differ on 232.637543 seconds. Ignoring the source.
[WARN] [1785993793.600228201] [collision_monitor]: [scan]: Latest source and current collision monitor node timestamps differ on 232.687567 seconds. Ignoring the source.
[WARN] [1785993793.650215114] [collision_monitor]: [scan]: Latest source and current collision monitor node timestamps differ on 232.737554 seconds. Ignoring the source.
[WARN] [1785993793.700656010] [collision_monitor]: [scan]: Latest source and current collision monitor node timestamps differ on 232.787994 seconds. Ignoring the source.
[WARN] [1785993793.750282718] [collision_monitor]: [scan]: Latest source and current collision monitor node timestamps differ on 232.837619 seconds. Ignoring the source.
[WARN] [1785993793.800406335] [collision_monitor]: [scan]: Latest source and current collision monitor node timestamps differ on 232.887744 seconds. Ignoring the source.
[WARN] [1785993793.850203043] [collision_monitor]: [scan]: Latest source and current collision monitor node timestamps differ on 232.937542 seconds. Ignoring the source.
[WARN] [1785993793.901319796] [collision_monitor]: [scan]: Latest source and current collision monitor node timestamps differ on 232.988658 seconds. Ignoring the source.
[WARN] [1785993793.950253962] [collision_monitor]: [scan]: Latest source and current collision monitor node timestamps differ on 233.037590 seconds. Ignoring the source.
[WARN] [1785993794.000640600] [collision_monitor]: [scan]: Latest source and current collision monitor node timestamps differ on 233.087978 seconds. Ignoring the source.
[WARN] [1785993794.050295252] [collision_monitor]: [scan]: Latest source and current collision monitor node timestamps differ on 233.137633 seconds. Ignoring the source.
[WARN] [1785993794.100652185] [collision_monitor]: [scan]: Latest source and current collision monitor node timestamps differ on 233.187989 seconds. Ignoring the source.
[WARN] [1785993794.150268874] [collision_monitor]: [scan]: Latest source and current collision monitor node timestamps differ on 233.237606 seconds. Ignoring the source.
[WARN] [1785993794.201767610] [collision_monitor]: [scan]: Latest source and current collision monitor node timestamps differ on 233.289106 seconds. Ignoring the source.
[WARN] [1785993794.250360145] [collision_monitor]: [scan]: Latest source and current collision monitor node timestamps differ on 233.337697 seconds. Ignoring the source.
[WARN] [1785993794.307705764] [collision_monitor]: [scan]: Latest source and current collision monitor node timestamps differ on 233.395040 seconds. Ignoring the source.
[WARN] [1785993794.350356619] [collision_monitor]: [scan]: Latest source and current collision monitor node timestamps differ on 233.437693 seconds. Ignoring the source.
[WARN] [1785993794.400236402] [collision_monitor]: [scan]: Latest source and current collision monitor node timestamps differ on 233.487575 seconds. Ignoring the source.
[WARN] [1785993794.450197630] [collision_monitor]: [scan]: Latest source and current collision monitor node timestamps differ on 233.537537 seconds. Ignoring the source.
[WARN] [1785993794.501115807] [collision_monitor]: [scan]: Latest source and current collision monitor node timestamps differ on 233.588453 seconds. Ignoring the source.
[WARN] [1785993794.550240752] [collision_monitor]: [scan]: Latest source and current collision monitor node timestamps differ on 233.637580 seconds. Ignoring the source.
[WARN] [1785993794.600214110] [collision_monitor]: [scan]: Latest source and current collision monitor node timestamps differ on 233.687552 seconds. Ignoring the source.
[WARN] [1785993794.650202801] [collision_monitor]: [scan]: Latest source and current collision monitor node timestamps differ on 233.737542 seconds. Ignoring the source.
[WARN] [1785993794.700208899] [collision_monitor]: [scan]: Latest source and current collision monitor node timestamps differ on 233.787547 seconds. Ignoring the source.
[WARN] [1785993794.750211405] [collision_monitor]: [scan]: Latest source and current collision monitor node timestamps differ on 233.837550 seconds. Ignoring the source.
[WARN] [1785993794.800187466] [collision_monitor]: [scan]: Latest source and current collision monitor node timestamps differ on 233.887526 seconds. Ignoring the source.
[WARN] [1785993794.850188619] [collision_monitor]: [scan]: Latest source and current collision monitor node timestamps differ on 233.937527 seconds. Ignoring the source.
[WARN] [1785993794.900228662] [collision_monitor]: [scan]: Latest source and current collision monitor node timestamps differ on 233.987566 seconds. Ignoring the source.
[WARN] [1785993794.950219112] [collision_monitor]: [scan]: Latest source and current collision monitor node timestamps differ on 234.037558 seconds. Ignoring the source.
[WARN] [1785993795.000211840] [collision_monitor]: [scan]: Latest source and current collision monitor node timestamps differ on 234.087550 seconds. Ignoring the source.
[WARN] [1785993795.050210383] [collision_monitor]: [scan]: Latest source and current collision monitor node timestamps differ on 234.137549 seconds. Ignoring the source.
[WARN] [1785993795.100177685] [collision_monitor]: [scan]: Latest source and current collision monitor node timestamps differ on 234.187517 seconds. Ignoring the source.
[WARN] [1785993795.150189153] [collision_monitor]: [scan]: Latest source and current collision monitor node timestamps differ on 234.237528 seconds. Ignoring the source.
[WARN] [1785993795.200210326] [collision_monitor]: [scan]: Latest source and current collision monitor node timestamps differ on 234.287548 seconds. Ignoring the source.
[WARN] [1785993795.250229665] [collision_monitor]: [scan]: Latest source and current collision monitor node timestamps differ on 234.337568 seconds. Ignoring the source.
[WARN] [1785993795.300198689] [collision_monitor]: [scan]: Latest source and current collision monitor node timestamps differ on 234.387537 seconds. Ignoring the source.
[WARN] [1785993795.351935111] [collision_monitor]: [scan]: Latest source and current collision monitor node timestamps differ on 234.439270 seconds. Ignoring the source.
[WARN] [1785993795.400250441] [collision_monitor]: [scan]: Latest source and current collision monitor node timestamps differ on 234.487542 seconds. Ignoring the source.
[WARN] [1785993795.450199724] [collision_monitor]: [scan]: Latest source and current collision monitor node timestamps differ on 234.537539 seconds. Ignoring the source.
[WARN] [1785993795.500195656] [collision_monitor]: [scan]: Latest source and current collision monitor node timestamps differ on 234.587533 seconds. Ignoring the source.
[WARN] [1785993795.550205014] [collision_monitor]: [scan]: Latest source and current collision monitor node timestamps differ on 234.637544 seconds. Ignoring the source.
[WARN] [1785993795.600199223] [collision_monitor]: [scan]: Latest source and current collision monitor node timestamps differ on 234.687538 seconds. Ignoring the source.
[WARN] [1785993795.650199673] [collision_monitor]: [scan]: Latest source and current collision monitor node timestamps differ on 234.737539 seconds. Ignoring the source.
[WARN] [1785993795.700220568] [collision_monitor]: [scan]: Latest source and current collision monitor node timestamps differ on 234.787559 seconds. Ignoring the source.
[WARN] [1785993795.750197462] [collision_monitor]: [scan]: Latest source and current collision monitor node timestamps differ on 234.837536 seconds. Ignoring the source.
[WARN] [1785993795.800186042] [collision_monitor]: [scan]: Latest source and current collision monitor node timestamps differ on 234.887525 seconds. Ignoring the source.
[WARN] [1785993795.850208992] [collision_monitor]: [scan]: Latest source and current collision monitor node timestamps differ on 234.937548 seconds. Ignoring the source.
[WARN] [1785993795.900165738] [collision_monitor]: [scan]: Latest source and current collision monitor node timestamps differ on 234.987505 seconds. Ignoring the source.
[WARN] [1785993795.950205170] [collision_monitor]: [scan]: Latest source and current collision monitor node timestamps differ on 235.037544 seconds. Ignoring the source.
[WARN] [1785993796.000200361] [collision_monitor]: [scan]: Latest source and current collision monitor node timestamps differ on 235.087539 seconds. Ignoring the source.
[WARN] [1785993796.050212366] [collision_monitor]: [scan]: Latest source and current collision monitor node timestamps differ on 235.137551 seconds. Ignoring the source.
[WARN] [1785993796.100220668] [collision_monitor]: [scan]: Latest source and current collision monitor node timestamps differ on 235.187558 seconds. Ignoring the source.
[WARN] [1785993796.150240267] [collision_monitor]: [scan]: Latest source and current collision monitor node timestamps differ on 235.237579 seconds. Ignoring the source.
[WARN] [1785993796.200245124] [collision_monitor]: [scan]: Latest source and current collision monitor node timestamps differ on 235.287583 seconds. Ignoring the source.
[WARN] [1785993796.250187982] [collision_monitor]: [scan]: Latest source and current collision monitor node timestamps differ on 235.337527 seconds. Ignoring the source.
[WARN] [1785993796.300210006] [collision_monitor]: [scan]: Latest source and current collision monitor node timestamps differ on 235.387549 seconds. Ignoring the source.
[WARN] [1785993796.350248234] [collision_monitor]: [scan]: Latest source and current collision monitor node timestamps differ on 235.437586 seconds. Ignoring the source.
[WARN] [1785993796.400209184] [collision_monitor]: [scan]: Latest source and current collision monitor node timestamps differ on 235.487547 seconds. Ignoring the source.
[WARN] [1785993796.460483003] [collision_monitor]: [scan]: Latest source and current collision monitor node timestamps differ on 235.547819 seconds. Ignoring the source.
[WARN] [1785993796.500310085] [collision_monitor]: [scan]: Latest source and current collision monitor node timestamps differ on 235.587648 seconds. Ignoring the source.
[WARN] [1785993796.550180053] [collision_monitor]: [scan]: Latest source and current collision monitor node timestamps differ on 235.637519 seconds. Ignoring the source.
[WARN] [1785993796.600409689] [collision_monitor]: [scan]: Latest source and current collision monitor node timestamps differ on 235.687747 seconds. Ignoring the source.
[WARN] [1785993796.650180064] [collision_monitor]: [scan]: Latest source and current collision monitor node timestamps differ on 235.737519 seconds. Ignoring the source.
[WARN] [1785993796.700432960] [collision_monitor]: [scan]: Latest source and current collision monitor node timestamps differ on 235.787770 seconds. Ignoring the source.
[WARN] [1785993796.750211353] [collision_monitor]: [scan]: Latest source and current collision monitor node timestamps differ on 235.837550 seconds. Ignoring the source.
[WARN] [1785993796.800373730] [collision_monitor]: [scan]: Latest source and current collision monitor node timestamps differ on 235.887711 seconds. Ignoring the source.
[WARN] [1785993796.850178549] [collision_monitor]: [scan]: Latest source and current collision monitor node timestamps differ on 235.937517 seconds. Ignoring the source.
[WARN] [1785993796.900421723] [collision_monitor]: [scan]: Latest source and current collision monitor node timestamps differ on 235.987758 seconds. Ignoring the source.
[WARN] [1785993796.950193894] [collision_monitor]: [scan]: Latest source and current collision monitor node timestamps differ on 236.037533 seconds. Ignoring the source.
[WARN] [1785993797.000412697] [collision_monitor]: [scan]: Latest source and current collision monitor node timestamps differ on 236.087749 seconds. Ignoring the source.
[WARN] [1785993797.050232480] [collision_monitor]: [scan]: Latest source and current collision monitor node timestamps differ on 236.137571 seconds. Ignoring the source.
[WARN] [1785993797.100310801] [collision_monitor]: [scan]: Latest source and current collision monitor node timestamps differ on 236.187649 seconds. Ignoring the source.
[WARN] [1785993797.150192676] [collision_monitor]: [scan]: Latest source and current collision monitor node timestamps differ on 236.237532 seconds. Ignoring the source.
[WARN] [1785993797.200385257] [collision_monitor]: [scan]: Latest source and current collision monitor node timestamps differ on 236.287723 seconds. Ignoring the source.
[WARN] [1785993797.250205817] [collision_monitor]: [scan]: Latest source and current collision monitor node timestamps differ on 236.337545 seconds. Ignoring the source.
[WARN] [1785993797.300420028] [collision_monitor]: [scan]: Latest source and current collision monitor node timestamps differ on 236.387758 seconds. Ignoring the source.
[WARN] [1785993797.350249810] [collision_monitor]: [scan]: Latest source and current collision monitor node timestamps differ on 236.437588 seconds. Ignoring the source.
[WARN] [1785993797.400322057] [collision_monitor]: [scan]: Latest source and current collision monitor node timestamps differ on 236.487657 seconds. Ignoring the source.
[WARN] [1785993797.450192173] [collision_monitor]: [scan]: Latest source and current collision monitor node timestamps differ on 236.537530 seconds. Ignoring the source.
[WARN] [1785993797.525882167] [collision_monitor]: [scan]: Latest source and current collision monitor node timestamps differ on 236.613219 seconds. Ignoring the source.
[WARN] [1785993797.550227999] [collision_monitor]: [scan]: Latest source and current collision monitor node timestamps differ on 236.637567 seconds. Ignoring the source.
[WARN] [1785993797.600499321] [collision_monitor]: [scan]: Latest source and current collision monitor node timestamps differ on 236.687836 seconds. Ignoring the source.
[WARN] [1785993797.650232103] [collision_monitor]: [scan]: Latest source and current collision monitor node timestamps differ on 236.737571 seconds. Ignoring the source.
[WARN] [1785993797.700409536] [collision_monitor]: [scan]: Latest source and current collision monitor node timestamps differ on 236.787747 seconds. Ignoring the source.
[WARN] [1785993797.750207114] [collision_monitor]: [scan]: Latest source and current collision monitor node timestamps differ on 236.837546 seconds. Ignoring the source.
[WARN] [1785993797.800329843] [collision_monitor]: [scan]: Latest source and current collision monitor node timestamps differ on 236.887665 seconds. Ignoring the source.
[WARN] [1785993797.850212126] [collision_monitor]: [scan]: Latest source and current collision monitor node timestamps differ on 236.937550 seconds. Ignoring the source.
[WARN] [1785993797.900226020] [collision_monitor]: [scan]: Latest source and current collision monitor node timestamps differ on 236.987564 seconds. Ignoring the source.
[WARN] [1785993797.950247582] [collision_monitor]: [scan]: Latest source and current collision monitor node timestamps differ on 237.037586 seconds. Ignoring the source.
[WARN] [1785993798.000271106] [collision_monitor]: [scan]: Latest source and current collision monitor node timestamps differ on 237.087608 seconds. Ignoring the source.
[WARN] [1785993798.050205370] [collision_monitor]: [scan]: Latest source and current collision monitor node timestamps differ on 237.137544 seconds. Ignoring the source.
[WARN] [1785993798.100262821] [collision_monitor]: [scan]: Latest source and current collision monitor node timestamps differ on 237.187600 seconds. Ignoring the source.
[WARN] [1785993798.150213160] [collision_monitor]: [scan]: Latest source and current collision monitor node timestamps differ on 237.237552 seconds. Ignoring the source.
[WARN] [1785993798.200246443] [collision_monitor]: [scan]: Latest source and current collision monitor node timestamps differ on 237.287584 seconds. Ignoring the source.
[WARN] [1785993798.250222412] [collision_monitor]: [scan]: Latest source and current collision monitor node timestamps differ on 237.337561 seconds. Ignoring the source.
[WARN] [1785993798.300235214] [collision_monitor]: [scan]: Latest source and current collision monitor node timestamps differ on 237.387573 seconds. Ignoring the source.
[WARN] [1785993798.350205201] [collision_monitor]: [scan]: Latest source and current collision monitor node timestamps differ on 237.437543 seconds. Ignoring the source.
[WARN] [1785993798.400793950] [collision_monitor]: [scan]: Latest source and current collision monitor node timestamps differ on 237.488132 seconds. Ignoring the source.
[WARN] [1785993798.450202490] [collision_monitor]: [scan]: Latest source and current collision monitor node timestamps differ on 237.537541 seconds. Ignoring the source.
[WARN] [1785993798.500279755] [collision_monitor]: [scan]: Latest source and current collision monitor node timestamps differ on 237.587616 seconds. Ignoring the source.
[WARN] [1785993798.550309002] [collision_monitor]: [scan]: Latest source and current collision monitor node timestamps differ on 237.637646 seconds. Ignoring the source.
[WARN] [1785993798.600211285] [collision_monitor]: [scan]: Latest source and current collision monitor node timestamps differ on 237.687549 seconds. Ignoring the source.
[WARN] [1785993798.650203920] [collision_monitor]: [scan]: Latest source and current collision monitor node timestamps differ on 237.737543 seconds. Ignoring the source.
[WARN] [1785993798.700278167] [collision_monitor]: [scan]: Latest source and current collision monitor node timestamps differ on 237.787616 seconds. Ignoring the source.
[WARN] [1785993798.750211320] [collision_monitor]: [scan]: Latest source and current collision monitor node timestamps differ on 237.837550 seconds. Ignoring the source.
[WARN] [1785993798.800224900] [collision_monitor]: [scan]: Latest source and current collision monitor node timestamps differ on 237.887562 seconds. Ignoring the source.
[WARN] [1785993798.850210498] [collision_monitor]: [scan]: Latest source and current collision monitor node timestamps differ on 237.937549 seconds. Ignoring the source.
[WARN] [1785993798.900246096] [collision_monitor]: [scan]: Latest source and current collision monitor node timestamps differ on 237.987583 seconds. Ignoring the source.
[WARN] [1785993798.950211491] [collision_monitor]: [scan]: Latest source and current collision monitor node timestamps differ on 238.037550 seconds. Ignoring the source.
[WARN] [1785993799.000221608] [collision_monitor]: [scan]: Latest source and current collision monitor node timestamps differ on 238.087560 seconds. Ignoring the source.
[WARN] [1785993799.050202150] [collision_monitor]: [scan]: Latest source and current collision monitor node timestamps differ on 238.137541 seconds. Ignoring the source.
[WARN] [1785993799.100229823] [collision_monitor]: [scan]: Latest source and current collision monitor node timestamps differ on 238.187568 seconds. Ignoring the source.
[WARN] [1785993799.150233291] [collision_monitor]: [scan]: Latest source and current collision monitor node timestamps differ on 238.237572 seconds. Ignoring the source.
[WARN] [1785993799.200243908] [collision_monitor]: [scan]: Latest source and current collision monitor node timestamps differ on 238.287582 seconds. Ignoring the source.
[WARN] [1785993799.250211803] [collision_monitor]: [scan]: Latest source and current collision monitor node timestamps differ on 238.337550 seconds. Ignoring the source.
[WARN] [1785993799.300202308] [collision_monitor]: [scan]: Latest source and current collision monitor node timestamps differ on 238.387542 seconds. Ignoring the source.
[WARN] [1785993799.350201629] [collision_monitor]: [scan]: Latest source and current collision monitor node timestamps differ on 238.437540 seconds. Ignoring the source.
[WARN] [1785993799.400253172] [collision_monitor]: [scan]: Latest source and current collision monitor node timestamps differ on 238.487592 seconds. Ignoring the source.
[WARN] [1785993799.450186936] [collision_monitor]: [scan]: Latest source and current collision monitor node timestamps differ on 238.537526 seconds. Ignoring the source.
[WARN] [1785993799.500196053] [collision_monitor]: [scan]: Latest source and current collision monitor node timestamps differ on 238.587535 seconds. Ignoring the source.
[WARN] [1785993799.550231614] [collision_monitor]: [scan]: Latest source and current collision monitor node timestamps differ on 238.637570 seconds. Ignoring the source.
[WARN] [1785993799.600180027] [collision_monitor]: [scan]: Latest source and current collision monitor node timestamps differ on 238.687518 seconds. Ignoring the source.
[WARN] [1785993799.659911251] [collision_monitor]: [scan]: Latest source and current collision monitor node timestamps differ on 238.747238 seconds. Ignoring the source.
[WARN] [1785993799.701455916] [collision_monitor]: [scan]: Latest source and current collision monitor node timestamps differ on 238.788793 seconds. Ignoring the source.
[WARN] [1785993799.750350897] [collision_monitor]: [scan]: Latest source and current collision monitor node timestamps differ on 238.837684 seconds. Ignoring the source.
[WARN] [1785993799.800403699] [collision_monitor]: [scan]: Latest source and current collision monitor node timestamps differ on 238.887743 seconds. Ignoring the source.
[WARN] [1785993799.850160018] [collision_monitor]: [scan]: Latest source and current collision monitor node timestamps differ on 238.937499 seconds. Ignoring the source.
[WARN] [1785993799.900509322] [collision_monitor]: [scan]: Latest source and current collision monitor node timestamps differ on 238.987848 seconds. Ignoring the source.
[WARN] [1785993799.950237919] [collision_monitor]: [scan]: Latest source and current collision monitor node timestamps differ on 239.037576 seconds. Ignoring the source.
[WARN] [1785993800.000170406] [collision_monitor]: [scan]: Latest source and current collision monitor node timestamps differ on 239.087509 seconds. Ignoring the source.
[WARN] [1785993800.050264282] [collision_monitor]: [scan]: Latest source and current collision monitor node timestamps differ on 239.137602 seconds. Ignoring the source.
[WARN] [1785993800.100233769] [collision_monitor]: [scan]: Latest source and current collision monitor node timestamps differ on 239.187572 seconds. Ignoring the source.
[WARN] [1785993800.150292553] [collision_monitor]: [scan]: Latest source and current collision monitor node timestamps differ on 239.237626 seconds. Ignoring the source.
[WARN] [1785993800.201080766] [collision_monitor]: [scan]: Latest source and current collision monitor node timestamps differ on 239.288417 seconds. Ignoring the source.
[WARN] [1785993800.250303398] [collision_monitor]: [scan]: Latest source and current collision monitor node timestamps differ on 239.337642 seconds. Ignoring the source.
[WARN] [1785993800.300226940] [collision_monitor]: [scan]: Latest source and current collision monitor node timestamps differ on 239.387564 seconds. Ignoring the source.
[WARN] [1785993800.350175019] [collision_monitor]: [scan]: Latest source and current collision monitor node timestamps differ on 239.437514 seconds. Ignoring the source.
[WARN] [1785993800.400135340] [collision_monitor]: [scan]: Latest source and current collision monitor node timestamps differ on 239.487474 seconds. Ignoring the source.
[WARN] [1785993800.450393921] [collision_monitor]: [scan]: Latest source and current collision monitor node timestamps differ on 239.537729 seconds. Ignoring the source.
[WARN] [1785993800.500235889] [collision_monitor]: [scan]: Latest source and current collision monitor node timestamps differ on 239.587574 seconds. Ignoring the source.
[WARN] [1785993800.550177709] [collision_monitor]: [scan]: Latest source and current collision monitor node timestamps differ on 239.637517 seconds. Ignoring the source.
[WARN] [1785993800.600149770] [collision_monitor]: [scan]: Latest source and current collision monitor node timestamps differ on 239.687488 seconds. Ignoring the source.
[WARN] [1785993800.650171405] [collision_monitor]: [scan]: Latest source and current collision monitor node timestamps differ on 239.737510 seconds. Ignoring the source.
[WARN] [1785993800.700620321] [collision_monitor]: [scan]: Latest source and current collision monitor node timestamps differ on 239.787957 seconds. Ignoring the source.
[WARN] [1785993800.750176935] [collision_monitor]: [scan]: Latest source and current collision monitor node timestamps differ on 239.837516 seconds. Ignoring the source.
[WARN] [1785993800.800146570] [collision_monitor]: [scan]: Latest source and current collision monitor node timestamps differ on 239.887485 seconds. Ignoring the source.
[WARN] [1785993800.850214372] [collision_monitor]: [scan]: Latest source and current collision monitor node timestamps differ on 239.937552 seconds. Ignoring the source.
[WARN] [1785993800.900288193] [collision_monitor]: [scan]: Latest source and current collision monitor node timestamps differ on 239.987625 seconds. Ignoring the source.
[WARN] [1785993800.950381329] [collision_monitor]: [scan]: Latest source and current collision monitor node timestamps differ on 240.037720 seconds. Ignoring the source.
[WARN] [1785993801.000247260] [collision_monitor]: [scan]: Latest source and current collision monitor node timestamps differ on 240.087585 seconds. Ignoring the source.
[WARN] [1785993801.050324136] [collision_monitor]: [scan]: Latest source and current collision monitor node timestamps differ on 240.137661 seconds. Ignoring the source.
[WARN] [1785993801.100428143] [collision_monitor]: [scan]: Latest source and current collision monitor node timestamps differ on 240.187766 seconds. Ignoring the source.
[WARN] [1785993801.150295296] [collision_monitor]: [scan]: Latest source and current collision monitor node timestamps differ on 240.237634 seconds. Ignoring the source.
[WARN] [1785993801.200279949] [collision_monitor]: [scan]: Latest source and current collision monitor node timestamps differ on 240.287617 seconds. Ignoring the source.
[WARN] [1785993801.250364011] [collision_monitor]: [scan]: Latest source and current collision monitor node timestamps differ on 240.337702 seconds. Ignoring the source.
[WARN] [1785993801.300310054] [collision_monitor]: [scan]: Latest source and current collision monitor node timestamps differ on 240.387647 seconds. Ignoring the source.
[WARN] [1785993801.350327763] [collision_monitor]: [scan]: Latest source and current collision monitor node timestamps differ on 240.437662 seconds. Ignoring the source.
[WARN] [1785993801.400203138] [collision_monitor]: [scan]: Latest source and current collision monitor node timestamps differ on 240.487540 seconds. Ignoring the source.
[WARN] [1785993801.450306089] [collision_monitor]: [scan]: Latest source and current collision monitor node timestamps differ on 240.537643 seconds. Ignoring the source.
[WARN] [1785993801.500270706] [collision_monitor]: [scan]: Latest source and current collision monitor node timestamps differ on 240.587609 seconds. Ignoring the source.
[WARN] [1785993801.550893363] [collision_monitor]: [scan]: Latest source and current collision monitor node timestamps differ on 240.638230 seconds. Ignoring the source.
[WARN] [1785993801.600288976] [collision_monitor]: [scan]: Latest source and current collision monitor node timestamps differ on 240.687626 seconds. Ignoring the source.
[WARN] [1785993801.650225426] [collision_monitor]: [scan]: Latest source and current collision monitor node timestamps differ on 240.737563 seconds. Ignoring the source.
[WARN] [1785993801.700275154] [collision_monitor]: [scan]: Latest source and current collision monitor node timestamps differ on 240.787613 seconds. Ignoring the source.
[WARN] [1785993801.750344512] [collision_monitor]: [scan]: Latest source and current collision monitor node timestamps differ on 240.837680 seconds. Ignoring the source.
[WARN] [1785993801.817752962] [collision_monitor]: [scan]: Latest source and current collision monitor node timestamps differ on 240.905089 seconds. Ignoring the source.
[WARN] [1785993801.850235838] [collision_monitor]: [scan]: Latest source and current collision monitor node timestamps differ on 240.937574 seconds. Ignoring the source.
[WARN] [1785993801.900274529] [collision_monitor]: [scan]: Latest source and current collision monitor node timestamps differ on 240.987608 seconds. Ignoring the source.
[WARN] [1785993801.950386276] [collision_monitor]: [scan]: Latest source and current collision monitor node timestamps differ on 241.037724 seconds. Ignoring the source.
[WARN] [1785993802.000367096] [collision_monitor]: [scan]: Latest source and current collision monitor node timestamps differ on 241.087705 seconds. Ignoring the source.
[WARN] [1785993802.050272490] [collision_monitor]: [scan]: Latest source and current collision monitor node timestamps differ on 241.137610 seconds. Ignoring the source.
[WARN] [1785993802.100801591] [collision_monitor]: [scan]: Latest source and current collision monitor node timestamps differ on 241.188140 seconds. Ignoring the source.
[WARN] [1785993802.150305242] [collision_monitor]: [scan]: Latest source and current collision monitor node timestamps differ on 241.237641 seconds. Ignoring the source.
[WARN] [1785993802.200350637] [collision_monitor]: [scan]: Latest source and current collision monitor node timestamps differ on 241.287688 seconds. Ignoring the source.
[WARN] [1785993802.250293531] [collision_monitor]: [scan]: Latest source and current collision monitor node timestamps differ on 241.337631 seconds. Ignoring the source.
[WARN] [1785993802.300260611] [collision_monitor]: [scan]: Latest source and current collision monitor node timestamps differ on 241.387598 seconds. Ignoring the source.
[WARN] [1785993802.350311876] [collision_monitor]: [scan]: Latest source and current collision monitor node timestamps differ on 241.437648 seconds. Ignoring the source.
[WARN] [1785993802.400280011] [collision_monitor]: [scan]: Latest source and current collision monitor node timestamps differ on 241.487616 seconds. Ignoring the source.
[WARN] [1785993802.450451925] [collision_monitor]: [scan]: Latest source and current collision monitor node timestamps differ on 241.537790 seconds. Ignoring the source.
[WARN] [1785993802.500230411] [collision_monitor]: [scan]: Latest source and current collision monitor node timestamps differ on 241.587566 seconds. Ignoring the source.
[WARN] [1785993802.550316158] [collision_monitor]: [scan]: Latest source and current collision monitor node timestamps differ on 241.637653 seconds. Ignoring the source.
[WARN] [1785993802.600228441] [collision_monitor]: [scan]: Latest source and current collision monitor node timestamps differ on 241.687566 seconds. Ignoring the source.
[WARN] [1785993802.650299243] [collision_monitor]: [scan]: Latest source and current collision monitor node timestamps differ on 241.737637 seconds. Ignoring the source.
[WARN] [1785993802.700255730] [collision_monitor]: [scan]: Latest source and current collision monitor node timestamps differ on 241.787590 seconds. Ignoring the source.
[WARN] [1785993802.750357199] [collision_monitor]: [scan]: Latest source and current collision monitor node timestamps differ on 241.837693 seconds. Ignoring the source.
[WARN] [1785993802.800309390] [collision_monitor]: [scan]: Latest source and current collision monitor node timestamps differ on 241.887647 seconds. Ignoring the source.
[WARN] [1785993802.863668614] [collision_monitor]: [scan]: Latest source and current collision monitor node timestamps differ on 241.950979 seconds. Ignoring the source.
[WARN] [1785993802.900174086] [collision_monitor]: [scan]: Latest source and current collision monitor node timestamps differ on 241.987512 seconds. Ignoring the source.
[WARN] [1785993802.950219184] [collision_monitor]: [scan]: Latest source and current collision monitor node timestamps differ on 242.037557 seconds. Ignoring the source.
[WARN] [1785993803.000369098] [collision_monitor]: [scan]: Latest source and current collision monitor node timestamps differ on 242.087707 seconds. Ignoring the source.
[WARN] [1785993803.050377844] [collision_monitor]: [scan]: Latest source and current collision monitor node timestamps differ on 242.137714 seconds. Ignoring the source.
[WARN] [1785993803.100217812] [collision_monitor]: [scan]: Latest source and current collision monitor node timestamps differ on 242.187555 seconds. Ignoring the source.
[WARN] [1785993803.150293448] [collision_monitor]: [scan]: Latest source and current collision monitor node timestamps differ on 242.237631 seconds. Ignoring the source.
[WARN] [1785993803.200274231] [collision_monitor]: [scan]: Latest source and current collision monitor node timestamps differ on 242.287612 seconds. Ignoring the source.
[WARN] [1785993803.250262144] [collision_monitor]: [scan]: Latest source and current collision monitor node timestamps differ on 242.337600 seconds. Ignoring the source.
[WARN] [1785993803.300216557] [collision_monitor]: [scan]: Latest source and current collision monitor node timestamps differ on 242.387554 seconds. Ignoring the source.
[WARN] [1785993803.350228544] [collision_monitor]: [scan]: Latest source and current collision monitor node timestamps differ on 242.437567 seconds. Ignoring the source.
[WARN] [1785993803.400234957] [collision_monitor]: [scan]: Latest source and current collision monitor node timestamps differ on 242.487572 seconds. Ignoring the source.
[WARN] [1785993803.450193648] [collision_monitor]: [scan]: Latest source and current collision monitor node timestamps differ on 242.537532 seconds. Ignoring the source.
[WARN] [1785993803.500224506] [collision_monitor]: [scan]: Latest source and current collision monitor node timestamps differ on 242.587562 seconds. Ignoring the source.
[WARN] [1785993803.550215122] [collision_monitor]: [scan]: Latest source and current collision monitor node timestamps differ on 242.637554 seconds. Ignoring the source.
[WARN] [1785993803.600223924] [collision_monitor]: [scan]: Latest source and current collision monitor node timestamps differ on 242.687561 seconds. Ignoring the source.
[WARN] [1785993803.650208337] [collision_monitor]: [scan]: Latest source and current collision monitor node timestamps differ on 242.737547 seconds. Ignoring the source.
[WARN] [1785993803.700241528] [collision_monitor]: [scan]: Latest source and current collision monitor node timestamps differ on 242.787579 seconds. Ignoring the source.
[WARN] [1785993803.750201460] [collision_monitor]: [scan]: Latest source and current collision monitor node timestamps differ on 242.837538 seconds. Ignoring the source.
[WARN] [1785993803.800288614] [collision_monitor]: [scan]: Latest source and current collision monitor node timestamps differ on 242.887625 seconds. Ignoring the source.
[WARN] [1785993803.850232453] [collision_monitor]: [scan]: Latest source and current collision monitor node timestamps differ on 242.937570 seconds. Ignoring the source.
[WARN] [1785993803.900289125] [collision_monitor]: [scan]: Latest source and current collision monitor node timestamps differ on 242.987627 seconds. Ignoring the source.
[WARN] [1785993803.950243723] [collision_monitor]: [scan]: Latest source and current collision monitor node timestamps differ on 243.037582 seconds. Ignoring the source.
[WARN] [1785993804.000233729] [collision_monitor]: [scan]: Latest source and current collision monitor node timestamps differ on 243.087572 seconds. Ignoring the source.
[WARN] [1785993804.050259142] [collision_monitor]: [scan]: Latest source and current collision monitor node timestamps differ on 243.137596 seconds. Ignoring the source.
[WARN] [1785993804.100168518] [collision_monitor]: [scan]: Latest source and current collision monitor node timestamps differ on 243.187506 seconds. Ignoring the source.
[WARN] [1785993804.150214727] [collision_monitor]: [scan]: Latest source and current collision monitor node timestamps differ on 243.237552 seconds. Ignoring the source.
[WARN] [1785993804.200194881] [collision_monitor]: [scan]: Latest source and current collision monitor node timestamps differ on 243.287533 seconds. Ignoring the source.
[WARN] [1785993828.400103507] [collision_monitor]: [scan]: Latest source and current collision monitor node timestamps differ on 267.487442 seconds. Ignoring the source.
[WARN] [1785993828.450231587] [collision_monitor]: [scan]: Latest source and current collision monitor node timestamps differ on 267.537570 seconds. Ignoring the source.
[WARN] [1785993828.500179148] [collision_monitor]: [scan]: Latest source and current collision monitor node timestamps differ on 267.587517 seconds. Ignoring the source.
[WARN] [1785993828.550183043] [collision_monitor]: [scan]: Latest source and current collision monitor node timestamps differ on 267.637522 seconds. Ignoring the source.
[WARN] [1785993828.600138067] [collision_monitor]: [scan]: Latest source and current collision monitor node timestamps differ on 267.687476 seconds. Ignoring the source.
[WARN] [1785993828.650199128] [collision_monitor]: [scan]: Latest source and current collision monitor node timestamps differ on 267.737538 seconds. Ignoring the source.
[WARN] [1785993828.700116726] [collision_monitor]: [scan]: Latest source and current collision monitor node timestamps differ on 267.787456 seconds. Ignoring the source.
[WARN] [1785993828.750226547] [collision_monitor]: [scan]: Latest source and current collision monitor node timestamps differ on 267.837565 seconds. Ignoring the source.
[WARN] [1785993828.800125904] [collision_monitor]: [scan]: Latest source and current collision monitor node timestamps differ on 267.887464 seconds. Ignoring the source.
[WARN] [1785993828.850162947] [collision_monitor]: [scan]: Latest source and current collision monitor node timestamps differ on 267.937502 seconds. Ignoring the source.
[WARN] [1785993828.900155620] [collision_monitor]: [scan]: Latest source and current collision monitor node timestamps differ on 267.987494 seconds. Ignoring the source.
[WARN] [1785993828.950246329] [collision_monitor]: [scan]: Latest source and current collision monitor node timestamps differ on 268.037584 seconds. Ignoring the source.
[WARN] [1785993829.000135001] [collision_monitor]: [scan]: Latest source and current collision monitor node timestamps differ on 268.087474 seconds. Ignoring the source.
[WARN] [1785993829.050207248] [collision_monitor]: [scan]: Latest source and current collision monitor node timestamps differ on 268.137545 seconds. Ignoring the source.
[WARN] [1785993829.100145883] [collision_monitor]: [scan]: Latest source and current collision monitor node timestamps differ on 268.187484 seconds. Ignoring the source.
[WARN] [1785993829.150245333] [collision_monitor]: [scan]: Latest source and current collision monitor node timestamps differ on 268.237579 seconds. Ignoring the source.
[WARN] [1785993829.200170191] [collision_monitor]: [scan]: Latest source and current collision monitor node timestamps differ on 268.287508 seconds. Ignoring the source.
[WARN] [1785993829.250232345] [collision_monitor]: [scan]: Latest source and current collision monitor node timestamps differ on 268.337571 seconds. Ignoring the source.
[WARN] [1785993829.300216332] [collision_monitor]: [scan]: Latest source and current collision monitor node timestamps differ on 268.387554 seconds. Ignoring the source.
[WARN] [1785993829.350193708] [collision_monitor]: [scan]: Latest source and current collision monitor node timestamps differ on 268.437532 seconds. Ignoring the source.
[WARN] [1785993829.408298108] [collision_monitor]: [scan]: Latest source and current collision monitor node timestamps differ on 268.495632 seconds. Ignoring the source.
[WARN] [1785993829.450187163] [collision_monitor]: [scan]: Latest source and current collision monitor node timestamps differ on 268.537526 seconds. Ignoring the source.
[WARN] [1785993829.500118206] [collision_monitor]: [scan]: Latest source and current collision monitor node timestamps differ on 268.587457 seconds. Ignoring the source.
[WARN] [1785993829.550195008] [collision_monitor]: [scan]: Latest source and current collision monitor node timestamps differ on 268.637533 seconds. Ignoring the source.
[WARN] [1785993829.600118384] [collision_monitor]: [scan]: Latest source and current collision monitor node timestamps differ on 268.687457 seconds. Ignoring the source.
[WARN] [1785993829.650215945] [collision_monitor]: [scan]: Latest source and current collision monitor node timestamps differ on 268.737554 seconds. Ignoring the source.
[WARN] [1785993829.700293007] [collision_monitor]: [scan]: Latest source and current collision monitor node timestamps differ on 268.787631 seconds. Ignoring the source.
[WARN] [1785993829.750356439] [collision_monitor]: [scan]: Latest source and current collision monitor node timestamps differ on 268.837692 seconds. Ignoring the source.
[WARN] [1785993829.800132943] [collision_monitor]: [scan]: Latest source and current collision monitor node timestamps differ on 268.887472 seconds. Ignoring the source.
[WARN] [1785993829.850204727] [collision_monitor]: [scan]: Latest source and current collision monitor node timestamps differ on 268.937544 seconds. Ignoring the source.
[WARN] [1785993829.900200455] [collision_monitor]: [scan]: Latest source and current collision monitor node timestamps differ on 268.987538 seconds. Ignoring the source.
[WARN] [1785993829.950284220] [collision_monitor]: [scan]: Latest source and current collision monitor node timestamps differ on 269.037620 seconds. Ignoring the source.
[WARN] [1785993830.000194040] [collision_monitor]: [scan]: Latest source and current collision monitor node timestamps differ on 269.087532 seconds. Ignoring the source.
[WARN] [1785993830.050404621] [collision_monitor]: [scan]: Latest source and current collision monitor node timestamps differ on 269.137740 seconds. Ignoring the source.
[WARN] [1785993830.100282774] [collision_monitor]: [scan]: Latest source and current collision monitor node timestamps differ on 269.187622 seconds. Ignoring the source.
[WARN] [1785993830.150320410] [collision_monitor]: [scan]: Latest source and current collision monitor node timestamps differ on 269.237654 seconds. Ignoring the source.
[WARN] [1785993830.200197971] [collision_monitor]: [scan]: Latest source and current collision monitor node timestamps differ on 269.287536 seconds. Ignoring the source.
[WARN] [1785993830.250371903] [collision_monitor]: [scan]: Latest source and current collision monitor node timestamps differ on 269.337709 seconds. Ignoring the source.
[WARN] [1785993830.300354483] [collision_monitor]: [scan]: Latest source and current collision monitor node timestamps differ on 269.387692 seconds. Ignoring the source.
[WARN] [1785993830.350191191] [collision_monitor]: [scan]: Latest source and current collision monitor node timestamps differ on 269.437530 seconds. Ignoring the source.
[WARN] [1785993830.400145160] [collision_monitor]: [scan]: Latest source and current collision monitor node timestamps differ on 269.487484 seconds. Ignoring the source.
[WARN] [1785993830.451160282] [collision_monitor]: [scan]: Latest source and current collision monitor node timestamps differ on 269.538489 seconds. Ignoring the source.
[WARN] [1785993830.503877394] [collision_monitor]: [scan]: Latest source and current collision monitor node timestamps differ on 269.591213 seconds. Ignoring the source.
[WARN] [1785993830.550267511] [collision_monitor]: [scan]: Latest source and current collision monitor node timestamps differ on 269.637605 seconds. Ignoring the source.
[WARN] [1785993830.600133052] [collision_monitor]: [scan]: Latest source and current collision monitor node timestamps differ on 269.687472 seconds. Ignoring the source.
[WARN] [1785993830.650197188] [collision_monitor]: [scan]: Latest source and current collision monitor node timestamps differ on 269.737536 seconds. Ignoring the source.
[WARN] [1785993830.700161397] [collision_monitor]: [scan]: Latest source and current collision monitor node timestamps differ on 269.787499 seconds. Ignoring the source.
[WARN] [1785993830.750174755] [collision_monitor]: [scan]: Latest source and current collision monitor node timestamps differ on 269.837513 seconds. Ignoring the source.
[WARN] [1785993830.800104056] [collision_monitor]: [scan]: Latest source and current collision monitor node timestamps differ on 269.887443 seconds. Ignoring the source.
[WARN] [1785993830.850200600] [collision_monitor]: [scan]: Latest source and current collision monitor node timestamps differ on 269.937539 seconds. Ignoring the source.
[WARN] [1785993830.900116568] [collision_monitor]: [scan]: Latest source and current collision monitor node timestamps differ on 269.987455 seconds. Ignoring the source.
[WARN] [1785993830.950207111] [collision_monitor]: [scan]: Latest source and current collision monitor node timestamps differ on 270.037545 seconds. Ignoring the source.
[WARN] [1785993831.000158153] [collision_monitor]: [scan]: Latest source and current collision monitor node timestamps differ on 270.087496 seconds. Ignoring the source.
[WARN] [1785993831.050207048] [collision_monitor]: [scan]: Latest source and current collision monitor node timestamps differ on 270.137546 seconds. Ignoring the source.
[WARN] [1785993831.100151776] [collision_monitor]: [scan]: Latest source and current collision monitor node timestamps differ on 270.187490 seconds. Ignoring the source.
[WARN] [1785993831.150202411] [collision_monitor]: [scan]: Latest source and current collision monitor node timestamps differ on 270.237541 seconds. Ignoring the source.
[WARN] [1785993831.200130954] [collision_monitor]: [scan]: Latest source and current collision monitor node timestamps differ on 270.287469 seconds. Ignoring the source.
[WARN] [1785993831.250230738] [collision_monitor]: [scan]: Latest source and current collision monitor node timestamps differ on 270.337569 seconds. Ignoring the source.
[WARN] [1785993831.300131021] [collision_monitor]: [scan]: Latest source and current collision monitor node timestamps differ on 270.387470 seconds. Ignoring the source.
[WARN] [1785993831.350219267] [collision_monitor]: [scan]: Latest source and current collision monitor node timestamps differ on 270.437558 seconds. Ignoring the source.
[WARN] [1785993831.400095384] [collision_monitor]: [scan]: Latest source and current collision monitor node timestamps differ on 270.487434 seconds. Ignoring the source.
[WARN] [1785993831.450203186] [collision_monitor]: [scan]: Latest source and current collision monitor node timestamps differ on 270.537541 seconds. Ignoring the source.
[WARN] [1785993831.500155580] [collision_monitor]: [scan]: Latest source and current collision monitor node timestamps differ on 270.587495 seconds. Ignoring the source.
[WARN] [1785993831.553942680] [collision_monitor]: [scan]: Latest source and current collision monitor node timestamps differ on 270.641262 seconds. Ignoring the source.
[WARN] [1785993831.600112129] [collision_monitor]: [scan]: Latest source and current collision monitor node timestamps differ on 270.687451 seconds. Ignoring the source.
[WARN] [1785993831.650193468] [collision_monitor]: [scan]: Latest source and current collision monitor node timestamps differ on 270.737533 seconds. Ignoring the source.
[WARN] [1785993831.700222548] [collision_monitor]: [scan]: Latest source and current collision monitor node timestamps differ on 270.787561 seconds. Ignoring the source.
[WARN] [1785993831.750201127] [collision_monitor]: [scan]: Latest source and current collision monitor node timestamps differ on 270.837540 seconds. Ignoring the source.
[WARN] [1785993831.800215726] [collision_monitor]: [scan]: Latest source and current collision monitor node timestamps differ on 270.887555 seconds. Ignoring the source.
[WARN] [1785993831.850213750] [collision_monitor]: [scan]: Latest source and current collision monitor node timestamps differ on 270.937552 seconds. Ignoring the source.
[WARN] [1785993831.900230959] [collision_monitor]: [scan]: Latest source and current collision monitor node timestamps differ on 270.987569 seconds. Ignoring the source.
[WARN] [1785993831.950247095] [collision_monitor]: [scan]: Latest source and current collision monitor node timestamps differ on 271.037585 seconds. Ignoring the source.
[WARN] [1785993832.000167489] [collision_monitor]: [scan]: Latest source and current collision monitor node timestamps differ on 271.087506 seconds. Ignoring the source.
[WARN] [1785993832.050188365] [collision_monitor]: [scan]: Latest source and current collision monitor node timestamps differ on 271.137527 seconds. Ignoring the source.
[WARN] [1785993832.100164352] [collision_monitor]: [scan]: Latest source and current collision monitor node timestamps differ on 271.187503 seconds. Ignoring the source.
[WARN] [1785993832.150229265] [collision_monitor]: [scan]: Latest source and current collision monitor node timestamps differ on 271.237568 seconds. Ignoring the source.
[WARN] [1785993832.200148178] [collision_monitor]: [scan]: Latest source and current collision monitor node timestamps differ on 271.287487 seconds. Ignoring the source.
[WARN] [1785993832.250197332] [collision_monitor]: [scan]: Latest source and current collision monitor node timestamps differ on 271.337536 seconds. Ignoring the source.
[WARN] [1785993832.300215153] [collision_monitor]: [scan]: Latest source and current collision monitor node timestamps differ on 271.387552 seconds. Ignoring the source.
[WARN] [1785993832.350187751] [collision_monitor]: [scan]: Latest source and current collision monitor node timestamps differ on 271.437527 seconds. Ignoring the source.
[WARN] [1785993832.400168256] [collision_monitor]: [scan]: Latest source and current collision monitor node timestamps differ on 271.487507 seconds. Ignoring the source.
[WARN] [1785993832.450211466] [collision_monitor]: [scan]: Latest source and current collision monitor node timestamps differ on 271.537551 seconds. Ignoring the source.
[WARN] [1785993832.500205823] [collision_monitor]: [scan]: Latest source and current collision monitor node timestamps differ on 271.587545 seconds. Ignoring the source.
[WARN] [1785993832.550209181] [collision_monitor]: [scan]: Latest source and current collision monitor node timestamps differ on 271.637548 seconds. Ignoring the source.
[WARN] [1785993832.600551929] [collision_monitor]: [scan]: Latest source and current collision monitor node timestamps differ on 271.687890 seconds. Ignoring the source.
[WARN] [1785993832.650211322] [collision_monitor]: [scan]: Latest source and current collision monitor node timestamps differ on 271.737550 seconds. Ignoring the source.
[WARN] [1785993832.700187939] [collision_monitor]: [scan]: Latest source and current collision monitor node timestamps differ on 271.787527 seconds. Ignoring the source.
[WARN] [1785993832.750210741] [collision_monitor]: [scan]: Latest source and current collision monitor node timestamps differ on 271.837550 seconds. Ignoring the source.
[WARN] [1785993832.800235117] [collision_monitor]: [scan]: Latest source and current collision monitor node timestamps differ on 271.887574 seconds. Ignoring the source.
[WARN] [1785993832.850227345] [collision_monitor]: [scan]: Latest source and current collision monitor node timestamps differ on 271.937566 seconds. Ignoring the source.
[WARN] [1785993832.900138850] [collision_monitor]: [scan]: Latest source and current collision monitor node timestamps differ on 271.987477 seconds. Ignoring the source.
[WARN] [1785993832.950185393] [collision_monitor]: [scan]: Latest source and current collision monitor node timestamps differ on 272.037524 seconds. Ignoring the source.
[WARN] [1785993833.000235991] [collision_monitor]: [scan]: Latest source and current collision monitor node timestamps differ on 272.087575 seconds. Ignoring the source.
[WARN] [1785993833.050207052] [collision_monitor]: [scan]: Latest source and current collision monitor node timestamps differ on 272.137545 seconds. Ignoring the source.
[WARN] [1785993833.100190373] [collision_monitor]: [scan]: Latest source and current collision monitor node timestamps differ on 272.187529 seconds. Ignoring the source.
[WARN] [1785993833.150220304] [collision_monitor]: [scan]: Latest source and current collision monitor node timestamps differ on 272.237559 seconds. Ignoring the source.
[WARN] [1785993833.200221792] [collision_monitor]: [scan]: Latest source and current collision monitor node timestamps differ on 272.287559 seconds. Ignoring the source.
[WARN] [1785993833.250211334] [collision_monitor]: [scan]: Latest source and current collision monitor node timestamps differ on 272.337550 seconds. Ignoring the source.
[WARN] [1785993833.300235729] [collision_monitor]: [scan]: Latest source and current collision monitor node timestamps differ on 272.387574 seconds. Ignoring the source.
[WARN] [1785993833.350192642] [collision_monitor]: [scan]: Latest source and current collision monitor node timestamps differ on 272.437532 seconds. Ignoring the source.
[WARN] [1785993833.400201796] [collision_monitor]: [scan]: Latest source and current collision monitor node timestamps differ on 272.487540 seconds. Ignoring the source.
[WARN] [1785993833.450221227] [collision_monitor]: [scan]: Latest source and current collision monitor node timestamps differ on 272.537560 seconds. Ignoring the source.
[WARN] [1785993833.500194677] [collision_monitor]: [scan]: Latest source and current collision monitor node timestamps differ on 272.587533 seconds. Ignoring the source.
[WARN] [1785993833.550212313] [collision_monitor]: [scan]: Latest source and current collision monitor node timestamps differ on 272.637551 seconds. Ignoring the source.
[WARN] [1785993833.600180763] [collision_monitor]: [scan]: Latest source and current collision monitor node timestamps differ on 272.687518 seconds. Ignoring the source.
[WARN] [1785993833.650198139] [collision_monitor]: [scan]: Latest source and current collision monitor node timestamps differ on 272.737537 seconds. Ignoring the source.
[WARN] [1785993833.711044387] [collision_monitor]: [scan]: Latest source and current collision monitor node timestamps differ on 272.798379 seconds. Ignoring the source.
[WARN] [1785993833.750202002] [collision_monitor]: [scan]: Latest source and current collision monitor node timestamps differ on 272.837541 seconds. Ignoring the source.
[WARN] [1785993833.800221637] [collision_monitor]: [scan]: Latest source and current collision monitor node timestamps differ on 272.887560 seconds. Ignoring the source.
[WARN] [1785993833.850194421] [collision_monitor]: [scan]: Latest source and current collision monitor node timestamps differ on 272.937533 seconds. Ignoring the source.
[WARN] [1785993833.900171167] [collision_monitor]: [scan]: Latest source and current collision monitor node timestamps differ on 272.987509 seconds. Ignoring the source.
[WARN] [1785993833.950201543] [collision_monitor]: [scan]: Latest source and current collision monitor node timestamps differ on 273.037540 seconds. Ignoring the source.
[WARN] [1785993834.000323920] [collision_monitor]: [scan]: Latest source and current collision monitor node timestamps differ on 273.087662 seconds. Ignoring the source.
[WARN] [1785993834.050189388] [collision_monitor]: [scan]: Latest source and current collision monitor node timestamps differ on 273.137529 seconds. Ignoring the source.
[WARN] [1785993834.100181653] [collision_monitor]: [scan]: Latest source and current collision monitor node timestamps differ on 273.187519 seconds. Ignoring the source.
[WARN] [1785993834.150221436] [collision_monitor]: [scan]: Latest source and current collision monitor node timestamps differ on 273.237560 seconds. Ignoring the source.
[WARN] [1785993834.200235794] [collision_monitor]: [scan]: Latest source and current collision monitor node timestamps differ on 273.287575 seconds. Ignoring the source.
[WARN] [1785993834.250181040] [collision_monitor]: [scan]: Latest source and current collision monitor node timestamps differ on 273.337520 seconds. Ignoring the source.
[WARN] [1785993834.300199360] [collision_monitor]: [scan]: Latest source and current collision monitor node timestamps differ on 273.387537 seconds. Ignoring the source.
[WARN] [1785993834.350190051] [collision_monitor]: [scan]: Latest source and current collision monitor node timestamps differ on 273.437529 seconds. Ignoring the source.
[WARN] [1785993834.400421280] [collision_monitor]: [scan]: Latest source and current collision monitor node timestamps differ on 273.487756 seconds. Ignoring the source.
[WARN] [1785993834.450197285] [collision_monitor]: [scan]: Latest source and current collision monitor node timestamps differ on 273.537536 seconds. Ignoring the source.
[WARN] [1785993834.500217939] [collision_monitor]: [scan]: Latest source and current collision monitor node timestamps differ on 273.587557 seconds. Ignoring the source.
[WARN] [1785993834.550191018] [collision_monitor]: [scan]: Latest source and current collision monitor node timestamps differ on 273.637530 seconds. Ignoring the source.
[WARN] [1785993834.600198191] [collision_monitor]: [scan]: Latest source and current collision monitor node timestamps differ on 273.687536 seconds. Ignoring the source.
[WARN] [1785993834.650202789] [collision_monitor]: [scan]: Latest source and current collision monitor node timestamps differ on 273.737542 seconds. Ignoring the source.
[WARN] [1785993834.700165331] [collision_monitor]: [scan]: Latest source and current collision monitor node timestamps differ on 273.787504 seconds. Ignoring the source.
[WARN] [1785993834.752222181] [collision_monitor]: [scan]: Latest source and current collision monitor node timestamps differ on 273.839553 seconds. Ignoring the source.
[WARN] [1785993834.800209213] [collision_monitor]: [scan]: Latest source and current collision monitor node timestamps differ on 273.887548 seconds. Ignoring the source.
[WARN] [1785993834.850223293] [collision_monitor]: [scan]: Latest source and current collision monitor node timestamps differ on 273.937562 seconds. Ignoring the source.
[WARN] [1785993834.900150687] [collision_monitor]: [scan]: Latest source and current collision monitor node timestamps differ on 273.987490 seconds. Ignoring the source.
[WARN] [1785993834.950240156] [collision_monitor]: [scan]: Latest source and current collision monitor node timestamps differ on 274.037578 seconds. Ignoring the source.
[WARN] [1785993835.000172199] [collision_monitor]: [scan]: Latest source and current collision monitor node timestamps differ on 274.087511 seconds. Ignoring the source.
[WARN] [1785993835.050194705] [collision_monitor]: [scan]: Latest source and current collision monitor node timestamps differ on 274.137533 seconds. Ignoring the source.
[WARN] [1785993835.100226025] [collision_monitor]: [scan]: Latest source and current collision monitor node timestamps differ on 274.187564 seconds. Ignoring the source.
[WARN] [1785993835.150231772] [collision_monitor]: [scan]: Latest source and current collision monitor node timestamps differ on 274.237570 seconds. Ignoring the source.
[WARN] [1785993835.200179814] [collision_monitor]: [scan]: Latest source and current collision monitor node timestamps differ on 274.287518 seconds. Ignoring the source.
[WARN] [1785993835.250190301] [collision_monitor]: [scan]: Latest source and current collision monitor node timestamps differ on 274.337529 seconds. Ignoring the source.
[WARN] [1785993835.300301752] [collision_monitor]: [scan]: Latest source and current collision monitor node timestamps differ on 274.387640 seconds. Ignoring the source.
[WARN] [1785993835.350557981] [collision_monitor]: [scan]: Latest source and current collision monitor node timestamps differ on 274.437897 seconds. Ignoring the source.
[WARN] [1785993835.400194189] [collision_monitor]: [scan]: Latest source and current collision monitor node timestamps differ on 274.487533 seconds. Ignoring the source.
[WARN] [1785993835.450188935] [collision_monitor]: [scan]: Latest source and current collision monitor node timestamps differ on 274.537528 seconds. Ignoring the source.
[WARN] [1785993835.500408979] [collision_monitor]: [scan]: Latest source and current collision monitor node timestamps differ on 274.587745 seconds. Ignoring the source.
[WARN] [1785993835.550183317] [collision_monitor]: [scan]: Latest source and current collision monitor node timestamps differ on 274.637522 seconds. Ignoring the source.
[WARN] [1785993835.600179081] [collision_monitor]: [scan]: Latest source and current collision monitor node timestamps differ on 274.687517 seconds. Ignoring the source.
[WARN] [1785993835.650210976] [collision_monitor]: [scan]: Latest source and current collision monitor node timestamps differ on 274.737550 seconds. Ignoring the source.
[WARN] [1785993835.700372631] [collision_monitor]: [scan]: Latest source and current collision monitor node timestamps differ on 274.787710 seconds. Ignoring the source.
[WARN] [1785993835.750249025] [collision_monitor]: [scan]: Latest source and current collision monitor node timestamps differ on 274.837587 seconds. Ignoring the source.
[WARN] [1785993835.800347364] [collision_monitor]: [scan]: Latest source and current collision monitor node timestamps differ on 274.887685 seconds. Ignoring the source.
[WARN] [1785993835.861989487] [collision_monitor]: [scan]: Latest source and current collision monitor node timestamps differ on 274.949328 seconds. Ignoring the source.
[WARN] [1785993835.900204264] [collision_monitor]: [scan]: Latest source and current collision monitor node timestamps differ on 274.987542 seconds. Ignoring the source.
[WARN] [1785993835.950242344] [collision_monitor]: [scan]: Latest source and current collision monitor node timestamps differ on 275.037581 seconds. Ignoring the source.
[WARN] [1785993836.000881038] [collision_monitor]: [scan]: Latest source and current collision monitor node timestamps differ on 275.088217 seconds. Ignoring the source.
[WARN] [1785993836.050225484] [collision_monitor]: [scan]: Latest source and current collision monitor node timestamps differ on 275.137564 seconds. Ignoring the source.
[WARN] [1785993836.100497269] [collision_monitor]: [scan]: Latest source and current collision monitor node timestamps differ on 275.187835 seconds. Ignoring the source.
[WARN] [1785993836.150254774] [collision_monitor]: [scan]: Latest source and current collision monitor node timestamps differ on 275.237592 seconds. Ignoring the source.
[WARN] [1785993836.200319965] [collision_monitor]: [scan]: Latest source and current collision monitor node timestamps differ on 275.287658 seconds. Ignoring the source.
[WARN] [1785993836.250202007] [collision_monitor]: [scan]: Latest source and current collision monitor node timestamps differ on 275.337541 seconds. Ignoring the source.
[WARN] [1785993836.300280143] [collision_monitor]: [scan]: Latest source and current collision monitor node timestamps differ on 275.387617 seconds. Ignoring the source.
[WARN] [1785993836.350198963] [collision_monitor]: [scan]: Latest source and current collision monitor node timestamps differ on 275.437538 seconds. Ignoring the source.
[WARN] [1785993836.400151894] [collision_monitor]: [scan]: Latest source and current collision monitor node timestamps differ on 275.487490 seconds. Ignoring the source.
[WARN] [1785993836.450439420] [collision_monitor]: [scan]: Latest source and current collision monitor node timestamps differ on 275.537775 seconds. Ignoring the source.
[WARN] [1785993836.501831636] [collision_monitor]: [scan]: Latest source and current collision monitor node timestamps differ on 275.589164 seconds. Ignoring the source.
[WARN] [1785993836.550183115] [collision_monitor]: [scan]: Latest source and current collision monitor node timestamps differ on 275.637522 seconds. Ignoring the source.
[WARN] [1785993836.600187584] [collision_monitor]: [scan]: Latest source and current collision monitor node timestamps differ on 275.687527 seconds. Ignoring the source.
[WARN] [1785993836.650266553] [collision_monitor]: [scan]: Latest source and current collision monitor node timestamps differ on 275.737605 seconds. Ignoring the source.
[WARN] [1785993836.700208280] [collision_monitor]: [scan]: Latest source and current collision monitor node timestamps differ on 275.787547 seconds. Ignoring the source.
[WARN] [1785993836.750181786] [collision_monitor]: [scan]: Latest source and current collision monitor node timestamps differ on 275.837521 seconds. Ignoring the source.
[WARN] [1785993836.800228884] [collision_monitor]: [scan]: Latest source and current collision monitor node timestamps differ on 275.887567 seconds. Ignoring the source.
[WARN] [1785993836.850195797] [collision_monitor]: [scan]: Latest source and current collision monitor node timestamps differ on 275.937535 seconds. Ignoring the source.
[WARN] [1785993836.907528638] [collision_monitor]: [scan]: Latest source and current collision monitor node timestamps differ on 275.994845 seconds. Ignoring the source.
[WARN] [1785993836.950200771] [collision_monitor]: [scan]: Latest source and current collision monitor node timestamps differ on 276.037540 seconds. Ignoring the source.
[WARN] [1785993837.000211481] [collision_monitor]: [scan]: Latest source and current collision monitor node timestamps differ on 276.087550 seconds. Ignoring the source.
[WARN] [1785993837.050203801] [collision_monitor]: [scan]: Latest source and current collision monitor node timestamps differ on 276.137543 seconds. Ignoring the source.
[WARN] [1785993837.100235418] [collision_monitor]: [scan]: Latest source and current collision monitor node timestamps differ on 276.187574 seconds. Ignoring the source.
[WARN] [1785993837.150230202] [collision_monitor]: [scan]: Latest source and current collision monitor node timestamps differ on 276.237569 seconds. Ignoring the source.
[WARN] [1785993837.200237059] [collision_monitor]: [scan]: Latest source and current collision monitor node timestamps differ on 276.287576 seconds. Ignoring the source.
[WARN] [1785993837.250209898] [collision_monitor]: [scan]: Latest source and current collision monitor node timestamps differ on 276.337548 seconds. Ignoring the source.
[WARN] [1785993837.300650980] [collision_monitor]: [scan]: Latest source and current collision monitor node timestamps differ on 276.387990 seconds. Ignoring the source.
[WARN] [1785993837.350226983] [collision_monitor]: [scan]: Latest source and current collision monitor node timestamps differ on 276.437566 seconds. Ignoring the source.
[WARN] [1785993837.400223971] [collision_monitor]: [scan]: Latest source and current collision monitor node timestamps differ on 276.487562 seconds. Ignoring the source.
[WARN] [1785993837.450215328] [collision_monitor]: [scan]: Latest source and current collision monitor node timestamps differ on 276.537554 seconds. Ignoring the source.
[WARN] [1785993837.500167852] [collision_monitor]: [scan]: Latest source and current collision monitor node timestamps differ on 276.587506 seconds. Ignoring the source.
[WARN] [1785993837.550323784] [collision_monitor]: [scan]: Latest source and current collision monitor node timestamps differ on 276.637660 seconds. Ignoring the source.
[WARN] [1785993837.600129048] [collision_monitor]: [scan]: Latest source and current collision monitor node timestamps differ on 276.687467 seconds. Ignoring the source.
[WARN] [1785993837.650200795] [collision_monitor]: [scan]: Latest source and current collision monitor node timestamps differ on 276.737539 seconds. Ignoring the source.
[WARN] [1785993837.700180856] [collision_monitor]: [scan]: Latest source and current collision monitor node timestamps differ on 276.787520 seconds. Ignoring the source.
[WARN] [1785993837.750201214] [collision_monitor]: [scan]: Latest source and current collision monitor node timestamps differ on 276.837540 seconds. Ignoring the source.
[WARN] [1785993837.800210145] [collision_monitor]: [scan]: Latest source and current collision monitor node timestamps differ on 276.887548 seconds. Ignoring the source.
[WARN] [1785993837.850202169] [collision_monitor]: [scan]: Latest source and current collision monitor node timestamps differ on 276.937541 seconds. Ignoring the source.
[WARN] [1785993837.900183823] [collision_monitor]: [scan]: Latest source and current collision monitor node timestamps differ on 276.987523 seconds. Ignoring the source.
[WARN] [1785993837.950233088] [collision_monitor]: [scan]: Latest source and current collision monitor node timestamps differ on 277.037571 seconds. Ignoring the source.
[WARN] [1785993838.017564334] [collision_monitor]: [scan]: Latest source and current collision monitor node timestamps differ on 277.104900 seconds. Ignoring the source.
[WARN] [1785993838.050179062] [collision_monitor]: [scan]: Latest source and current collision monitor node timestamps differ on 277.137517 seconds. Ignoring the source.
[WARN] [1785993838.100166975] [collision_monitor]: [scan]: Latest source and current collision monitor node timestamps differ on 277.187506 seconds. Ignoring the source.
[WARN] [1785993838.150245389] [collision_monitor]: [scan]: Latest source and current collision monitor node timestamps differ on 277.237577 seconds. Ignoring the source.
[WARN] [1785993838.200220098] [collision_monitor]: [scan]: Latest source and current collision monitor node timestamps differ on 277.287559 seconds. Ignoring the source.
[WARN] [1785993838.250182844] [collision_monitor]: [scan]: Latest source and current collision monitor node timestamps differ on 277.337522 seconds. Ignoring the source.
[WARN] [1785993838.300155053] [collision_monitor]: [scan]: Latest source and current collision monitor node timestamps differ on 277.387493 seconds. Ignoring the source.
[WARN] [1785993838.350192411] [collision_monitor]: [scan]: Latest source and current collision monitor node timestamps differ on 277.437531 seconds. Ignoring the source.
[WARN] [1785993838.400166639] [collision_monitor]: [scan]: Latest source and current collision monitor node timestamps differ on 277.487505 seconds. Ignoring the source.
[WARN] [1785993838.450200867] [collision_monitor]: [scan]: Latest source and current collision monitor node timestamps differ on 277.537540 seconds. Ignoring the source.
[WARN] [1785993838.500214428] [collision_monitor]: [scan]: Latest source and current collision monitor node timestamps differ on 277.587553 seconds. Ignoring the source.
[WARN] [1785993838.550207249] [collision_monitor]: [scan]: Latest source and current collision monitor node timestamps differ on 277.637546 seconds. Ignoring the source.
[WARN] [1785993838.600186032] [collision_monitor]: [scan]: Latest source and current collision monitor node timestamps differ on 277.687525 seconds. Ignoring the source.
[WARN] [1785993838.650221130] [collision_monitor]: [scan]: Latest source and current collision monitor node timestamps differ on 277.737560 seconds. Ignoring the source.
[WARN] [1785993838.700192673] [collision_monitor]: [scan]: Latest source and current collision monitor node timestamps differ on 277.787531 seconds. Ignoring the source.
[WARN] [1785993838.750210031] [collision_monitor]: [scan]: Latest source and current collision monitor node timestamps differ on 277.837549 seconds. Ignoring the source.
[WARN] [1785993838.800207888] [collision_monitor]: [scan]: Latest source and current collision monitor node timestamps differ on 277.887547 seconds. Ignoring the source.
[WARN] [1785993838.850214801] [collision_monitor]: [scan]: Latest source and current collision monitor node timestamps differ on 277.937554 seconds. Ignoring the source.
[WARN] [1785993838.900158084] [collision_monitor]: [scan]: Latest source and current collision monitor node timestamps differ on 277.987497 seconds. Ignoring the source.
[WARN] [1785993838.950211961] [collision_monitor]: [scan]: Latest source and current collision monitor node timestamps differ on 278.037550 seconds. Ignoring the source.
[WARN] [1785993839.000194466] [collision_monitor]: [scan]: Latest source and current collision monitor node timestamps differ on 278.087533 seconds. Ignoring the source.
[WARN] [1785993839.050332473] [collision_monitor]: [scan]: Latest source and current collision monitor node timestamps differ on 278.137669 seconds. Ignoring the source.
[WARN] [1785993839.100195015] [collision_monitor]: [scan]: Latest source and current collision monitor node timestamps differ on 278.187534 seconds. Ignoring the source.
[WARN] [1785993839.150231002] [collision_monitor]: [scan]: Latest source and current collision monitor node timestamps differ on 278.237569 seconds. Ignoring the source.
[WARN] [1785993839.200154840] [collision_monitor]: [scan]: Latest source and current collision monitor node timestamps differ on 278.287493 seconds. Ignoring the source.
[WARN] [1785993839.250195754] [collision_monitor]: [scan]: Latest source and current collision monitor node timestamps differ on 278.337535 seconds. Ignoring the source.
[WARN] [1785993839.300226704] [collision_monitor]: [scan]: Latest source and current collision monitor node timestamps differ on 278.387566 seconds. Ignoring the source.
[WARN] [1785993839.350220173] [collision_monitor]: [scan]: Latest source and current collision monitor node timestamps differ on 278.437559 seconds. Ignoring the source.
[WARN] [1785993839.400151641] [collision_monitor]: [scan]: Latest source and current collision monitor node timestamps differ on 278.487491 seconds. Ignoring the source.
[WARN] [1785993839.450189517] [collision_monitor]: [scan]: Latest source and current collision monitor node timestamps differ on 278.537528 seconds. Ignoring the source.
[WARN] [1785993839.500175689] [collision_monitor]: [scan]: Latest source and current collision monitor node timestamps differ on 278.587513 seconds. Ignoring the source.
[WARN] [1785993839.550200843] [collision_monitor]: [scan]: Latest source and current collision monitor node timestamps differ on 278.637540 seconds. Ignoring the source.
[WARN] [1785993839.600171497] [collision_monitor]: [scan]: Latest source and current collision monitor node timestamps differ on 278.687510 seconds. Ignoring the source.
[WARN] [1785993839.650228614] [collision_monitor]: [scan]: Latest source and current collision monitor node timestamps differ on 278.737567 seconds. Ignoring the source.
[WARN] [1785993839.700202749] [collision_monitor]: [scan]: Latest source and current collision monitor node timestamps differ on 278.787542 seconds. Ignoring the source.
[WARN] [1785993839.750262163] [collision_monitor]: [scan]: Latest source and current collision monitor node timestamps differ on 278.837601 seconds. Ignoring the source.
[WARN] [1785993839.800287668] [collision_monitor]: [scan]: Latest source and current collision monitor node timestamps differ on 278.887626 seconds. Ignoring the source.
[WARN] [1785993839.850189859] [collision_monitor]: [scan]: Latest source and current collision monitor node timestamps differ on 278.937529 seconds. Ignoring the source.
[WARN] [1785993839.900207087] [collision_monitor]: [scan]: Latest source and current collision monitor node timestamps differ on 278.987546 seconds. Ignoring the source.
[WARN] [1785993839.950196037] [collision_monitor]: [scan]: Latest source and current collision monitor node timestamps differ on 279.037535 seconds. Ignoring the source.
[WARN] [1785993840.000172227] [collision_monitor]: [scan]: Latest source and current collision monitor node timestamps differ on 279.087511 seconds. Ignoring the source.
[WARN] [1785993840.050188659] [collision_monitor]: [scan]: Latest source and current collision monitor node timestamps differ on 279.137528 seconds. Ignoring the source.
[WARN] [1785993840.100150220] [collision_monitor]: [scan]: Latest source and current collision monitor node timestamps differ on 279.187489 seconds. Ignoring the source.
[WARN] [1785993840.165675567] [collision_monitor]: [scan]: Latest source and current collision monitor node timestamps differ on 279.252997 seconds. Ignoring the source.
[WARN] [1785993840.200119694] [collision_monitor]: [scan]: Latest source and current collision monitor node timestamps differ on 279.287458 seconds. Ignoring the source.
[WARN] [1785993840.250945334] [collision_monitor]: [scan]: Latest source and current collision monitor node timestamps differ on 279.338283 seconds. Ignoring the source.
[WARN] [1785993840.300056779] [collision_monitor]: [scan]: Latest source and current collision monitor node timestamps differ on 279.387396 seconds. Ignoring the source.
[WARN] [1785993840.350151285] [collision_monitor]: [scan]: Latest source and current collision monitor node timestamps differ on 279.437490 seconds. Ignoring the source.
[WARN] [1785993840.400134124] [collision_monitor]: [scan]: Latest source and current collision monitor node timestamps differ on 279.487473 seconds. Ignoring the source.
[WARN] [1785993840.450188667] [collision_monitor]: [scan]: Latest source and current collision monitor node timestamps differ on 279.537527 seconds. Ignoring the source.
[WARN] [1785993840.500130154] [collision_monitor]: [scan]: Latest source and current collision monitor node timestamps differ on 279.587469 seconds. Ignoring the source.
[WARN] [1785993840.550167123] [collision_monitor]: [scan]: Latest source and current collision monitor node timestamps differ on 279.637505 seconds. Ignoring the source.
[WARN] [1785993840.600142591] [collision_monitor]: [scan]: Latest source and current collision monitor node timestamps differ on 279.687482 seconds. Ignoring the source.
[WARN] [1785993840.650161190] [collision_monitor]: [scan]: Latest source and current collision monitor node timestamps differ on 279.737500 seconds. Ignoring the source.
[WARN] [1785993840.700148381] [collision_monitor]: [scan]: Latest source and current collision monitor node timestamps differ on 279.787487 seconds. Ignoring the source.
[WARN] [1785993840.750137942] [collision_monitor]: [scan]: Latest source and current collision monitor node timestamps differ on 279.837477 seconds. Ignoring the source.
[WARN] [1785993840.800129170] [collision_monitor]: [scan]: Latest source and current collision monitor node timestamps differ on 279.887467 seconds. Ignoring the source.
[WARN] [1785993840.850132083] [collision_monitor]: [scan]: Latest source and current collision monitor node timestamps differ on 279.937471 seconds. Ignoring the source.
[WARN] [1785993840.900143366] [collision_monitor]: [scan]: Latest source and current collision monitor node timestamps differ on 279.987481 seconds. Ignoring the source.
[WARN] [1785993840.950200502] [collision_monitor]: [scan]: Latest source and current collision monitor node timestamps differ on 280.037539 seconds. Ignoring the source.
[WARN] [1785993841.000128211] [collision_monitor]: [scan]: Latest source and current collision monitor node timestamps differ on 280.087467 seconds. Ignoring the source.
[WARN] [1785993841.050134290] [collision_monitor]: [scan]: Latest source and current collision monitor node timestamps differ on 280.137473 seconds. Ignoring the source.
[WARN] [1785993841.100197574] [collision_monitor]: [scan]: Latest source and current collision monitor node timestamps differ on 280.187536 seconds. Ignoring the source.
[WARN] [1785993841.151346845] [collision_monitor]: [scan]: Latest source and current collision monitor node timestamps differ on 280.238680 seconds. Ignoring the source.
[WARN] [1785993841.200156511] [collision_monitor]: [scan]: Latest source and current collision monitor node timestamps differ on 280.287495 seconds. Ignoring the source.
[WARN] [1785993841.250135628] [collision_monitor]: [scan]: Latest source and current collision monitor node timestamps differ on 280.337474 seconds. Ignoring the source.
[WARN] [1785993841.300170319] [collision_monitor]: [scan]: Latest source and current collision monitor node timestamps differ on 280.387509 seconds. Ignoring the source.
[WARN] [1785993841.350144324] [collision_monitor]: [scan]: Latest source and current collision monitor node timestamps differ on 280.437483 seconds. Ignoring the source.
[WARN] [1785993841.400124552] [collision_monitor]: [scan]: Latest source and current collision monitor node timestamps differ on 280.487464 seconds. Ignoring the source.
[WARN] [1785993841.450120113] [collision_monitor]: [scan]: Latest source and current collision monitor node timestamps differ on 280.537459 seconds. Ignoring the source.
[WARN] [1785993865.650169685] [collision_monitor]: [scan]: Latest source and current collision monitor node timestamps differ on 304.737508 seconds. Ignoring the source.
[WARN] [1785993865.700218135] [collision_monitor]: [scan]: Latest source and current collision monitor node timestamps differ on 304.787556 seconds. Ignoring the source.
[WARN] [1785993865.750266604] [collision_monitor]: [scan]: Latest source and current collision monitor node timestamps differ on 304.837604 seconds. Ignoring the source.
[WARN] [1785993865.800342721] [collision_monitor]: [scan]: Latest source and current collision monitor node timestamps differ on 304.887681 seconds. Ignoring the source.
[WARN] [1785993865.850152189] [collision_monitor]: [scan]: Latest source and current collision monitor node timestamps differ on 304.937491 seconds. Ignoring the source.
[WARN] [1785993865.900185991] [collision_monitor]: [scan]: Latest source and current collision monitor node timestamps differ on 304.987524 seconds. Ignoring the source.
[WARN] [1785993865.950231219] [collision_monitor]: [scan]: Latest source and current collision monitor node timestamps differ on 305.037570 seconds. Ignoring the source.
[WARN] [1785993866.000161428] [collision_monitor]: [scan]: Latest source and current collision monitor node timestamps differ on 305.087500 seconds. Ignoring the source.
[WARN] [1785993866.050316323] [collision_monitor]: [scan]: Latest source and current collision monitor node timestamps differ on 305.137652 seconds. Ignoring the source.
[WARN] [1785993866.100139736] [collision_monitor]: [scan]: Latest source and current collision monitor node timestamps differ on 305.187479 seconds. Ignoring the source.
[WARN] [1785993866.150258983] [collision_monitor]: [scan]: Latest source and current collision monitor node timestamps differ on 305.237595 seconds. Ignoring the source.
[WARN] [1785993866.200157543] [collision_monitor]: [scan]: Latest source and current collision monitor node timestamps differ on 305.287497 seconds. Ignoring the source.
[WARN] [1785993866.250324531] [collision_monitor]: [scan]: Latest source and current collision monitor node timestamps differ on 305.337659 seconds. Ignoring the source.
[WARN] [1785993866.300247203] [collision_monitor]: [scan]: Latest source and current collision monitor node timestamps differ on 305.387586 seconds. Ignoring the source.
[WARN] [1785993866.350172097] [collision_monitor]: [scan]: Latest source and current collision monitor node timestamps differ on 305.437511 seconds. Ignoring the source.
[WARN] [1785993866.400116529] [collision_monitor]: [scan]: Latest source and current collision monitor node timestamps differ on 305.487455 seconds. Ignoring the source.
[WARN] [1785993866.450393480] [collision_monitor]: [scan]: Latest source and current collision monitor node timestamps differ on 305.537729 seconds. Ignoring the source.
[WARN] [1785993866.500228300] [collision_monitor]: [scan]: Latest source and current collision monitor node timestamps differ on 305.587566 seconds. Ignoring the source.
[WARN] [1785993866.550160490] [collision_monitor]: [scan]: Latest source and current collision monitor node timestamps differ on 305.637499 seconds. Ignoring the source.
[WARN] [1785993866.600139181] [collision_monitor]: [scan]: Latest source and current collision monitor node timestamps differ on 305.687478 seconds. Ignoring the source.
[WARN] [1785993866.656135681] [collision_monitor]: [scan]: Latest source and current collision monitor node timestamps differ on 305.743444 seconds. Ignoring the source.
[WARN] [1785993866.700157878] [collision_monitor]: [scan]: Latest source and current collision monitor node timestamps differ on 305.787496 seconds. Ignoring the source.
[WARN] [1785993866.750174346] [collision_monitor]: [scan]: Latest source and current collision monitor node timestamps differ on 305.837513 seconds. Ignoring the source.
[WARN] [1785993866.800215186] [collision_monitor]: [scan]: Latest source and current collision monitor node timestamps differ on 305.887553 seconds. Ignoring the source.
[WARN] [1785993866.850184487] [collision_monitor]: [scan]: Latest source and current collision monitor node timestamps differ on 305.937523 seconds. Ignoring the source.
[WARN] [1785993866.900128252] [collision_monitor]: [scan]: Latest source and current collision monitor node timestamps differ on 305.987467 seconds. Ignoring the source.
[WARN] [1785993866.950212017] [collision_monitor]: [scan]: Latest source and current collision monitor node timestamps differ on 306.037550 seconds. Ignoring the source.
[WARN] [1785993867.000093633] [collision_monitor]: [scan]: Latest source and current collision monitor node timestamps differ on 306.087433 seconds. Ignoring the source.
[WARN] [1785993867.050150825] [collision_monitor]: [scan]: Latest source and current collision monitor node timestamps differ on 306.137490 seconds. Ignoring the source.
[WARN] [1785993867.100172404] [collision_monitor]: [scan]: Latest source and current collision monitor node timestamps differ on 306.187511 seconds. Ignoring the source.
[WARN] [1785993867.150217447] [collision_monitor]: [scan]: Latest source and current collision monitor node timestamps differ on 306.237556 seconds. Ignoring the source.
[WARN] [1785993867.200171990] [collision_monitor]: [scan]: Latest source and current collision monitor node timestamps differ on 306.287511 seconds. Ignoring the source.
[WARN] [1785993867.250171588] [collision_monitor]: [scan]: Latest source and current collision monitor node timestamps differ on 306.337510 seconds. Ignoring the source.
[WARN] [1785993867.300114371] [collision_monitor]: [scan]: Latest source and current collision monitor node timestamps differ on 306.387453 seconds. Ignoring the source.
[WARN] [1785993867.350145562] [collision_monitor]: [scan]: Latest source and current collision monitor node timestamps differ on 306.437484 seconds. Ignoring the source.
[WARN] [1785993867.400123957] [collision_monitor]: [scan]: Latest source and current collision monitor node timestamps differ on 306.487463 seconds. Ignoring the source.
[WARN] [1785993867.450164055] [collision_monitor]: [scan]: Latest source and current collision monitor node timestamps differ on 306.537502 seconds. Ignoring the source.
[WARN] [1785993867.500155746] [collision_monitor]: [scan]: Latest source and current collision monitor node timestamps differ on 306.587495 seconds. Ignoring the source.
[WARN] [1785993867.550163566] [collision_monitor]: [scan]: Latest source and current collision monitor node timestamps differ on 306.637502 seconds. Ignoring the source.
[WARN] [1785993867.600136646] [collision_monitor]: [scan]: Latest source and current collision monitor node timestamps differ on 306.687475 seconds. Ignoring the source.
[WARN] [1785993867.650140041] [collision_monitor]: [scan]: Latest source and current collision monitor node timestamps differ on 306.737479 seconds. Ignoring the source.
[WARN] [1785993867.700145787] [collision_monitor]: [scan]: Latest source and current collision monitor node timestamps differ on 306.787485 seconds. Ignoring the source.
[WARN] [1785993867.750308460] [collision_monitor]: [scan]: Latest source and current collision monitor node timestamps differ on 306.837645 seconds. Ignoring the source.
[WARN] [1785993867.800135483] [collision_monitor]: [scan]: Latest source and current collision monitor node timestamps differ on 306.887474 seconds. Ignoring the source.
[WARN] [1785993867.850219878] [collision_monitor]: [scan]: Latest source and current collision monitor node timestamps differ on 306.937558 seconds. Ignoring the source.
[WARN] [1785993867.900238032] [collision_monitor]: [scan]: Latest source and current collision monitor node timestamps differ on 306.987576 seconds. Ignoring the source.
[WARN] [1785993867.950710466] [collision_monitor]: [scan]: Latest source and current collision monitor node timestamps differ on 307.038049 seconds. Ignoring the source.
[WARN] [1785993868.000239933] [collision_monitor]: [scan]: Latest source and current collision monitor node timestamps differ on 307.087575 seconds. Ignoring the source.
[WARN] [1785993868.050230642] [collision_monitor]: [scan]: Latest source and current collision monitor node timestamps differ on 307.137569 seconds. Ignoring the source.
[WARN] [1785993868.100240944] [collision_monitor]: [scan]: Latest source and current collision monitor node timestamps differ on 307.187579 seconds. Ignoring the source.
[WARN] [1785993868.150268746] [collision_monitor]: [scan]: Latest source and current collision monitor node timestamps differ on 307.237606 seconds. Ignoring the source.
[WARN] [1785993868.200193677] [collision_monitor]: [scan]: Latest source and current collision monitor node timestamps differ on 307.287533 seconds. Ignoring the source.
[WARN] [1785993868.250231720] [collision_monitor]: [scan]: Latest source and current collision monitor node timestamps differ on 307.337570 seconds. Ignoring the source.
[WARN] [1785993868.300234726] [collision_monitor]: [scan]: Latest source and current collision monitor node timestamps differ on 307.387573 seconds. Ignoring the source.
[WARN] [1785993868.350184361] [collision_monitor]: [scan]: Latest source and current collision monitor node timestamps differ on 307.437523 seconds. Ignoring the source.
[WARN] [1785993868.400191404] [collision_monitor]: [scan]: Latest source and current collision monitor node timestamps differ on 307.487530 seconds. Ignoring the source.
[WARN] [1785993868.450224891] [collision_monitor]: [scan]: Latest source and current collision monitor node timestamps differ on 307.537563 seconds. Ignoring the source.
[WARN] [1785993868.500205230] [collision_monitor]: [scan]: Latest source and current collision monitor node timestamps differ on 307.587544 seconds. Ignoring the source.
[WARN] [1785993868.550244569] [collision_monitor]: [scan]: Latest source and current collision monitor node timestamps differ on 307.637582 seconds. Ignoring the source.
[WARN] [1785993868.600319260] [collision_monitor]: [scan]: Latest source and current collision monitor node timestamps differ on 307.687658 seconds. Ignoring the source.
[WARN] [1785993868.650252210] [collision_monitor]: [scan]: Latest source and current collision monitor node timestamps differ on 307.737590 seconds. Ignoring the source.
[WARN] [1785993868.700243771] [collision_monitor]: [scan]: Latest source and current collision monitor node timestamps differ on 307.787582 seconds. Ignoring the source.
[WARN] [1785993868.750273832] [collision_monitor]: [scan]: Latest source and current collision monitor node timestamps differ on 307.837612 seconds. Ignoring the source.
[WARN] [1785993868.824608300] [collision_monitor]: [scan]: Latest source and current collision monitor node timestamps differ on 307.911945 seconds. Ignoring the source.
[WARN] [1785993868.850355215] [collision_monitor]: [scan]: Latest source and current collision monitor node timestamps differ on 307.937690 seconds. Ignoring the source.
[WARN] [1785993868.900278553] [collision_monitor]: [scan]: Latest source and current collision monitor node timestamps differ on 307.987617 seconds. Ignoring the source.
[WARN] [1785993868.950205225] [collision_monitor]: [scan]: Latest source and current collision monitor node timestamps differ on 308.037544 seconds. Ignoring the source.
[WARN] [1785993869.000194453] [collision_monitor]: [scan]: Latest source and current collision monitor node timestamps differ on 308.087532 seconds. Ignoring the source.
[WARN] [1785993869.050248440] [collision_monitor]: [scan]: Latest source and current collision monitor node timestamps differ on 308.137587 seconds. Ignoring the source.
[WARN] [1785993869.100195223] [collision_monitor]: [scan]: Latest source and current collision monitor node timestamps differ on 308.187533 seconds. Ignoring the source.
[WARN] [1785993869.150224192] [collision_monitor]: [scan]: Latest source and current collision monitor node timestamps differ on 308.237562 seconds. Ignoring the source.
[WARN] [1785993869.200242531] [collision_monitor]: [scan]: Latest source and current collision monitor node timestamps differ on 308.287581 seconds. Ignoring the source.
[WARN] [1785993869.250228592] [collision_monitor]: [scan]: Latest source and current collision monitor node timestamps differ on 308.337567 seconds. Ignoring the source.
[WARN] [1785993869.300482396] [collision_monitor]: [scan]: Latest source and current collision monitor node timestamps differ on 308.387821 seconds. Ignoring the source.
[WARN] [1785993869.350208715] [collision_monitor]: [scan]: Latest source and current collision monitor node timestamps differ on 308.437547 seconds. Ignoring the source.
[WARN] [1785993869.400163961] [collision_monitor]: [scan]: Latest source and current collision monitor node timestamps differ on 308.487503 seconds. Ignoring the source.
[WARN] [1785993869.450218485] [collision_monitor]: [scan]: Latest source and current collision monitor node timestamps differ on 308.537557 seconds. Ignoring the source.
[WARN] [1785993869.500202250] [collision_monitor]: [scan]: Latest source and current collision monitor node timestamps differ on 308.587540 seconds. Ignoring the source.
[WARN] [1785993869.550211015] [collision_monitor]: [scan]: Latest source and current collision monitor node timestamps differ on 308.637550 seconds. Ignoring the source.
[WARN] [1785993869.600193854] [collision_monitor]: [scan]: Latest source and current collision monitor node timestamps differ on 308.687532 seconds. Ignoring the source.
[WARN] [1785993869.650336731] [collision_monitor]: [scan]: Latest source and current collision monitor node timestamps differ on 308.737673 seconds. Ignoring the source.
[WARN] [1785993869.700246551] [collision_monitor]: [scan]: Latest source and current collision monitor node timestamps differ on 308.787585 seconds. Ignoring the source.
[WARN] [1785993869.750224871] [collision_monitor]: [scan]: Latest source and current collision monitor node timestamps differ on 308.837563 seconds. Ignoring the source.
[WARN] [1785993869.800222544] [collision_monitor]: [scan]: Latest source and current collision monitor node timestamps differ on 308.887561 seconds. Ignoring the source.
[WARN] [1785993869.850220123] [collision_monitor]: [scan]: Latest source and current collision monitor node timestamps differ on 308.937559 seconds. Ignoring the source.
[WARN] [1785993869.902125621] [collision_monitor]: [scan]: Latest source and current collision monitor node timestamps differ on 308.989435 seconds. Ignoring the source.
[WARN] [1785993869.950308246] [collision_monitor]: [scan]: Latest source and current collision monitor node timestamps differ on 309.037644 seconds. Ignoring the source.
[WARN] [1785993870.000246140] [collision_monitor]: [scan]: Latest source and current collision monitor node timestamps differ on 309.087584 seconds. Ignoring the source.
[WARN] [1785993870.050257054] [collision_monitor]: [scan]: Latest source and current collision monitor node timestamps differ on 309.137594 seconds. Ignoring the source.
[WARN] [1785993870.100256189] [collision_monitor]: [scan]: Latest source and current collision monitor node timestamps differ on 309.187595 seconds. Ignoring the source.
[WARN] [1785993870.150241676] [collision_monitor]: [scan]: Latest source and current collision monitor node timestamps differ on 309.237580 seconds. Ignoring the source.
[WARN] [1785993870.200216385] [collision_monitor]: [scan]: Latest source and current collision monitor node timestamps differ on 309.287554 seconds. Ignoring the source.
[WARN] [1785993870.250212835] [collision_monitor]: [scan]: Latest source and current collision monitor node timestamps differ on 309.337552 seconds. Ignoring the source.
[WARN] [1785993870.300275397] [collision_monitor]: [scan]: Latest source and current collision monitor node timestamps differ on 309.387613 seconds. Ignoring the source.
[WARN] [1785993870.350475181] [collision_monitor]: [scan]: Latest source and current collision monitor node timestamps differ on 309.437813 seconds. Ignoring the source.
[WARN] [1785993870.400268778] [collision_monitor]: [scan]: Latest source and current collision monitor node timestamps differ on 309.487607 seconds. Ignoring the source.
[WARN] [1785993870.450234969] [collision_monitor]: [scan]: Latest source and current collision monitor node timestamps differ on 309.537573 seconds. Ignoring the source.
[WARN] [1785993870.500217771] [collision_monitor]: [scan]: Latest source and current collision monitor node timestamps differ on 309.587556 seconds. Ignoring the source.
[WARN] [1785993870.550232277] [collision_monitor]: [scan]: Latest source and current collision monitor node timestamps differ on 309.637570 seconds. Ignoring the source.
[WARN] [1785993870.600204486] [collision_monitor]: [scan]: Latest source and current collision monitor node timestamps differ on 309.687543 seconds. Ignoring the source.
[WARN] [1785993870.650239325] [collision_monitor]: [scan]: Latest source and current collision monitor node timestamps differ on 309.737578 seconds. Ignoring the source.
[WARN] [1785993870.700224442] [collision_monitor]: [scan]: Latest source and current collision monitor node timestamps differ on 309.787563 seconds. Ignoring the source.
[WARN] [1785993870.750262725] [collision_monitor]: [scan]: Latest source and current collision monitor node timestamps differ on 309.837601 seconds. Ignoring the source.
[WARN] [1785993870.800220323] [collision_monitor]: [scan]: Latest source and current collision monitor node timestamps differ on 309.887558 seconds. Ignoring the source.
[WARN] [1785993870.850233533] [collision_monitor]: [scan]: Latest source and current collision monitor node timestamps differ on 309.937572 seconds. Ignoring the source.
[WARN] [1785993870.900254761] [collision_monitor]: [scan]: Latest source and current collision monitor node timestamps differ on 309.987592 seconds. Ignoring the source.
[WARN] [1785993870.960304857] [collision_monitor]: [scan]: Latest source and current collision monitor node timestamps differ on 310.047623 seconds. Ignoring the source.
[WARN] [1785993871.000211013] [collision_monitor]: [scan]: Latest source and current collision monitor node timestamps differ on 310.087549 seconds. Ignoring the source.
[WARN] [1785993871.050259519] [collision_monitor]: [scan]: Latest source and current collision monitor node timestamps differ on 310.137598 seconds. Ignoring the source.
[WARN] [1785993871.100189598] [collision_monitor]: [scan]: Latest source and current collision monitor node timestamps differ on 310.187528 seconds. Ignoring the source.
[WARN] [1785993871.150486235] [collision_monitor]: [scan]: Latest source and current collision monitor node timestamps differ on 310.237823 seconds. Ignoring the source.
[WARN] [1785993871.200213776] [collision_monitor]: [scan]: Latest source and current collision monitor node timestamps differ on 310.287552 seconds. Ignoring the source.
[WARN] [1785993871.250223671] [collision_monitor]: [scan]: Latest source and current collision monitor node timestamps differ on 310.337562 seconds. Ignoring the source.
[WARN] [1785993871.300282436] [collision_monitor]: [scan]: Latest source and current collision monitor node timestamps differ on 310.387621 seconds. Ignoring the source.
[WARN] [1785993871.351151409] [collision_monitor]: [scan]: Latest source and current collision monitor node timestamps differ on 310.438489 seconds. Ignoring the source.
[WARN] [1785993871.400338410] [collision_monitor]: [scan]: Latest source and current collision monitor node timestamps differ on 310.487676 seconds. Ignoring the source.
[WARN] [1785993871.450243804] [collision_monitor]: [scan]: Latest source and current collision monitor node timestamps differ on 310.537581 seconds. Ignoring the source.
[WARN] [1785993871.500241551] [collision_monitor]: [scan]: Latest source and current collision monitor node timestamps differ on 310.587580 seconds. Ignoring the source.
[WARN] [1785993871.550225149] [collision_monitor]: [scan]: Latest source and current collision monitor node timestamps differ on 310.637563 seconds. Ignoring the source.
[WARN] [1785993871.600325322] [collision_monitor]: [scan]: Latest source and current collision monitor node timestamps differ on 310.687662 seconds. Ignoring the source.
[WARN] [1785993871.650224568] [collision_monitor]: [scan]: Latest source and current collision monitor node timestamps differ on 310.737563 seconds. Ignoring the source.
[WARN] [1785993871.700479890] [collision_monitor]: [scan]: Latest source and current collision monitor node timestamps differ on 310.787817 seconds. Ignoring the source.
[WARN] [1785993871.750447914] [collision_monitor]: [scan]: Latest source and current collision monitor node timestamps differ on 310.837785 seconds. Ignoring the source.
[WARN] [1785993871.800283141] [collision_monitor]: [scan]: Latest source and current collision monitor node timestamps differ on 310.887621 seconds. Ignoring the source.
[WARN] [1785993871.850257294] [collision_monitor]: [scan]: Latest source and current collision monitor node timestamps differ on 310.937595 seconds. Ignoring the source.
[WARN] [1785993871.900373652] [collision_monitor]: [scan]: Latest source and current collision monitor node timestamps differ on 310.987711 seconds. Ignoring the source.
[WARN] [1785993871.950361010] [collision_monitor]: [scan]: Latest source and current collision monitor node timestamps differ on 311.037697 seconds. Ignoring the source.
[WARN] [1785993872.000812055] [collision_monitor]: [scan]: Latest source and current collision monitor node timestamps differ on 311.088146 seconds. Ignoring the source.
[WARN] [1785993872.051111136] [collision_monitor]: [scan]: Latest source and current collision monitor node timestamps differ on 311.138448 seconds. Ignoring the source.
[WARN] [1785993872.100530139] [collision_monitor]: [scan]: Latest source and current collision monitor node timestamps differ on 311.187863 seconds. Ignoring the source.
[WARN] [1785993872.150399310] [collision_monitor]: [scan]: Latest source and current collision monitor node timestamps differ on 311.237736 seconds. Ignoring the source.
[WARN] [1785993872.200373520] [collision_monitor]: [scan]: Latest source and current collision monitor node timestamps differ on 311.287710 seconds. Ignoring the source.
[WARN] [1785993872.250374062] [collision_monitor]: [scan]: Latest source and current collision monitor node timestamps differ on 311.337711 seconds. Ignoring the source.
[WARN] [1785993872.301354795] [collision_monitor]: [scan]: Latest source and current collision monitor node timestamps differ on 311.388693 seconds. Ignoring the source.
[WARN] [1785993872.351490857] [collision_monitor]: [scan]: Latest source and current collision monitor node timestamps differ on 311.438829 seconds. Ignoring the source.
[WARN] [1785993872.400287949] [collision_monitor]: [scan]: Latest source and current collision monitor node timestamps differ on 311.487626 seconds. Ignoring the source.
[WARN] [1785993872.450189602] [collision_monitor]: [scan]: Latest source and current collision monitor node timestamps differ on 311.537528 seconds. Ignoring the source.
[WARN] [1785993872.500640777] [collision_monitor]: [scan]: Latest source and current collision monitor node timestamps differ on 311.587976 seconds. Ignoring the source.
[WARN] [1785993872.550915192] [collision_monitor]: [scan]: Latest source and current collision monitor node timestamps differ on 311.638254 seconds. Ignoring the source.
[WARN] [1785993872.600174971] [collision_monitor]: [scan]: Latest source and current collision monitor node timestamps differ on 311.687513 seconds. Ignoring the source.
[WARN] [1785993872.650394497] [collision_monitor]: [scan]: Latest source and current collision monitor node timestamps differ on 311.737732 seconds. Ignoring the source.
[WARN] [1785993872.700178001] [collision_monitor]: [scan]: Latest source and current collision monitor node timestamps differ on 311.787517 seconds. Ignoring the source.
[WARN] [1785993872.750199562] [collision_monitor]: [scan]: Latest source and current collision monitor node timestamps differ on 311.837538 seconds. Ignoring the source.
[WARN] [1785993872.800219364] [collision_monitor]: [scan]: Latest source and current collision monitor node timestamps differ on 311.887557 seconds. Ignoring the source.
[WARN] [1785993872.850235926] [collision_monitor]: [scan]: Latest source and current collision monitor node timestamps differ on 311.937574 seconds. Ignoring the source.
[WARN] [1785993872.900191450] [collision_monitor]: [scan]: Latest source and current collision monitor node timestamps differ on 311.987530 seconds. Ignoring the source.
[WARN] [1785993872.950227363] [collision_monitor]: [scan]: Latest source and current collision monitor node timestamps differ on 312.037565 seconds. Ignoring the source.
[WARN] [1785993873.000174313] [collision_monitor]: [scan]: Latest source and current collision monitor node timestamps differ on 312.087513 seconds. Ignoring the source.
[WARN] [1785993873.050217708] [collision_monitor]: [scan]: Latest source and current collision monitor node timestamps differ on 312.137556 seconds. Ignoring the source.
[WARN] [1785993873.108038921] [collision_monitor]: [scan]: Latest source and current collision monitor node timestamps differ on 312.195348 seconds. Ignoring the source.
[WARN] [1785993873.150219274] [collision_monitor]: [scan]: Latest source and current collision monitor node timestamps differ on 312.237557 seconds. Ignoring the source.
[WARN] [1785993873.200175817] [collision_monitor]: [scan]: Latest source and current collision monitor node timestamps differ on 312.287514 seconds. Ignoring the source.
[WARN] [1785993873.250190008] [collision_monitor]: [scan]: Latest source and current collision monitor node timestamps differ on 312.337529 seconds. Ignoring the source.
[WARN] [1785993873.300158958] [collision_monitor]: [scan]: Latest source and current collision monitor node timestamps differ on 312.387498 seconds. Ignoring the source.
[WARN] [1785993873.350205223] [collision_monitor]: [scan]: Latest source and current collision monitor node timestamps differ on 312.437544 seconds. Ignoring the source.
[WARN] [1785993873.400233303] [collision_monitor]: [scan]: Latest source and current collision monitor node timestamps differ on 312.487572 seconds. Ignoring the source.
[WARN] [1785993873.450194160] [collision_monitor]: [scan]: Latest source and current collision monitor node timestamps differ on 312.537533 seconds. Ignoring the source.
[WARN] [1785993873.500216481] [collision_monitor]: [scan]: Latest source and current collision monitor node timestamps differ on 312.587555 seconds. Ignoring the source.
[WARN] [1785993873.550167856] [collision_monitor]: [scan]: Latest source and current collision monitor node timestamps differ on 312.637506 seconds. Ignoring the source.
[WARN] [1785993873.600201418] [collision_monitor]: [scan]: Latest source and current collision monitor node timestamps differ on 312.687540 seconds. Ignoring the source.
[WARN] [1785993873.650319257] [collision_monitor]: [scan]: Latest source and current collision monitor node timestamps differ on 312.737656 seconds. Ignoring the source.
[WARN] [1785993873.700180281] [collision_monitor]: [scan]: Latest source and current collision monitor node timestamps differ on 312.787519 seconds. Ignoring the source.
[WARN] [1785993873.750179398] [collision_monitor]: [scan]: Latest source and current collision monitor node timestamps differ on 312.837518 seconds. Ignoring the source.
[WARN] [1785993873.800222867] [collision_monitor]: [scan]: Latest source and current collision monitor node timestamps differ on 312.887561 seconds. Ignoring the source.
[WARN] [1785993873.850187057] [collision_monitor]: [scan]: Latest source and current collision monitor node timestamps differ on 312.937526 seconds. Ignoring the source.
[WARN] [1785993873.900208119] [collision_monitor]: [scan]: Latest source and current collision monitor node timestamps differ on 312.987547 seconds. Ignoring the source.
[WARN] [1785993873.950218143] [collision_monitor]: [scan]: Latest source and current collision monitor node timestamps differ on 313.037557 seconds. Ignoring the source.
[WARN] [1785993874.000219222] [collision_monitor]: [scan]: Latest source and current collision monitor node timestamps differ on 313.087558 seconds. Ignoring the source.
[WARN] [1785993874.050200228] [collision_monitor]: [scan]: Latest source and current collision monitor node timestamps differ on 313.137539 seconds. Ignoring the source.
[WARN] [1785993874.100173382] [collision_monitor]: [scan]: Latest source and current collision monitor node timestamps differ on 313.187512 seconds. Ignoring the source.
[WARN] [1785993874.150236758] [collision_monitor]: [scan]: Latest source and current collision monitor node timestamps differ on 313.237575 seconds. Ignoring the source.
[WARN] [1785993874.201117250] [collision_monitor]: [scan]: Latest source and current collision monitor node timestamps differ on 313.288433 seconds. Ignoring the source.
[WARN] [1785993874.250210862] [collision_monitor]: [scan]: Latest source and current collision monitor node timestamps differ on 313.337550 seconds. Ignoring the source.
[WARN] [1785993874.300214793] [collision_monitor]: [scan]: Latest source and current collision monitor node timestamps differ on 313.387553 seconds. Ignoring the source.
[WARN] [1785993874.350209781] [collision_monitor]: [scan]: Latest source and current collision monitor node timestamps differ on 313.437549 seconds. Ignoring the source.
[WARN] [1785993874.400196768] [collision_monitor]: [scan]: Latest source and current collision monitor node timestamps differ on 313.487536 seconds. Ignoring the source.
[WARN] [1785993874.450233051] [collision_monitor]: [scan]: Latest source and current collision monitor node timestamps differ on 313.537572 seconds. Ignoring the source.
[WARN] [1785993874.500170001] [collision_monitor]: [scan]: Latest source and current collision monitor node timestamps differ on 313.587509 seconds. Ignoring the source.
[WARN] [1785993874.550210322] [collision_monitor]: [scan]: Latest source and current collision monitor node timestamps differ on 313.637549 seconds. Ignoring the source.
[WARN] [1785993874.600204957] [collision_monitor]: [scan]: Latest source and current collision monitor node timestamps differ on 313.687543 seconds. Ignoring the source.
[WARN] [1785993874.650302241] [collision_monitor]: [scan]: Latest source and current collision monitor node timestamps differ on 313.737639 seconds. Ignoring the source.
[WARN] [1785993874.700184153] [collision_monitor]: [scan]: Latest source and current collision monitor node timestamps differ on 313.787523 seconds. Ignoring the source.
[WARN] [1785993874.750186066] [collision_monitor]: [scan]: Latest source and current collision monitor node timestamps differ on 313.837525 seconds. Ignoring the source.
[WARN] [1785993874.800173461] [collision_monitor]: [scan]: Latest source and current collision monitor node timestamps differ on 313.887513 seconds. Ignoring the source.
[WARN] [1785993874.850199004] [collision_monitor]: [scan]: Latest source and current collision monitor node timestamps differ on 313.937538 seconds. Ignoring the source.
[WARN] [1785993874.900118490] [collision_monitor]: [scan]: Latest source and current collision monitor node timestamps differ on 313.987457 seconds. Ignoring the source.
[WARN] [1785993874.950190904] [collision_monitor]: [scan]: Latest source and current collision monitor node timestamps differ on 314.037530 seconds. Ignoring the source.
[WARN] [1785993875.000127020] [collision_monitor]: [scan]: Latest source and current collision monitor node timestamps differ on 314.087466 seconds. Ignoring the source.
[WARN] [1785993875.050225804] [collision_monitor]: [scan]: Latest source and current collision monitor node timestamps differ on 314.137565 seconds. Ignoring the source.
[WARN] [1785993875.100194551] [collision_monitor]: [scan]: Latest source and current collision monitor node timestamps differ on 314.187533 seconds. Ignoring the source.
[WARN] [1785993875.150238779] [collision_monitor]: [scan]: Latest source and current collision monitor node timestamps differ on 314.237578 seconds. Ignoring the source.
[WARN] [1785993875.200203414] [collision_monitor]: [scan]: Latest source and current collision monitor node timestamps differ on 314.287542 seconds. Ignoring the source.
[WARN] [1785993875.259672525] [collision_monitor]: [scan]: Latest source and current collision monitor node timestamps differ on 314.347001 seconds. Ignoring the source.
[WARN] [1785993875.300301666] [collision_monitor]: [scan]: Latest source and current collision monitor node timestamps differ on 314.387639 seconds. Ignoring the source.
[WARN] [1785993875.350196208] [collision_monitor]: [scan]: Latest source and current collision monitor node timestamps differ on 314.437535 seconds. Ignoring the source.
[WARN] [1785993875.400198621] [collision_monitor]: [scan]: Latest source and current collision monitor node timestamps differ on 314.487538 seconds. Ignoring the source.
[WARN] [1785993875.450213794] [collision_monitor]: [scan]: Latest source and current collision monitor node timestamps differ on 314.537552 seconds. Ignoring the source.
[WARN] [1785993875.500184188] [collision_monitor]: [scan]: Latest source and current collision monitor node timestamps differ on 314.587522 seconds. Ignoring the source.
[WARN] [1785993875.550185638] [collision_monitor]: [scan]: Latest source and current collision monitor node timestamps differ on 314.637524 seconds. Ignoring the source.
[WARN] [1785993875.600187255] [collision_monitor]: [scan]: Latest source and current collision monitor node timestamps differ on 314.687526 seconds. Ignoring the source.
[WARN] [1785993875.650182576] [collision_monitor]: [scan]: Latest source and current collision monitor node timestamps differ on 314.737521 seconds. Ignoring the source.
[WARN] [1785993875.700212174] [collision_monitor]: [scan]: Latest source and current collision monitor node timestamps differ on 314.787551 seconds. Ignoring the source.
[WARN] [1785993875.750224217] [collision_monitor]: [scan]: Latest source and current collision monitor node timestamps differ on 314.837562 seconds. Ignoring the source.
[WARN] [1785993875.800254741] [collision_monitor]: [scan]: Latest source and current collision monitor node timestamps differ on 314.887593 seconds. Ignoring the source.
[WARN] [1785993875.850216913] [collision_monitor]: [scan]: Latest source and current collision monitor node timestamps differ on 314.937556 seconds. Ignoring the source.
[WARN] [1785993875.900220493] [collision_monitor]: [scan]: Latest source and current collision monitor node timestamps differ on 314.987560 seconds. Ignoring the source.
[WARN] [1785993875.950217499] [collision_monitor]: [scan]: Latest source and current collision monitor node timestamps differ on 315.037556 seconds. Ignoring the source.
[WARN] [1785993876.000207671] [collision_monitor]: [scan]: Latest source and current collision monitor node timestamps differ on 315.087546 seconds. Ignoring the source.
[WARN] [1785993876.050177213] [collision_monitor]: [scan]: Latest source and current collision monitor node timestamps differ on 315.137516 seconds. Ignoring the source.
[WARN] [1785993876.100173812] [collision_monitor]: [scan]: Latest source and current collision monitor node timestamps differ on 315.187513 seconds. Ignoring the source.
[WARN] [1785993876.150199929] [collision_monitor]: [scan]: Latest source and current collision monitor node timestamps differ on 315.237539 seconds. Ignoring the source.
[WARN] [1785993876.200187693] [collision_monitor]: [scan]: Latest source and current collision monitor node timestamps differ on 315.287526 seconds. Ignoring the source.
[WARN] [1785993876.250209662] [collision_monitor]: [scan]: Latest source and current collision monitor node timestamps differ on 315.337549 seconds. Ignoring the source.
[WARN] [1785993876.300174279] [collision_monitor]: [scan]: Latest source and current collision monitor node timestamps differ on 315.387513 seconds. Ignoring the source.
[WARN] [1785993876.357248785] [collision_monitor]: [scan]: Latest source and current collision monitor node timestamps differ on 315.444586 seconds. Ignoring the source.
[WARN] [1785993876.400306698] [collision_monitor]: [scan]: Latest source and current collision monitor node timestamps differ on 315.487644 seconds. Ignoring the source.
[WARN] [1785993876.450929522] [collision_monitor]: [scan]: Latest source and current collision monitor node timestamps differ on 315.538267 seconds. Ignoring the source.
[WARN] [1785993876.500206561] [collision_monitor]: [scan]: Latest source and current collision monitor node timestamps differ on 315.587546 seconds. Ignoring the source.
[WARN] [1785993876.550185363] [collision_monitor]: [scan]: Latest source and current collision monitor node timestamps differ on 315.637524 seconds. Ignoring the source.
[WARN] [1785993876.600214146] [collision_monitor]: [scan]: Latest source and current collision monitor node timestamps differ on 315.687553 seconds. Ignoring the source.
[WARN] [1785993876.650200430] [collision_monitor]: [scan]: Latest source and current collision monitor node timestamps differ on 315.737539 seconds. Ignoring the source.
[WARN] [1785993876.700187954] [collision_monitor]: [scan]: Latest source and current collision monitor node timestamps differ on 315.787527 seconds. Ignoring the source.
[WARN] [1785993876.750221811] [collision_monitor]: [scan]: Latest source and current collision monitor node timestamps differ on 315.837560 seconds. Ignoring the source.
[WARN] [1785993876.800183576] [collision_monitor]: [scan]: Latest source and current collision monitor node timestamps differ on 315.887522 seconds. Ignoring the source.
[WARN] [1785993876.850194137] [collision_monitor]: [scan]: Latest source and current collision monitor node timestamps differ on 315.937533 seconds. Ignoring the source.
[WARN] [1785993876.900238662] [collision_monitor]: [scan]: Latest source and current collision monitor node timestamps differ on 315.987546 seconds. Ignoring the source.
[WARN] [1785993876.950215038] [collision_monitor]: [scan]: Latest source and current collision monitor node timestamps differ on 316.037553 seconds. Ignoring the source.
[WARN] [1785993877.000232173] [collision_monitor]: [scan]: Latest source and current collision monitor node timestamps differ on 316.087570 seconds. Ignoring the source.
[WARN] [1785993877.050195327] [collision_monitor]: [scan]: Latest source and current collision monitor node timestamps differ on 316.137534 seconds. Ignoring the source.
[WARN] [1785993877.100171906] [collision_monitor]: [scan]: Latest source and current collision monitor node timestamps differ on 316.187510 seconds. Ignoring the source.
[WARN] [1785993877.150247986] [collision_monitor]: [scan]: Latest source and current collision monitor node timestamps differ on 316.237586 seconds. Ignoring the source.
[WARN] [1785993877.200197121] [collision_monitor]: [scan]: Latest source and current collision monitor node timestamps differ on 316.287536 seconds. Ignoring the source.
[WARN] [1785993877.250210090] [collision_monitor]: [scan]: Latest source and current collision monitor node timestamps differ on 316.337548 seconds. Ignoring the source.
[WARN] [1785993877.300186373] [collision_monitor]: [scan]: Latest source and current collision monitor node timestamps differ on 316.387525 seconds. Ignoring the source.
[WARN] [1785993877.350245620] [collision_monitor]: [scan]: Latest source and current collision monitor node timestamps differ on 316.437584 seconds. Ignoring the source.
[WARN] [1785993877.403321586] [collision_monitor]: [scan]: Latest source and current collision monitor node timestamps differ on 316.490639 seconds. Ignoring the source.
[WARN] [1785993877.450134575] [collision_monitor]: [scan]: Latest source and current collision monitor node timestamps differ on 316.537473 seconds. Ignoring the source.
[WARN] [1785993877.500161581] [collision_monitor]: [scan]: Latest source and current collision monitor node timestamps differ on 316.587501 seconds. Ignoring the source.
[WARN] [1785993877.551319278] [collision_monitor]: [scan]: Latest source and current collision monitor node timestamps differ on 316.638657 seconds. Ignoring the source.
[WARN] [1785993877.600275834] [collision_monitor]: [scan]: Latest source and current collision monitor node timestamps differ on 316.687615 seconds. Ignoring the source.
[WARN] [1785993877.650208006] [collision_monitor]: [scan]: Latest source and current collision monitor node timestamps differ on 316.737547 seconds. Ignoring the source.
[WARN] [1785993877.700853089] [collision_monitor]: [scan]: Latest source and current collision monitor node timestamps differ on 316.788191 seconds. Ignoring the source.
[WARN] [1785993877.750262165] [collision_monitor]: [scan]: Latest source and current collision monitor node timestamps differ on 316.837599 seconds. Ignoring the source.
[WARN] [1785993877.800477802] [collision_monitor]: [scan]: Latest source and current collision monitor node timestamps differ on 316.887816 seconds. Ignoring the source.
[WARN] [1785993877.850183324] [collision_monitor]: [scan]: Latest source and current collision monitor node timestamps differ on 316.937522 seconds. Ignoring the source.
[WARN] [1785993877.900536388] [collision_monitor]: [scan]: Latest source and current collision monitor node timestamps differ on 316.987874 seconds. Ignoring the source.
[WARN] [1785993877.950277892] [collision_monitor]: [scan]: Latest source and current collision monitor node timestamps differ on 317.037615 seconds. Ignoring the source.
[WARN] [1785993878.000269175] [collision_monitor]: [scan]: Latest source and current collision monitor node timestamps differ on 317.087608 seconds. Ignoring the source.
[WARN] [1785993878.050268273] [collision_monitor]: [scan]: Latest source and current collision monitor node timestamps differ on 317.137606 seconds. Ignoring the source.
[WARN] [1785993878.100522855] [collision_monitor]: [scan]: Latest source and current collision monitor node timestamps differ on 317.187860 seconds. Ignoring the source.
[WARN] [1785993878.150269655] [collision_monitor]: [scan]: Latest source and current collision monitor node timestamps differ on 317.237607 seconds. Ignoring the source.
[WARN] [1785993878.200163623] [collision_monitor]: [scan]: Latest source and current collision monitor node timestamps differ on 317.287503 seconds. Ignoring the source.
[WARN] [1785993878.250240111] [collision_monitor]: [scan]: Latest source and current collision monitor node timestamps differ on 317.337579 seconds. Ignoring the source.
[WARN] [1785993878.300152746] [collision_monitor]: [scan]: Latest source and current collision monitor node timestamps differ on 317.387491 seconds. Ignoring the source.
[WARN] [1785993878.350217400] [collision_monitor]: [scan]: Latest source and current collision monitor node timestamps differ on 317.437556 seconds. Ignoring the source.
[WARN] [1785993878.401771080] [collision_monitor]: [scan]: Latest source and current collision monitor node timestamps differ on 317.489104 seconds. Ignoring the source.
[WARN] [1785993878.450408486] [collision_monitor]: [scan]: Latest source and current collision monitor node timestamps differ on 317.537745 seconds. Ignoring the source.
[WARN] [1785993878.500188250] [collision_monitor]: [scan]: Latest source and current collision monitor node timestamps differ on 317.587527 seconds. Ignoring the source.
[WARN] [1785993878.550185848] [collision_monitor]: [scan]: Latest source and current collision monitor node timestamps differ on 317.637524 seconds. Ignoring the source.
[WARN] [1785993878.600207854] [collision_monitor]: [scan]: Latest source and current collision monitor node timestamps differ on 317.687547 seconds. Ignoring the source.
[WARN] [1785993878.650182396] [collision_monitor]: [scan]: Latest source and current collision monitor node timestamps differ on 317.737521 seconds. Ignoring the source.
[WARN] [1785993878.700159124] [collision_monitor]: [scan]: Latest source and current collision monitor node timestamps differ on 317.787498 seconds. Ignoring the source.
[WARN] [1785993878.750190352] [collision_monitor]: [scan]: Latest source and current collision monitor node timestamps differ on 317.837529 seconds. Ignoring the source.
[WARN] [1785993878.800161024] [collision_monitor]: [scan]: Latest source and current collision monitor node timestamps differ on 317.887500 seconds. Ignoring the source.
[WARN] [1785993902.950187572] [collision_monitor]: [scan]: Latest source and current collision monitor node timestamps differ on 342.037527 seconds. Ignoring the source.
[WARN] [1785993903.000224651] [collision_monitor]: [scan]: Latest source and current collision monitor node timestamps differ on 342.087563 seconds. Ignoring the source.
[WARN] [1785993903.050198305] [collision_monitor]: [scan]: Latest source and current collision monitor node timestamps differ on 342.137538 seconds. Ignoring the source.
[WARN] [1785993903.100177292] [collision_monitor]: [scan]: Latest source and current collision monitor node timestamps differ on 342.187516 seconds. Ignoring the source.
[WARN] [1785993903.150207483] [collision_monitor]: [scan]: Latest source and current collision monitor node timestamps differ on 342.237546 seconds. Ignoring the source.
[WARN] [1785993903.200203322] [collision_monitor]: [scan]: Latest source and current collision monitor node timestamps differ on 342.287542 seconds. Ignoring the source.
[WARN] [1785993903.250172513] [collision_monitor]: [scan]: Latest source and current collision monitor node timestamps differ on 342.337511 seconds. Ignoring the source.
[WARN] [1785993903.300208445] [collision_monitor]: [scan]: Latest source and current collision monitor node timestamps differ on 342.387547 seconds. Ignoring the source.
[WARN] [1785993903.350194117] [collision_monitor]: [scan]: Latest source and current collision monitor node timestamps differ on 342.437533 seconds. Ignoring the source.
[WARN] [1785993903.400229178] [collision_monitor]: [scan]: Latest source and current collision monitor node timestamps differ on 342.487567 seconds. Ignoring the source.
[WARN] [1785993903.450193684] [collision_monitor]: [scan]: Latest source and current collision monitor node timestamps differ on 342.537533 seconds. Ignoring the source.
[WARN] [1785993903.500246856] [collision_monitor]: [scan]: Latest source and current collision monitor node timestamps differ on 342.587585 seconds. Ignoring the source.
[WARN] [1785993903.550191473] [collision_monitor]: [scan]: Latest source and current collision monitor node timestamps differ on 342.637530 seconds. Ignoring the source.
[WARN] [1785993903.600663777] [collision_monitor]: [scan]: Latest source and current collision monitor node timestamps differ on 342.688002 seconds. Ignoring the source.
[WARN] [1785993903.650202854] [collision_monitor]: [scan]: Latest source and current collision monitor node timestamps differ on 342.737542 seconds. Ignoring the source.
[WARN] [1785993903.700251120] [collision_monitor]: [scan]: Latest source and current collision monitor node timestamps differ on 342.787590 seconds. Ignoring the source.
[WARN] [1785993903.750183366] [collision_monitor]: [scan]: Latest source and current collision monitor node timestamps differ on 342.837522 seconds. Ignoring the source.
[WARN] [1785993903.800239094] [collision_monitor]: [scan]: Latest source and current collision monitor node timestamps differ on 342.887578 seconds. Ignoring the source.
[WARN] [1785993903.850185988] [collision_monitor]: [scan]: Latest source and current collision monitor node timestamps differ on 342.937525 seconds. Ignoring the source.
[WARN] [1785993903.900181901] [collision_monitor]: [scan]: Latest source and current collision monitor node timestamps differ on 342.987521 seconds. Ignoring the source.
[WARN] [1785993903.950337685] [collision_monitor]: [scan]: Latest source and current collision monitor node timestamps differ on 343.037672 seconds. Ignoring the source.
[WARN] [1785993904.000123283] [collision_monitor]: [scan]: Latest source and current collision monitor node timestamps differ on 343.087462 seconds. Ignoring the source.
[WARN] [1785993904.050172863] [collision_monitor]: [scan]: Latest source and current collision monitor node timestamps differ on 343.137512 seconds. Ignoring the source.
[WARN] [1785993904.100177165] [collision_monitor]: [scan]: Latest source and current collision monitor node timestamps differ on 343.187516 seconds. Ignoring the source.
[WARN] [1785993904.150274300] [collision_monitor]: [scan]: Latest source and current collision monitor node timestamps differ on 343.237612 seconds. Ignoring the source.
[WARN] [1785993904.200198880] [collision_monitor]: [scan]: Latest source and current collision monitor node timestamps differ on 343.287538 seconds. Ignoring the source.
[WARN] [1785993904.250176200] [collision_monitor]: [scan]: Latest source and current collision monitor node timestamps differ on 343.337515 seconds. Ignoring the source.
[WARN] [1785993904.300163891] [collision_monitor]: [scan]: Latest source and current collision monitor node timestamps differ on 343.387503 seconds. Ignoring the source.
[WARN] [1785993904.350175526] [collision_monitor]: [scan]: Latest source and current collision monitor node timestamps differ on 343.437515 seconds. Ignoring the source.
[WARN] [1785993904.400183754] [collision_monitor]: [scan]: Latest source and current collision monitor node timestamps differ on 343.487522 seconds. Ignoring the source.
[WARN] [1785993904.450195723] [collision_monitor]: [scan]: Latest source and current collision monitor node timestamps differ on 343.537535 seconds. Ignoring the source.
[WARN] [1785993904.500200025] [collision_monitor]: [scan]: Latest source and current collision monitor node timestamps differ on 343.587538 seconds. Ignoring the source.
[WARN] [1785993904.550198901] [collision_monitor]: [scan]: Latest source and current collision monitor node timestamps differ on 343.637538 seconds. Ignoring the source.
[WARN] [1785993904.600203592] [collision_monitor]: [scan]: Latest source and current collision monitor node timestamps differ on 343.687542 seconds. Ignoring the source.
[WARN] [1785993904.650157856] [collision_monitor]: [scan]: Latest source and current collision monitor node timestamps differ on 343.737497 seconds. Ignoring the source.
[WARN] [1785993904.700158010] [collision_monitor]: [scan]: Latest source and current collision monitor node timestamps differ on 343.787496 seconds. Ignoring the source.
[WARN] [1785993904.750193831] [collision_monitor]: [scan]: Latest source and current collision monitor node timestamps differ on 343.837533 seconds. Ignoring the source.
[WARN] [1785993904.800193781] [collision_monitor]: [scan]: Latest source and current collision monitor node timestamps differ on 343.887532 seconds. Ignoring the source.
[WARN] [1785993904.850230490] [collision_monitor]: [scan]: Latest source and current collision monitor node timestamps differ on 343.937569 seconds. Ignoring the source.
[WARN] [1785993904.900201663] [collision_monitor]: [scan]: Latest source and current collision monitor node timestamps differ on 343.987540 seconds. Ignoring the source.
[WARN] [1785993904.950203705] [collision_monitor]: [scan]: Latest source and current collision monitor node timestamps differ on 344.037542 seconds. Ignoring the source.
[WARN] [1785993905.000216581] [collision_monitor]: [scan]: Latest source and current collision monitor node timestamps differ on 344.087555 seconds. Ignoring the source.
[WARN] [1785993905.063972197] [collision_monitor]: [scan]: Latest source and current collision monitor node timestamps differ on 344.151304 seconds. Ignoring the source.
[WARN] [1785993905.100214130] [collision_monitor]: [scan]: Latest source and current collision monitor node timestamps differ on 344.187552 seconds. Ignoring the source.
[WARN] [1785993905.150201228] [collision_monitor]: [scan]: Latest source and current collision monitor node timestamps differ on 344.237540 seconds. Ignoring the source.
[WARN] [1785993905.200197252] [collision_monitor]: [scan]: Latest source and current collision monitor node timestamps differ on 344.287536 seconds. Ignoring the source.
[WARN] [1785993905.250177795] [collision_monitor]: [scan]: Latest source and current collision monitor node timestamps differ on 344.337517 seconds. Ignoring the source.
[WARN] [1785993905.300206097] [collision_monitor]: [scan]: Latest source and current collision monitor node timestamps differ on 344.387545 seconds. Ignoring the source.
[WARN] [1785993905.350185991] [collision_monitor]: [scan]: Latest source and current collision monitor node timestamps differ on 344.437525 seconds. Ignoring the source.
[WARN] [1785993905.400195386] [collision_monitor]: [scan]: Latest source and current collision monitor node timestamps differ on 344.487534 seconds. Ignoring the source.
[WARN] [1785993905.450203817] [collision_monitor]: [scan]: Latest source and current collision monitor node timestamps differ on 344.537543 seconds. Ignoring the source.
[WARN] [1785993905.500205212] [collision_monitor]: [scan]: Latest source and current collision monitor node timestamps differ on 344.587544 seconds. Ignoring the source.
[WARN] [1785993905.550190106] [collision_monitor]: [scan]: Latest source and current collision monitor node timestamps differ on 344.637529 seconds. Ignoring the source.
[WARN] [1785993905.600191686] [collision_monitor]: [scan]: Latest source and current collision monitor node timestamps differ on 344.687530 seconds. Ignoring the source.
[WARN] [1785993905.650181414] [collision_monitor]: [scan]: Latest source and current collision monitor node timestamps differ on 344.737520 seconds. Ignoring the source.
[WARN] [1785993905.700225309] [collision_monitor]: [scan]: Latest source and current collision monitor node timestamps differ on 344.787564 seconds. Ignoring the source.
[WARN] [1785993905.750220148] [collision_monitor]: [scan]: Latest source and current collision monitor node timestamps differ on 344.837559 seconds. Ignoring the source.
[WARN] [1785993905.800153597] [collision_monitor]: [scan]: Latest source and current collision monitor node timestamps differ on 344.887492 seconds. Ignoring the source.
[WARN] [1785993905.850186177] [collision_monitor]: [scan]: Latest source and current collision monitor node timestamps differ on 344.937525 seconds. Ignoring the source.
[WARN] [1785993905.900174590] [collision_monitor]: [scan]: Latest source and current collision monitor node timestamps differ on 344.987513 seconds. Ignoring the source.
[WARN] [1785993905.950194670] [collision_monitor]: [scan]: Latest source and current collision monitor node timestamps differ on 345.037534 seconds. Ignoring the source.
[WARN] [1785993906.000209287] [collision_monitor]: [scan]: Latest source and current collision monitor node timestamps differ on 345.087549 seconds. Ignoring the source.
[WARN] [1785993906.050190033] [collision_monitor]: [scan]: Latest source and current collision monitor node timestamps differ on 345.137529 seconds. Ignoring the source.
[WARN] [1785993906.102208105] [collision_monitor]: [scan]: Latest source and current collision monitor node timestamps differ on 345.189537 seconds. Ignoring the source.
[WARN] [1785993906.150185211] [collision_monitor]: [scan]: Latest source and current collision monitor node timestamps differ on 345.237524 seconds. Ignoring the source.
[WARN] [1785993906.200204847] [collision_monitor]: [scan]: Latest source and current collision monitor node timestamps differ on 345.287544 seconds. Ignoring the source.
[WARN] [1785993906.250188649] [collision_monitor]: [scan]: Latest source and current collision monitor node timestamps differ on 345.337527 seconds. Ignoring the source.
[WARN] [1785993906.300189765] [collision_monitor]: [scan]: Latest source and current collision monitor node timestamps differ on 345.387529 seconds. Ignoring the source.
[WARN] [1785993906.350215271] [collision_monitor]: [scan]: Latest source and current collision monitor node timestamps differ on 345.437554 seconds. Ignoring the source.
[WARN] [1785993906.400207832] [collision_monitor]: [scan]: Latest source and current collision monitor node timestamps differ on 345.487546 seconds. Ignoring the source.
[WARN] [1785993906.450209708] [collision_monitor]: [scan]: Latest source and current collision monitor node timestamps differ on 345.537548 seconds. Ignoring the source.
[WARN] [1785993906.500164417] [collision_monitor]: [scan]: Latest source and current collision monitor node timestamps differ on 345.587503 seconds. Ignoring the source.
[WARN] [1785993906.550167868] [collision_monitor]: [scan]: Latest source and current collision monitor node timestamps differ on 345.637507 seconds. Ignoring the source.
[WARN] [1785993906.600350263] [collision_monitor]: [scan]: Latest source and current collision monitor node timestamps differ on 345.687688 seconds. Ignoring the source.
[WARN] [1785993906.650171990] [collision_monitor]: [scan]: Latest source and current collision monitor node timestamps differ on 345.737511 seconds. Ignoring the source.
[WARN] [1785993906.700207866] [collision_monitor]: [scan]: Latest source and current collision monitor node timestamps differ on 345.787546 seconds. Ignoring the source.
[WARN] [1785993906.750196224] [collision_monitor]: [scan]: Latest source and current collision monitor node timestamps differ on 345.837535 seconds. Ignoring the source.
[WARN] [1785993906.800231637] [collision_monitor]: [scan]: Latest source and current collision monitor node timestamps differ on 345.887570 seconds. Ignoring the source.
[WARN] [1785993906.850194994] [collision_monitor]: [scan]: Latest source and current collision monitor node timestamps differ on 345.937534 seconds. Ignoring the source.
[WARN] [1785993906.900195815] [collision_monitor]: [scan]: Latest source and current collision monitor node timestamps differ on 345.987535 seconds. Ignoring the source.
[WARN] [1785993906.950179061] [collision_monitor]: [scan]: Latest source and current collision monitor node timestamps differ on 346.037518 seconds. Ignoring the source.
[WARN] [1785993907.000187493] [collision_monitor]: [scan]: Latest source and current collision monitor node timestamps differ on 346.087526 seconds. Ignoring the source.
[WARN] [1785993907.050182295] [collision_monitor]: [scan]: Latest source and current collision monitor node timestamps differ on 346.137521 seconds. Ignoring the source.
[WARN] [1785993907.100201171] [collision_monitor]: [scan]: Latest source and current collision monitor node timestamps differ on 346.187540 seconds. Ignoring the source.
[WARN] [1785993907.150383455] [collision_monitor]: [scan]: Latest source and current collision monitor node timestamps differ on 346.237721 seconds. Ignoring the source.
[WARN] [1785993907.203576700] [collision_monitor]: [scan]: Latest source and current collision monitor node timestamps differ on 346.290912 seconds. Ignoring the source.
[WARN] [1785993907.250208836] [collision_monitor]: [scan]: Latest source and current collision monitor node timestamps differ on 346.337548 seconds. Ignoring the source.
[WARN] [1785993907.300216138] [collision_monitor]: [scan]: Latest source and current collision monitor node timestamps differ on 346.387554 seconds. Ignoring the source.
[WARN] [1785993907.350179180] [collision_monitor]: [scan]: Latest source and current collision monitor node timestamps differ on 346.437518 seconds. Ignoring the source.
[WARN] [1785993907.400219094] [collision_monitor]: [scan]: Latest source and current collision monitor node timestamps differ on 346.487558 seconds. Ignoring the source.
[WARN] [1785993907.450171525] [collision_monitor]: [scan]: Latest source and current collision monitor node timestamps differ on 346.537510 seconds. Ignoring the source.
[WARN] [1785993907.500167642] [collision_monitor]: [scan]: Latest source and current collision monitor node timestamps differ on 346.587507 seconds. Ignoring the source.
[WARN] [1785993907.550187240] [collision_monitor]: [scan]: Latest source and current collision monitor node timestamps differ on 346.637526 seconds. Ignoring the source.
[WARN] [1785993907.600200079] [collision_monitor]: [scan]: Latest source and current collision monitor node timestamps differ on 346.687539 seconds. Ignoring the source.
[WARN] [1785993907.650185233] [collision_monitor]: [scan]: Latest source and current collision monitor node timestamps differ on 346.737524 seconds. Ignoring the source.
[WARN] [1785993907.701306170] [collision_monitor]: [scan]: Latest source and current collision monitor node timestamps differ on 346.788644 seconds. Ignoring the source.
[WARN] [1785993907.750256022] [collision_monitor]: [scan]: Latest source and current collision monitor node timestamps differ on 346.837594 seconds. Ignoring the source.
[WARN] [1785993907.801142514] [collision_monitor]: [scan]: Latest source and current collision monitor node timestamps differ on 346.888481 seconds. Ignoring the source.
[WARN] [1785993907.850184755] [collision_monitor]: [scan]: Latest source and current collision monitor node timestamps differ on 346.937524 seconds. Ignoring the source.
[WARN] [1785993907.900320891] [collision_monitor]: [scan]: Latest source and current collision monitor node timestamps differ on 346.987656 seconds. Ignoring the source.
[WARN] [1785993907.950247934] [collision_monitor]: [scan]: Latest source and current collision monitor node timestamps differ on 347.037586 seconds. Ignoring the source.
[WARN] [1785993908.001108444] [collision_monitor]: [scan]: Latest source and current collision monitor node timestamps differ on 347.088447 seconds. Ignoring the source.
[WARN] [1785993908.050325316] [collision_monitor]: [scan]: Latest source and current collision monitor node timestamps differ on 347.137660 seconds. Ignoring the source.
[WARN] [1785993908.101316956] [collision_monitor]: [scan]: Latest source and current collision monitor node timestamps differ on 347.188652 seconds. Ignoring the source.
[WARN] [1785993908.150272382] [collision_monitor]: [scan]: Latest source and current collision monitor node timestamps differ on 347.237610 seconds. Ignoring the source.
[WARN] [1785993908.200626168] [collision_monitor]: [scan]: Latest source and current collision monitor node timestamps differ on 347.287964 seconds. Ignoring the source.
[WARN] [1785993908.256856966] [collision_monitor]: [scan]: Latest source and current collision monitor node timestamps differ on 347.344188 seconds. Ignoring the source.
[WARN] [1785993908.300584290] [collision_monitor]: [scan]: Latest source and current collision monitor node timestamps differ on 347.387922 seconds. Ignoring the source.
[WARN] [1785993908.350194886] [collision_monitor]: [scan]: Latest source and current collision monitor node timestamps differ on 347.437534 seconds. Ignoring the source.
[WARN] [1785993908.400217818] [collision_monitor]: [scan]: Latest source and current collision monitor node timestamps differ on 347.487556 seconds. Ignoring the source.
[WARN] [1785993908.450482121] [collision_monitor]: [scan]: Latest source and current collision monitor node timestamps differ on 347.537815 seconds. Ignoring the source.
[WARN] [1785993908.500634387] [collision_monitor]: [scan]: Latest source and current collision monitor node timestamps differ on 347.587971 seconds. Ignoring the source.
[WARN] [1785993908.550184057] [collision_monitor]: [scan]: Latest source and current collision monitor node timestamps differ on 347.637523 seconds. Ignoring the source.
[WARN] [1785993908.600402712] [collision_monitor]: [scan]: Latest source and current collision monitor node timestamps differ on 347.687741 seconds. Ignoring the source.
[WARN] [1785993908.650175939] [collision_monitor]: [scan]: Latest source and current collision monitor node timestamps differ on 347.737514 seconds. Ignoring the source.
[WARN] [1785993908.700224574] [collision_monitor]: [scan]: Latest source and current collision monitor node timestamps differ on 347.787563 seconds. Ignoring the source.
[WARN] [1785993908.750178709] [collision_monitor]: [scan]: Latest source and current collision monitor node timestamps differ on 347.837518 seconds. Ignoring the source.
[WARN] [1785993908.800201789] [collision_monitor]: [scan]: Latest source and current collision monitor node timestamps differ on 347.887541 seconds. Ignoring the source.
[WARN] [1785993908.850207832] [collision_monitor]: [scan]: Latest source and current collision monitor node timestamps differ on 347.937546 seconds. Ignoring the source.
[WARN] [1785993908.900143041] [collision_monitor]: [scan]: Latest source and current collision monitor node timestamps differ on 347.987482 seconds. Ignoring the source.
[WARN] [1785993908.950216565] [collision_monitor]: [scan]: Latest source and current collision monitor node timestamps differ on 348.037555 seconds. Ignoring the source.
[WARN] [1785993909.000674277] [collision_monitor]: [scan]: Latest source and current collision monitor node timestamps differ on 348.088013 seconds. Ignoring the source.
[WARN] [1785993909.050212410] [collision_monitor]: [scan]: Latest source and current collision monitor node timestamps differ on 348.137551 seconds. Ignoring the source.
[WARN] [1785993909.100197564] [collision_monitor]: [scan]: Latest source and current collision monitor node timestamps differ on 348.187535 seconds. Ignoring the source.
[WARN] [1785993909.150217181] [collision_monitor]: [scan]: Latest source and current collision monitor node timestamps differ on 348.237556 seconds. Ignoring the source.
[WARN] [1785993909.200144741] [collision_monitor]: [scan]: Latest source and current collision monitor node timestamps differ on 348.287483 seconds. Ignoring the source.
[WARN] [1785993909.250180784] [collision_monitor]: [scan]: Latest source and current collision monitor node timestamps differ on 348.337520 seconds. Ignoring the source.
[WARN] [1785993909.300203271] [collision_monitor]: [scan]: Latest source and current collision monitor node timestamps differ on 348.387542 seconds. Ignoring the source.
[WARN] [1785993909.356963128] [collision_monitor]: [scan]: Latest source and current collision monitor node timestamps differ on 348.444298 seconds. Ignoring the source.
[WARN] [1785993909.400297413] [collision_monitor]: [scan]: Latest source and current collision monitor node timestamps differ on 348.487636 seconds. Ignoring the source.
[WARN] [1785993909.450220733] [collision_monitor]: [scan]: Latest source and current collision monitor node timestamps differ on 348.537560 seconds. Ignoring the source.
[WARN] [1785993909.500196701] [collision_monitor]: [scan]: Latest source and current collision monitor node timestamps differ on 348.587534 seconds. Ignoring the source.
[WARN] [1785993909.550200374] [collision_monitor]: [scan]: Latest source and current collision monitor node timestamps differ on 348.637539 seconds. Ignoring the source.
[WARN] [1785993909.600237250] [collision_monitor]: [scan]: Latest source and current collision monitor node timestamps differ on 348.687574 seconds. Ignoring the source.
[WARN] [1785993909.650211293] [collision_monitor]: [scan]: Latest source and current collision monitor node timestamps differ on 348.737550 seconds. Ignoring the source.
[WARN] [1785993909.700201798] [collision_monitor]: [scan]: Latest source and current collision monitor node timestamps differ on 348.787541 seconds. Ignoring the source.
[WARN] [1785993909.750199193] [collision_monitor]: [scan]: Latest source and current collision monitor node timestamps differ on 348.837538 seconds. Ignoring the source.
[WARN] [1785993909.800236069] [collision_monitor]: [scan]: Latest source and current collision monitor node timestamps differ on 348.887574 seconds. Ignoring the source.
[WARN] [1785993909.850206093] [collision_monitor]: [scan]: Latest source and current collision monitor node timestamps differ on 348.937545 seconds. Ignoring the source.
[WARN] [1785993909.900186691] [collision_monitor]: [scan]: Latest source and current collision monitor node timestamps differ on 348.987526 seconds. Ignoring the source.
[WARN] [1785993909.950178363] [collision_monitor]: [scan]: Latest source and current collision monitor node timestamps differ on 349.037517 seconds. Ignoring the source.
[WARN] [1785993910.000219462] [collision_monitor]: [scan]: Latest source and current collision monitor node timestamps differ on 349.087558 seconds. Ignoring the source.
[WARN] [1785993910.050206486] [collision_monitor]: [scan]: Latest source and current collision monitor node timestamps differ on 349.137546 seconds. Ignoring the source.
[WARN] [1785993910.100226862] [collision_monitor]: [scan]: Latest source and current collision monitor node timestamps differ on 349.187565 seconds. Ignoring the source.
[WARN] [1785993910.150622611] [collision_monitor]: [scan]: Latest source and current collision monitor node timestamps differ on 349.237961 seconds. Ignoring the source.
[WARN] [1785993910.200228466] [collision_monitor]: [scan]: Latest source and current collision monitor node timestamps differ on 349.287567 seconds. Ignoring the source.
[WARN] [1785993910.250231620] [collision_monitor]: [scan]: Latest source and current collision monitor node timestamps differ on 349.337571 seconds. Ignoring the source.
[WARN] [1785993910.300199199] [collision_monitor]: [scan]: Latest source and current collision monitor node timestamps differ on 349.387538 seconds. Ignoring the source.
[WARN] [1785993910.350208298] [collision_monitor]: [scan]: Latest source and current collision monitor node timestamps differ on 349.437547 seconds. Ignoring the source.
[WARN] [1785993910.408128919] [collision_monitor]: [scan]: Latest source and current collision monitor node timestamps differ on 349.495440 seconds. Ignoring the source.
[WARN] [1785993910.450157957] [collision_monitor]: [scan]: Latest source and current collision monitor node timestamps differ on 349.537496 seconds. Ignoring the source.
[WARN] [1785993910.500095259] [collision_monitor]: [scan]: Latest source and current collision monitor node timestamps differ on 349.587434 seconds. Ignoring the source.
[WARN] [1785993910.550179616] [collision_monitor]: [scan]: Latest source and current collision monitor node timestamps differ on 349.637519 seconds. Ignoring the source.
[WARN] [1785993910.600086788] [collision_monitor]: [scan]: Latest source and current collision monitor node timestamps differ on 349.687426 seconds. Ignoring the source.
[WARN] [1785993910.650182572] [collision_monitor]: [scan]: Latest source and current collision monitor node timestamps differ on 349.737522 seconds. Ignoring the source.
[WARN] [1785993910.700081670] [collision_monitor]: [scan]: Latest source and current collision monitor node timestamps differ on 349.787421 seconds. Ignoring the source.
[WARN] [1785993910.750247047] [collision_monitor]: [scan]: Latest source and current collision monitor node timestamps differ on 349.837586 seconds. Ignoring the source.
[WARN] [1785993910.800102811] [collision_monitor]: [scan]: Latest source and current collision monitor node timestamps differ on 349.887442 seconds. Ignoring the source.
[WARN] [1785993910.850228965] [collision_monitor]: [scan]: Latest source and current collision monitor node timestamps differ on 349.937567 seconds. Ignoring the source.
[WARN] [1785993910.900118656] [collision_monitor]: [scan]: Latest source and current collision monitor node timestamps differ on 349.987457 seconds. Ignoring the source.
[WARN] [1785993910.950204958] [collision_monitor]: [scan]: Latest source and current collision monitor node timestamps differ on 350.037544 seconds. Ignoring the source.
[WARN] [1785993911.000099223] [collision_monitor]: [scan]: Latest source and current collision monitor node timestamps differ on 350.087438 seconds. Ignoring the source.
[WARN] [1785993911.050176414] [collision_monitor]: [scan]: Latest source and current collision monitor node timestamps differ on 350.137515 seconds. Ignoring the source.
[WARN] [1785993911.100108882] [collision_monitor]: [scan]: Latest source and current collision monitor node timestamps differ on 350.187448 seconds. Ignoring the source.
[WARN] [1785993911.150256370] [collision_monitor]: [scan]: Latest source and current collision monitor node timestamps differ on 350.237595 seconds. Ignoring the source.
[WARN] [1785993911.200105782] [collision_monitor]: [scan]: Latest source and current collision monitor node timestamps differ on 350.287445 seconds. Ignoring the source.
[WARN] [1785993911.250211362] [collision_monitor]: [scan]: Latest source and current collision monitor node timestamps differ on 350.337550 seconds. Ignoring the source.
[WARN] [1785993911.300138627] [collision_monitor]: [scan]: Latest source and current collision monitor node timestamps differ on 350.387477 seconds. Ignoring the source.
[WARN] [1785993911.350233078] [collision_monitor]: [scan]: Latest source and current collision monitor node timestamps differ on 350.437572 seconds. Ignoring the source.
[WARN] [1785993911.400127731] [collision_monitor]: [scan]: Latest source and current collision monitor node timestamps differ on 350.487467 seconds. Ignoring the source.
[WARN] [1785993911.450203496] [collision_monitor]: [scan]: Latest source and current collision monitor node timestamps differ on 350.537541 seconds. Ignoring the source.
[WARN] [1785993911.500434540] [collision_monitor]: [scan]: Latest source and current collision monitor node timestamps differ on 350.587773 seconds. Ignoring the source.
[WARN] [1785993911.550180452] [collision_monitor]: [scan]: Latest source and current collision monitor node timestamps differ on 350.637518 seconds. Ignoring the source.
[WARN] [1785993911.600071124] [collision_monitor]: [scan]: Latest source and current collision monitor node timestamps differ on 350.687410 seconds. Ignoring the source.
[WARN] [1785993911.650199389] [collision_monitor]: [scan]: Latest source and current collision monitor node timestamps differ on 350.737538 seconds. Ignoring the source.
[WARN] [1785993911.700152635] [collision_monitor]: [scan]: Latest source and current collision monitor node timestamps differ on 350.787491 seconds. Ignoring the source.
[WARN] [1785993911.750222771] [collision_monitor]: [scan]: Latest source and current collision monitor node timestamps differ on 350.837561 seconds. Ignoring the source.
[WARN] [1785993911.800135443] [collision_monitor]: [scan]: Latest source and current collision monitor node timestamps differ on 350.887474 seconds. Ignoring the source.
[WARN] [1785993911.850214060] [collision_monitor]: [scan]: Latest source and current collision monitor node timestamps differ on 350.937553 seconds. Ignoring the source.
[WARN] [1785993911.900169991] [collision_monitor]: [scan]: Latest source and current collision monitor node timestamps differ on 350.987508 seconds. Ignoring the source.
[WARN] [1785993911.950196386] [collision_monitor]: [scan]: Latest source and current collision monitor node timestamps differ on 351.037535 seconds. Ignoring the source.
[WARN] [1785993912.000125058] [collision_monitor]: [scan]: Latest source and current collision monitor node timestamps differ on 351.087464 seconds. Ignoring the source.
[WARN] [1785993912.050164786] [collision_monitor]: [scan]: Latest source and current collision monitor node timestamps differ on 351.137504 seconds. Ignoring the source.
[WARN] [1785993912.100128717] [collision_monitor]: [scan]: Latest source and current collision monitor node timestamps differ on 351.187468 seconds. Ignoring the source.
[WARN] [1785993912.150201575] [collision_monitor]: [scan]: Latest source and current collision monitor node timestamps differ on 351.237540 seconds. Ignoring the source.
[WARN] [1785993912.200151988] [collision_monitor]: [scan]: Latest source and current collision monitor node timestamps differ on 351.287491 seconds. Ignoring the source.
[WARN] [1785993912.250213494] [collision_monitor]: [scan]: Latest source and current collision monitor node timestamps differ on 351.337552 seconds. Ignoring the source.
[WARN] [1785993912.300163277] [collision_monitor]: [scan]: Latest source and current collision monitor node timestamps differ on 351.387502 seconds. Ignoring the source.
[WARN] [1785993912.350220857] [collision_monitor]: [scan]: Latest source and current collision monitor node timestamps differ on 351.437559 seconds. Ignoring the source.
[WARN] [1785993912.400235771] [collision_monitor]: [scan]: Latest source and current collision monitor node timestamps differ on 351.487574 seconds. Ignoring the source.
[WARN] [1785993912.450208980] [collision_monitor]: [scan]: Latest source and current collision monitor node timestamps differ on 351.537548 seconds. Ignoring the source.
[WARN] [1785993912.500146763] [collision_monitor]: [scan]: Latest source and current collision monitor node timestamps differ on 351.587485 seconds. Ignoring the source.
[WARN] [1785993912.561673256] [collision_monitor]: [scan]: Latest source and current collision monitor node timestamps differ on 351.649008 seconds. Ignoring the source.
[WARN] [1785993912.600115848] [collision_monitor]: [scan]: Latest source and current collision monitor node timestamps differ on 351.687454 seconds. Ignoring the source.
[WARN] [1785993912.650181336] [collision_monitor]: [scan]: Latest source and current collision monitor node timestamps differ on 351.737520 seconds. Ignoring the source.
[WARN] [1785993912.700125582] [collision_monitor]: [scan]: Latest source and current collision monitor node timestamps differ on 351.787465 seconds. Ignoring the source.
[WARN] [1785993912.750166402] [collision_monitor]: [scan]: Latest source and current collision monitor node timestamps differ on 351.837505 seconds. Ignoring the source.
[WARN] [1785993912.800152686] [collision_monitor]: [scan]: Latest source and current collision monitor node timestamps differ on 351.887491 seconds. Ignoring the source.
[WARN] [1785993912.850154340] [collision_monitor]: [scan]: Latest source and current collision monitor node timestamps differ on 351.937493 seconds. Ignoring the source.
[WARN] [1785993912.900139549] [collision_monitor]: [scan]: Latest source and current collision monitor node timestamps differ on 351.987478 seconds. Ignoring the source.
[WARN] [1785993912.950208055] [collision_monitor]: [scan]: Latest source and current collision monitor node timestamps differ on 352.037547 seconds. Ignoring the source.
[WARN] [1785993913.000099541] [collision_monitor]: [scan]: Latest source and current collision monitor node timestamps differ on 352.087439 seconds. Ignoring the source.
[WARN] [1785993913.050196992] [collision_monitor]: [scan]: Latest source and current collision monitor node timestamps differ on 352.137536 seconds. Ignoring the source.
[WARN] [1785993913.100131590] [collision_monitor]: [scan]: Latest source and current collision monitor node timestamps differ on 352.187470 seconds. Ignoring the source.
[WARN] [1785993913.150508190] [collision_monitor]: [scan]: Latest source and current collision monitor node timestamps differ on 352.237845 seconds. Ignoring the source.
[WARN] [1785993913.200114564] [collision_monitor]: [scan]: Latest source and current collision monitor node timestamps differ on 352.287453 seconds. Ignoring the source.
[WARN] [1785993913.250176774] [collision_monitor]: [scan]: Latest source and current collision monitor node timestamps differ on 352.337515 seconds. Ignoring the source.
[WARN] [1785993913.300115390] [collision_monitor]: [scan]: Latest source and current collision monitor node timestamps differ on 352.387454 seconds. Ignoring the source.
[WARN] [1785993913.350175415] [collision_monitor]: [scan]: Latest source and current collision monitor node timestamps differ on 352.437514 seconds. Ignoring the source.
[WARN] [1785993913.400121624] [collision_monitor]: [scan]: Latest source and current collision monitor node timestamps differ on 352.487460 seconds. Ignoring the source.
[WARN] [1785993913.450166722] [collision_monitor]: [scan]: Latest source and current collision monitor node timestamps differ on 352.537506 seconds. Ignoring the source.
[WARN] [1785993913.500087394] [collision_monitor]: [scan]: Latest source and current collision monitor node timestamps differ on 352.587427 seconds. Ignoring the source.
[WARN] [1785993913.550183160] [collision_monitor]: [scan]: Latest source and current collision monitor node timestamps differ on 352.637521 seconds. Ignoring the source.
[WARN] [1785993913.613402865] [collision_monitor]: [scan]: Latest source and current collision monitor node timestamps differ on 352.700711 seconds. Ignoring the source.
[WARN] [1785993913.650173597] [collision_monitor]: [scan]: Latest source and current collision monitor node timestamps differ on 352.737512 seconds. Ignoring the source.
[WARN] [1785993913.700137176] [collision_monitor]: [scan]: Latest source and current collision monitor node timestamps differ on 352.787476 seconds. Ignoring the source.
[WARN] [1785993913.750375868] [collision_monitor]: [scan]: Latest source and current collision monitor node timestamps differ on 352.837711 seconds. Ignoring the source.
[WARN] [1785993913.800156151] [collision_monitor]: [scan]: Latest source and current collision monitor node timestamps differ on 352.887495 seconds. Ignoring the source.
[WARN] [1785993913.850159045] [collision_monitor]: [scan]: Latest source and current collision monitor node timestamps differ on 352.937498 seconds. Ignoring the source.
[WARN] [1785993913.900143421] [collision_monitor]: [scan]: Latest source and current collision monitor node timestamps differ on 352.987482 seconds. Ignoring the source.
[WARN] [1785993913.950250502] [collision_monitor]: [scan]: Latest source and current collision monitor node timestamps differ on 353.037588 seconds. Ignoring the source.
[WARN] [1785993914.000231118] [collision_monitor]: [scan]: Latest source and current collision monitor node timestamps differ on 353.087566 seconds. Ignoring the source.
[WARN] [1785993914.050322328] [collision_monitor]: [scan]: Latest source and current collision monitor node timestamps differ on 353.137658 seconds. Ignoring the source.
[WARN] [1785993914.100945615] [collision_monitor]: [scan]: Latest source and current collision monitor node timestamps differ on 353.188280 seconds. Ignoring the source.
[WARN] [1785993914.150287747] [collision_monitor]: [scan]: Latest source and current collision monitor node timestamps differ on 353.237624 seconds. Ignoring the source.
[WARN] [1785993914.200167548] [collision_monitor]: [scan]: Latest source and current collision monitor node timestamps differ on 353.287503 seconds. Ignoring the source.
[WARN] [1785993914.250397203] [collision_monitor]: [scan]: Latest source and current collision monitor node timestamps differ on 353.337734 seconds. Ignoring the source.
[WARN] [1785993914.300211782] [collision_monitor]: [scan]: Latest source and current collision monitor node timestamps differ on 353.387551 seconds. Ignoring the source.
[WARN] [1785993914.350138824] [collision_monitor]: [scan]: Latest source and current collision monitor node timestamps differ on 353.437478 seconds. Ignoring the source.
[WARN] [1785993914.400100403] [collision_monitor]: [scan]: Latest source and current collision monitor node timestamps differ on 353.487439 seconds. Ignoring the source.
[WARN] [1785993914.450353170] [collision_monitor]: [scan]: Latest source and current collision monitor node timestamps differ on 353.537689 seconds. Ignoring the source.
[WARN] [1785993914.500901993] [collision_monitor]: [scan]: Latest source and current collision monitor node timestamps differ on 353.588240 seconds. Ignoring the source.
[WARN] [1785993914.550175384] [collision_monitor]: [scan]: Latest source and current collision monitor node timestamps differ on 353.637514 seconds. Ignoring the source.
[WARN] [1785993914.600152352] [collision_monitor]: [scan]: Latest source and current collision monitor node timestamps differ on 353.687491 seconds. Ignoring the source.
[WARN] [1785993914.650389470] [collision_monitor]: [scan]: Latest source and current collision monitor node timestamps differ on 353.737726 seconds. Ignoring the source.
[WARN] [1785993914.700079493] [collision_monitor]: [scan]: Latest source and current collision monitor node timestamps differ on 353.787418 seconds. Ignoring the source.
[WARN] [1785993914.750158758] [collision_monitor]: [scan]: Latest source and current collision monitor node timestamps differ on 353.837498 seconds. Ignoring the source.
[WARN] [1785993914.800116967] [collision_monitor]: [scan]: Latest source and current collision monitor node timestamps differ on 353.887456 seconds. Ignoring the source.
[WARN] [1785993914.850196177] [collision_monitor]: [scan]: Latest source and current collision monitor node timestamps differ on 353.937535 seconds. Ignoring the source.
[WARN] [1785993914.900120831] [collision_monitor]: [scan]: Latest source and current collision monitor node timestamps differ on 353.987457 seconds. Ignoring the source.
[WARN] [1785993914.950173725] [collision_monitor]: [scan]: Latest source and current collision monitor node timestamps differ on 354.037513 seconds. Ignoring the source.
[WARN] [1785993915.000084971] [collision_monitor]: [scan]: Latest source and current collision monitor node timestamps differ on 354.087424 seconds. Ignoring the source.
[WARN] [1785993915.050153311] [collision_monitor]: [scan]: Latest source and current collision monitor node timestamps differ on 354.137492 seconds. Ignoring the source.
[WARN] [1785993915.100115631] [collision_monitor]: [scan]: Latest source and current collision monitor node timestamps differ on 354.187454 seconds. Ignoring the source.
[WARN] [1785993915.150160674] [collision_monitor]: [scan]: Latest source and current collision monitor node timestamps differ on 354.237499 seconds. Ignoring the source.
[WARN] [1785993915.200077957] [collision_monitor]: [scan]: Latest source and current collision monitor node timestamps differ on 354.287417 seconds. Ignoring the source.
[WARN] [1785993915.250187278] [collision_monitor]: [scan]: Latest source and current collision monitor node timestamps differ on 354.337527 seconds. Ignoring the source.
[WARN] [1785993915.300133154] [collision_monitor]: [scan]: Latest source and current collision monitor node timestamps differ on 354.387472 seconds. Ignoring the source.
[WARN] [1785993915.350216530] [collision_monitor]: [scan]: Latest source and current collision monitor node timestamps differ on 354.437555 seconds. Ignoring the source.
[WARN] [1785993915.400183499] [collision_monitor]: [scan]: Latest source and current collision monitor node timestamps differ on 354.487522 seconds. Ignoring the source.
[WARN] [1785993915.450171097] [collision_monitor]: [scan]: Latest source and current collision monitor node timestamps differ on 354.537510 seconds. Ignoring the source.
[WARN] [1785993915.500148121] [collision_monitor]: [scan]: Latest source and current collision monitor node timestamps differ on 354.587486 seconds. Ignoring the source.
[WARN] [1785993915.550173682] [collision_monitor]: [scan]: Latest source and current collision monitor node timestamps differ on 354.637512 seconds. Ignoring the source.
[WARN] [1785993915.600133651] [collision_monitor]: [scan]: Latest source and current collision monitor node timestamps differ on 354.687472 seconds. Ignoring the source.
[WARN] [1785993915.650152416] [collision_monitor]: [scan]: Latest source and current collision monitor node timestamps differ on 354.737491 seconds. Ignoring the source.
[WARN] [1785993915.700145754] [collision_monitor]: [scan]: Latest source and current collision monitor node timestamps differ on 354.787484 seconds. Ignoring the source.
[WARN] [1785993915.750184205] [collision_monitor]: [scan]: Latest source and current collision monitor node timestamps differ on 354.837523 seconds. Ignoring the source.
[WARN] [1785993915.800141729] [collision_monitor]: [scan]: Latest source and current collision monitor node timestamps differ on 354.887481 seconds. Ignoring the source.
[WARN] [1785993915.850172383] [collision_monitor]: [scan]: Latest source and current collision monitor node timestamps differ on 354.937512 seconds. Ignoring the source.
[WARN] [1785993915.900128296] [collision_monitor]: [scan]: Latest source and current collision monitor node timestamps differ on 354.987467 seconds. Ignoring the source.
[WARN] [1785993915.950175783] [collision_monitor]: [scan]: Latest source and current collision monitor node timestamps differ on 355.037514 seconds. Ignoring the source.
[WARN] [1785993916.000162066] [collision_monitor]: [scan]: Latest source and current collision monitor node timestamps differ on 355.087501 seconds. Ignoring the source.
[WARN] [1785993916.050182257] [collision_monitor]: [scan]: Latest source and current collision monitor node timestamps differ on 355.137520 seconds. Ignoring the source.
[WARN] [1785993940.250223625] [collision_monitor]: [scan]: Latest source and current collision monitor node timestamps differ on 379.337563 seconds. Ignoring the source.
[WARN] [1785993940.300147167] [collision_monitor]: [scan]: Latest source and current collision monitor node timestamps differ on 379.387486 seconds. Ignoring the source.
[WARN] [1785993940.350204840] [collision_monitor]: [scan]: Latest source and current collision monitor node timestamps differ on 379.437544 seconds. Ignoring the source.
[WARN] [1785993940.400133790] [collision_monitor]: [scan]: Latest source and current collision monitor node timestamps differ on 379.487472 seconds. Ignoring the source.
[WARN] [1785993940.450198666] [collision_monitor]: [scan]: Latest source and current collision monitor node timestamps differ on 379.537537 seconds. Ignoring the source.
[WARN] [1785993940.500122875] [collision_monitor]: [scan]: Latest source and current collision monitor node timestamps differ on 379.587462 seconds. Ignoring the source.
[WARN] [1785993940.550160825] [collision_monitor]: [scan]: Latest source and current collision monitor node timestamps differ on 379.637499 seconds. Ignoring the source.
[WARN] [1785993940.600118386] [collision_monitor]: [scan]: Latest source and current collision monitor node timestamps differ on 379.687457 seconds. Ignoring the source.
[WARN] [1785993940.650204466] [collision_monitor]: [scan]: Latest source and current collision monitor node timestamps differ on 379.737543 seconds. Ignoring the source.
[WARN] [1785993940.700137972] [collision_monitor]: [scan]: Latest source and current collision monitor node timestamps differ on 379.787477 seconds. Ignoring the source.
[WARN] [1785993940.750151737] [collision_monitor]: [scan]: Latest source and current collision monitor node timestamps differ on 379.837491 seconds. Ignoring the source.
[WARN] [1785993940.800158965] [collision_monitor]: [scan]: Latest source and current collision monitor node timestamps differ on 379.887498 seconds. Ignoring the source.
[WARN] [1785993940.850179489] [collision_monitor]: [scan]: Latest source and current collision monitor node timestamps differ on 379.937519 seconds. Ignoring the source.
[WARN] [1785993940.900147439] [collision_monitor]: [scan]: Latest source and current collision monitor node timestamps differ on 379.987486 seconds. Ignoring the source.
[WARN] [1785993940.950226352] [collision_monitor]: [scan]: Latest source and current collision monitor node timestamps differ on 380.037565 seconds. Ignoring the source.
[WARN] [1785993941.000124635] [collision_monitor]: [scan]: Latest source and current collision monitor node timestamps differ on 380.087463 seconds. Ignoring the source.
[WARN] [1785993941.050194456] [collision_monitor]: [scan]: Latest source and current collision monitor node timestamps differ on 380.137533 seconds. Ignoring the source.
[WARN] [1785993941.100142758] [collision_monitor]: [scan]: Latest source and current collision monitor node timestamps differ on 380.187482 seconds. Ignoring the source.
[WARN] [1785993941.150235005] [collision_monitor]: [scan]: Latest source and current collision monitor node timestamps differ on 380.237573 seconds. Ignoring the source.
[WARN] [1785993941.200139732] [collision_monitor]: [scan]: Latest source and current collision monitor node timestamps differ on 380.287478 seconds. Ignoring the source.
[WARN] [1785993941.255538581] [collision_monitor]: [scan]: Latest source and current collision monitor node timestamps differ on 380.342869 seconds. Ignoring the source.
[WARN] [1785993941.300125799] [collision_monitor]: [scan]: Latest source and current collision monitor node timestamps differ on 380.387465 seconds. Ignoring the source.
[WARN] [1785993941.350208083] [collision_monitor]: [scan]: Latest source and current collision monitor node timestamps differ on 380.437547 seconds. Ignoring the source.
[WARN] [1785993941.400209385] [collision_monitor]: [scan]: Latest source and current collision monitor node timestamps differ on 380.487548 seconds. Ignoring the source.
[WARN] [1785993941.450188816] [collision_monitor]: [scan]: Latest source and current collision monitor node timestamps differ on 380.537528 seconds. Ignoring the source.
[WARN] [1785993941.500191192] [collision_monitor]: [scan]: Latest source and current collision monitor node timestamps differ on 380.587530 seconds. Ignoring the source.
[WARN] [1785993941.550199716] [collision_monitor]: [scan]: Latest source and current collision monitor node timestamps differ on 380.637539 seconds. Ignoring the source.
[WARN] [1785993941.600185629] [collision_monitor]: [scan]: Latest source and current collision monitor node timestamps differ on 380.687525 seconds. Ignoring the source.
[WARN] [1785993941.650201394] [collision_monitor]: [scan]: Latest source and current collision monitor node timestamps differ on 380.737540 seconds. Ignoring the source.
[WARN] [1785993941.700201733] [collision_monitor]: [scan]: Latest source and current collision monitor node timestamps differ on 380.787540 seconds. Ignoring the source.
[WARN] [1785993941.750200257] [collision_monitor]: [scan]: Latest source and current collision monitor node timestamps differ on 380.837539 seconds. Ignoring the source.
[WARN] [1785993941.800195856] [collision_monitor]: [scan]: Latest source and current collision monitor node timestamps differ on 380.887535 seconds. Ignoring the source.
[WARN] [1785993941.850219510] [collision_monitor]: [scan]: Latest source and current collision monitor node timestamps differ on 380.937558 seconds. Ignoring the source.
[WARN] [1785993941.900217497] [collision_monitor]: [scan]: Latest source and current collision monitor node timestamps differ on 380.987556 seconds. Ignoring the source.
[WARN] [1785993941.950201447] [collision_monitor]: [scan]: Latest source and current collision monitor node timestamps differ on 381.037540 seconds. Ignoring the source.
[WARN] [1785993942.000185989] [collision_monitor]: [scan]: Latest source and current collision monitor node timestamps differ on 381.087524 seconds. Ignoring the source.
[WARN] [1785993942.050178180] [collision_monitor]: [scan]: Latest source and current collision monitor node timestamps differ on 381.137517 seconds. Ignoring the source.
[WARN] [1785993942.100196890] [collision_monitor]: [scan]: Latest source and current collision monitor node timestamps differ on 381.187536 seconds. Ignoring the source.
[WARN] [1785993942.150211895] [collision_monitor]: [scan]: Latest source and current collision monitor node timestamps differ on 381.237551 seconds. Ignoring the source.
[WARN] [1785993942.200155345] [collision_monitor]: [scan]: Latest source and current collision monitor node timestamps differ on 381.287494 seconds. Ignoring the source.
[WARN] [1785993942.250216851] [collision_monitor]: [scan]: Latest source and current collision monitor node timestamps differ on 381.337555 seconds. Ignoring the source.
[WARN] [1785993942.304035321] [collision_monitor]: [scan]: Latest source and current collision monitor node timestamps differ on 381.391352 seconds. Ignoring the source.
[WARN] [1785993942.350232196] [collision_monitor]: [scan]: Latest source and current collision monitor node timestamps differ on 381.437569 seconds. Ignoring the source.
[WARN] [1785993942.400142368] [collision_monitor]: [scan]: Latest source and current collision monitor node timestamps differ on 381.487481 seconds. Ignoring the source.
[WARN] [1785993942.450191670] [collision_monitor]: [scan]: Latest source and current collision monitor node timestamps differ on 381.537530 seconds. Ignoring the source.
[WARN] [1785993942.500200916] [collision_monitor]: [scan]: Latest source and current collision monitor node timestamps differ on 381.587539 seconds. Ignoring the source.
[WARN] [1785993942.550220774] [collision_monitor]: [scan]: Latest source and current collision monitor node timestamps differ on 381.637559 seconds. Ignoring the source.
[WARN] [1785993942.600190316] [collision_monitor]: [scan]: Latest source and current collision monitor node timestamps differ on 381.687529 seconds. Ignoring the source.
[WARN] [1785993942.650220322] [collision_monitor]: [scan]: Latest source and current collision monitor node timestamps differ on 381.737559 seconds. Ignoring the source.
[WARN] [1785993942.700238791] [collision_monitor]: [scan]: Latest source and current collision monitor node timestamps differ on 381.787577 seconds. Ignoring the source.
[WARN] [1785993942.750198000] [collision_monitor]: [scan]: Latest source and current collision monitor node timestamps differ on 381.837537 seconds. Ignoring the source.
[WARN] [1785993942.800250599] [collision_monitor]: [scan]: Latest source and current collision monitor node timestamps differ on 381.887589 seconds. Ignoring the source.
[WARN] [1785993942.850208160] [collision_monitor]: [scan]: Latest source and current collision monitor node timestamps differ on 381.937547 seconds. Ignoring the source.
[WARN] [1785993942.900191628] [collision_monitor]: [scan]: Latest source and current collision monitor node timestamps differ on 381.987530 seconds. Ignoring the source.
[WARN] [1785993942.950183115] [collision_monitor]: [scan]: Latest source and current collision monitor node timestamps differ on 382.037522 seconds. Ignoring the source.
[WARN] [1785993943.000192288] [collision_monitor]: [scan]: Latest source and current collision monitor node timestamps differ on 382.087531 seconds. Ignoring the source.
[WARN] [1785993943.050196608] [collision_monitor]: [scan]: Latest source and current collision monitor node timestamps differ on 382.137535 seconds. Ignoring the source.
[WARN] [1785993943.100254133] [collision_monitor]: [scan]: Latest source and current collision monitor node timestamps differ on 382.187592 seconds. Ignoring the source.
[WARN] [1785993943.150244305] [collision_monitor]: [scan]: Latest source and current collision monitor node timestamps differ on 382.237583 seconds. Ignoring the source.
[WARN] [1785993943.200190736] [collision_monitor]: [scan]: Latest source and current collision monitor node timestamps differ on 382.287529 seconds. Ignoring the source.
[WARN] [1785993943.250230835] [collision_monitor]: [scan]: Latest source and current collision monitor node timestamps differ on 382.337569 seconds. Ignoring the source.
[WARN] [1785993943.300215729] [collision_monitor]: [scan]: Latest source and current collision monitor node timestamps differ on 382.387554 seconds. Ignoring the source.
[WARN] [1785993943.350175716] [collision_monitor]: [scan]: Latest source and current collision monitor node timestamps differ on 382.437514 seconds. Ignoring the source.
[WARN] [1785993943.401956916] [collision_monitor]: [scan]: Latest source and current collision monitor node timestamps differ on 382.489293 seconds. Ignoring the source.
[WARN] [1785993943.450197746] [collision_monitor]: [scan]: Latest source and current collision monitor node timestamps differ on 382.537536 seconds. Ignoring the source.
[WARN] [1785993943.500206122] [collision_monitor]: [scan]: Latest source and current collision monitor node timestamps differ on 382.587545 seconds. Ignoring the source.
[WARN] [1785993943.550201961] [collision_monitor]: [scan]: Latest source and current collision monitor node timestamps differ on 382.637541 seconds. Ignoring the source.
[WARN] [1785993943.600169726] [collision_monitor]: [scan]: Latest source and current collision monitor node timestamps differ on 382.687508 seconds. Ignoring the source.
[WARN] [1785993943.650231584] [collision_monitor]: [scan]: Latest source and current collision monitor node timestamps differ on 382.737571 seconds. Ignoring the source.
[WARN] [1785993943.700331757] [collision_monitor]: [scan]: Latest source and current collision monitor node timestamps differ on 382.787669 seconds. Ignoring the source.
[WARN] [1785993943.750265058] [collision_monitor]: [scan]: Latest source and current collision monitor node timestamps differ on 382.837603 seconds. Ignoring the source.
[WARN] [1785993943.800428713] [collision_monitor]: [scan]: Latest source and current collision monitor node timestamps differ on 382.887765 seconds. Ignoring the source.
[WARN] [1785993943.850196273] [collision_monitor]: [scan]: Latest source and current collision monitor node timestamps differ on 382.937535 seconds. Ignoring the source.
[WARN] [1785993943.900286853] [collision_monitor]: [scan]: Latest source and current collision monitor node timestamps differ on 382.987623 seconds. Ignoring the source.
[WARN] [1785993943.950291803] [collision_monitor]: [scan]: Latest source and current collision monitor node timestamps differ on 383.037630 seconds. Ignoring the source.
[WARN] [1785993944.000335402] [collision_monitor]: [scan]: Latest source and current collision monitor node timestamps differ on 383.087671 seconds. Ignoring the source.
[WARN] [1785993944.050639150] [collision_monitor]: [scan]: Latest source and current collision monitor node timestamps differ on 383.137977 seconds. Ignoring the source.
[WARN] [1785993944.100744415] [collision_monitor]: [scan]: Latest source and current collision monitor node timestamps differ on 383.188081 seconds. Ignoring the source.
[WARN] [1785993944.150313900] [collision_monitor]: [scan]: Latest source and current collision monitor node timestamps differ on 383.237649 seconds. Ignoring the source.
[WARN] [1785993944.200173109] [collision_monitor]: [scan]: Latest source and current collision monitor node timestamps differ on 383.287511 seconds. Ignoring the source.
[WARN] [1785993944.250291670] [collision_monitor]: [scan]: Latest source and current collision monitor node timestamps differ on 383.337629 seconds. Ignoring the source.
[WARN] [1785993944.301357404] [collision_monitor]: [scan]: Latest source and current collision monitor node timestamps differ on 383.388695 seconds. Ignoring the source.
[WARN] [1785993944.350220941] [collision_monitor]: [scan]: Latest source and current collision monitor node timestamps differ on 383.437560 seconds. Ignoring the source.
[WARN] [1785993944.400185131] [collision_monitor]: [scan]: Latest source and current collision monitor node timestamps differ on 383.487524 seconds. Ignoring the source.
[WARN] [1785993944.469138552] [collision_monitor]: [scan]: Latest source and current collision monitor node timestamps differ on 383.556471 seconds. Ignoring the source.
[WARN] [1785993944.501053888] [collision_monitor]: [scan]: Latest source and current collision monitor node timestamps differ on 383.588389 seconds. Ignoring the source.
[WARN] [1785993944.550170648] [collision_monitor]: [scan]: Latest source and current collision monitor node timestamps differ on 383.637509 seconds. Ignoring the source.
[WARN] [1785993944.600094005] [collision_monitor]: [scan]: Latest source and current collision monitor node timestamps differ on 383.687433 seconds. Ignoring the source.
[WARN] [1785993944.650240475] [collision_monitor]: [scan]: Latest source and current collision monitor node timestamps differ on 383.737579 seconds. Ignoring the source.
[WARN] [1785993944.700162684] [collision_monitor]: [scan]: Latest source and current collision monitor node timestamps differ on 383.787501 seconds. Ignoring the source.
[WARN] [1785993944.750257653] [collision_monitor]: [scan]: Latest source and current collision monitor node timestamps differ on 383.837596 seconds. Ignoring the source.
[WARN] [1785993944.800102695] [collision_monitor]: [scan]: Latest source and current collision monitor node timestamps differ on 383.887441 seconds. Ignoring the source.
[WARN] [1785993944.850712740] [collision_monitor]: [scan]: Latest source and current collision monitor node timestamps differ on 383.938050 seconds. Ignoring the source.
[WARN] [1785993944.900121743] [collision_monitor]: [scan]: Latest source and current collision monitor node timestamps differ on 383.987460 seconds. Ignoring the source.
[WARN] [1785993944.950219953] [collision_monitor]: [scan]: Latest source and current collision monitor node timestamps differ on 384.037559 seconds. Ignoring the source.
[WARN] [1785993945.000127051] [collision_monitor]: [scan]: Latest source and current collision monitor node timestamps differ on 384.087466 seconds. Ignoring the source.
[WARN] [1785993945.050222372] [collision_monitor]: [scan]: Latest source and current collision monitor node timestamps differ on 384.137561 seconds. Ignoring the source.
[WARN] [1785993945.100187970] [collision_monitor]: [scan]: Latest source and current collision monitor node timestamps differ on 384.187526 seconds. Ignoring the source.
[WARN] [1785993945.150223105] [collision_monitor]: [scan]: Latest source and current collision monitor node timestamps differ on 384.237562 seconds. Ignoring the source.
[WARN] [1785993945.200108499] [collision_monitor]: [scan]: Latest source and current collision monitor node timestamps differ on 384.287447 seconds. Ignoring the source.
[WARN] [1785993945.250231209] [collision_monitor]: [scan]: Latest source and current collision monitor node timestamps differ on 384.337570 seconds. Ignoring the source.
[WARN] [1785993945.300196529] [collision_monitor]: [scan]: Latest source and current collision monitor node timestamps differ on 384.387535 seconds. Ignoring the source.
[WARN] [1785993945.350238369] [collision_monitor]: [scan]: Latest source and current collision monitor node timestamps differ on 384.437577 seconds. Ignoring the source.
[WARN] [1785993945.400129726] [collision_monitor]: [scan]: Latest source and current collision monitor node timestamps differ on 384.487469 seconds. Ignoring the source.
[WARN] [1785993945.450201102] [collision_monitor]: [scan]: Latest source and current collision monitor node timestamps differ on 384.537539 seconds. Ignoring the source.
[WARN] [1785993945.500114903] [collision_monitor]: [scan]: Latest source and current collision monitor node timestamps differ on 384.587453 seconds. Ignoring the source.
[WARN] [1785993945.558504750] [collision_monitor]: [scan]: Latest source and current collision monitor node timestamps differ on 384.645843 seconds. Ignoring the source.
[WARN] [1785993945.600143452] [collision_monitor]: [scan]: Latest source and current collision monitor node timestamps differ on 384.687482 seconds. Ignoring the source.
[WARN] [1785993945.650200958] [collision_monitor]: [scan]: Latest source and current collision monitor node timestamps differ on 384.737540 seconds. Ignoring the source.
[WARN] [1785993945.700133074] [collision_monitor]: [scan]: Latest source and current collision monitor node timestamps differ on 384.787472 seconds. Ignoring the source.
[WARN] [1785993945.750189654] [collision_monitor]: [scan]: Latest source and current collision monitor node timestamps differ on 384.837528 seconds. Ignoring the source.
[WARN] [1785993945.800159401] [collision_monitor]: [scan]: Latest source and current collision monitor node timestamps differ on 384.887498 seconds. Ignoring the source.
[WARN] [1785993945.850219777] [collision_monitor]: [scan]: Latest source and current collision monitor node timestamps differ on 384.937558 seconds. Ignoring the source.
[WARN] [1785993945.900101467] [collision_monitor]: [scan]: Latest source and current collision monitor node timestamps differ on 384.987440 seconds. Ignoring the source.
[WARN] [1785993945.950194862] [collision_monitor]: [scan]: Latest source and current collision monitor node timestamps differ on 385.037534 seconds. Ignoring the source.
[WARN] [1785993946.000115793] [collision_monitor]: [scan]: Latest source and current collision monitor node timestamps differ on 385.087455 seconds. Ignoring the source.
[WARN] [1785993946.050189818] [collision_monitor]: [scan]: Latest source and current collision monitor node timestamps differ on 385.137529 seconds. Ignoring the source.
[WARN] [1785993946.100087601] [collision_monitor]: [scan]: Latest source and current collision monitor node timestamps differ on 385.187427 seconds. Ignoring the source.
[WARN] [1785993946.150223052] [collision_monitor]: [scan]: Latest source and current collision monitor node timestamps differ on 385.237562 seconds. Ignoring the source.
[WARN] [1785993946.200140761] [collision_monitor]: [scan]: Latest source and current collision monitor node timestamps differ on 385.287480 seconds. Ignoring the source.
[WARN] [1785993946.250225730] [collision_monitor]: [scan]: Latest source and current collision monitor node timestamps differ on 385.337564 seconds. Ignoring the source.
[WARN] [1785993946.300117716] [collision_monitor]: [scan]: Latest source and current collision monitor node timestamps differ on 385.387457 seconds. Ignoring the source.
[WARN] [1785993946.350232130] [collision_monitor]: [scan]: Latest source and current collision monitor node timestamps differ on 385.437571 seconds. Ignoring the source.
[WARN] [1785993946.400223117] [collision_monitor]: [scan]: Latest source and current collision monitor node timestamps differ on 385.487560 seconds. Ignoring the source.
[WARN] [1785993946.450217049] [collision_monitor]: [scan]: Latest source and current collision monitor node timestamps differ on 385.537556 seconds. Ignoring the source.
[WARN] [1785993946.500125109] [collision_monitor]: [scan]: Latest source and current collision monitor node timestamps differ on 385.587464 seconds. Ignoring the source.
[WARN] [1785993946.550204300] [collision_monitor]: [scan]: Latest source and current collision monitor node timestamps differ on 385.637543 seconds. Ignoring the source.
[WARN] [1785993946.604531607] [collision_monitor]: [scan]: Latest source and current collision monitor node timestamps differ on 385.691864 seconds. Ignoring the source.
[WARN] [1785993946.650121052] [collision_monitor]: [scan]: Latest source and current collision monitor node timestamps differ on 385.737461 seconds. Ignoring the source.
[WARN] [1785993946.700082669] [collision_monitor]: [scan]: Latest source and current collision monitor node timestamps differ on 385.787422 seconds. Ignoring the source.
[WARN] [1785993946.750220231] [collision_monitor]: [scan]: Latest source and current collision monitor node timestamps differ on 385.837559 seconds. Ignoring the source.
[WARN] [1785993946.800122680] [collision_monitor]: [scan]: Latest source and current collision monitor node timestamps differ on 385.887461 seconds. Ignoring the source.
[WARN] [1785993946.850192390] [collision_monitor]: [scan]: Latest source and current collision monitor node timestamps differ on 385.937531 seconds. Ignoring the source.
[WARN] [1785993946.900159525] [collision_monitor]: [scan]: Latest source and current collision monitor node timestamps differ on 385.987498 seconds. Ignoring the source.
[WARN] [1785993946.950226438] [collision_monitor]: [scan]: Latest source and current collision monitor node timestamps differ on 386.037566 seconds. Ignoring the source.
[WARN] [1785993947.000130129] [collision_monitor]: [scan]: Latest source and current collision monitor node timestamps differ on 386.087469 seconds. Ignoring the source.
[WARN] [1785993947.050196783] [collision_monitor]: [scan]: Latest source and current collision monitor node timestamps differ on 386.137535 seconds. Ignoring the source.
[WARN] [1785993947.100144548] [collision_monitor]: [scan]: Latest source and current collision monitor node timestamps differ on 386.187483 seconds. Ignoring the source.
[WARN] [1785993947.150225368] [collision_monitor]: [scan]: Latest source and current collision monitor node timestamps differ on 386.237564 seconds. Ignoring the source.
[WARN] [1785993947.200177448] [collision_monitor]: [scan]: Latest source and current collision monitor node timestamps differ on 386.287516 seconds. Ignoring the source.
[WARN] [1785993947.250221602] [collision_monitor]: [scan]: Latest source and current collision monitor node timestamps differ on 386.337560 seconds. Ignoring the source.
[WARN] [1785993947.300136404] [collision_monitor]: [scan]: Latest source and current collision monitor node timestamps differ on 386.387476 seconds. Ignoring the source.
[WARN] [1785993947.350207558] [collision_monitor]: [scan]: Latest source and current collision monitor node timestamps differ on 386.437546 seconds. Ignoring the source.
[WARN] [1785993947.400172322] [collision_monitor]: [scan]: Latest source and current collision monitor node timestamps differ on 386.487511 seconds. Ignoring the source.
[WARN] [1785993947.450203810] [collision_monitor]: [scan]: Latest source and current collision monitor node timestamps differ on 386.537543 seconds. Ignoring the source.
[WARN] [1785993947.500131889] [collision_monitor]: [scan]: Latest source and current collision monitor node timestamps differ on 386.587471 seconds. Ignoring the source.
[WARN] [1785993947.550154395] [collision_monitor]: [scan]: Latest source and current collision monitor node timestamps differ on 386.637493 seconds. Ignoring the source.
[WARN] [1785993947.600110604] [collision_monitor]: [scan]: Latest source and current collision monitor node timestamps differ on 386.687449 seconds. Ignoring the source.
[WARN] [1785993947.650216758] [collision_monitor]: [scan]: Latest source and current collision monitor node timestamps differ on 386.737556 seconds. Ignoring the source.
[WARN] [1785993947.701425307] [collision_monitor]: [scan]: Latest source and current collision monitor node timestamps differ on 386.788764 seconds. Ignoring the source.
[WARN] [1785993947.750214936] [collision_monitor]: [scan]: Latest source and current collision monitor node timestamps differ on 386.837554 seconds. Ignoring the source.
[WARN] [1785993947.800111997] [collision_monitor]: [scan]: Latest source and current collision monitor node timestamps differ on 386.887450 seconds. Ignoring the source.
[WARN] [1785993947.850210207] [collision_monitor]: [scan]: Latest source and current collision monitor node timestamps differ on 386.937549 seconds. Ignoring the source.
[WARN] [1785993947.900147601] [collision_monitor]: [scan]: Latest source and current collision monitor node timestamps differ on 386.987486 seconds. Ignoring the source.
[WARN] [1785993947.950215477] [collision_monitor]: [scan]: Latest source and current collision monitor node timestamps differ on 387.037554 seconds. Ignoring the source.
[WARN] [1785993948.000121520] [collision_monitor]: [scan]: Latest source and current collision monitor node timestamps differ on 387.087460 seconds. Ignoring the source.
[WARN] [1785993948.050187192] [collision_monitor]: [scan]: Latest source and current collision monitor node timestamps differ on 387.137525 seconds. Ignoring the source.
[WARN] [1785993948.100137438] [collision_monitor]: [scan]: Latest source and current collision monitor node timestamps differ on 387.187476 seconds. Ignoring the source.
[WARN] [1785993948.150175981] [collision_monitor]: [scan]: Latest source and current collision monitor node timestamps differ on 387.237515 seconds. Ignoring the source.
[WARN] [1785993948.200151783] [collision_monitor]: [scan]: Latest source and current collision monitor node timestamps differ on 387.287491 seconds. Ignoring the source.
[WARN] [1785993948.250222048] [collision_monitor]: [scan]: Latest source and current collision monitor node timestamps differ on 387.337560 seconds. Ignoring the source.
[WARN] [1785993948.300146165] [collision_monitor]: [scan]: Latest source and current collision monitor node timestamps differ on 387.387485 seconds. Ignoring the source.
[WARN] [1785993948.350225412] [collision_monitor]: [scan]: Latest source and current collision monitor node timestamps differ on 387.437564 seconds. Ignoring the source.
[WARN] [1785993948.400118991] [collision_monitor]: [scan]: Latest source and current collision monitor node timestamps differ on 387.487458 seconds. Ignoring the source.
[WARN] [1785993948.450207904] [collision_monitor]: [scan]: Latest source and current collision monitor node timestamps differ on 387.537547 seconds. Ignoring the source.
[WARN] [1785993948.500114910] [collision_monitor]: [scan]: Latest source and current collision monitor node timestamps differ on 387.587454 seconds. Ignoring the source.
[WARN] [1785993948.550191767] [collision_monitor]: [scan]: Latest source and current collision monitor node timestamps differ on 387.637530 seconds. Ignoring the source.
[WARN] [1785993948.600089013] [collision_monitor]: [scan]: Latest source and current collision monitor node timestamps differ on 387.687427 seconds. Ignoring the source.
[WARN] [1785993948.650184112] [collision_monitor]: [scan]: Latest source and current collision monitor node timestamps differ on 387.737523 seconds. Ignoring the source.
[WARN] [1785993948.700124747] [collision_monitor]: [scan]: Latest source and current collision monitor node timestamps differ on 387.787464 seconds. Ignoring the source.
[WARN] [1785993948.762125835] [collision_monitor]: [scan]: Latest source and current collision monitor node timestamps differ on 387.849460 seconds. Ignoring the source.
[WARN] [1785993948.800155092] [collision_monitor]: [scan]: Latest source and current collision monitor node timestamps differ on 387.887494 seconds. Ignoring the source.
[WARN] [1785993948.850208968] [collision_monitor]: [scan]: Latest source and current collision monitor node timestamps differ on 387.937548 seconds. Ignoring the source.
[WARN] [1785993948.900095381] [collision_monitor]: [scan]: Latest source and current collision monitor node timestamps differ on 387.987435 seconds. Ignoring the source.
[WARN] [1785993948.950216294] [collision_monitor]: [scan]: Latest source and current collision monitor node timestamps differ on 388.037555 seconds. Ignoring the source.
[WARN] [1785993949.000085447] [collision_monitor]: [scan]: Latest source and current collision monitor node timestamps differ on 388.087424 seconds. Ignoring the source.
[WARN] [1785993949.050168268] [collision_monitor]: [scan]: Latest source and current collision monitor node timestamps differ on 388.137507 seconds. Ignoring the source.
[WARN] [1785993949.100142996] [collision_monitor]: [scan]: Latest source and current collision monitor node timestamps differ on 388.187481 seconds. Ignoring the source.
[WARN] [1785993949.150201946] [collision_monitor]: [scan]: Latest source and current collision monitor node timestamps differ on 388.237540 seconds. Ignoring the source.
[WARN] [1785993949.200142322] [collision_monitor]: [scan]: Latest source and current collision monitor node timestamps differ on 388.287481 seconds. Ignoring the source.
[WARN] [1785993949.250220532] [collision_monitor]: [scan]: Latest source and current collision monitor node timestamps differ on 388.337558 seconds. Ignoring the source.
[WARN] [1785993949.300120185] [collision_monitor]: [scan]: Latest source and current collision monitor node timestamps differ on 388.387459 seconds. Ignoring the source.
[WARN] [1785993949.350199488] [collision_monitor]: [scan]: Latest source and current collision monitor node timestamps differ on 388.437538 seconds. Ignoring the source.
[WARN] [1785993949.400141104] [collision_monitor]: [scan]: Latest source and current collision monitor node timestamps differ on 388.487480 seconds. Ignoring the source.
[WARN] [1785993949.450211129] [collision_monitor]: [scan]: Latest source and current collision monitor node timestamps differ on 388.537550 seconds. Ignoring the source.
[WARN] [1785993949.500111634] [collision_monitor]: [scan]: Latest source and current collision monitor node timestamps differ on 388.587450 seconds. Ignoring the source.
[WARN] [1785993949.550209399] [collision_monitor]: [scan]: Latest source and current collision monitor node timestamps differ on 388.637548 seconds. Ignoring the source.
[WARN] [1785993949.600097256] [collision_monitor]: [scan]: Latest source and current collision monitor node timestamps differ on 388.687436 seconds. Ignoring the source.
[WARN] [1785993949.650209040] [collision_monitor]: [scan]: Latest source and current collision monitor node timestamps differ on 388.737548 seconds. Ignoring the source.
[WARN] [1785993949.700176286] [collision_monitor]: [scan]: Latest source and current collision monitor node timestamps differ on 388.787515 seconds. Ignoring the source.
[WARN] [1785993949.750432645] [collision_monitor]: [scan]: Latest source and current collision monitor node timestamps differ on 388.837770 seconds. Ignoring the source.
[WARN] [1785993949.803031979] [collision_monitor]: [scan]: Latest source and current collision monitor node timestamps differ on 388.890369 seconds. Ignoring the source.
[WARN] [1785993949.850338693] [collision_monitor]: [scan]: Latest source and current collision monitor node timestamps differ on 388.937673 seconds. Ignoring the source.
[WARN] [1785993949.900097568] [collision_monitor]: [scan]: Latest source and current collision monitor node timestamps differ on 388.987437 seconds. Ignoring the source.
[WARN] [1785993949.950322204] [collision_monitor]: [scan]: Latest source and current collision monitor node timestamps differ on 389.037656 seconds. Ignoring the source.
[WARN] [1785993950.000722731] [collision_monitor]: [scan]: Latest source and current collision monitor node timestamps differ on 389.088059 seconds. Ignoring the source.
[WARN] [1785993950.050234030] [collision_monitor]: [scan]: Latest source and current collision monitor node timestamps differ on 389.137572 seconds. Ignoring the source.
[WARN] [1785993950.100168887] [collision_monitor]: [scan]: Latest source and current collision monitor node timestamps differ on 389.187507 seconds. Ignoring the source.
[WARN] [1785993950.150296097] [collision_monitor]: [scan]: Latest source and current collision monitor node timestamps differ on 389.237634 seconds. Ignoring the source.
[WARN] [1785993950.200162898] [collision_monitor]: [scan]: Latest source and current collision monitor node timestamps differ on 389.287502 seconds. Ignoring the source.
[WARN] [1785993950.250236275] [collision_monitor]: [scan]: Latest source and current collision monitor node timestamps differ on 389.337575 seconds. Ignoring the source.
[WARN] [1785993950.300147965] [collision_monitor]: [scan]: Latest source and current collision monitor node timestamps differ on 389.387487 seconds. Ignoring the source.
[WARN] [1785993950.350217619] [collision_monitor]: [scan]: Latest source and current collision monitor node timestamps differ on 389.437557 seconds. Ignoring the source.
[WARN] [1785993950.400155939] [collision_monitor]: [scan]: Latest source and current collision monitor node timestamps differ on 389.487495 seconds. Ignoring the source.
[WARN] [1785993950.450704430] [collision_monitor]: [scan]: Latest source and current collision monitor node timestamps differ on 389.538036 seconds. Ignoring the source.
[WARN] [1785993950.500844140] [collision_monitor]: [scan]: Latest source and current collision monitor node timestamps differ on 389.588111 seconds. Ignoring the source.
[WARN] [1785993950.550199475] [collision_monitor]: [scan]: Latest source and current collision monitor node timestamps differ on 389.637539 seconds. Ignoring the source.
[WARN] [1785993950.600126721] [collision_monitor]: [scan]: Latest source and current collision monitor node timestamps differ on 389.687466 seconds. Ignoring the source.
[WARN] [1785993950.650221153] [collision_monitor]: [scan]: Latest source and current collision monitor node timestamps differ on 389.737559 seconds. Ignoring the source.
[WARN] [1785993950.700144584] [collision_monitor]: [scan]: Latest source and current collision monitor node timestamps differ on 389.787483 seconds. Ignoring the source.
[WARN] [1785993950.750214683] [collision_monitor]: [scan]: Latest source and current collision monitor node timestamps differ on 389.837554 seconds. Ignoring the source.
[WARN] [1785993950.800117873] [collision_monitor]: [scan]: Latest source and current collision monitor node timestamps differ on 389.887457 seconds. Ignoring the source.
[WARN] [1785993950.850217528] [collision_monitor]: [scan]: Latest source and current collision monitor node timestamps differ on 389.937556 seconds. Ignoring the source.
[WARN] [1785993950.905595117] [collision_monitor]: [scan]: Latest source and current collision monitor node timestamps differ on 389.992930 seconds. Ignoring the source.
[WARN] [1785993950.950235835] [collision_monitor]: [scan]: Latest source and current collision monitor node timestamps differ on 390.037575 seconds. Ignoring the source.
[WARN] [1785993951.000157711] [collision_monitor]: [scan]: Latest source and current collision monitor node timestamps differ on 390.087496 seconds. Ignoring the source.
[WARN] [1785993951.050189643] [collision_monitor]: [scan]: Latest source and current collision monitor node timestamps differ on 390.137528 seconds. Ignoring the source.
[WARN] [1785993951.100087778] [collision_monitor]: [scan]: Latest source and current collision monitor node timestamps differ on 390.187427 seconds. Ignoring the source.
[WARN] [1785993951.150220895] [collision_monitor]: [scan]: Latest source and current collision monitor node timestamps differ on 390.237560 seconds. Ignoring the source.
[WARN] [1785993951.200122326] [collision_monitor]: [scan]: Latest source and current collision monitor node timestamps differ on 390.287461 seconds. Ignoring the source.
[WARN] [1785993951.250202906] [collision_monitor]: [scan]: Latest source and current collision monitor node timestamps differ on 390.337542 seconds. Ignoring the source.
[WARN] [1785993951.300125523] [collision_monitor]: [scan]: Latest source and current collision monitor node timestamps differ on 390.387464 seconds. Ignoring the source.
[WARN] [1785993951.350235751] [collision_monitor]: [scan]: Latest source and current collision monitor node timestamps differ on 390.437574 seconds. Ignoring the source.
[WARN] [1785993951.400122997] [collision_monitor]: [scan]: Latest source and current collision monitor node timestamps differ on 390.487462 seconds. Ignoring the source.
[WARN] [1785993951.450226096] [collision_monitor]: [scan]: Latest source and current collision monitor node timestamps differ on 390.537564 seconds. Ignoring the source.
[WARN] [1785993951.500198805] [collision_monitor]: [scan]: Latest source and current collision monitor node timestamps differ on 390.587537 seconds. Ignoring the source.
[WARN] [1785993951.550195070] [collision_monitor]: [scan]: Latest source and current collision monitor node timestamps differ on 390.637533 seconds. Ignoring the source.
[WARN] [1785993951.600134279] [collision_monitor]: [scan]: Latest source and current collision monitor node timestamps differ on 390.687473 seconds. Ignoring the source.
[WARN] [1785993951.650192007] [collision_monitor]: [scan]: Latest source and current collision monitor node timestamps differ on 390.737531 seconds. Ignoring the source.
[WARN] [1785993951.700174827] [collision_monitor]: [scan]: Latest source and current collision monitor node timestamps differ on 390.787513 seconds. Ignoring the source.
[WARN] [1785993951.750191074] [collision_monitor]: [scan]: Latest source and current collision monitor node timestamps differ on 390.837530 seconds. Ignoring the source.
[WARN] [1785993951.800120672] [collision_monitor]: [scan]: Latest source and current collision monitor node timestamps differ on 390.887460 seconds. Ignoring the source.
[WARN] [1785993951.850233789] [collision_monitor]: [scan]: Latest source and current collision monitor node timestamps differ on 390.937573 seconds. Ignoring the source.
[WARN] [1785993951.900122053] [collision_monitor]: [scan]: Latest source and current collision monitor node timestamps differ on 390.987461 seconds. Ignoring the source.
[WARN] [1785993951.950236689] [collision_monitor]: [scan]: Latest source and current collision monitor node timestamps differ on 391.037575 seconds. Ignoring the source.
[WARN] [1785993952.001395664] [collision_monitor]: [scan]: Latest source and current collision monitor node timestamps differ on 391.088735 seconds. Ignoring the source.
[WARN] [1785993952.050212978] [collision_monitor]: [scan]: Latest source and current collision monitor node timestamps differ on 391.137552 seconds. Ignoring the source.
[WARN] [1785993952.100165780] [collision_monitor]: [scan]: Latest source and current collision monitor node timestamps differ on 391.187504 seconds. Ignoring the source.
[WARN] [1785993952.150243842] [collision_monitor]: [scan]: Latest source and current collision monitor node timestamps differ on 391.237582 seconds. Ignoring the source.
[WARN] [1785993952.200105013] [collision_monitor]: [scan]: Latest source and current collision monitor node timestamps differ on 391.287444 seconds. Ignoring the source.
[WARN] [1785993952.250232445] [collision_monitor]: [scan]: Latest source and current collision monitor node timestamps differ on 391.337571 seconds. Ignoring the source.
[WARN] [1785993952.300127339] [collision_monitor]: [scan]: Latest source and current collision monitor node timestamps differ on 391.387467 seconds. Ignoring the source.
[WARN] [1785993952.350217401] [collision_monitor]: [scan]: Latest source and current collision monitor node timestamps differ on 391.437556 seconds. Ignoring the source.
[WARN] [1785993952.400129184] [collision_monitor]: [scan]: Latest source and current collision monitor node timestamps differ on 391.487468 seconds. Ignoring the source.
[WARN] [1785993952.450235468] [collision_monitor]: [scan]: Latest source and current collision monitor node timestamps differ on 391.537574 seconds. Ignoring the source.
[WARN] [1785993952.500133436] [collision_monitor]: [scan]: Latest source and current collision monitor node timestamps differ on 391.587472 seconds. Ignoring the source.
[WARN] [1785993952.550232072] [collision_monitor]: [scan]: Latest source and current collision monitor node timestamps differ on 391.637571 seconds. Ignoring the source.
[WARN] [1785993952.600153929] [collision_monitor]: [scan]: Latest source and current collision monitor node timestamps differ on 391.687492 seconds. Ignoring the source.
[WARN] [1785993952.650250454] [collision_monitor]: [scan]: Latest source and current collision monitor node timestamps differ on 391.737589 seconds. Ignoring the source.
[WARN] [1785993952.700163459] [collision_monitor]: [scan]: Latest source and current collision monitor node timestamps differ on 391.787502 seconds. Ignoring the source.
[WARN] [1785993952.750209206] [collision_monitor]: [scan]: Latest source and current collision monitor node timestamps differ on 391.837548 seconds. Ignoring the source.
[WARN] [1785993952.800113211] [collision_monitor]: [scan]: Latest source and current collision monitor node timestamps differ on 391.887452 seconds. Ignoring the source.
[WARN] [1785993952.850206754] [collision_monitor]: [scan]: Latest source and current collision monitor node timestamps differ on 391.937546 seconds. Ignoring the source.
[WARN] [1785993952.900145241] [collision_monitor]: [scan]: Latest source and current collision monitor node timestamps differ on 391.987484 seconds. Ignoring the source.
[WARN] [1785993952.950198747] [collision_monitor]: [scan]: Latest source and current collision monitor node timestamps differ on 392.037537 seconds. Ignoring the source.
[WARN] [1785993953.000108122] [collision_monitor]: [scan]: Latest source and current collision monitor node timestamps differ on 392.087447 seconds. Ignoring the source.
[WARN] [1785993953.050202221] [collision_monitor]: [scan]: Latest source and current collision monitor node timestamps differ on 392.137541 seconds. Ignoring the source.
[WARN] [1785993953.100091504] [collision_monitor]: [scan]: Latest source and current collision monitor node timestamps differ on 392.187430 seconds. Ignoring the source.
[WARN] [1785993953.150238955] [collision_monitor]: [scan]: Latest source and current collision monitor node timestamps differ on 392.237578 seconds. Ignoring the source.
[WARN] [1785993953.200133793] [collision_monitor]: [scan]: Latest source and current collision monitor node timestamps differ on 392.287473 seconds. Ignoring the source.
[WARN] [1785993953.250225892] [collision_monitor]: [scan]: Latest source and current collision monitor node timestamps differ on 392.337564 seconds. Ignoring the source.
[WARN] [1785993953.300164638] [collision_monitor]: [scan]: Latest source and current collision monitor node timestamps differ on 392.387503 seconds. Ignoring the source.
[WARN] [1785993953.350199829] [collision_monitor]: [scan]: Latest source and current collision monitor node timestamps differ on 392.437538 seconds. Ignoring the source.
[WARN] [1785993953.400108890] [collision_monitor]: [scan]: Latest source and current collision monitor node timestamps differ on 392.487448 seconds. Ignoring the source.
[WARN] [1785993977.600151368] [collision_monitor]: [scan]: Latest source and current collision monitor node timestamps differ on 416.687490 seconds. Ignoring the source.
[WARN] [1785993977.650205837] [collision_monitor]: [scan]: Latest source and current collision monitor node timestamps differ on 416.737544 seconds. Ignoring the source.
[WARN] [1785993977.700173065] [collision_monitor]: [scan]: Latest source and current collision monitor node timestamps differ on 416.787512 seconds. Ignoring the source.
[WARN] [1785993977.750315016] [collision_monitor]: [scan]: Latest source and current collision monitor node timestamps differ on 416.837651 seconds. Ignoring the source.
[WARN] [1785993977.800139669] [collision_monitor]: [scan]: Latest source and current collision monitor node timestamps differ on 416.887478 seconds. Ignoring the source.
[WARN] [1785993977.850292582] [collision_monitor]: [scan]: Latest source and current collision monitor node timestamps differ on 416.937630 seconds. Ignoring the source.
[WARN] [1785993977.900147754] [collision_monitor]: [scan]: Latest source and current collision monitor node timestamps differ on 416.987485 seconds. Ignoring the source.
[WARN] [1785993977.950257556] [collision_monitor]: [scan]: Latest source and current collision monitor node timestamps differ on 417.037595 seconds. Ignoring the source.
[WARN] [1785993978.000158376] [collision_monitor]: [scan]: Latest source and current collision monitor node timestamps differ on 417.087497 seconds. Ignoring the source.
[WARN] [1785993978.050234679] [collision_monitor]: [scan]: Latest source and current collision monitor node timestamps differ on 417.137573 seconds. Ignoring the source.
[WARN] [1785993978.100143628] [collision_monitor]: [scan]: Latest source and current collision monitor node timestamps differ on 417.187482 seconds. Ignoring the source.
[WARN] [1785993978.150323135] [collision_monitor]: [scan]: Latest source and current collision monitor node timestamps differ on 417.237659 seconds. Ignoring the source.
[WARN] [1785993978.200119640] [collision_monitor]: [scan]: Latest source and current collision monitor node timestamps differ on 417.287459 seconds. Ignoring the source.
[WARN] [1785993978.250233072] [collision_monitor]: [scan]: Latest source and current collision monitor node timestamps differ on 417.337572 seconds. Ignoring the source.
[WARN] [1785993978.300166929] [collision_monitor]: [scan]: Latest source and current collision monitor node timestamps differ on 417.387506 seconds. Ignoring the source.
[WARN] [1785993978.350334380] [collision_monitor]: [scan]: Latest source and current collision monitor node timestamps differ on 417.437672 seconds. Ignoring the source.
[WARN] [1785993978.400169385] [collision_monitor]: [scan]: Latest source and current collision monitor node timestamps differ on 417.487508 seconds. Ignoring the source.
[WARN] [1785993978.450268706] [collision_monitor]: [scan]: Latest source and current collision monitor node timestamps differ on 417.537605 seconds. Ignoring the source.
[WARN] [1785993978.500199155] [collision_monitor]: [scan]: Latest source and current collision monitor node timestamps differ on 417.587538 seconds. Ignoring the source.
[WARN] [1785993978.550257310] [collision_monitor]: [scan]: Latest source and current collision monitor node timestamps differ on 417.637595 seconds. Ignoring the source.
[WARN] [1785993978.601362062] [collision_monitor]: [scan]: Latest source and current collision monitor node timestamps differ on 417.688696 seconds. Ignoring the source.
[WARN] [1785993978.650209413] [collision_monitor]: [scan]: Latest source and current collision monitor node timestamps differ on 417.737548 seconds. Ignoring the source.
[WARN] [1785993978.700109548] [collision_monitor]: [scan]: Latest source and current collision monitor node timestamps differ on 417.787448 seconds. Ignoring the source.
[WARN] [1785993978.750300999] [collision_monitor]: [scan]: Latest source and current collision monitor node timestamps differ on 417.837638 seconds. Ignoring the source.
[WARN] [1785993978.800169356] [collision_monitor]: [scan]: Latest source and current collision monitor node timestamps differ on 417.887508 seconds. Ignoring the source.
[WARN] [1785993978.850234214] [collision_monitor]: [scan]: Latest source and current collision monitor node timestamps differ on 417.937573 seconds. Ignoring the source.
[WARN] [1785993978.900176626] [collision_monitor]: [scan]: Latest source and current collision monitor node timestamps differ on 417.987515 seconds. Ignoring the source.
[WARN] [1785993978.950327022] [collision_monitor]: [scan]: Latest source and current collision monitor node timestamps differ on 418.037664 seconds. Ignoring the source.
[WARN] [1785993979.000143471] [collision_monitor]: [scan]: Latest source and current collision monitor node timestamps differ on 418.087482 seconds. Ignoring the source.
[WARN] [1785993979.050240922] [collision_monitor]: [scan]: Latest source and current collision monitor node timestamps differ on 418.137579 seconds. Ignoring the source.
[WARN] [1785993979.100092538] [collision_monitor]: [scan]: Latest source and current collision monitor node timestamps differ on 418.187432 seconds. Ignoring the source.
[WARN] [1785993979.150238859] [collision_monitor]: [scan]: Latest source and current collision monitor node timestamps differ on 418.237577 seconds. Ignoring the source.
[WARN] [1785993979.200149975] [collision_monitor]: [scan]: Latest source and current collision monitor node timestamps differ on 418.287489 seconds. Ignoring the source.
[WARN] [1785993979.250227611] [collision_monitor]: [scan]: Latest source and current collision monitor node timestamps differ on 418.337566 seconds. Ignoring the source.
[WARN] [1785993979.300143857] [collision_monitor]: [scan]: Latest source and current collision monitor node timestamps differ on 418.387483 seconds. Ignoring the source.
[WARN] [1785993979.350246678] [collision_monitor]: [scan]: Latest source and current collision monitor node timestamps differ on 418.437584 seconds. Ignoring the source.
[WARN] [1785993979.400117294] [collision_monitor]: [scan]: Latest source and current collision monitor node timestamps differ on 418.487456 seconds. Ignoring the source.
[WARN] [1785993979.450235245] [collision_monitor]: [scan]: Latest source and current collision monitor node timestamps differ on 418.537574 seconds. Ignoring the source.
[WARN] [1785993979.500129342] [collision_monitor]: [scan]: Latest source and current collision monitor node timestamps differ on 418.587468 seconds. Ignoring the source.
[WARN] [1785993979.550183107] [collision_monitor]: [scan]: Latest source and current collision monitor node timestamps differ on 418.637522 seconds. Ignoring the source.
[WARN] [1785993979.600193076] [collision_monitor]: [scan]: Latest source and current collision monitor node timestamps differ on 418.687532 seconds. Ignoring the source.
[WARN] [1785993979.671950864] [collision_monitor]: [scan]: Latest source and current collision monitor node timestamps differ on 418.759286 seconds. Ignoring the source.
[WARN] [1785993979.700382107] [collision_monitor]: [scan]: Latest source and current collision monitor node timestamps differ on 418.787720 seconds. Ignoring the source.
[WARN] [1785993979.750313316] [collision_monitor]: [scan]: Latest source and current collision monitor node timestamps differ on 418.837650 seconds. Ignoring the source.
[WARN] [1785993979.800152784] [collision_monitor]: [scan]: Latest source and current collision monitor node timestamps differ on 418.887491 seconds. Ignoring the source.
[WARN] [1785993979.850197753] [collision_monitor]: [scan]: Latest source and current collision monitor node timestamps differ on 418.937537 seconds. Ignoring the source.
[WARN] [1785993979.900175258] [collision_monitor]: [scan]: Latest source and current collision monitor node timestamps differ on 418.987514 seconds. Ignoring the source.
[WARN] [1785993979.950314802] [collision_monitor]: [scan]: Latest source and current collision monitor node timestamps differ on 419.037651 seconds. Ignoring the source.
[WARN] [1785993980.000213992] [collision_monitor]: [scan]: Latest source and current collision monitor node timestamps differ on 419.087552 seconds. Ignoring the source.
[WARN] [1785993980.050197294] [collision_monitor]: [scan]: Latest source and current collision monitor node timestamps differ on 419.137536 seconds. Ignoring the source.
[WARN] [1785993980.100366022] [collision_monitor]: [scan]: Latest source and current collision monitor node timestamps differ on 419.187704 seconds. Ignoring the source.
[WARN] [1785993980.150209324] [collision_monitor]: [scan]: Latest source and current collision monitor node timestamps differ on 419.237547 seconds. Ignoring the source.
[WARN] [1785993980.200111625] [collision_monitor]: [scan]: Latest source and current collision monitor node timestamps differ on 419.287451 seconds. Ignoring the source.
[WARN] [1785993980.250345743] [collision_monitor]: [scan]: Latest source and current collision monitor node timestamps differ on 419.337682 seconds. Ignoring the source.
[WARN] [1785993980.300186118] [collision_monitor]: [scan]: Latest source and current collision monitor node timestamps differ on 419.387525 seconds. Ignoring the source.
[WARN] [1785993980.350360921] [collision_monitor]: [scan]: Latest source and current collision monitor node timestamps differ on 419.437698 seconds. Ignoring the source.
[WARN] [1785993980.401636341] [collision_monitor]: [scan]: Latest source and current collision monitor node timestamps differ on 419.488973 seconds. Ignoring the source.
[WARN] [1785993980.450494026] [collision_monitor]: [scan]: Latest source and current collision monitor node timestamps differ on 419.537830 seconds. Ignoring the source.
[WARN] [1785993980.500115122] [collision_monitor]: [scan]: Latest source and current collision monitor node timestamps differ on 419.587454 seconds. Ignoring the source.
[WARN] [1785993980.550284628] [collision_monitor]: [scan]: Latest source and current collision monitor node timestamps differ on 419.637623 seconds. Ignoring the source.
[WARN] [1785993980.600113855] [collision_monitor]: [scan]: Latest source and current collision monitor node timestamps differ on 419.687453 seconds. Ignoring the source.
[WARN] [1785993980.650282362] [collision_monitor]: [scan]: Latest source and current collision monitor node timestamps differ on 419.737618 seconds. Ignoring the source.
[WARN] [1785993980.700133904] [collision_monitor]: [scan]: Latest source and current collision monitor node timestamps differ on 419.787473 seconds. Ignoring the source.
[WARN] [1785993980.751131896] [collision_monitor]: [scan]: Latest source and current collision monitor node timestamps differ on 419.838468 seconds. Ignoring the source.
[WARN] [1785993980.800152526] [collision_monitor]: [scan]: Latest source and current collision monitor node timestamps differ on 419.887491 seconds. Ignoring the source.
[WARN] [1785993980.850206014] [collision_monitor]: [scan]: Latest source and current collision monitor node timestamps differ on 419.937544 seconds. Ignoring the source.
[WARN] [1785993980.900119889] [collision_monitor]: [scan]: Latest source and current collision monitor node timestamps differ on 419.987459 seconds. Ignoring the source.
[WARN] [1785993980.950227173] [collision_monitor]: [scan]: Latest source and current collision monitor node timestamps differ on 420.037564 seconds. Ignoring the source.
[WARN] [1785993981.000133401] [collision_monitor]: [scan]: Latest source and current collision monitor node timestamps differ on 420.087472 seconds. Ignoring the source.
[WARN] [1785993981.050218129] [collision_monitor]: [scan]: Latest source and current collision monitor node timestamps differ on 420.137557 seconds. Ignoring the source.
[WARN] [1785993981.100141894] [collision_monitor]: [scan]: Latest source and current collision monitor node timestamps differ on 420.187481 seconds. Ignoring the source.
[WARN] [1785993981.150232104] [collision_monitor]: [scan]: Latest source and current collision monitor node timestamps differ on 420.237569 seconds. Ignoring the source.
[WARN] [1785993981.200137201] [collision_monitor]: [scan]: Latest source and current collision monitor node timestamps differ on 420.287476 seconds. Ignoring the source.
[WARN] [1785993981.250339338] [collision_monitor]: [scan]: Latest source and current collision monitor node timestamps differ on 420.337676 seconds. Ignoring the source.
[WARN] [1785993981.300143231] [collision_monitor]: [scan]: Latest source and current collision monitor node timestamps differ on 420.387482 seconds. Ignoring the source.
[WARN] [1785993981.350255348] [collision_monitor]: [scan]: Latest source and current collision monitor node timestamps differ on 420.437592 seconds. Ignoring the source.
[WARN] [1785993981.400171743] [collision_monitor]: [scan]: Latest source and current collision monitor node timestamps differ on 420.487511 seconds. Ignoring the source.
[WARN] [1785993981.450273397] [collision_monitor]: [scan]: Latest source and current collision monitor node timestamps differ on 420.537612 seconds. Ignoring the source.
[WARN] [1785993981.500125809] [collision_monitor]: [scan]: Latest source and current collision monitor node timestamps differ on 420.587465 seconds. Ignoring the source.
[WARN] [1785993981.550236390] [collision_monitor]: [scan]: Latest source and current collision monitor node timestamps differ on 420.637574 seconds. Ignoring the source.
[WARN] [1785993981.600166395] [collision_monitor]: [scan]: Latest source and current collision monitor node timestamps differ on 420.687505 seconds. Ignoring the source.
[WARN] [1785993981.650335031] [collision_monitor]: [scan]: Latest source and current collision monitor node timestamps differ on 420.737671 seconds. Ignoring the source.
[WARN] [1785993981.700161480] [collision_monitor]: [scan]: Latest source and current collision monitor node timestamps differ on 420.787500 seconds. Ignoring the source.
[WARN] [1785993981.750328468] [collision_monitor]: [scan]: Latest source and current collision monitor node timestamps differ on 420.837666 seconds. Ignoring the source.
[WARN] [1785993981.807922366] [collision_monitor]: [scan]: Latest source and current collision monitor node timestamps differ on 420.895254 seconds. Ignoring the source.
[WARN] [1785993981.850218683] [collision_monitor]: [scan]: Latest source and current collision monitor node timestamps differ on 420.937556 seconds. Ignoring the source.
[WARN] [1785993981.900184540] [collision_monitor]: [scan]: Latest source and current collision monitor node timestamps differ on 420.987524 seconds. Ignoring the source.
[WARN] [1785993981.950243916] [collision_monitor]: [scan]: Latest source and current collision monitor node timestamps differ on 421.037582 seconds. Ignoring the source.
[WARN] [1785993982.000097754] [collision_monitor]: [scan]: Latest source and current collision monitor node timestamps differ on 421.087436 seconds. Ignoring the source.
[WARN] [1785993982.050237279] [collision_monitor]: [scan]: Latest source and current collision monitor node timestamps differ on 421.137575 seconds. Ignoring the source.
[WARN] [1785993982.100150562] [collision_monitor]: [scan]: Latest source and current collision monitor node timestamps differ on 421.187489 seconds. Ignoring the source.
[WARN] [1785993982.150276235] [collision_monitor]: [scan]: Latest source and current collision monitor node timestamps differ on 421.237614 seconds. Ignoring the source.
[WARN] [1785993982.200133703] [collision_monitor]: [scan]: Latest source and current collision monitor node timestamps differ on 421.287473 seconds. Ignoring the source.
[WARN] [1785993982.250268173] [collision_monitor]: [scan]: Latest source and current collision monitor node timestamps differ on 421.337606 seconds. Ignoring the source.
[WARN] [1785993982.300136863] [collision_monitor]: [scan]: Latest source and current collision monitor node timestamps differ on 421.387476 seconds. Ignoring the source.
[WARN] [1785993982.350301869] [collision_monitor]: [scan]: Latest source and current collision monitor node timestamps differ on 421.437640 seconds. Ignoring the source.
[WARN] [1785993982.400102337] [collision_monitor]: [scan]: Latest source and current collision monitor node timestamps differ on 421.487441 seconds. Ignoring the source.
[WARN] [1785993982.450302732] [collision_monitor]: [scan]: Latest source and current collision monitor node timestamps differ on 421.537641 seconds. Ignoring the source.
[WARN] [1785993982.500170348] [collision_monitor]: [scan]: Latest source and current collision monitor node timestamps differ on 421.587509 seconds. Ignoring the source.
[WARN] [1785993982.550220188] [collision_monitor]: [scan]: Latest source and current collision monitor node timestamps differ on 421.637559 seconds. Ignoring the source.
[WARN] [1785993982.600105971] [collision_monitor]: [scan]: Latest source and current collision monitor node timestamps differ on 421.687445 seconds. Ignoring the source.
[WARN] [1785993982.650334459] [collision_monitor]: [scan]: Latest source and current collision monitor node timestamps differ on 421.737672 seconds. Ignoring the source.
[WARN] [1785993982.700125630] [collision_monitor]: [scan]: Latest source and current collision monitor node timestamps differ on 421.787465 seconds. Ignoring the source.
[WARN] [1785993982.750307822] [collision_monitor]: [scan]: Latest source and current collision monitor node timestamps differ on 421.837644 seconds. Ignoring the source.
[WARN] [1785993982.800170364] [collision_monitor]: [scan]: Latest source and current collision monitor node timestamps differ on 421.887509 seconds. Ignoring the source.
[WARN] [1785993982.862648991] [collision_monitor]: [scan]: Latest source and current collision monitor node timestamps differ on 421.949968 seconds. Ignoring the source.
[WARN] [1785993982.900145412] [collision_monitor]: [scan]: Latest source and current collision monitor node timestamps differ on 421.987484 seconds. Ignoring the source.
[WARN] [1785993982.950313271] [collision_monitor]: [scan]: Latest source and current collision monitor node timestamps differ on 422.037651 seconds. Ignoring the source.
[WARN] [1785993983.000195368] [collision_monitor]: [scan]: Latest source and current collision monitor node timestamps differ on 422.087533 seconds. Ignoring the source.
[WARN] [1785993983.050600487] [collision_monitor]: [scan]: Latest source and current collision monitor node timestamps differ on 422.137938 seconds. Ignoring the source.
[WARN] [1785993983.100206268] [collision_monitor]: [scan]: Latest source and current collision monitor node timestamps differ on 422.187544 seconds. Ignoring the source.
[WARN] [1785993983.150637017] [collision_monitor]: [scan]: Latest source and current collision monitor node timestamps differ on 422.237974 seconds. Ignoring the source.
[WARN] [1785993983.200230521] [collision_monitor]: [scan]: Latest source and current collision monitor node timestamps differ on 422.287569 seconds. Ignoring the source.
[WARN] [1785993983.250168285] [collision_monitor]: [scan]: Latest source and current collision monitor node timestamps differ on 422.337505 seconds. Ignoring the source.
[WARN] [1785993983.300226699] [collision_monitor]: [scan]: Latest source and current collision monitor node timestamps differ on 422.387565 seconds. Ignoring the source.
[WARN] [1785993983.350373816] [collision_monitor]: [scan]: Latest source and current collision monitor node timestamps differ on 422.437711 seconds. Ignoring the source.
[WARN] [1785993983.400216562] [collision_monitor]: [scan]: Latest source and current collision monitor node timestamps differ on 422.487555 seconds. Ignoring the source.
[WARN] [1785993983.450352920] [collision_monitor]: [scan]: Latest source and current collision monitor node timestamps differ on 422.537688 seconds. Ignoring the source.
[WARN] [1785993983.500215166] [collision_monitor]: [scan]: Latest source and current collision monitor node timestamps differ on 422.587554 seconds. Ignoring the source.
[WARN] [1785993983.550299042] [collision_monitor]: [scan]: Latest source and current collision monitor node timestamps differ on 422.637635 seconds. Ignoring the source.
[WARN] [1785993983.600221621] [collision_monitor]: [scan]: Latest source and current collision monitor node timestamps differ on 422.687560 seconds. Ignoring the source.
[WARN] [1785993983.650223201] [collision_monitor]: [scan]: Latest source and current collision monitor node timestamps differ on 422.737561 seconds. Ignoring the source.
[WARN] [1785993983.700172466] [collision_monitor]: [scan]: Latest source and current collision monitor node timestamps differ on 422.787511 seconds. Ignoring the source.
[WARN] [1785993983.750226916] [collision_monitor]: [scan]: Latest source and current collision monitor node timestamps differ on 422.837565 seconds. Ignoring the source.
[WARN] [1785993983.800190866] [collision_monitor]: [scan]: Latest source and current collision monitor node timestamps differ on 422.887529 seconds. Ignoring the source.
[WARN] [1785993983.850196575] [collision_monitor]: [scan]: Latest source and current collision monitor node timestamps differ on 422.937535 seconds. Ignoring the source.
[WARN] [1785993983.900223044] [collision_monitor]: [scan]: Latest source and current collision monitor node timestamps differ on 422.987561 seconds. Ignoring the source.
[WARN] [1785993983.958590057] [collision_monitor]: [scan]: Latest source and current collision monitor node timestamps differ on 423.045926 seconds. Ignoring the source.
[WARN] [1785993984.000134703] [collision_monitor]: [scan]: Latest source and current collision monitor node timestamps differ on 423.087473 seconds. Ignoring the source.
[WARN] [1785993984.050190394] [collision_monitor]: [scan]: Latest source and current collision monitor node timestamps differ on 423.137528 seconds. Ignoring the source.
[WARN] [1785993984.100140696] [collision_monitor]: [scan]: Latest source and current collision monitor node timestamps differ on 423.187480 seconds. Ignoring the source.
[WARN] [1785993984.150229480] [collision_monitor]: [scan]: Latest source and current collision monitor node timestamps differ on 423.237568 seconds. Ignoring the source.
[WARN] [1785993984.200147948] [collision_monitor]: [scan]: Latest source and current collision monitor node timestamps differ on 423.287486 seconds. Ignoring the source.
[WARN] [1785993984.250229195] [collision_monitor]: [scan]: Latest source and current collision monitor node timestamps differ on 423.337568 seconds. Ignoring the source.
[WARN] [1785993984.300150274] [collision_monitor]: [scan]: Latest source and current collision monitor node timestamps differ on 423.387489 seconds. Ignoring the source.
[WARN] [1785993984.350221669] [collision_monitor]: [scan]: Latest source and current collision monitor node timestamps differ on 423.437560 seconds. Ignoring the source.
[WARN] [1785993984.400102545] [collision_monitor]: [scan]: Latest source and current collision monitor node timestamps differ on 423.487442 seconds. Ignoring the source.
[WARN] [1785993984.450363681] [collision_monitor]: [scan]: Latest source and current collision monitor node timestamps differ on 423.537701 seconds. Ignoring the source.
[WARN] [1785993984.500147723] [collision_monitor]: [scan]: Latest source and current collision monitor node timestamps differ on 423.587487 seconds. Ignoring the source.
[WARN] [1785993984.550218766] [collision_monitor]: [scan]: Latest source and current collision monitor node timestamps differ on 423.637557 seconds. Ignoring the source.
[WARN] [1785993984.600141567] [collision_monitor]: [scan]: Latest source and current collision monitor node timestamps differ on 423.687480 seconds. Ignoring the source.
[WARN] [1785993984.650195277] [collision_monitor]: [scan]: Latest source and current collision monitor node timestamps differ on 423.737534 seconds. Ignoring the source.
[WARN] [1785993984.700108153] [collision_monitor]: [scan]: Latest source and current collision monitor node timestamps differ on 423.787447 seconds. Ignoring the source.
[WARN] [1785993984.750203511] [collision_monitor]: [scan]: Latest source and current collision monitor node timestamps differ on 423.837542 seconds. Ignoring the source.
[WARN] [1785993984.800134794] [collision_monitor]: [scan]: Latest source and current collision monitor node timestamps differ on 423.887474 seconds. Ignoring the source.
[WARN] [1785993984.850201670] [collision_monitor]: [scan]: Latest source and current collision monitor node timestamps differ on 423.937541 seconds. Ignoring the source.
[WARN] [1785993984.900147824] [collision_monitor]: [scan]: Latest source and current collision monitor node timestamps differ on 423.987486 seconds. Ignoring the source.
[WARN] [1785993984.950204829] [collision_monitor]: [scan]: Latest source and current collision monitor node timestamps differ on 424.037543 seconds. Ignoring the source.
[WARN] [1785993985.005479141] [collision_monitor]: [scan]: Latest source and current collision monitor node timestamps differ on 424.092793 seconds. Ignoring the source.
[WARN] [1785993985.050239267] [collision_monitor]: [scan]: Latest source and current collision monitor node timestamps differ on 424.137578 seconds. Ignoring the source.
[WARN] [1785993985.100103050] [collision_monitor]: [scan]: Latest source and current collision monitor node timestamps differ on 424.187442 seconds. Ignoring the source.
[WARN] [1785993985.150237112] [collision_monitor]: [scan]: Latest source and current collision monitor node timestamps differ on 424.237576 seconds. Ignoring the source.
[WARN] [1785993985.200096950] [collision_monitor]: [scan]: Latest source and current collision monitor node timestamps differ on 424.287436 seconds. Ignoring the source.
[WARN] [1785993985.250198530] [collision_monitor]: [scan]: Latest source and current collision monitor node timestamps differ on 424.337537 seconds. Ignoring the source.
[WARN] [1785993985.300105961] [collision_monitor]: [scan]: Latest source and current collision monitor node timestamps differ on 424.387445 seconds. Ignoring the source.
[WARN] [1785993985.350204653] [collision_monitor]: [scan]: Latest source and current collision monitor node timestamps differ on 424.437543 seconds. Ignoring the source.
[WARN] [1785993985.400127547] [collision_monitor]: [scan]: Latest source and current collision monitor node timestamps differ on 424.487466 seconds. Ignoring the source.
[WARN] [1785993985.450187775] [collision_monitor]: [scan]: Latest source and current collision monitor node timestamps differ on 424.537526 seconds. Ignoring the source.
[WARN] [1785993985.500136040] [collision_monitor]: [scan]: Latest source and current collision monitor node timestamps differ on 424.587475 seconds. Ignoring the source.
[WARN] [1785993985.550172545] [collision_monitor]: [scan]: Latest source and current collision monitor node timestamps differ on 424.637511 seconds. Ignoring the source.
[WARN] [1785993985.600126940] [collision_monitor]: [scan]: Latest source and current collision monitor node timestamps differ on 424.687466 seconds. Ignoring the source.
[WARN] [1785993985.650215001] [collision_monitor]: [scan]: Latest source and current collision monitor node timestamps differ on 424.737553 seconds. Ignoring the source.
[WARN] [1785993985.700167877] [collision_monitor]: [scan]: Latest source and current collision monitor node timestamps differ on 424.787506 seconds. Ignoring the source.
[WARN] [1785993985.750336087] [collision_monitor]: [scan]: Latest source and current collision monitor node timestamps differ on 424.837672 seconds. Ignoring the source.
[WARN] [1785993985.800147592] [collision_monitor]: [scan]: Latest source and current collision monitor node timestamps differ on 424.887486 seconds. Ignoring the source.
[WARN] [1785993985.850197839] [collision_monitor]: [scan]: Latest source and current collision monitor node timestamps differ on 424.937537 seconds. Ignoring the source.
[WARN] [1785993985.900205844] [collision_monitor]: [scan]: Latest source and current collision monitor node timestamps differ on 424.987544 seconds. Ignoring the source.
[WARN] [1785993985.950359721] [collision_monitor]: [scan]: Latest source and current collision monitor node timestamps differ on 425.037696 seconds. Ignoring the source.
[WARN] [1785993986.000209152] [collision_monitor]: [scan]: Latest source and current collision monitor node timestamps differ on 425.087547 seconds. Ignoring the source.
[WARN] [1785993986.062124387] [collision_monitor]: [scan]: Latest source and current collision monitor node timestamps differ on 425.149460 seconds. Ignoring the source.
[WARN] [1785993986.100729148] [collision_monitor]: [scan]: Latest source and current collision monitor node timestamps differ on 425.188064 seconds. Ignoring the source.
[WARN] [1785993986.150364522] [collision_monitor]: [scan]: Latest source and current collision monitor node timestamps differ on 425.237700 seconds. Ignoring the source.
[WARN] [1785993986.200236934] [collision_monitor]: [scan]: Latest source and current collision monitor node timestamps differ on 425.287573 seconds. Ignoring the source.
[WARN] [1785993986.250267551] [collision_monitor]: [scan]: Latest source and current collision monitor node timestamps differ on 425.337604 seconds. Ignoring the source.
[WARN] [1785993986.300271816] [collision_monitor]: [scan]: Latest source and current collision monitor node timestamps differ on 425.387609 seconds. Ignoring the source.
[WARN] [1785993986.350308433] [collision_monitor]: [scan]: Latest source and current collision monitor node timestamps differ on 425.437642 seconds. Ignoring the source.
[WARN] [1785993986.400130641] [collision_monitor]: [scan]: Latest source and current collision monitor node timestamps differ on 425.487469 seconds. Ignoring the source.
[WARN] [1785993986.450468686] [collision_monitor]: [scan]: Latest source and current collision monitor node timestamps differ on 425.537801 seconds. Ignoring the source.
[WARN] [1785993986.500236264] [collision_monitor]: [scan]: Latest source and current collision monitor node timestamps differ on 425.587574 seconds. Ignoring the source.
[WARN] [1785993986.550203140] [collision_monitor]: [scan]: Latest source and current collision monitor node timestamps differ on 425.637541 seconds. Ignoring the source.
[WARN] [1785993986.600111571] [collision_monitor]: [scan]: Latest source and current collision monitor node timestamps differ on 425.687451 seconds. Ignoring the source.
[WARN] [1785993986.650160207] [collision_monitor]: [scan]: Latest source and current collision monitor node timestamps differ on 425.737498 seconds. Ignoring the source.
[WARN] [1785993986.700151175] [collision_monitor]: [scan]: Latest source and current collision monitor node timestamps differ on 425.787489 seconds. Ignoring the source.
[WARN] [1785993986.750175681] [collision_monitor]: [scan]: Latest source and current collision monitor node timestamps differ on 425.837514 seconds. Ignoring the source.
[WARN] [1785993986.800154353] [collision_monitor]: [scan]: Latest source and current collision monitor node timestamps differ on 425.887492 seconds. Ignoring the source.
[WARN] [1785993986.850155340] [collision_monitor]: [scan]: Latest source and current collision monitor node timestamps differ on 425.937494 seconds. Ignoring the source.
[WARN] [1785993986.900163439] [collision_monitor]: [scan]: Latest source and current collision monitor node timestamps differ on 425.987502 seconds. Ignoring the source.
[WARN] [1785993986.950170352] [collision_monitor]: [scan]: Latest source and current collision monitor node timestamps differ on 426.037509 seconds. Ignoring the source.
[WARN] [1785993987.000127542] [collision_monitor]: [scan]: Latest source and current collision monitor node timestamps differ on 426.087467 seconds. Ignoring the source.
[WARN] [1785993987.050158308] [collision_monitor]: [scan]: Latest source and current collision monitor node timestamps differ on 426.137496 seconds. Ignoring the source.
[WARN] [1785993987.100137239] [collision_monitor]: [scan]: Latest source and current collision monitor node timestamps differ on 426.187475 seconds. Ignoring the source.
[WARN] [1785993987.158308195] [collision_monitor]: [scan]: Latest source and current collision monitor node timestamps differ on 426.245643 seconds. Ignoring the source.
[WARN] [1785993987.200134213] [collision_monitor]: [scan]: Latest source and current collision monitor node timestamps differ on 426.287473 seconds. Ignoring the source.
[WARN] [1785993987.250201090] [collision_monitor]: [scan]: Latest source and current collision monitor node timestamps differ on 426.337540 seconds. Ignoring the source.
[WARN] [1785993987.300109817] [collision_monitor]: [scan]: Latest source and current collision monitor node timestamps differ on 426.387449 seconds. Ignoring the source.
[WARN] [1785993987.350217620] [collision_monitor]: [scan]: Latest source and current collision monitor node timestamps differ on 426.437556 seconds. Ignoring the source.
[WARN] [1785993987.400150384] [collision_monitor]: [scan]: Latest source and current collision monitor node timestamps differ on 426.487490 seconds. Ignoring the source.
[WARN] [1785993987.450175427] [collision_monitor]: [scan]: Latest source and current collision monitor node timestamps differ on 426.537514 seconds. Ignoring the source.
[WARN] [1785993987.500130525] [collision_monitor]: [scan]: Latest source and current collision monitor node timestamps differ on 426.587469 seconds. Ignoring the source.
[WARN] [1785993987.550214346] [collision_monitor]: [scan]: Latest source and current collision monitor node timestamps differ on 426.637553 seconds. Ignoring the source.
[WARN] [1785993987.600124184] [collision_monitor]: [scan]: Latest source and current collision monitor node timestamps differ on 426.687463 seconds. Ignoring the source.
[WARN] [1785993987.650182005] [collision_monitor]: [scan]: Latest source and current collision monitor node timestamps differ on 426.737521 seconds. Ignoring the source.
[WARN] [1785993987.700146270] [collision_monitor]: [scan]: Latest source and current collision monitor node timestamps differ on 426.787485 seconds. Ignoring the source.
[WARN] [1785993987.750194146] [collision_monitor]: [scan]: Latest source and current collision monitor node timestamps differ on 426.837532 seconds. Ignoring the source.
[WARN] [1785993987.800117077] [collision_monitor]: [scan]: Latest source and current collision monitor node timestamps differ on 426.887456 seconds. Ignoring the source.
[WARN] [1785993987.850207491] [collision_monitor]: [scan]: Latest source and current collision monitor node timestamps differ on 426.937546 seconds. Ignoring the source.
[WARN] [1785993987.900135515] [collision_monitor]: [scan]: Latest source and current collision monitor node timestamps differ on 426.987475 seconds. Ignoring the source.
[WARN] [1785993987.950202798] [collision_monitor]: [scan]: Latest source and current collision monitor node timestamps differ on 427.037541 seconds. Ignoring the source.
[WARN] [1785993988.000109267] [collision_monitor]: [scan]: Latest source and current collision monitor node timestamps differ on 427.087448 seconds. Ignoring the source.
[WARN] [1785993988.050188291] [collision_monitor]: [scan]: Latest source and current collision monitor node timestamps differ on 427.137527 seconds. Ignoring the source.
[WARN] [1785993988.100176426] [collision_monitor]: [scan]: Latest source and current collision monitor node timestamps differ on 427.187515 seconds. Ignoring the source.
[WARN] [1785993988.150263784] [collision_monitor]: [scan]: Latest source and current collision monitor node timestamps differ on 427.237600 seconds. Ignoring the source.
[WARN] [1785993988.200469495] [collision_monitor]: [scan]: Latest source and current collision monitor node timestamps differ on 427.287807 seconds. Ignoring the source.
[WARN] [1785993988.250188499] [collision_monitor]: [scan]: Latest source and current collision monitor node timestamps differ on 427.337528 seconds. Ignoring the source.
[WARN] [1785993988.300144134] [collision_monitor]: [scan]: Latest source and current collision monitor node timestamps differ on 427.387483 seconds. Ignoring the source.
[WARN] [1785993988.350210362] [collision_monitor]: [scan]: Latest source and current collision monitor node timestamps differ on 427.437548 seconds. Ignoring the source.
[WARN] [1785993988.400131460] [collision_monitor]: [scan]: Latest source and current collision monitor node timestamps differ on 427.487470 seconds. Ignoring the source.
[WARN] [1785993988.450155151] [collision_monitor]: [scan]: Latest source and current collision monitor node timestamps differ on 427.537493 seconds. Ignoring the source.
[WARN] [1785993988.500156897] [collision_monitor]: [scan]: Latest source and current collision monitor node timestamps differ on 427.587495 seconds. Ignoring the source.
[WARN] [1785993988.550162774] [collision_monitor]: [scan]: Latest source and current collision monitor node timestamps differ on 427.637502 seconds. Ignoring the source.
[WARN] [1785993988.600101983] [collision_monitor]: [scan]: Latest source and current collision monitor node timestamps differ on 427.687441 seconds. Ignoring the source.
[WARN] [1785993988.650210507] [collision_monitor]: [scan]: Latest source and current collision monitor node timestamps differ on 427.737549 seconds. Ignoring the source.
[WARN] [1785993988.700103346] [collision_monitor]: [scan]: Latest source and current collision monitor node timestamps differ on 427.787442 seconds. Ignoring the source.
[WARN] [1785993988.750277575] [collision_monitor]: [scan]: Latest source and current collision monitor node timestamps differ on 427.837615 seconds. Ignoring the source.
[WARN] [1785993988.800124431] [collision_monitor]: [scan]: Latest source and current collision monitor node timestamps differ on 427.887463 seconds. Ignoring the source.
[WARN] [1785993988.850216493] [collision_monitor]: [scan]: Latest source and current collision monitor node timestamps differ on 427.937555 seconds. Ignoring the source.
[WARN] [1785993988.900120239] [collision_monitor]: [scan]: Latest source and current collision monitor node timestamps differ on 427.987459 seconds. Ignoring the source.
[WARN] [1785993988.950203949] [collision_monitor]: [scan]: Latest source and current collision monitor node timestamps differ on 428.037541 seconds. Ignoring the source.
[WARN] [1785993989.000086898] [collision_monitor]: [scan]: Latest source and current collision monitor node timestamps differ on 428.087426 seconds. Ignoring the source.
[WARN] [1785993989.050189960] [collision_monitor]: [scan]: Latest source and current collision monitor node timestamps differ on 428.137529 seconds. Ignoring the source.
[WARN] [1785993989.100125410] [collision_monitor]: [scan]: Latest source and current collision monitor node timestamps differ on 428.187464 seconds. Ignoring the source.
[WARN] [1785993989.150199823] [collision_monitor]: [scan]: Latest source and current collision monitor node timestamps differ on 428.237538 seconds. Ignoring the source.
[WARN] [1785993989.200140106] [collision_monitor]: [scan]: Latest source and current collision monitor node timestamps differ on 428.287479 seconds. Ignoring the source.
[WARN] [1785993989.250192371] [collision_monitor]: [scan]: Latest source and current collision monitor node timestamps differ on 428.337531 seconds. Ignoring the source.
[WARN] [1785993989.305650073] [collision_monitor]: [scan]: Latest source and current collision monitor node timestamps differ on 428.392974 seconds. Ignoring the source.
[WARN] [1785993989.350185160] [collision_monitor]: [scan]: Latest source and current collision monitor node timestamps differ on 428.437524 seconds. Ignoring the source.
[WARN] [1785993989.400129870] [collision_monitor]: [scan]: Latest source and current collision monitor node timestamps differ on 428.487469 seconds. Ignoring the source.
[WARN] [1785993989.450215413] [collision_monitor]: [scan]: Latest source and current collision monitor node timestamps differ on 428.537554 seconds. Ignoring the source.
[WARN] [1785993989.500149362] [collision_monitor]: [scan]: Latest source and current collision monitor node timestamps differ on 428.587488 seconds. Ignoring the source.
[WARN] [1785993989.550176461] [collision_monitor]: [scan]: Latest source and current collision monitor node timestamps differ on 428.637515 seconds. Ignoring the source.
[WARN] [1785993989.600133114] [collision_monitor]: [scan]: Latest source and current collision monitor node timestamps differ on 428.687472 seconds. Ignoring the source.
[WARN] [1785993989.650189713] [collision_monitor]: [scan]: Latest source and current collision monitor node timestamps differ on 428.737529 seconds. Ignoring the source.
[WARN] [1785993989.700185182] [collision_monitor]: [scan]: Latest source and current collision monitor node timestamps differ on 428.787524 seconds. Ignoring the source.
[WARN] [1785993989.750403688] [collision_monitor]: [scan]: Latest source and current collision monitor node timestamps differ on 428.837741 seconds. Ignoring the source.
[WARN] [1785993989.800099026] [collision_monitor]: [scan]: Latest source and current collision monitor node timestamps differ on 428.887438 seconds. Ignoring the source.
[WARN] [1785993989.850207032] [collision_monitor]: [scan]: Latest source and current collision monitor node timestamps differ on 428.937546 seconds. Ignoring the source.
[WARN] [1785993989.900231019] [collision_monitor]: [scan]: Latest source and current collision monitor node timestamps differ on 428.987569 seconds. Ignoring the source.
[WARN] [1785993989.950186080] [collision_monitor]: [scan]: Latest source and current collision monitor node timestamps differ on 429.037525 seconds. Ignoring the source.
[WARN] [1785993990.000139493] [collision_monitor]: [scan]: Latest source and current collision monitor node timestamps differ on 429.087478 seconds. Ignoring the source.
[WARN] [1785993990.050189129] [collision_monitor]: [scan]: Latest source and current collision monitor node timestamps differ on 429.137528 seconds. Ignoring the source.
[WARN] [1785993990.100109152] [collision_monitor]: [scan]: Latest source and current collision monitor node timestamps differ on 429.187448 seconds. Ignoring the source.
[WARN] [1785993990.150247122] [collision_monitor]: [scan]: Latest source and current collision monitor node timestamps differ on 429.237585 seconds. Ignoring the source.
[WARN] [1785993990.200098719] [collision_monitor]: [scan]: Latest source and current collision monitor node timestamps differ on 429.287437 seconds. Ignoring the source.
[WARN] [1785993990.250188262] [collision_monitor]: [scan]: Latest source and current collision monitor node timestamps differ on 429.337527 seconds. Ignoring the source.
[WARN] [1785993990.300172860] [collision_monitor]: [scan]: Latest source and current collision monitor node timestamps differ on 429.387511 seconds. Ignoring the source.
[WARN] [1785993990.350229237] [collision_monitor]: [scan]: Latest source and current collision monitor node timestamps differ on 429.437568 seconds. Ignoring the source.
[WARN] [1785993990.400131649] [collision_monitor]: [scan]: Latest source and current collision monitor node timestamps differ on 429.487471 seconds. Ignoring the source.
[WARN] [1785993990.450177822] [collision_monitor]: [scan]: Latest source and current collision monitor node timestamps differ on 429.537517 seconds. Ignoring the source.
[WARN] [1785993990.500142531] [collision_monitor]: [scan]: Latest source and current collision monitor node timestamps differ on 429.587481 seconds. Ignoring the source.
[WARN] [1785993990.550180241] [collision_monitor]: [scan]: Latest source and current collision monitor node timestamps differ on 429.637519 seconds. Ignoring the source.
[WARN] [1785993990.600111783] [collision_monitor]: [scan]: Latest source and current collision monitor node timestamps differ on 429.687451 seconds. Ignoring the source.
[WARN] [1785993990.650248123] [collision_monitor]: [scan]: Latest source and current collision monitor node timestamps differ on 429.737587 seconds. Ignoring the source.
[WARN] [1785994014.850208916] [collision_monitor]: [scan]: Latest source and current collision monitor node timestamps differ on 453.937548 seconds. Ignoring the source.
[WARN] [1785994014.900194181] [collision_monitor]: [scan]: Latest source and current collision monitor node timestamps differ on 453.987533 seconds. Ignoring the source.
[WARN] [1785994014.950182816] [collision_monitor]: [scan]: Latest source and current collision monitor node timestamps differ on 454.037522 seconds. Ignoring the source.
[WARN] [1785994015.000195877] [collision_monitor]: [scan]: Latest source and current collision monitor node timestamps differ on 454.087534 seconds. Ignoring the source.
[WARN] [1785994015.050195179] [collision_monitor]: [scan]: Latest source and current collision monitor node timestamps differ on 454.137534 seconds. Ignoring the source.
[WARN] [1785994015.100235593] [collision_monitor]: [scan]: Latest source and current collision monitor node timestamps differ on 454.187574 seconds. Ignoring the source.
[WARN] [1785994015.150223431] [collision_monitor]: [scan]: Latest source and current collision monitor node timestamps differ on 454.237562 seconds. Ignoring the source.
[WARN] [1785994015.200234456] [collision_monitor]: [scan]: Latest source and current collision monitor node timestamps differ on 454.287573 seconds. Ignoring the source.
[WARN] [1785994015.250256813] [collision_monitor]: [scan]: Latest source and current collision monitor node timestamps differ on 454.337595 seconds. Ignoring the source.
[WARN] [1785994015.300250504] [collision_monitor]: [scan]: Latest source and current collision monitor node timestamps differ on 454.387590 seconds. Ignoring the source.
[WARN] [1785994015.350214399] [collision_monitor]: [scan]: Latest source and current collision monitor node timestamps differ on 454.437553 seconds. Ignoring the source.
[WARN] [1785994015.400257645] [collision_monitor]: [scan]: Latest source and current collision monitor node timestamps differ on 454.487596 seconds. Ignoring the source.
[WARN] [1785994015.450226373] [collision_monitor]: [scan]: Latest source and current collision monitor node timestamps differ on 454.537565 seconds. Ignoring the source.
[WARN] [1785994015.500265323] [collision_monitor]: [scan]: Latest source and current collision monitor node timestamps differ on 454.587604 seconds. Ignoring the source.
[WARN] [1785994015.550189254] [collision_monitor]: [scan]: Latest source and current collision monitor node timestamps differ on 454.637527 seconds. Ignoring the source.
[WARN] [1785994015.600210001] [collision_monitor]: [scan]: Latest source and current collision monitor node timestamps differ on 454.687548 seconds. Ignoring the source.
[WARN] [1785994015.650214988] [collision_monitor]: [scan]: Latest source and current collision monitor node timestamps differ on 454.737554 seconds. Ignoring the source.
[WARN] [1785994015.700314105] [collision_monitor]: [scan]: Latest source and current collision monitor node timestamps differ on 454.787651 seconds. Ignoring the source.
[WARN] [1785994015.750331963] [collision_monitor]: [scan]: Latest source and current collision monitor node timestamps differ on 454.837667 seconds. Ignoring the source.
[WARN] [1785994015.801969551] [collision_monitor]: [scan]: Latest source and current collision monitor node timestamps differ on 454.889303 seconds. Ignoring the source.
[WARN] [1785994015.854190124] [collision_monitor]: [scan]: Latest source and current collision monitor node timestamps differ on 454.941528 seconds. Ignoring the source.
[WARN] [1785994015.900861409] [collision_monitor]: [scan]: Latest source and current collision monitor node timestamps differ on 454.988200 seconds. Ignoring the source.
[WARN] [1785994015.950325504] [collision_monitor]: [scan]: Latest source and current collision monitor node timestamps differ on 455.037663 seconds. Ignoring the source.
[WARN] [1785994016.000929846] [collision_monitor]: [scan]: Latest source and current collision monitor node timestamps differ on 455.088268 seconds. Ignoring the source.
[WARN] [1785994016.050282108] [collision_monitor]: [scan]: Latest source and current collision monitor node timestamps differ on 455.137619 seconds. Ignoring the source.
[WARN] [1785994016.100366947] [collision_monitor]: [scan]: Latest source and current collision monitor node timestamps differ on 455.187703 seconds. Ignoring the source.
[WARN] [1785994016.150327786] [collision_monitor]: [scan]: Latest source and current collision monitor node timestamps differ on 455.237665 seconds. Ignoring the source.
[WARN] [1785994016.202873064] [collision_monitor]: [scan]: Latest source and current collision monitor node timestamps differ on 455.290211 seconds. Ignoring the source.
[WARN] [1785994016.250271538] [collision_monitor]: [scan]: Latest source and current collision monitor node timestamps differ on 455.337610 seconds. Ignoring the source.
[WARN] [1785994016.300397285] [collision_monitor]: [scan]: Latest source and current collision monitor node timestamps differ on 455.387734 seconds. Ignoring the source.
[WARN] [1785994016.350198623] [collision_monitor]: [scan]: Latest source and current collision monitor node timestamps differ on 455.437538 seconds. Ignoring the source.
[WARN] [1785994016.400191499] [collision_monitor]: [scan]: Latest source and current collision monitor node timestamps differ on 455.487530 seconds. Ignoring the source.
[WARN] [1785994016.450447339] [collision_monitor]: [scan]: Latest source and current collision monitor node timestamps differ on 455.537783 seconds. Ignoring the source.
[WARN] [1785994016.500563012] [collision_monitor]: [scan]: Latest source and current collision monitor node timestamps differ on 455.587902 seconds. Ignoring the source.
[WARN] [1785994016.550177553] [collision_monitor]: [scan]: Latest source and current collision monitor node timestamps differ on 455.637517 seconds. Ignoring the source.
[WARN] [1785994016.600157632] [collision_monitor]: [scan]: Latest source and current collision monitor node timestamps differ on 455.687491 seconds. Ignoring the source.
[WARN] [1785994016.650204971] [collision_monitor]: [scan]: Latest source and current collision monitor node timestamps differ on 455.737543 seconds. Ignoring the source.
[WARN] [1785994016.700263552] [collision_monitor]: [scan]: Latest source and current collision monitor node timestamps differ on 455.787602 seconds. Ignoring the source.
[WARN] [1785994016.750240983] [collision_monitor]: [scan]: Latest source and current collision monitor node timestamps differ on 455.837580 seconds. Ignoring the source.
[WARN] [1785994016.800315674] [collision_monitor]: [scan]: Latest source and current collision monitor node timestamps differ on 455.887654 seconds. Ignoring the source.
[WARN] [1785994016.850228846] [collision_monitor]: [scan]: Latest source and current collision monitor node timestamps differ on 455.937568 seconds. Ignoring the source.
[WARN] [1785994016.911547949] [collision_monitor]: [scan]: Latest source and current collision monitor node timestamps differ on 455.998868 seconds. Ignoring the source.
[WARN] [1785994016.950205154] [collision_monitor]: [scan]: Latest source and current collision monitor node timestamps differ on 456.037544 seconds. Ignoring the source.
[WARN] [1785994017.000308512] [collision_monitor]: [scan]: Latest source and current collision monitor node timestamps differ on 456.087647 seconds. Ignoring the source.
[WARN] [1785994017.050195072] [collision_monitor]: [scan]: Latest source and current collision monitor node timestamps differ on 456.137534 seconds. Ignoring the source.
[WARN] [1785994017.100196059] [collision_monitor]: [scan]: Latest source and current collision monitor node timestamps differ on 456.187534 seconds. Ignoring the source.
[WARN] [1785994017.150209732] [collision_monitor]: [scan]: Latest source and current collision monitor node timestamps differ on 456.237548 seconds. Ignoring the source.
[WARN] [1785994017.200237997] [collision_monitor]: [scan]: Latest source and current collision monitor node timestamps differ on 456.287575 seconds. Ignoring the source.
[WARN] [1785994017.250209873] [collision_monitor]: [scan]: Latest source and current collision monitor node timestamps differ on 456.337549 seconds. Ignoring the source.
[WARN] [1785994017.300260156] [collision_monitor]: [scan]: Latest source and current collision monitor node timestamps differ on 456.387597 seconds. Ignoring the source.
[WARN] [1785994017.350254458] [collision_monitor]: [scan]: Latest source and current collision monitor node timestamps differ on 456.437593 seconds. Ignoring the source.
[WARN] [1785994017.400287205] [collision_monitor]: [scan]: Latest source and current collision monitor node timestamps differ on 456.487625 seconds. Ignoring the source.
[WARN] [1785994017.450205451] [collision_monitor]: [scan]: Latest source and current collision monitor node timestamps differ on 456.537544 seconds. Ignoring the source.
[WARN] [1785994017.500224957] [collision_monitor]: [scan]: Latest source and current collision monitor node timestamps differ on 456.587561 seconds. Ignoring the source.
[WARN] [1785994017.550235018] [collision_monitor]: [scan]: Latest source and current collision monitor node timestamps differ on 456.637573 seconds. Ignoring the source.
[WARN] [1785994017.600252283] [collision_monitor]: [scan]: Latest source and current collision monitor node timestamps differ on 456.687589 seconds. Ignoring the source.
[WARN] [1785994017.650182418] [collision_monitor]: [scan]: Latest source and current collision monitor node timestamps differ on 456.737521 seconds. Ignoring the source.
[WARN] [1785994017.700235516] [collision_monitor]: [scan]: Latest source and current collision monitor node timestamps differ on 456.787573 seconds. Ignoring the source.
[WARN] [1785994017.750229985] [collision_monitor]: [scan]: Latest source and current collision monitor node timestamps differ on 456.837569 seconds. Ignoring the source.
[WARN] [1785994017.800557178] [collision_monitor]: [scan]: Latest source and current collision monitor node timestamps differ on 456.887896 seconds. Ignoring the source.
[WARN] [1785994017.850233459] [collision_monitor]: [scan]: Latest source and current collision monitor node timestamps differ on 456.937572 seconds. Ignoring the source.
[WARN] [1785994017.900245780] [collision_monitor]: [scan]: Latest source and current collision monitor node timestamps differ on 456.987584 seconds. Ignoring the source.
[WARN] [1785994017.950237508] [collision_monitor]: [scan]: Latest source and current collision monitor node timestamps differ on 457.037576 seconds. Ignoring the source.
[WARN] [1785994018.012912821] [collision_monitor]: [scan]: Latest source and current collision monitor node timestamps differ on 457.100249 seconds. Ignoring the source.
[WARN] [1785994018.050197259] [collision_monitor]: [scan]: Latest source and current collision monitor node timestamps differ on 457.137536 seconds. Ignoring the source.
[WARN] [1785994018.100760361] [collision_monitor]: [scan]: Latest source and current collision monitor node timestamps differ on 457.188097 seconds. Ignoring the source.
[WARN] [1785994018.150229252] [collision_monitor]: [scan]: Latest source and current collision monitor node timestamps differ on 457.237568 seconds. Ignoring the source.
[WARN] [1785994018.200234480] [collision_monitor]: [scan]: Latest source and current collision monitor node timestamps differ on 457.287569 seconds. Ignoring the source.
[WARN] [1785994018.250237727] [collision_monitor]: [scan]: Latest source and current collision monitor node timestamps differ on 457.337577 seconds. Ignoring the source.
[WARN] [1785994018.300213492] [collision_monitor]: [scan]: Latest source and current collision monitor node timestamps differ on 457.387552 seconds. Ignoring the source.
[WARN] [1785994018.350195201] [collision_monitor]: [scan]: Latest source and current collision monitor node timestamps differ on 457.437534 seconds. Ignoring the source.
[WARN] [1785994018.400292651] [collision_monitor]: [scan]: Latest source and current collision monitor node timestamps differ on 457.487631 seconds. Ignoring the source.
[WARN] [1785994018.450202990] [collision_monitor]: [scan]: Latest source and current collision monitor node timestamps differ on 457.537542 seconds. Ignoring the source.
[WARN] [1785994018.500265681] [collision_monitor]: [scan]: Latest source and current collision monitor node timestamps differ on 457.587604 seconds. Ignoring the source.
[WARN] [1785994018.550178686] [collision_monitor]: [scan]: Latest source and current collision monitor node timestamps differ on 457.637517 seconds. Ignoring the source.
[WARN] [1785994018.600181562] [collision_monitor]: [scan]: Latest source and current collision monitor node timestamps differ on 457.687520 seconds. Ignoring the source.
[WARN] [1785994018.650201494] [collision_monitor]: [scan]: Latest source and current collision monitor node timestamps differ on 457.737540 seconds. Ignoring the source.
[WARN] [1785994018.700233926] [collision_monitor]: [scan]: Latest source and current collision monitor node timestamps differ on 457.787572 seconds. Ignoring the source.
[WARN] [1785994018.750237561] [collision_monitor]: [scan]: Latest source and current collision monitor node timestamps differ on 457.837576 seconds. Ignoring the source.
[WARN] [1785994018.800252067] [collision_monitor]: [scan]: Latest source and current collision monitor node timestamps differ on 457.887591 seconds. Ignoring the source.
[WARN] [1785994018.850170979] [collision_monitor]: [scan]: Latest source and current collision monitor node timestamps differ on 457.937509 seconds. Ignoring the source.
[WARN] [1785994018.900212874] [collision_monitor]: [scan]: Latest source and current collision monitor node timestamps differ on 457.987549 seconds. Ignoring the source.
[WARN] [1785994018.950216306] [collision_monitor]: [scan]: Latest source and current collision monitor node timestamps differ on 458.037555 seconds. Ignoring the source.
[WARN] [1785994019.000272182] [collision_monitor]: [scan]: Latest source and current collision monitor node timestamps differ on 458.087611 seconds. Ignoring the source.
[WARN] [1785994019.066585756] [collision_monitor]: [scan]: Latest source and current collision monitor node timestamps differ on 458.153906 seconds. Ignoring the source.
[WARN] [1785994019.100912456] [collision_monitor]: [scan]: Latest source and current collision monitor node timestamps differ on 458.188249 seconds. Ignoring the source.
[WARN] [1785994019.150224680] [collision_monitor]: [scan]: Latest source and current collision monitor node timestamps differ on 458.237563 seconds. Ignoring the source.
[WARN] [1785994019.200270390] [collision_monitor]: [scan]: Latest source and current collision monitor node timestamps differ on 458.287605 seconds. Ignoring the source.
[WARN] [1785994019.250213803] [collision_monitor]: [scan]: Latest source and current collision monitor node timestamps differ on 458.337552 seconds. Ignoring the source.
[WARN] [1785994019.300197512] [collision_monitor]: [scan]: Latest source and current collision monitor node timestamps differ on 458.387536 seconds. Ignoring the source.
[WARN] [1785994019.350215573] [collision_monitor]: [scan]: Latest source and current collision monitor node timestamps differ on 458.437554 seconds. Ignoring the source.
[WARN] [1785994019.400332413] [collision_monitor]: [scan]: Latest source and current collision monitor node timestamps differ on 458.487671 seconds. Ignoring the source.
[WARN] [1785994019.450180973] [collision_monitor]: [scan]: Latest source and current collision monitor node timestamps differ on 458.537519 seconds. Ignoring the source.
[WARN] [1785994019.500238942] [collision_monitor]: [scan]: Latest source and current collision monitor node timestamps differ on 458.587577 seconds. Ignoring the source.
[WARN] [1785994019.550177188] [collision_monitor]: [scan]: Latest source and current collision monitor node timestamps differ on 458.637516 seconds. Ignoring the source.
[WARN] [1785994019.600255343] [collision_monitor]: [scan]: Latest source and current collision monitor node timestamps differ on 458.687594 seconds. Ignoring the source.
[WARN] [1785994019.650209348] [collision_monitor]: [scan]: Latest source and current collision monitor node timestamps differ on 458.737548 seconds. Ignoring the source.
[WARN] [1785994019.700225391] [collision_monitor]: [scan]: Latest source and current collision monitor node timestamps differ on 458.787564 seconds. Ignoring the source.
[WARN] [1785994019.750221322] [collision_monitor]: [scan]: Latest source and current collision monitor node timestamps differ on 458.837560 seconds. Ignoring the source.
[WARN] [1785994019.800226106] [collision_monitor]: [scan]: Latest source and current collision monitor node timestamps differ on 458.887563 seconds. Ignoring the source.
[WARN] [1785994019.850241223] [collision_monitor]: [scan]: Latest source and current collision monitor node timestamps differ on 458.937580 seconds. Ignoring the source.
[WARN] [1785994019.900251284] [collision_monitor]: [scan]: Latest source and current collision monitor node timestamps differ on 458.987586 seconds. Ignoring the source.
[WARN] [1785994019.950222178] [collision_monitor]: [scan]: Latest source and current collision monitor node timestamps differ on 459.037561 seconds. Ignoring the source.
[WARN] [1785994020.000199850] [collision_monitor]: [scan]: Latest source and current collision monitor node timestamps differ on 459.087537 seconds. Ignoring the source.
[WARN] [1785994020.050174930] [collision_monitor]: [scan]: Latest source and current collision monitor node timestamps differ on 459.137513 seconds. Ignoring the source.
[WARN] [1785994020.100209899] [collision_monitor]: [scan]: Latest source and current collision monitor node timestamps differ on 459.187547 seconds. Ignoring the source.
[WARN] [1785994020.151392448] [collision_monitor]: [scan]: Latest source and current collision monitor node timestamps differ on 459.238726 seconds. Ignoring the source.
[WARN] [1785994020.200230984] [collision_monitor]: [scan]: Latest source and current collision monitor node timestamps differ on 459.287568 seconds. Ignoring the source.
[WARN] [1785994020.250224823] [collision_monitor]: [scan]: Latest source and current collision monitor node timestamps differ on 459.337564 seconds. Ignoring the source.
[WARN] [1785994020.300218236] [collision_monitor]: [scan]: Latest source and current collision monitor node timestamps differ on 459.387557 seconds. Ignoring the source.
[WARN] [1785994020.350248557] [collision_monitor]: [scan]: Latest source and current collision monitor node timestamps differ on 459.437587 seconds. Ignoring the source.
[WARN] [1785994020.400193766] [collision_monitor]: [scan]: Latest source and current collision monitor node timestamps differ on 459.487532 seconds. Ignoring the source.
[WARN] [1785994020.450199420] [collision_monitor]: [scan]: Latest source and current collision monitor node timestamps differ on 459.537538 seconds. Ignoring the source.
[WARN] [1785994020.500219092] [collision_monitor]: [scan]: Latest source and current collision monitor node timestamps differ on 459.587557 seconds. Ignoring the source.
[WARN] [1785994020.550230042] [collision_monitor]: [scan]: Latest source and current collision monitor node timestamps differ on 459.637568 seconds. Ignoring the source.
[WARN] [1785994020.600182659] [collision_monitor]: [scan]: Latest source and current collision monitor node timestamps differ on 459.687518 seconds. Ignoring the source.
[WARN] [1785994020.650261184] [collision_monitor]: [scan]: Latest source and current collision monitor node timestamps differ on 459.737599 seconds. Ignoring the source.
[WARN] [1785994020.700234948] [collision_monitor]: [scan]: Latest source and current collision monitor node timestamps differ on 459.787573 seconds. Ignoring the source.
[WARN] [1785994020.750226380] [collision_monitor]: [scan]: Latest source and current collision monitor node timestamps differ on 459.837565 seconds. Ignoring the source.
[WARN] [1785994020.800784500] [collision_monitor]: [scan]: Latest source and current collision monitor node timestamps differ on 459.888119 seconds. Ignoring the source.
[WARN] [1785994020.850226317] [collision_monitor]: [scan]: Latest source and current collision monitor node timestamps differ on 459.937565 seconds. Ignoring the source.
[WARN] [1785994020.900133785] [collision_monitor]: [scan]: Latest source and current collision monitor node timestamps differ on 459.987473 seconds. Ignoring the source.
[WARN] [1785994020.950204717] [collision_monitor]: [scan]: Latest source and current collision monitor node timestamps differ on 460.037543 seconds. Ignoring the source.
[WARN] [1785994021.000139852] [collision_monitor]: [scan]: Latest source and current collision monitor node timestamps differ on 460.087478 seconds. Ignoring the source.
[WARN] [1785994021.050188191] [collision_monitor]: [scan]: Latest source and current collision monitor node timestamps differ on 460.137527 seconds. Ignoring the source.
[WARN] [1785994021.100102623] [collision_monitor]: [scan]: Latest source and current collision monitor node timestamps differ on 460.187442 seconds. Ignoring the source.
[WARN] [1785994021.150252499] [collision_monitor]: [scan]: Latest source and current collision monitor node timestamps differ on 460.237585 seconds. Ignoring the source.
[WARN] [1785994021.208238788] [collision_monitor]: [scan]: Latest source and current collision monitor node timestamps differ on 460.295558 seconds. Ignoring the source.
[WARN] [1785994021.250209066] [collision_monitor]: [scan]: Latest source and current collision monitor node timestamps differ on 460.337548 seconds. Ignoring the source.
[WARN] [1785994021.300084738] [collision_monitor]: [scan]: Latest source and current collision monitor node timestamps differ on 460.387424 seconds. Ignoring the source.
[WARN] [1785994021.350215614] [collision_monitor]: [scan]: Latest source and current collision monitor node timestamps differ on 460.437555 seconds. Ignoring the source.
[WARN] [1785994021.400139009] [collision_monitor]: [scan]: Latest source and current collision monitor node timestamps differ on 460.487477 seconds. Ignoring the source.
[WARN] [1785994021.450237163] [collision_monitor]: [scan]: Latest source and current collision monitor node timestamps differ on 460.537576 seconds. Ignoring the source.
[WARN] [1785994021.500107594] [collision_monitor]: [scan]: Latest source and current collision monitor node timestamps differ on 460.587446 seconds. Ignoring the source.
[WARN] [1785994021.550195081] [collision_monitor]: [scan]: Latest source and current collision monitor node timestamps differ on 460.637534 seconds. Ignoring the source.
[WARN] [1785994021.600130290] [collision_monitor]: [scan]: Latest source and current collision monitor node timestamps differ on 460.687469 seconds. Ignoring the source.
[WARN] [1785994021.650216259] [collision_monitor]: [scan]: Latest source and current collision monitor node timestamps differ on 460.737555 seconds. Ignoring the source.
[WARN] [1785994021.700199728] [collision_monitor]: [scan]: Latest source and current collision monitor node timestamps differ on 460.787538 seconds. Ignoring the source.
[WARN] [1785994021.750346383] [collision_monitor]: [scan]: Latest source and current collision monitor node timestamps differ on 460.837681 seconds. Ignoring the source.
[WARN] [1785994021.800106331] [collision_monitor]: [scan]: Latest source and current collision monitor node timestamps differ on 460.887446 seconds. Ignoring the source.
[WARN] [1785994021.850209097] [collision_monitor]: [scan]: Latest source and current collision monitor node timestamps differ on 460.937548 seconds. Ignoring the source.
[WARN] [1785994021.900148843] [collision_monitor]: [scan]: Latest source and current collision monitor node timestamps differ on 460.987488 seconds. Ignoring the source.
[WARN] [1785994021.950408350] [collision_monitor]: [scan]: Latest source and current collision monitor node timestamps differ on 461.037745 seconds. Ignoring the source.
[WARN] [1785994022.000195317] [collision_monitor]: [scan]: Latest source and current collision monitor node timestamps differ on 461.087534 seconds. Ignoring the source.
[WARN] [1785994022.050446491] [collision_monitor]: [scan]: Latest source and current collision monitor node timestamps differ on 461.137779 seconds. Ignoring the source.
[WARN] [1785994022.100885999] [collision_monitor]: [scan]: Latest source and current collision monitor node timestamps differ on 461.188225 seconds. Ignoring the source.
[WARN] [1785994022.150289465] [collision_monitor]: [scan]: Latest source and current collision monitor node timestamps differ on 461.237627 seconds. Ignoring the source.
[WARN] [1785994022.200598787] [collision_monitor]: [scan]: Latest source and current collision monitor node timestamps differ on 461.287767 seconds. Ignoring the source.
[WARN] [1785994022.250610144] [collision_monitor]: [scan]: Latest source and current collision monitor node timestamps differ on 461.337945 seconds. Ignoring the source.
[WARN] [1785994022.302713365] [collision_monitor]: [scan]: Latest source and current collision monitor node timestamps differ on 461.390049 seconds. Ignoring the source.
[WARN] [1785994022.350309654] [collision_monitor]: [scan]: Latest source and current collision monitor node timestamps differ on 461.437647 seconds. Ignoring the source.
[WARN] [1785994022.400163529] [collision_monitor]: [scan]: Latest source and current collision monitor node timestamps differ on 461.487502 seconds. Ignoring the source.
[WARN] [1785994022.450204609] [collision_monitor]: [scan]: Latest source and current collision monitor node timestamps differ on 461.537543 seconds. Ignoring the source.
[WARN] [1785994022.500262911] [collision_monitor]: [scan]: Latest source and current collision monitor node timestamps differ on 461.587601 seconds. Ignoring the source.
[WARN] [1785994022.550230509] [collision_monitor]: [scan]: Latest source and current collision monitor node timestamps differ on 461.637569 seconds. Ignoring the source.
[WARN] [1785994022.600148441] [collision_monitor]: [scan]: Latest source and current collision monitor node timestamps differ on 461.687487 seconds. Ignoring the source.
[WARN] [1785994022.650207465] [collision_monitor]: [scan]: Latest source and current collision monitor node timestamps differ on 461.737547 seconds. Ignoring the source.
[WARN] [1785994022.700108359] [collision_monitor]: [scan]: Latest source and current collision monitor node timestamps differ on 461.787447 seconds. Ignoring the source.
[WARN] [1785994022.750220514] [collision_monitor]: [scan]: Latest source and current collision monitor node timestamps differ on 461.837559 seconds. Ignoring the source.
[WARN] [1785994022.800126408] [collision_monitor]: [scan]: Latest source and current collision monitor node timestamps differ on 461.887466 seconds. Ignoring the source.
[WARN] [1785994022.850204080] [collision_monitor]: [scan]: Latest source and current collision monitor node timestamps differ on 461.937542 seconds. Ignoring the source.
[WARN] [1785994022.900132030] [collision_monitor]: [scan]: Latest source and current collision monitor node timestamps differ on 461.987471 seconds. Ignoring the source.
[WARN] [1785994022.950223444] [collision_monitor]: [scan]: Latest source and current collision monitor node timestamps differ on 462.037562 seconds. Ignoring the source.
[WARN] [1785994023.000152856] [collision_monitor]: [scan]: Latest source and current collision monitor node timestamps differ on 462.087492 seconds. Ignoring the source.
[WARN] [1785994023.050185344] [collision_monitor]: [scan]: Latest source and current collision monitor node timestamps differ on 462.137524 seconds. Ignoring the source.
[WARN] [1785994023.100126497] [collision_monitor]: [scan]: Latest source and current collision monitor node timestamps differ on 462.187465 seconds. Ignoring the source.
[WARN] [1785994023.150202911] [collision_monitor]: [scan]: Latest source and current collision monitor node timestamps differ on 462.237542 seconds. Ignoring the source.
[WARN] [1785994023.200108360] [collision_monitor]: [scan]: Latest source and current collision monitor node timestamps differ on 462.287447 seconds. Ignoring the source.
[WARN] [1785994023.250204126] [collision_monitor]: [scan]: Latest source and current collision monitor node timestamps differ on 462.337542 seconds. Ignoring the source.
[WARN] [1785994023.300099390] [collision_monitor]: [scan]: Latest source and current collision monitor node timestamps differ on 462.387438 seconds. Ignoring the source.
[WARN] [1785994023.358427551] [collision_monitor]: [scan]: Latest source and current collision monitor node timestamps differ on 462.445758 seconds. Ignoring the source.
[WARN] [1785994023.400135087] [collision_monitor]: [scan]: Latest source and current collision monitor node timestamps differ on 462.487474 seconds. Ignoring the source.
[WARN] [1785994023.450215370] [collision_monitor]: [scan]: Latest source and current collision monitor node timestamps differ on 462.537554 seconds. Ignoring the source.
[WARN] [1785994023.500115468] [collision_monitor]: [scan]: Latest source and current collision monitor node timestamps differ on 462.587454 seconds. Ignoring the source.
[WARN] [1785994023.550197048] [collision_monitor]: [scan]: Latest source and current collision monitor node timestamps differ on 462.637536 seconds. Ignoring the source.
[WARN] [1785994023.600184998] [collision_monitor]: [scan]: Latest source and current collision monitor node timestamps differ on 462.687524 seconds. Ignoring the source.
[WARN] [1785994023.650241023] [collision_monitor]: [scan]: Latest source and current collision monitor node timestamps differ on 462.737580 seconds. Ignoring the source.
[WARN] [1785994023.700135046] [collision_monitor]: [scan]: Latest source and current collision monitor node timestamps differ on 462.787474 seconds. Ignoring the source.
[WARN] [1785994023.750219460] [collision_monitor]: [scan]: Latest source and current collision monitor node timestamps differ on 462.837558 seconds. Ignoring the source.
[WARN] [1785994023.800185077] [collision_monitor]: [scan]: Latest source and current collision monitor node timestamps differ on 462.887524 seconds. Ignoring the source.
[WARN] [1785994023.850208823] [collision_monitor]: [scan]: Latest source and current collision monitor node timestamps differ on 462.937548 seconds. Ignoring the source.
[WARN] [1785994023.900104143] [collision_monitor]: [scan]: Latest source and current collision monitor node timestamps differ on 462.987443 seconds. Ignoring the source.
[WARN] [1785994023.950212371] [collision_monitor]: [scan]: Latest source and current collision monitor node timestamps differ on 463.037551 seconds. Ignoring the source.
[WARN] [1785994024.000147618] [collision_monitor]: [scan]: Latest source and current collision monitor node timestamps differ on 463.087486 seconds. Ignoring the source.
[WARN] [1785994024.050202531] [collision_monitor]: [scan]: Latest source and current collision monitor node timestamps differ on 463.137541 seconds. Ignoring the source.
[WARN] [1785994024.100212666] [collision_monitor]: [scan]: Latest source and current collision monitor node timestamps differ on 463.187551 seconds. Ignoring the source.
[WARN] [1785994024.150238839] [collision_monitor]: [scan]: Latest source and current collision monitor node timestamps differ on 463.237577 seconds. Ignoring the source.
[WARN] [1785994024.200092955] [collision_monitor]: [scan]: Latest source and current collision monitor node timestamps differ on 463.287432 seconds. Ignoring the source.
[WARN] [1785994024.250240128] [collision_monitor]: [scan]: Latest source and current collision monitor node timestamps differ on 463.337579 seconds. Ignoring the source.
[WARN] [1785994024.300145300] [collision_monitor]: [scan]: Latest source and current collision monitor node timestamps differ on 463.387484 seconds. Ignoring the source.
[WARN] [1785994024.350271676] [collision_monitor]: [scan]: Latest source and current collision monitor node timestamps differ on 463.437610 seconds. Ignoring the source.
[WARN] [1785994024.400169830] [collision_monitor]: [scan]: Latest source and current collision monitor node timestamps differ on 463.487508 seconds. Ignoring the source.
[WARN] [1785994024.452307513] [collision_monitor]: [scan]: Latest source and current collision monitor node timestamps differ on 463.539644 seconds. Ignoring the source.
[WARN] [1785994024.500137285] [collision_monitor]: [scan]: Latest source and current collision monitor node timestamps differ on 463.587476 seconds. Ignoring the source.
[WARN] [1785994024.550234828] [collision_monitor]: [scan]: Latest source and current collision monitor node timestamps differ on 463.637573 seconds. Ignoring the source.
[WARN] [1785994024.600112556] [collision_monitor]: [scan]: Latest source and current collision monitor node timestamps differ on 463.687452 seconds. Ignoring the source.
[WARN] [1785994024.650198932] [collision_monitor]: [scan]: Latest source and current collision monitor node timestamps differ on 463.737537 seconds. Ignoring the source.
[WARN] [1785994024.700128863] [collision_monitor]: [scan]: Latest source and current collision monitor node timestamps differ on 463.787467 seconds. Ignoring the source.
[WARN] [1785994024.750274055] [collision_monitor]: [scan]: Latest source and current collision monitor node timestamps differ on 463.837612 seconds. Ignoring the source.
[WARN] [1785994024.800142615] [collision_monitor]: [scan]: Latest source and current collision monitor node timestamps differ on 463.887481 seconds. Ignoring the source.
[WARN] [1785994024.850240659] [collision_monitor]: [scan]: Latest source and current collision monitor node timestamps differ on 463.937579 seconds. Ignoring the source.
[WARN] [1785994024.900137164] [collision_monitor]: [scan]: Latest source and current collision monitor node timestamps differ on 463.987476 seconds. Ignoring the source.
[WARN] [1785994024.950228040] [collision_monitor]: [scan]: Latest source and current collision monitor node timestamps differ on 464.037567 seconds. Ignoring the source.
[WARN] [1785994025.000181601] [collision_monitor]: [scan]: Latest source and current collision monitor node timestamps differ on 464.087520 seconds. Ignoring the source.
[WARN] [1785994025.050220052] [collision_monitor]: [scan]: Latest source and current collision monitor node timestamps differ on 464.137559 seconds. Ignoring the source.
[WARN] [1785994025.100122131] [collision_monitor]: [scan]: Latest source and current collision monitor node timestamps differ on 464.187461 seconds. Ignoring the source.
[WARN] [1785994025.150219655] [collision_monitor]: [scan]: Latest source and current collision monitor node timestamps differ on 464.237558 seconds. Ignoring the source.
[WARN] [1785994025.200105772] [collision_monitor]: [scan]: Latest source and current collision monitor node timestamps differ on 464.287444 seconds. Ignoring the source.
[WARN] [1785994025.250229759] [collision_monitor]: [scan]: Latest source and current collision monitor node timestamps differ on 464.337568 seconds. Ignoring the source.
[WARN] [1785994025.300144246] [collision_monitor]: [scan]: Latest source and current collision monitor node timestamps differ on 464.387483 seconds. Ignoring the source.
[WARN] [1785994025.350251586] [collision_monitor]: [scan]: Latest source and current collision monitor node timestamps differ on 464.437585 seconds. Ignoring the source.
[WARN] [1785994025.400122572] [collision_monitor]: [scan]: Latest source and current collision monitor node timestamps differ on 464.487461 seconds. Ignoring the source.
[WARN] [1785994025.450234597] [collision_monitor]: [scan]: Latest source and current collision monitor node timestamps differ on 464.537573 seconds. Ignoring the source.
[WARN] [1785994025.502717449] [collision_monitor]: [scan]: Latest source and current collision monitor node timestamps differ on 464.590042 seconds. Ignoring the source.
[WARN] [1785994025.550198108] [collision_monitor]: [scan]: Latest source and current collision monitor node timestamps differ on 464.637537 seconds. Ignoring the source.
[WARN] [1785994025.600144280] [collision_monitor]: [scan]: Latest source and current collision monitor node timestamps differ on 464.687483 seconds. Ignoring the source.
[WARN] [1785994025.650218286] [collision_monitor]: [scan]: Latest source and current collision monitor node timestamps differ on 464.737556 seconds. Ignoring the source.
[WARN] [1785994025.700157588] [collision_monitor]: [scan]: Latest source and current collision monitor node timestamps differ on 464.787496 seconds. Ignoring the source.
[WARN] [1785994025.750214001] [collision_monitor]: [scan]: Latest source and current collision monitor node timestamps differ on 464.837552 seconds. Ignoring the source.
[WARN] [1785994025.800083006] [collision_monitor]: [scan]: Latest source and current collision monitor node timestamps differ on 464.887422 seconds. Ignoring the source.
[WARN] [1785994025.850229512] [collision_monitor]: [scan]: Latest source and current collision monitor node timestamps differ on 464.937569 seconds. Ignoring the source.
[WARN] [1785994025.900130240] [collision_monitor]: [scan]: Latest source and current collision monitor node timestamps differ on 464.987470 seconds. Ignoring the source.
[WARN] [1785994025.950195912] [collision_monitor]: [scan]: Latest source and current collision monitor node timestamps differ on 465.037534 seconds. Ignoring the source.
[WARN] [1785994026.000122418] [collision_monitor]: [scan]: Latest source and current collision monitor node timestamps differ on 465.087461 seconds. Ignoring the source.
[WARN] [1785994026.050180757] [collision_monitor]: [scan]: Latest source and current collision monitor node timestamps differ on 465.137519 seconds. Ignoring the source.
[WARN] [1785994026.100105225] [collision_monitor]: [scan]: Latest source and current collision monitor node timestamps differ on 465.187444 seconds. Ignoring the source.
[WARN] [1785994026.150225546] [collision_monitor]: [scan]: Latest source and current collision monitor node timestamps differ on 465.237565 seconds. Ignoring the source.
[WARN] [1785994026.200132792] [collision_monitor]: [scan]: Latest source and current collision monitor node timestamps differ on 465.287472 seconds. Ignoring the source.
[WARN] [1785994026.250204613] [collision_monitor]: [scan]: Latest source and current collision monitor node timestamps differ on 465.337543 seconds. Ignoring the source.
[WARN] [1785994026.300142767] [collision_monitor]: [scan]: Latest source and current collision monitor node timestamps differ on 465.387481 seconds. Ignoring the source.
[WARN] [1785994026.350274810] [collision_monitor]: [scan]: Latest source and current collision monitor node timestamps differ on 465.437613 seconds. Ignoring the source.
[WARN] [1785994026.400107630] [collision_monitor]: [scan]: Latest source and current collision monitor node timestamps differ on 465.487447 seconds. Ignoring the source.
[WARN] [1785994026.450205654] [collision_monitor]: [scan]: Latest source and current collision monitor node timestamps differ on 465.537544 seconds. Ignoring the source.
[WARN] [1785994026.500110400] [collision_monitor]: [scan]: Latest source and current collision monitor node timestamps differ on 465.587449 seconds. Ignoring the source.
[WARN] [1785994026.555178136] [collision_monitor]: [scan]: Latest source and current collision monitor node timestamps differ on 465.642514 seconds. Ignoring the source.
[WARN] [1785994026.600102782] [collision_monitor]: [scan]: Latest source and current collision monitor node timestamps differ on 465.687442 seconds. Ignoring the source.
[WARN] [1785994026.650208658] [collision_monitor]: [scan]: Latest source and current collision monitor node timestamps differ on 465.737547 seconds. Ignoring the source.
[WARN] [1785994026.700097719] [collision_monitor]: [scan]: Latest source and current collision monitor node timestamps differ on 465.787436 seconds. Ignoring the source.
[WARN] [1785994026.750216262] [collision_monitor]: [scan]: Latest source and current collision monitor node timestamps differ on 465.837555 seconds. Ignoring the source.
[WARN] [1785994026.800087767] [collision_monitor]: [scan]: Latest source and current collision monitor node timestamps differ on 465.887427 seconds. Ignoring the source.
[WARN] [1785994026.850216033] [collision_monitor]: [scan]: Latest source and current collision monitor node timestamps differ on 465.937554 seconds. Ignoring the source.
[WARN] [1785994026.900157983] [collision_monitor]: [scan]: Latest source and current collision monitor node timestamps differ on 465.987497 seconds. Ignoring the source.
[WARN] [1785994026.950197914] [collision_monitor]: [scan]: Latest source and current collision monitor node timestamps differ on 466.037537 seconds. Ignoring the source.
[WARN] [1785994027.000121623] [collision_monitor]: [scan]: Latest source and current collision monitor node timestamps differ on 466.087460 seconds. Ignoring the source.
[WARN] [1785994027.050133074] [collision_monitor]: [scan]: Latest source and current collision monitor node timestamps differ on 466.137472 seconds. Ignoring the source.
[WARN] [1785994027.100157116] [collision_monitor]: [scan]: Latest source and current collision monitor node timestamps differ on 466.187496 seconds. Ignoring the source.
[WARN] [1785994027.150235530] [collision_monitor]: [scan]: Latest source and current collision monitor node timestamps differ on 466.237574 seconds. Ignoring the source.
[WARN] [1785994027.200121202] [collision_monitor]: [scan]: Latest source and current collision monitor node timestamps differ on 466.287460 seconds. Ignoring the source.
[WARN] [1785994027.250220541] [collision_monitor]: [scan]: Latest source and current collision monitor node timestamps differ on 466.337559 seconds. Ignoring the source.
[WARN] [1785994027.300132583] [collision_monitor]: [scan]: Latest source and current collision monitor node timestamps differ on 466.387471 seconds. Ignoring the source.
[WARN] [1785994027.350189089] [collision_monitor]: [scan]: Latest source and current collision monitor node timestamps differ on 466.437527 seconds. Ignoring the source.
[WARN] [1785994027.400153410] [collision_monitor]: [scan]: Latest source and current collision monitor node timestamps differ on 466.487492 seconds. Ignoring the source.
[WARN] [1785994027.450147693] [collision_monitor]: [scan]: Latest source and current collision monitor node timestamps differ on 466.537487 seconds. Ignoring the source.
[WARN] [1785994027.500130662] [collision_monitor]: [scan]: Latest source and current collision monitor node timestamps differ on 466.587469 seconds. Ignoring the source.
[WARN] [1785994027.550150519] [collision_monitor]: [scan]: Latest source and current collision monitor node timestamps differ on 466.637489 seconds. Ignoring the source.
[WARN] [1785994027.600138062] [collision_monitor]: [scan]: Latest source and current collision monitor node timestamps differ on 466.687477 seconds. Ignoring the source.
[WARN] [1785994027.650180271] [collision_monitor]: [scan]: Latest source and current collision monitor node timestamps differ on 466.737519 seconds. Ignoring the source.
[WARN] [1785994027.700161981] [collision_monitor]: [scan]: Latest source and current collision monitor node timestamps differ on 466.787500 seconds. Ignoring the source.
[WARN] [1785994027.750388043] [collision_monitor]: [scan]: Latest source and current collision monitor node timestamps differ on 466.837725 seconds. Ignoring the source.
[WARN] [1785994027.800110621] [collision_monitor]: [scan]: Latest source and current collision monitor node timestamps differ on 466.887450 seconds. Ignoring the source.
[WARN] [1785994027.850146090] [collision_monitor]: [scan]: Latest source and current collision monitor node timestamps differ on 466.937484 seconds. Ignoring the source.
[WARN] [1785994027.900167522] [collision_monitor]: [scan]: Latest source and current collision monitor node timestamps differ on 466.987506 seconds. Ignoring the source.
[WARN] [1785994027.950372714] [collision_monitor]: [scan]: Latest source and current collision monitor node timestamps differ on 467.037709 seconds. Ignoring the source.
[WARN] [1785994028.000167015] [collision_monitor]: [scan]: Latest source and current collision monitor node timestamps differ on 467.087505 seconds. Ignoring the source.
[INFO] [1785995349.332152892] [collision_monitor]: Robot to continue normal operation
[INFO] [1785995715.932411003] [collision_monitor]: Robot to approach for 2.300000 seconds away from collision
[INFO] [1785995719.362465774] [collision_monitor]: Robot to continue normal operation
[INFO] [1785995719.461283965] [collision_monitor]: Robot to approach for 2.300000 seconds away from collision
[INFO] [1785995719.661433822] [collision_monitor]: Robot to continue normal operation
[INFO] [1785995726.061856762] [collision_monitor]: Robot to approach for 2.300000 seconds away from collision
[INFO] [1785995726.161792755] [collision_monitor]: Robot to continue normal operation
[INFO] [1785995726.261490376] [collision_monitor]: Robot to approach for 2.300000 seconds away from collision
[INFO] [1785995727.361821670] [collision_monitor]: Robot to continue normal operation
[INFO] [1785995730.361985589] [collision_monitor]: Robot to approach for 2.300000 seconds away from collision
[INFO] [1785995730.463467238] [collision_monitor]: Robot to continue normal operation
[INFO] [1785995730.562210484] [collision_monitor]: Robot to approach for 2.300000 seconds away from collision
[INFO] [1785995731.636617141] [collision_monitor]: Robot to continue normal operation
[INFO] [1785995731.661760922] [collision_monitor]: Robot to approach for 2.300000 seconds away from collision
[INFO] [1785995738.561664139] [collision_monitor]: Robot to continue normal operation
[INFO] [1785995745.661665991] [collision_monitor]: Robot to approach for 2.300000 seconds away from collision
[INFO] [1785995757.826390018] [collision_monitor]: Robot to continue normal operation
[INFO] [1785995765.232549381] [collision_monitor]: Robot to approach for 2.300000 seconds away from collision
[INFO] [1785995777.426773935] [collision_monitor]: Robot to continue normal operation
[INFO] [1785995783.861774021] [collision_monitor]: Robot to approach for 2.300000 seconds away from collision
[INFO] [1785995796.033036009] [collision_monitor]: Robot to continue normal operation
[INFO] [1785995802.761401447] [collision_monitor]: Robot to approach for 2.300000 seconds away from collision
[INFO] [1785995808.761762415] [collision_monitor]: Robot to continue normal operation
[INFO] [1785995808.933062730] [collision_monitor]: Robot to approach for 2.300000 seconds away from collision
[INFO] [1785995814.932664305] [collision_monitor]: Robot to continue normal operation
[INFO] [1785995821.361312599] [collision_monitor]: Robot to approach for 2.300000 seconds away from collision
[INFO] [1785995827.332485653] [collision_monitor]: Robot to continue normal operation
[INFO] [1785995827.561166383] [collision_monitor]: Robot to approach for 2.300000 seconds away from collision
[INFO] [1785995833.561692722] [collision_monitor]: Robot to continue normal operation
[INFO] [1785995840.332089253] [collision_monitor]: Robot to approach for 2.300000 seconds away from collision
[INFO] [1785995845.592396150] [collision_monitor]: Robot to continue normal operation
[INFO] [1785995845.661404479] [collision_monitor]: Robot to approach for 2.300000 seconds away from collision
[INFO] [1785995846.332498869] [collision_monitor]: Robot to continue normal operation
[INFO] [1785995846.532557541] [collision_monitor]: Robot to approach for 2.300000 seconds away from collision
[INFO] [1785995852.161871838] [collision_monitor]: Robot to continue normal operation
[INFO] [1785995852.261467237] [collision_monitor]: Robot to approach for 2.300000 seconds away from collision
[INFO] [1785995852.461777020] [collision_monitor]: Robot to continue normal operation
[INFO] [1785995855.033901449] [collision_monitor]: Robot to approach for 2.300000 seconds away from collision
[INFO] [1785995858.261576444] [collision_monitor]: Robot to continue normal operation
[INFO] [1785995858.361821586] [collision_monitor]: Robot to approach for 2.300000 seconds away from collision
[INFO] [1785995859.661875662] [collision_monitor]: Robot to continue normal operation
[INFO] [1785995859.733138799] [collision_monitor]: Robot to approach for 2.300000 seconds away from collision
[INFO] [1785995861.032844761] [collision_monitor]: Robot to continue normal operation
[INFO] [1785995861.131905990] [collision_monitor]: Robot to approach for 2.300000 seconds away from collision
[INFO] [1785995861.428814119] [collision_monitor]: Robot to continue normal operation
[INFO] [1785995861.542622555] [collision_monitor]: Robot to approach for 2.300000 seconds away from collision
[INFO] [1785995867.061737380] [collision_monitor]: Robot to continue normal operation
[INFO] [1785995873.361380434] [collision_monitor]: Robot to approach for 2.300000 seconds away from collision
[INFO] [1785995873.961734153] [collision_monitor]: Robot to continue normal operation
[INFO] [1785995874.061456348] [collision_monitor]: Robot to approach for 2.300000 seconds away from collision
[INFO] [1785995875.261688413] [collision_monitor]: Robot to continue normal operation
[INFO] [1785995875.361585591] [collision_monitor]: Robot to approach for 2.300000 seconds away from collision
[INFO] [1785995876.261852269] [collision_monitor]: Robot to continue normal operation
[INFO] [1785995876.361859559] [collision_monitor]: Robot to approach for 2.300000 seconds away from collision
[INFO] [1785995879.261665983] [collision_monitor]: Robot to continue normal operation
[INFO] [1785995879.532628123] [collision_monitor]: Robot to approach for 2.300000 seconds away from collision
[INFO] [1785995882.461638998] [collision_monitor]: Robot to continue normal operation
[INFO] [1785995882.761575106] [collision_monitor]: Robot to approach for 2.300000 seconds away from collision
[INFO] [1785995885.461778047] [collision_monitor]: Robot to continue normal operation
[INFO] [1785995891.761485323] [collision_monitor]: Robot to approach for 2.300000 seconds away from collision
[INFO] [1785995892.261801586] [collision_monitor]: Robot to continue normal operation
[INFO] [1785995892.532650059] [collision_monitor]: Robot to approach for 2.300000 seconds away from collision
[INFO] [1785995892.938770322] [collision_monitor]: Robot to continue normal operation
[INFO] [1785995904.597647668] [rclcpp]: signal_handler(SIGINT/SIGTERM)
[INFO] [1785995904.597810484] [collision_monitor]: Running Nav2 LifecycleNode rcl preshutdown (collision_monitor)
[INFO] [1785995904.597915855] [collision_monitor]: Deactivating
[INFO] [1785995904.597950189] [collision_monitor]: Destroying bond (collision_monitor) to lifecycle manager.
[INFO] [1785995904.625728188] [collision_monitor]: Cleaning up
[INFO] [1785995904.625825984] [collision_monitor]: [FootprintApproach]: Destroying Polygon
[INFO] [1785995904.625857744] [collision_monitor]: [scan]: Destroying Scan
[INFO] [1785995904.672146304] [collision_monitor]: Destroying bond (collision_monitor) to lifecycle manager.
