[INFO] [1785992709.753191056] [controller_server]: 
	controller_server lifecycle node launched. 
	Waiting on external lifecycle transitions to activate
	See https://design.ros2.org/articles/node_lifecycle.html for more information.
[INFO] [1785992709.780916019] [controller_server]: Creating controller server
[INFO] [1785992710.111006905] [local_costmap.local_costmap]: 
	local_costmap lifecycle node launched. 
	Waiting on external lifecycle transitions to activate
	See https://design.ros2.org/articles/node_lifecycle.html for more information.
[INFO] [1785992710.120562382] [local_costmap.local_costmap]: Creating Costmap
[INFO] [1785992710.221861125] [controller_server]: Configuring controller interface
[INFO] [1785992710.222481702] [controller_server]: getting progress checker plugins..
[INFO] [1785992710.224524139] [controller_server]: getting goal checker plugins..
[INFO] [1785992710.225062494] [controller_server]: Controller frequency set to 10.0000Hz
[INFO] [1785992710.225173420] [local_costmap.local_costmap]: Configuring
[INFO] [1785992710.264882224] [local_costmap.local_costmap]: Using plugin "voxel_layer"
[INFO] [1785992710.276609120] [local_costmap.local_costmap]: Subscribed to Topics: scan
[INFO] [1785992710.333365644] [local_costmap.local_costmap]: Initialized plugin "voxel_layer"
[INFO] [1785992710.333423033] [local_costmap.local_costmap]: Using plugin "inflation_layer"
[INFO] [1785992710.338203577] [local_costmap.local_costmap]: Initialized plugin "inflation_layer"
[INFO] [1785992710.398228656] [controller_server]: Created progress_checker : progress_checker of type nav2_controller::SimpleProgressChecker
[INFO] [1785992710.399296014] [controller_server]: Controller Server has progress_checker  progress checkers available.
[INFO] [1785992710.401735749] [controller_server]: Created goal checker : general_goal_checker of type nav2_controller::SimpleGoalChecker
[INFO] [1785992710.403488462] [controller_server]: Controller Server has general_goal_checker  goal checkers available.
[INFO] [1785992710.406606978] [controller_server]: Created controller : FollowPath of type nav2_mppi_controller::MPPIController
[INFO] [1785992710.419361694] [controller_server]: Controller period is equal to model dt. Control sequence shifting is ON
[INFO] [1785992710.427943925] [controller_server]: ConstraintCritic instantiated with 1 power and 4.000000 weight.
[INFO] [1785992710.428036185] [controller_server]: Critic loaded : mppi::critics::ConstraintCritic
[WARN] [1785992710.438625519] [controller_server]: Inconsistent configuration in collision checking. Please verify the robot's shape settings in both the costmap and the cost critic.
[INFO] [1785992710.439214800] [controller_server]: InflationCostCritic instantiated with 1 power and 300.000000 / 0.031496 weights. Critic will collision check based on circular cost.
[INFO] [1785992710.439296023] [controller_server]: Critic loaded : mppi::critics::CostCritic
[INFO] [1785992710.442356113] [controller_server]: GoalCritic instantiated with 1 power and 5.000000 weight.
[INFO] [1785992710.442512799] [controller_server]: Critic loaded : mppi::critics::GoalCritic
[INFO] [1785992710.444470254] [controller_server]: GoalAngleCritic instantiated with 1 power, 3.000000 weight, 0.500000 angular threshold and symmetric_yaw_tolerance disabled
[INFO] [1785992710.444535810] [controller_server]: Critic loaded : mppi::critics::GoalAngleCritic
[INFO] [1785992710.453294875] [controller_server]: ReferenceTrajectoryCritic instantiated with 1 power and 8.000000 weight
[INFO] [1785992710.453496895] [controller_server]: Critic loaded : mppi::critics::PathAlignCritic
[INFO] [1785992710.458913072] [controller_server]: Critic loaded : mppi::critics::PathFollowCritic
[INFO] [1785992710.464802455] [controller_server]: PathAngleCritic instantiated with 1 power and 2.000000 weight. Mode set to: Forward Preference
[INFO] [1785992710.464889770] [controller_server]: Critic loaded : mppi::critics::PathAngleCritic
[INFO] [1785992710.467777897] [controller_server]: PreferForwardCritic instantiated with 1 power and 3.000000 weight.
[INFO] [1785992710.467973268] [controller_server]: Critic loaded : mppi::critics::PreferForwardCritic
[INFO] [1785992710.469656703] [controller_server]: Optimizer reset
[INFO] [1785992710.486719331] [MPPIController]: Configured MPPI Controller: FollowPath
[INFO] [1785992710.486990091] [controller_server]: Controller Server has FollowPath  controllers available.
[INFO] [1785992712.791975896] [controller_server]: Activating
[INFO] [1785992712.792354620] [local_costmap.local_costmap]: Activating
[INFO] [1785992712.792382620] [local_costmap.local_costmap]: Checking transform
[INFO] [1785992712.793290644] [local_costmap.local_costmap]: start
[WARN] [1785992713.046072433] [controller_server]: Parameter controller_server.verbose not found
[INFO] [1785992713.047278792] [controller_server]: Optimizer reset
[INFO] [1785992713.051802279] [MPPIController]: Activated MPPI Controller: FollowPath
[INFO] [1785992713.052944414] [controller_server]: Creating bond (controller_server) to lifecycle manager.
[INFO] [1785992713.374224143] [local_costmap.local_costmap]: Message Filter dropping message: frame 'laser' at time 1785992712.963 for reason 'the timestamp on the message is earlier than all the data in the transform cache'
[INFO] [1785992830.688505536] [controller_server]: Received a goal, begin computing control effort.
[WARN] [1785992830.688623278] [controller_server]: No goal checker was specified in parameter 'current_goal_checker'. Server will use only plugin loaded general_goal_checker . This warning will appear once.
[WARN] [1785992830.688656389] [controller_server]: No progress checker was specified in parameter 'current_progress_checker'. Server will use only plugin loaded progress_checker . This warning will appear once.
[INFO] [1785992831.789931750] [controller_server]: Passing new path to controller.
[INFO] [1785992832.889937160] [controller_server]: Passing new path to controller.
[INFO] [1785992833.989951107] [controller_server]: Passing new path to controller.
[INFO] [1785992835.089951202] [controller_server]: Passing new path to controller.
[INFO] [1785992836.189938334] [controller_server]: Passing new path to controller.
[INFO] [1785992837.289956281] [controller_server]: Passing new path to controller.
[INFO] [1785992838.389937653] [controller_server]: Passing new path to controller.
[INFO] [1785992839.489981397] [controller_server]: Passing new path to controller.
[INFO] [1785992840.590391568] [controller_server]: Passing new path to controller.
[INFO] [1785992841.689940402] [controller_server]: Passing new path to controller.
[INFO] [1785992842.789895978] [controller_server]: Passing new path to controller.
[INFO] [1785992843.889941203] [controller_server]: Passing new path to controller.
[INFO] [1785992844.889976525] [controller_server]: Passing new path to controller.
[INFO] [1785992846.090377673] [controller_server]: Passing new path to controller.
[INFO] [1785992847.090227309] [controller_server]: Passing new path to controller.
[INFO] [1785992848.189925162] [controller_server]: Passing new path to controller.
[INFO] [1785992849.289922738] [controller_server]: Passing new path to controller.
[INFO] [1785992850.390016037] [controller_server]: Passing new path to controller.
[INFO] [1785992851.489956799] [controller_server]: Passing new path to controller.
[INFO] [1785992852.589919023] [controller_server]: Passing new path to controller.
[INFO] [1785992853.589894679] [controller_server]: Passing new path to controller.
[INFO] [1785992854.690286257] [controller_server]: Passing new path to controller.
[INFO] [1785992855.790124592] [controller_server]: Passing new path to controller.
[INFO] [1785992856.890722431] [controller_server]: Passing new path to controller.
[INFO] [1785992857.990019226] [controller_server]: Passing new path to controller.
[INFO] [1785992859.089958098] [controller_server]: Passing new path to controller.
[INFO] [1785992860.189935527] [controller_server]: Passing new path to controller.
[INFO] [1785992861.289945900] [controller_server]: Passing new path to controller.
[INFO] [1785992862.389939883] [controller_server]: Passing new path to controller.
[INFO] [1785992863.490239980] [controller_server]: Passing new path to controller.
[INFO] [1785992864.489939727] [controller_server]: Passing new path to controller.
[INFO] [1785992865.589948544] [controller_server]: Passing new path to controller.
[INFO] [1785992866.689946324] [controller_server]: Passing new path to controller.
[INFO] [1785992867.789955252] [controller_server]: Passing new path to controller.
[INFO] [1785992868.889932662] [controller_server]: Passing new path to controller.
[INFO] [1785992869.991498969] [controller_server]: Passing new path to controller.
[INFO] [1785992871.089984241] [controller_server]: Passing new path to controller.
[INFO] [1785992872.189954744] [controller_server]: Passing new path to controller.
[INFO] [1785992873.289937283] [controller_server]: Passing new path to controller.
[INFO] [1785992874.389962156] [controller_server]: Passing new path to controller.
[INFO] [1785992875.489932381] [controller_server]: Passing new path to controller.
[INFO] [1785992876.589937401] [controller_server]: Passing new path to controller.
[INFO] [1785992877.690090905] [controller_server]: Passing new path to controller.
[INFO] [1785992878.690093375] [controller_server]: Passing new path to controller.
[INFO] [1785992879.789947099] [controller_server]: Passing new path to controller.
[INFO] [1785992880.889942009] [controller_server]: Passing new path to controller.
[INFO] [1785992882.090140193] [controller_server]: Passing new path to controller.
[INFO] [1785992883.090155941] [controller_server]: Passing new path to controller.
[INFO] [1785992884.189948072] [controller_server]: Passing new path to controller.
[INFO] [1785992885.289940296] [controller_server]: Passing new path to controller.
[INFO] [1785992886.389909058] [controller_server]: Passing new path to controller.
[INFO] [1785992887.489964968] [controller_server]: Passing new path to controller.
[INFO] [1785992888.590315324] [controller_server]: Passing new path to controller.
[INFO] [1785992889.689946362] [controller_server]: Passing new path to controller.
[INFO] [1785992890.789945605] [controller_server]: Passing new path to controller.
[INFO] [1785992891.889932792] [controller_server]: Passing new path to controller.
[INFO] [1785992892.889932059] [controller_server]: Passing new path to controller.
[INFO] [1785992893.989960673] [controller_server]: Passing new path to controller.
[INFO] [1785992895.090225843] [controller_server]: Passing new path to controller.
[INFO] [1785992896.190047752] [controller_server]: Passing new path to controller.
[INFO] [1785992897.289956032] [controller_server]: Passing new path to controller.
[INFO] [1785992898.390030794] [controller_server]: Passing new path to controller.
[INFO] [1785992899.492310364] [controller_server]: Passing new path to controller.
[INFO] [1785992900.589945780] [controller_server]: Passing new path to controller.
[INFO] [1785992901.589957880] [controller_server]: Passing new path to controller.
[INFO] [1785992902.689937549] [controller_server]: Passing new path to controller.
[INFO] [1785992903.790062533] [controller_server]: Passing new path to controller.
[INFO] [1785992904.890193722] [controller_server]: Passing new path to controller.
[INFO] [1785992905.991517712] [controller_server]: Passing new path to controller.
[INFO] [1785992907.090329153] [controller_server]: Passing new path to controller.
[INFO] [1785992908.189953579] [controller_server]: Passing new path to controller.
[INFO] [1785992909.190089736] [controller_server]: Passing new path to controller.
[INFO] [1785992910.290384351] [controller_server]: Passing new path to controller.
[INFO] [1785992911.389959536] [controller_server]: Passing new path to controller.
[INFO] [1785992912.489978965] [controller_server]: Passing new path to controller.
[INFO] [1785992913.589969689] [controller_server]: Passing new path to controller.
[INFO] [1785992914.689942636] [controller_server]: Passing new path to controller.
[INFO] [1785992915.691061371] [controller_server]: Passing new path to controller.
[INFO] [1785992916.790065548] [controller_server]: Passing new path to controller.
[INFO] [1785992917.890016802] [controller_server]: Passing new path to controller.
[INFO] [1785992919.978926869] [local_costmap.local_costmap]: Received request to clear entirely the local_costmap
[INFO] [1785992919.990109392] [controller_server]: Cancellation was successful. Stopping the robot.
[INFO] [1785992919.990394912] [controller_server]: [follow_path] [ActionServer] Client requested to cancel the goal. Cancelling.
[INFO] [1785992919.992976740] [controller_server]: Optimizer reset
[INFO] [1785992926.798912171] [local_costmap.local_costmap]: Received request to clear entirely the local_costmap
[INFO] [1785992931.219362388] [controller_server]: Received a goal, begin computing control effort.
[INFO] [1785992932.320295980] [controller_server]: Passing new path to controller.
[INFO] [1785992933.421793575] [controller_server]: Passing new path to controller.
[INFO] [1785992934.520362840] [controller_server]: Passing new path to controller.
[INFO] [1785992935.622148400] [controller_server]: Passing new path to controller.
[INFO] [1785992936.720245459] [controller_server]: Passing new path to controller.
[INFO] [1785992937.720381795] [controller_server]: Passing new path to controller.
[INFO] [1785992938.820298419] [controller_server]: Passing new path to controller.
[INFO] [1785992939.921175363] [controller_server]: Passing new path to controller.
[INFO] [1785992941.020242112] [controller_server]: Passing new path to controller.
[ERROR] [1785992941.121467574] [controller_server]: Resulting plan has 0 poses in it.
[INFO] [1785992941.122301301] [controller_server]: Optimizer reset
[WARN] [1785992941.122359042] [controller_server]: [follow_path] [ActionServer] Aborting handle.
[INFO] [1785993791.088262743] [controller_server]: Received a goal, begin computing control effort.
[ERROR] [1785993791.092493562] [tf_help]: Transform data too old when converting from map to odom
[ERROR] [1785993791.092596377] [tf_help]: Data time: 1785993791s 19318804ns, Transform time: 1785993562s 912656884ns
[ERROR] [1785993791.191328011] [tf_help]: Transform data too old when converting from map to odom
[ERROR] [1785993791.191400030] [tf_help]: Data time: 1785993791s 19318804ns, Transform time: 1785993562s 912656884ns
[ERROR] [1785993791.291597969] [tf_help]: Transform data too old when converting from map to odom
[ERROR] [1785993791.291672191] [tf_help]: Data time: 1785993791s 19318804ns, Transform time: 1785993562s 912656884ns
[ERROR] [1785993791.391717332] [tf_help]: Transform data too old when converting from map to odom
[ERROR] [1785993791.391798981] [tf_help]: Data time: 1785993791s 19318804ns, Transform time: 1785993562s 912656884ns
[ERROR] [1785993791.492205346] [tf_help]: Transform data too old when converting from map to odom
[ERROR] [1785993791.492279050] [tf_help]: Data time: 1785993791s 19318804ns, Transform time: 1785993562s 912656884ns
[ERROR] [1785993791.591970449] [tf_help]: Transform data too old when converting from map to odom
[ERROR] [1785993791.592036449] [tf_help]: Data time: 1785993791s 19318804ns, Transform time: 1785993562s 912656884ns
[ERROR] [1785993791.691985220] [tf_help]: Transform data too old when converting from map to odom
[ERROR] [1785993791.692051664] [tf_help]: Data time: 1785993791s 19318804ns, Transform time: 1785993562s 912656884ns
[ERROR] [1785993791.792026972] [tf_help]: Transform data too old when converting from map to odom
[ERROR] [1785993791.792107306] [tf_help]: Data time: 1785993791s 19318804ns, Transform time: 1785993562s 912656884ns
[ERROR] [1785993791.891945446] [tf_help]: Transform data too old when converting from map to odom
[ERROR] [1785993791.892023168] [tf_help]: Data time: 1785993791s 19318804ns, Transform time: 1785993562s 912656884ns
[ERROR] [1785993791.991771104] [tf_help]: Transform data too old when converting from map to odom
[ERROR] [1785993791.991851827] [tf_help]: Data time: 1785993791s 19318804ns, Transform time: 1785993562s 912656884ns
[ERROR] [1785993792.091630819] [tf_help]: Transform data too old when converting from map to odom
[ERROR] [1785993792.091742097] [tf_help]: Data time: 1785993791s 19318804ns, Transform time: 1785993562s 912656884ns
[INFO] [1785993792.188528147] [controller_server]: Passing new path to controller.
[ERROR] [1785993792.192271574] [tf_help]: Transform data too old when converting from map to odom
[ERROR] [1785993792.192334648] [tf_help]: Data time: 1785993792s 98998987ns, Transform time: 1785993562s 912656884ns
[ERROR] [1785993792.291376358] [tf_help]: Transform data too old when converting from map to odom
[ERROR] [1785993792.291451470] [tf_help]: Data time: 1785993792s 98998987ns, Transform time: 1785993562s 912656884ns
[ERROR] [1785993792.391869298] [tf_help]: Transform data too old when converting from map to odom
[ERROR] [1785993792.391932743] [tf_help]: Data time: 1785993792s 98998987ns, Transform time: 1785993562s 912656884ns
[ERROR] [1785993792.492134367] [tf_help]: Transform data too old when converting from map to odom
[ERROR] [1785993792.492197515] [tf_help]: Data time: 1785993792s 98998987ns, Transform time: 1785993562s 912656884ns
[ERROR] [1785993792.591499486] [tf_help]: Transform data too old when converting from map to odom
[ERROR] [1785993792.591564171] [tf_help]: Data time: 1785993792s 98998987ns, Transform time: 1785993562s 912656884ns
[ERROR] [1785993792.691383107] [tf_help]: Transform data too old when converting from map to odom
[ERROR] [1785993792.691458460] [tf_help]: Data time: 1785993792s 98998987ns, Transform time: 1785993562s 912656884ns
[ERROR] [1785993792.791490175] [tf_help]: Transform data too old when converting from map to odom
[ERROR] [1785993792.791567675] [tf_help]: Data time: 1785993792s 98998987ns, Transform time: 1785993562s 912656884ns
[ERROR] [1785993792.892087874] [tf_help]: Transform data too old when converting from map to odom
[ERROR] [1785993792.892156912] [tf_help]: Data time: 1785993792s 98998987ns, Transform time: 1785993562s 912656884ns
[ERROR] [1785993792.991749236] [tf_help]: Transform data too old when converting from map to odom
[ERROR] [1785993792.991817607] [tf_help]: Data time: 1785993792s 98998987ns, Transform time: 1785993562s 912656884ns
[ERROR] [1785993793.091872989] [tf_help]: Transform data too old when converting from map to odom
[ERROR] [1785993793.091943007] [tf_help]: Data time: 1785993792s 98998987ns, Transform time: 1785993562s 912656884ns
[ERROR] [1785993793.195241925] [tf_help]: Transform data too old when converting from map to odom
[ERROR] [1785993793.195491204] [tf_help]: Data time: 1785993792s 98998987ns, Transform time: 1785993562s 912656884ns
[INFO] [1785993793.288533290] [controller_server]: Passing new path to controller.
[ERROR] [1785993793.293289426] [tf_help]: Transform data too old when converting from map to odom
[ERROR] [1785993793.293369964] [tf_help]: Data time: 1785993793s 178023075ns, Transform time: 1785993562s 912656884ns
[ERROR] [1785993793.391460743] [tf_help]: Transform data too old when converting from map to odom
[ERROR] [1785993793.391532632] [tf_help]: Data time: 1785993793s 178023075ns, Transform time: 1785993562s 912656884ns
[ERROR] [1785993793.491653625] [tf_help]: Transform data too old when converting from map to odom
[ERROR] [1785993793.491749941] [tf_help]: Data time: 1785993793s 178023075ns, Transform time: 1785993562s 912656884ns
[ERROR] [1785993793.591249246] [tf_help]: Transform data too old when converting from map to odom
[ERROR] [1785993793.591309987] [tf_help]: Data time: 1785993793s 178023075ns, Transform time: 1785993562s 912656884ns
[ERROR] [1785993793.691725611] [tf_help]: Transform data too old when converting from map to odom
[ERROR] [1785993793.691794371] [tf_help]: Data time: 1785993793s 178023075ns, Transform time: 1785993562s 912656884ns
[ERROR] [1785993793.790883618] [tf_help]: Transform data too old when converting from map to odom
[ERROR] [1785993793.790954044] [tf_help]: Data time: 1785993793s 178023075ns, Transform time: 1785993562s 912656884ns
[ERROR] [1785993793.891134020] [tf_help]: Transform data too old when converting from map to odom
[ERROR] [1785993793.891828208] [tf_help]: Data time: 1785993793s 178023075ns, Transform time: 1785993562s 912656884ns
[ERROR] [1785993793.992963596] [tf_help]: Transform data too old when converting from map to odom
[ERROR] [1785993793.993070893] [tf_help]: Data time: 1785993793s 178023075ns, Transform time: 1785993562s 912656884ns
[ERROR] [1785993794.092025491] [tf_help]: Transform data too old when converting from map to odom
[ERROR] [1785993794.092210881] [tf_help]: Data time: 1785993793s 178023075ns, Transform time: 1785993562s 912656884ns
[ERROR] [1785993794.191791057] [tf_help]: Transform data too old when converting from map to odom
[ERROR] [1785993794.191861854] [tf_help]: Data time: 1785993793s 178023075ns, Transform time: 1785993562s 912656884ns
[ERROR] [1785993794.296136702] [tf_help]: Transform data too old when converting from map to odom
[ERROR] [1785993794.297767322] [tf_help]: Data time: 1785993793s 178023075ns, Transform time: 1785993562s 912656884ns
[INFO] [1785993794.388539136] [controller_server]: Passing new path to controller.
[ERROR] [1785993794.393096272] [tf_help]: Transform data too old when converting from map to odom
[ERROR] [1785993794.393161661] [tf_help]: Data time: 1785993794s 258270687ns, Transform time: 1785993562s 912656884ns
[ERROR] [1785993794.492172871] [tf_help]: Transform data too old when converting from map to odom
[ERROR] [1785993794.492287890] [tf_help]: Data time: 1785993794s 258270687ns, Transform time: 1785993562s 912656884ns
[ERROR] [1785993794.591801158] [tf_help]: Transform data too old when converting from map to odom
[ERROR] [1785993794.591870325] [tf_help]: Data time: 1785993794s 258270687ns, Transform time: 1785993562s 912656884ns
[ERROR] [1785993794.691816373] [tf_help]: Transform data too old when converting from map to odom
[ERROR] [1785993794.691884855] [tf_help]: Data time: 1785993794s 258270687ns, Transform time: 1785993562s 912656884ns
[ERROR] [1785993794.791509623] [tf_help]: Transform data too old when converting from map to odom
[ERROR] [1785993794.791581346] [tf_help]: Data time: 1785993794s 258270687ns, Transform time: 1785993562s 912656884ns
[ERROR] [1785993794.891469820] [tf_help]: Transform data too old when converting from map to odom
[ERROR] [1785993794.891542635] [tf_help]: Data time: 1785993794s 258270687ns, Transform time: 1785993562s 912656884ns
[ERROR] [1785993794.992053260] [tf_help]: Transform data too old when converting from map to odom
[ERROR] [1785993794.992129297] [tf_help]: Data time: 1785993794s 258270687ns, Transform time: 1785993562s 912656884ns
[ERROR] [1785993795.091442824] [tf_help]: Transform data too old when converting from map to odom
[ERROR] [1785993795.091517306] [tf_help]: Data time: 1785993794s 258270687ns, Transform time: 1785993562s 912656884ns
[ERROR] [1785993795.191551373] [tf_help]: Transform data too old when converting from map to odom
[ERROR] [1785993795.191630077] [tf_help]: Data time: 1785993794s 258270687ns, Transform time: 1785993562s 912656884ns
[ERROR] [1785993795.291964627] [tf_help]: Transform data too old when converting from map to odom
[ERROR] [1785993795.292036794] [tf_help]: Data time: 1785993794s 258270687ns, Transform time: 1785993562s 912656884ns
[ERROR] [1785993795.392519123] [tf_help]: Transform data too old when converting from map to odom
[ERROR] [1785993795.392575975] [tf_help]: Data time: 1785993794s 258270687ns, Transform time: 1785993562s 912656884ns
[INFO] [1785993795.488519631] [controller_server]: Passing new path to controller.
[ERROR] [1785993795.493132952] [tf_help]: Transform data too old when converting from map to odom
[ERROR] [1785993795.493201082] [tf_help]: Data time: 1785993795s 339294637ns, Transform time: 1785993562s 912656884ns
[ERROR] [1785993795.591572122] [tf_help]: Transform data too old when converting from map to odom
[ERROR] [1785993795.591637252] [tf_help]: Data time: 1785993795s 339294637ns, Transform time: 1785993562s 912656884ns
[ERROR] [1785993795.691869598] [tf_help]: Transform data too old when converting from map to odom
[ERROR] [1785993795.691934968] [tf_help]: Data time: 1785993795s 339294637ns, Transform time: 1785993562s 912656884ns
[ERROR] [1785993795.791640515] [tf_help]: Transform data too old when converting from map to odom
[ERROR] [1785993795.791732145] [tf_help]: Data time: 1785993795s 339294637ns, Transform time: 1785993562s 912656884ns
[ERROR] [1785993795.891795842] [tf_help]: Transform data too old when converting from map to odom
[ERROR] [1785993795.891856398] [tf_help]: Data time: 1785993795s 339294637ns, Transform time: 1785993562s 912656884ns
[ERROR] [1785993795.991934002] [tf_help]: Transform data too old when converting from map to odom
[ERROR] [1785993795.991999280] [tf_help]: Data time: 1785993795s 339294637ns, Transform time: 1785993562s 912656884ns
[ERROR] [1785993796.091938791] [tf_help]: Transform data too old when converting from map to odom
[ERROR] [1785993796.092018588] [tf_help]: Data time: 1785993795s 339294637ns, Transform time: 1785993562s 912656884ns
[ERROR] [1785993796.192092933] [tf_help]: Transform data too old when converting from map to odom
[ERROR] [1785993796.192166452] [tf_help]: Data time: 1785993795s 339294637ns, Transform time: 1785993562s 912656884ns
[ERROR] [1785993796.291924518] [tf_help]: Transform data too old when converting from map to odom
[ERROR] [1785993796.291988814] [tf_help]: Data time: 1785993795s 339294637ns, Transform time: 1785993562s 912656884ns
[ERROR] [1785993796.392417217] [tf_help]: Transform data too old when converting from map to odom
[ERROR] [1785993796.392502013] [tf_help]: Data time: 1785993795s 339294637ns, Transform time: 1785993562s 912656884ns
[INFO] [1785993796.488518670] [controller_server]: Passing new path to controller.
[ERROR] [1785993796.492379709] [tf_help]: Transform data too old when converting from map to odom
[ERROR] [1785993796.492455617] [tf_help]: Data time: 1785993796s 408781414ns, Transform time: 1785993562s 912656884ns
[ERROR] [1785993796.592075386] [tf_help]: Transform data too old when converting from map to odom
[ERROR] [1785993796.592150293] [tf_help]: Data time: 1785993796s 408781414ns, Transform time: 1785993562s 912656884ns
[ERROR] [1785993796.691361152] [tf_help]: Transform data too old when converting from map to odom
[ERROR] [1785993796.691440801] [tf_help]: Data time: 1785993796s 408781414ns, Transform time: 1785993562s 912656884ns
[ERROR] [1785993796.792150446] [tf_help]: Transform data too old when converting from map to odom
[ERROR] [1785993796.792219279] [tf_help]: Data time: 1785993796s 408781414ns, Transform time: 1785993562s 912656884ns
[ERROR] [1785993796.892484403] [tf_help]: Transform data too old when converting from map to odom
[ERROR] [1785993796.892553237] [tf_help]: Data time: 1785993796s 408781414ns, Transform time: 1785993562s 912656884ns
[ERROR] [1785993796.991882782] [tf_help]: Transform data too old when converting from map to odom
[ERROR] [1785993796.991951412] [tf_help]: Data time: 1785993796s 408781414ns, Transform time: 1785993562s 912656884ns
[ERROR] [1785993797.088660257] [controller_server]: Failed to make progress
[INFO] [1785993797.089095130] [controller_server]: Optimizer reset
[WARN] [1785993797.089144038] [controller_server]: [follow_path] [ActionServer] Aborting handle.
[INFO] [1785993797.108432862] [local_costmap.local_costmap]: Received request to clear entirely the local_costmap
[INFO] [1785993797.111158321] [controller_server]: Received a goal, begin computing control effort.
[ERROR] [1785993797.203962516] [tf_help]: Transform data too old when converting from map to odom
[ERROR] [1785993797.204050295] [tf_help]: Data time: 1785993796s 408781414ns, Transform time: 1785993562s 912656884ns
[ERROR] [1785993797.213595438] [tf_help]: Transform data too old when converting from map to odom
[ERROR] [1785993797.213670512] [tf_help]: Data time: 1785993796s 408781414ns, Transform time: 1785993562s 912656884ns
[ERROR] [1785993797.314048822] [tf_help]: Transform data too old when converting from map to odom
[ERROR] [1785993797.314122896] [tf_help]: Data time: 1785993796s 408781414ns, Transform time: 1785993562s 912656884ns
[ERROR] [1785993797.413869277] [tf_help]: Transform data too old when converting from map to odom
[ERROR] [1785993797.413972000] [tf_help]: Data time: 1785993796s 408781414ns, Transform time: 1785993562s 912656884ns
[ERROR] [1785993797.531229639] [tf_help]: Transform data too old when converting from map to odom
[ERROR] [1785993797.531306121] [tf_help]: Data time: 1785993796s 408781414ns, Transform time: 1785993562s 912656884ns
[INFO] [1785993797.611383268] [controller_server]: Passing new path to controller.
[ERROR] [1785993797.614165764] [tf_help]: Transform data too old when converting from map to odom
[ERROR] [1785993797.614237079] [tf_help]: Data time: 1785993797s 478594175ns, Transform time: 1785993562s 912656884ns
[ERROR] [1785993797.713963256] [tf_help]: Transform data too old when converting from map to odom
[ERROR] [1785993797.714047256] [tf_help]: Data time: 1785993797s 478594175ns, Transform time: 1785993562s 912656884ns
[ERROR] [1785993797.813944008] [tf_help]: Transform data too old when converting from map to odom
[ERROR] [1785993797.814020860] [tf_help]: Data time: 1785993797s 478594175ns, Transform time: 1785993562s 912656884ns
[ERROR] [1785993797.914050612] [tf_help]: Transform data too old when converting from map to odom
[ERROR] [1785993797.914143242] [tf_help]: Data time: 1785993797s 478594175ns, Transform time: 1785993562s 912656884ns
[ERROR] [1785993798.013996679] [tf_help]: Transform data too old when converting from map to odom
[ERROR] [1785993798.014080864] [tf_help]: Data time: 1785993797s 478594175ns, Transform time: 1785993562s 912656884ns
[ERROR] [1785993798.113968505] [tf_help]: Transform data too old when converting from map to odom
[ERROR] [1785993798.114043153] [tf_help]: Data time: 1785993797s 478594175ns, Transform time: 1785993562s 912656884ns
[ERROR] [1785993798.214000979] [tf_help]: Transform data too old when converting from map to odom
[ERROR] [1785993798.214078072] [tf_help]: Data time: 1785993797s 478594175ns, Transform time: 1785993562s 912656884ns
[ERROR] [1785993798.313952564] [tf_help]: Transform data too old when converting from map to odom
[ERROR] [1785993798.314024194] [tf_help]: Data time: 1785993797s 478594175ns, Transform time: 1785993562s 912656884ns
[ERROR] [1785993798.413634426] [tf_help]: Transform data too old when converting from map to odom
[ERROR] [1785993798.413746704] [tf_help]: Data time: 1785993797s 478594175ns, Transform time: 1785993562s 912656884ns
[ERROR] [1785993798.513968846] [tf_help]: Transform data too old when converting from map to odom
[ERROR] [1785993798.514044939] [tf_help]: Data time: 1785993797s 478594175ns, Transform time: 1785993562s 912656884ns
[INFO] [1785993798.611393603] [controller_server]: Passing new path to controller.
[ERROR] [1785993798.614740862] [tf_help]: Transform data too old when converting from map to odom
[ERROR] [1785993798.614825269] [tf_help]: Data time: 1785993798s 548533659ns, Transform time: 1785993562s 912656884ns
[ERROR] [1785993798.714020610] [tf_help]: Transform data too old when converting from map to odom
[ERROR] [1785993798.714089666] [tf_help]: Data time: 1785993798s 548533659ns, Transform time: 1785993562s 912656884ns
[ERROR] [1785993798.814019732] [tf_help]: Transform data too old when converting from map to odom
[ERROR] [1785993798.814090918] [tf_help]: Data time: 1785993798s 548533659ns, Transform time: 1785993562s 912656884ns
[ERROR] [1785993798.913958521] [tf_help]: Transform data too old when converting from map to odom
[ERROR] [1785993798.914016244] [tf_help]: Data time: 1785993798s 548533659ns, Transform time: 1785993562s 912656884ns
[ERROR] [1785993799.014022718] [tf_help]: Transform data too old when converting from map to odom
[ERROR] [1785993799.014108737] [tf_help]: Data time: 1785993798s 548533659ns, Transform time: 1785993562s 912656884ns
[ERROR] [1785993799.114018896] [tf_help]: Transform data too old when converting from map to odom
[ERROR] [1785993799.114085878] [tf_help]: Data time: 1785993798s 548533659ns, Transform time: 1785993562s 912656884ns
[ERROR] [1785993799.213899277] [tf_help]: Transform data too old when converting from map to odom
[ERROR] [1785993799.213997296] [tf_help]: Data time: 1785993798s 548533659ns, Transform time: 1785993562s 912656884ns
[ERROR] [1785993799.314128678] [tf_help]: Transform data too old when converting from map to odom
[ERROR] [1785993799.314196808] [tf_help]: Data time: 1785993798s 548533659ns, Transform time: 1785993562s 912656884ns
[ERROR] [1785993799.413966226] [tf_help]: Transform data too old when converting from map to odom
[ERROR] [1785993799.414050671] [tf_help]: Data time: 1785993798s 548533659ns, Transform time: 1785993562s 912656884ns
[ERROR] [1785993799.514000422] [tf_help]: Transform data too old when converting from map to odom
[ERROR] [1785993799.514069682] [tf_help]: Data time: 1785993798s 548533659ns, Transform time: 1785993562s 912656884ns
[ERROR] [1785993799.613869655] [tf_help]: Transform data too old when converting from map to odom
[ERROR] [1785993799.613938767] [tf_help]: Data time: 1785993798s 548533659ns, Transform time: 1785993562s 912656884ns
[INFO] [1785993799.711412820] [controller_server]: Passing new path to controller.
[ERROR] [1785993799.714171668] [tf_help]: Transform data too old when converting from map to odom
[ERROR] [1785993799.714254965] [tf_help]: Data time: 1785993799s 618594736ns, Transform time: 1785993562s 912656884ns
[ERROR] [1785993799.813500769] [tf_help]: Transform data too old when converting from map to odom
[ERROR] [1785993799.813577324] [tf_help]: Data time: 1785993799s 618594736ns, Transform time: 1785993562s 912656884ns
[ERROR] [1785993799.914113672] [tf_help]: Transform data too old when converting from map to odom
[ERROR] [1785993799.914186117] [tf_help]: Data time: 1785993799s 618594736ns, Transform time: 1785993562s 912656884ns
[ERROR] [1785993800.017169033] [tf_help]: Transform data too old when converting from map to odom
[ERROR] [1785993800.017255144] [tf_help]: Data time: 1785993799s 618594736ns, Transform time: 1785993562s 912656884ns
[ERROR] [1785993800.113768730] [tf_help]: Transform data too old when converting from map to odom
[ERROR] [1785993800.113848175] [tf_help]: Data time: 1785993799s 618594736ns, Transform time: 1785993562s 912656884ns
[ERROR] [1785993800.214018965] [tf_help]: Transform data too old when converting from map to odom
[ERROR] [1785993800.214087502] [tf_help]: Data time: 1785993799s 618594736ns, Transform time: 1785993562s 912656884ns
[ERROR] [1785993800.313731141] [tf_help]: Transform data too old when converting from map to odom
[ERROR] [1785993800.313786271] [tf_help]: Data time: 1785993799s 618594736ns, Transform time: 1785993562s 912656884ns
[ERROR] [1785993800.418581678] [tf_help]: Transform data too old when converting from map to odom
[ERROR] [1785993800.418867957] [tf_help]: Data time: 1785993799s 618594736ns, Transform time: 1785993562s 912656884ns
[ERROR] [1785993800.513515607] [tf_help]: Transform data too old when converting from map to odom
[ERROR] [1785993800.513594978] [tf_help]: Data time: 1785993799s 618594736ns, Transform time: 1785993562s 912656884ns
[ERROR] [1785993800.613908250] [tf_help]: Transform data too old when converting from map to odom
[ERROR] [1785993800.613983084] [tf_help]: Data time: 1785993799s 618594736ns, Transform time: 1785993562s 912656884ns
[ERROR] [1785993800.722315769] [tf_help]: Transform data too old when converting from map to odom
[ERROR] [1785993800.722716919] [tf_help]: Data time: 1785993799s 618594736ns, Transform time: 1785993562s 912656884ns
[INFO] [1785993800.811404222] [controller_server]: Passing new path to controller.
[ERROR] [1785993800.814439683] [tf_help]: Transform data too old when converting from map to odom
[ERROR] [1785993800.814528961] [tf_help]: Data time: 1785993800s 691501902ns, Transform time: 1785993562s 912656884ns
[ERROR] [1785993800.914040155] [tf_help]: Transform data too old when converting from map to odom
[ERROR] [1785993800.914110322] [tf_help]: Data time: 1785993800s 691501902ns, Transform time: 1785993562s 912656884ns
[ERROR] [1785993801.013816073] [tf_help]: Transform data too old when converting from map to odom
[ERROR] [1785993801.013937277] [tf_help]: Data time: 1785993800s 691501902ns, Transform time: 1785993562s 912656884ns
[ERROR] [1785993801.113980066] [tf_help]: Transform data too old when converting from map to odom
[ERROR] [1785993801.114051919] [tf_help]: Data time: 1785993800s 691501902ns, Transform time: 1785993562s 912656884ns
[ERROR] [1785993801.214015837] [tf_help]: Transform data too old when converting from map to odom
[ERROR] [1785993801.214098189] [tf_help]: Data time: 1785993800s 691501902ns, Transform time: 1785993562s 912656884ns
[ERROR] [1785993801.314009589] [tf_help]: Transform data too old when converting from map to odom
[ERROR] [1785993801.314079812] [tf_help]: Data time: 1785993800s 691501902ns, Transform time: 1785993562s 912656884ns
[ERROR] [1785993801.415162606] [tf_help]: Transform data too old when converting from map to odom
[ERROR] [1785993801.415233551] [tf_help]: Data time: 1785993800s 691501902ns, Transform time: 1785993562s 912656884ns
[ERROR] [1785993801.513996926] [tf_help]: Transform data too old when converting from map to odom
[ERROR] [1785993801.514079390] [tf_help]: Data time: 1785993800s 691501902ns, Transform time: 1785993562s 912656884ns
[ERROR] [1785993801.614033494] [tf_help]: Transform data too old when converting from map to odom
[ERROR] [1785993801.614122309] [tf_help]: Data time: 1785993800s 691501902ns, Transform time: 1785993562s 912656884ns
[ERROR] [1785993801.713960264] [tf_help]: Transform data too old when converting from map to odom
[ERROR] [1785993801.714044153] [tf_help]: Data time: 1785993800s 691501902ns, Transform time: 1785993562s 912656884ns
[ERROR] [1785993801.815954989] [tf_help]: Transform data too old when converting from map to odom
[ERROR] [1785993801.816029934] [tf_help]: Data time: 1785993800s 691501902ns, Transform time: 1785993562s 912656884ns
[INFO] [1785993801.911394217] [controller_server]: Passing new path to controller.
[ERROR] [1785993801.914558993] [tf_help]: Transform data too old when converting from map to odom
[ERROR] [1785993801.914648179] [tf_help]: Data time: 1785993801s 770087302ns, Transform time: 1785993562s 912656884ns
[ERROR] [1785993802.014155632] [tf_help]: Transform data too old when converting from map to odom
[ERROR] [1785993802.014244707] [tf_help]: Data time: 1785993801s 770087302ns, Transform time: 1785993562s 912656884ns
[ERROR] [1785993802.114101069] [tf_help]: Transform data too old when converting from map to odom
[ERROR] [1785993802.114181736] [tf_help]: Data time: 1785993801s 770087302ns, Transform time: 1785993562s 912656884ns
[ERROR] [1785993802.214367285] [tf_help]: Transform data too old when converting from map to odom
[ERROR] [1785993802.214447064] [tf_help]: Data time: 1785993801s 770087302ns, Transform time: 1785993562s 912656884ns
[ERROR] [1785993802.314093406] [tf_help]: Transform data too old when converting from map to odom
[ERROR] [1785993802.314166018] [tf_help]: Data time: 1785993801s 770087302ns, Transform time: 1785993562s 912656884ns
[ERROR] [1785993802.414282548] [tf_help]: Transform data too old when converting from map to odom
[ERROR] [1785993802.414361326] [tf_help]: Data time: 1785993801s 770087302ns, Transform time: 1785993562s 912656884ns
[ERROR] [1785993802.514075521] [tf_help]: Transform data too old when converting from map to odom
[ERROR] [1785993802.514149189] [tf_help]: Data time: 1785993801s 770087302ns, Transform time: 1785993562s 912656884ns
[ERROR] [1785993802.613822735] [tf_help]: Transform data too old when converting from map to odom
[ERROR] [1785993802.613976810] [tf_help]: Data time: 1785993801s 770087302ns, Transform time: 1785993562s 912656884ns
[ERROR] [1785993802.713878376] [tf_help]: Transform data too old when converting from map to odom
[ERROR] [1785993802.713955395] [tf_help]: Data time: 1785993801s 770087302ns, Transform time: 1785993562s 912656884ns
[ERROR] [1785993802.814023481] [tf_help]: Transform data too old when converting from map to odom
[ERROR] [1785993802.814103370] [tf_help]: Data time: 1785993801s 770087302ns, Transform time: 1785993562s 912656884ns
[INFO] [1785993802.911393515] [controller_server]: Passing new path to controller.
[ERROR] [1785993802.914581088] [tf_help]: Transform data too old when converting from map to odom
[ERROR] [1785993802.914714718] [tf_help]: Data time: 1785993802s 830058177ns, Transform time: 1785993562s 912656884ns
[ERROR] [1785993803.014031578] [tf_help]: Transform data too old when converting from map to odom
[ERROR] [1785993803.014116375] [tf_help]: Data time: 1785993802s 830058177ns, Transform time: 1785993562s 912656884ns
[ERROR] [1785993803.113934570] [tf_help]: Transform data too old when converting from map to odom
[ERROR] [1785993803.114011626] [tf_help]: Data time: 1785993802s 830058177ns, Transform time: 1785993562s 912656884ns
[ERROR] [1785993803.211510217] [controller_server]: Failed to make progress
[INFO] [1785993803.211966997] [controller_server]: Optimizer reset
[WARN] [1785993803.212019942] [controller_server]: [follow_path] [ActionServer] Aborting handle.
[INFO] [1785993803.229979815] [local_costmap.local_costmap]: Received request to clear entirely the local_costmap
[INFO] [1785993828.359392551] [controller_server]: Received a goal, begin computing control effort.
[ERROR] [1785993828.362877014] [tf_help]: Transform data too old when converting from map to odom
[ERROR] [1785993828.362953440] [tf_help]: Data time: 1785993828s 290313814ns, Transform time: 1785993562s 912656884ns
[ERROR] [1785993828.462090002] [tf_help]: Transform data too old when converting from map to odom
[ERROR] [1785993828.462159891] [tf_help]: Data time: 1785993828s 290313814ns, Transform time: 1785993562s 912656884ns
[ERROR] [1785993828.562171551] [tf_help]: Transform data too old when converting from map to odom
[ERROR] [1785993828.562255940] [tf_help]: Data time: 1785993828s 290313814ns, Transform time: 1785993562s 912656884ns
[ERROR] [1785993828.662167155] [tf_help]: Transform data too old when converting from map to odom
[ERROR] [1785993828.662245026] [tf_help]: Data time: 1785993828s 290313814ns, Transform time: 1785993562s 912656884ns
[ERROR] [1785993828.762155370] [tf_help]: Transform data too old when converting from map to odom
[ERROR] [1785993828.762862299] [tf_help]: Data time: 1785993828s 290313814ns, Transform time: 1785993562s 912656884ns
[ERROR] [1785993828.862184437] [tf_help]: Transform data too old when converting from map to odom
[ERROR] [1785993828.862956293] [tf_help]: Data time: 1785993828s 290313814ns, Transform time: 1785993562s 912656884ns
[ERROR] [1785993828.962289208] [tf_help]: Transform data too old when converting from map to odom
[ERROR] [1785993828.962359079] [tf_help]: Data time: 1785993828s 290313814ns, Transform time: 1785993562s 912656884ns
[ERROR] [1785993829.062028051] [tf_help]: Transform data too old when converting from map to odom
[ERROR] [1785993829.062102144] [tf_help]: Data time: 1785993828s 290313814ns, Transform time: 1785993562s 912656884ns
[ERROR] [1785993829.162047285] [tf_help]: Transform data too old when converting from map to odom
[ERROR] [1785993829.162120637] [tf_help]: Data time: 1785993828s 290313814ns, Transform time: 1785993562s 912656884ns
[ERROR] [1785993829.262094389] [tf_help]: Transform data too old when converting from map to odom
[ERROR] [1785993829.262166019] [tf_help]: Data time: 1785993828s 290313814ns, Transform time: 1785993562s 912656884ns
[ERROR] [1785993829.362422828] [tf_help]: Transform data too old when converting from map to odom
[ERROR] [1785993829.362500310] [tf_help]: Data time: 1785993828s 290313814ns, Transform time: 1785993562s 912656884ns
[INFO] [1785993829.459646454] [controller_server]: Passing new path to controller.
[ERROR] [1785993829.462608748] [tf_help]: Transform data too old when converting from map to odom
[ERROR] [1785993829.462741600] [tf_help]: Data time: 1785993829s 365140991ns, Transform time: 1785993562s 912656884ns
[ERROR] [1785993829.562156720] [tf_help]: Transform data too old when converting from map to odom
[ERROR] [1785993829.562232276] [tf_help]: Data time: 1785993829s 365140991ns, Transform time: 1785993562s 912656884ns
[ERROR] [1785993829.662228176] [tf_help]: Transform data too old when converting from map to odom
[ERROR] [1785993829.662329139] [tf_help]: Data time: 1785993829s 365140991ns, Transform time: 1785993562s 912656884ns
[ERROR] [1785993829.761821055] [tf_help]: Transform data too old when converting from map to odom
[ERROR] [1785993829.761905222] [tf_help]: Data time: 1785993829s 365140991ns, Transform time: 1785993562s 912656884ns
[ERROR] [1785993829.861639288] [tf_help]: Transform data too old when converting from map to odom
[ERROR] [1785993829.861708344] [tf_help]: Data time: 1785993829s 365140991ns, Transform time: 1785993562s 912656884ns
[ERROR] [1785993829.961803522] [tf_help]: Transform data too old when converting from map to odom
[ERROR] [1785993829.961887504] [tf_help]: Data time: 1785993829s 365140991ns, Transform time: 1785993562s 912656884ns
[ERROR] [1785993830.061922719] [tf_help]: Transform data too old when converting from map to odom
[ERROR] [1785993830.062018479] [tf_help]: Data time: 1785993829s 365140991ns, Transform time: 1785993562s 912656884ns
[ERROR] [1785993830.161850156] [tf_help]: Transform data too old when converting from map to odom
[ERROR] [1785993830.161936249] [tf_help]: Data time: 1785993829s 365140991ns, Transform time: 1785993562s 912656884ns
[ERROR] [1785993830.261794908] [tf_help]: Transform data too old when converting from map to odom
[ERROR] [1785993830.261888649] [tf_help]: Data time: 1785993829s 365140991ns, Transform time: 1785993562s 912656884ns
[ERROR] [1785993830.362465608] [tf_help]: Transform data too old when converting from map to odom
[ERROR] [1785993830.362526849] [tf_help]: Data time: 1785993829s 365140991ns, Transform time: 1785993562s 912656884ns
[ERROR] [1785993830.471667798] [tf_help]: Transform data too old when converting from map to odom
[ERROR] [1785993830.471803539] [tf_help]: Data time: 1785993829s 365140991ns, Transform time: 1785993562s 912656884ns
[INFO] [1785993830.559672783] [controller_server]: Passing new path to controller.
[ERROR] [1785993830.562230833] [tf_help]: Transform data too old when converting from map to odom
[ERROR] [1785993830.562287185] [tf_help]: Data time: 1785993830s 435890016ns, Transform time: 1785993562s 912656884ns
[ERROR] [1785993830.662122399] [tf_help]: Transform data too old when converting from map to odom
[ERROR] [1785993830.662218863] [tf_help]: Data time: 1785993830s 435890016ns, Transform time: 1785993562s 912656884ns
[ERROR] [1785993830.762534117] [tf_help]: Transform data too old when converting from map to odom
[ERROR] [1785993830.762610099] [tf_help]: Data time: 1785993830s 435890016ns, Transform time: 1785993562s 912656884ns
[ERROR] [1785993830.862280330] [tf_help]: Transform data too old when converting from map to odom
[ERROR] [1785993830.862349608] [tf_help]: Data time: 1785993830s 435890016ns, Transform time: 1785993562s 912656884ns
[ERROR] [1785993830.962257508] [tf_help]: Transform data too old when converting from map to odom
[ERROR] [1785993830.962322916] [tf_help]: Data time: 1785993830s 435890016ns, Transform time: 1785993562s 912656884ns
[ERROR] [1785993831.062124260] [tf_help]: Transform data too old when converting from map to odom
[ERROR] [1785993831.062215982] [tf_help]: Data time: 1785993830s 435890016ns, Transform time: 1785993562s 912656884ns
[ERROR] [1785993831.162192605] [tf_help]: Transform data too old when converting from map to odom
[ERROR] [1785993831.162260809] [tf_help]: Data time: 1785993830s 435890016ns, Transform time: 1785993562s 912656884ns
[ERROR] [1785993831.262399061] [tf_help]: Transform data too old when converting from map to odom
[ERROR] [1785993831.262475414] [tf_help]: Data time: 1785993830s 435890016ns, Transform time: 1785993562s 912656884ns
[ERROR] [1785993831.362262368] [tf_help]: Transform data too old when converting from map to odom
[ERROR] [1785993831.362332035] [tf_help]: Data time: 1785993830s 435890016ns, Transform time: 1785993562s 912656884ns
[ERROR] [1785993831.462368954] [tf_help]: Transform data too old when converting from map to odom
[ERROR] [1785993831.462458066] [tf_help]: Data time: 1785993830s 435890016ns, Transform time: 1785993562s 912656884ns
[ERROR] [1785993831.582044940] [tf_help]: Transform data too old when converting from map to odom
[ERROR] [1785993831.582379423] [tf_help]: Data time: 1785993830s 435890016ns, Transform time: 1785993562s 912656884ns
[INFO] [1785993831.659647037] [controller_server]: Passing new path to controller.
[ERROR] [1785993831.662715571] [tf_help]: Transform data too old when converting from map to odom
[ERROR] [1785993831.662787553] [tf_help]: Data time: 1785993831s 535010487ns, Transform time: 1785993562s 912656884ns
[ERROR] [1785993831.762319414] [tf_help]: Transform data too old when converting from map to odom
[ERROR] [1785993831.762387785] [tf_help]: Data time: 1785993831s 535010487ns, Transform time: 1785993562s 912656884ns
[ERROR] [1785993831.862274629] [tf_help]: Transform data too old when converting from map to odom
[ERROR] [1785993831.862337555] [tf_help]: Data time: 1785993831s 535010487ns, Transform time: 1785993562s 912656884ns
[ERROR] [1785993831.962082583] [tf_help]: Transform data too old when converting from map to odom
[ERROR] [1785993831.962155991] [tf_help]: Data time: 1785993831s 535010487ns, Transform time: 1785993562s 912656884ns
[ERROR] [1785993832.062300318] [tf_help]: Transform data too old when converting from map to odom
[ERROR] [1785993832.062372948] [tf_help]: Data time: 1785993831s 535010487ns, Transform time: 1785993562s 912656884ns
[ERROR] [1785993832.162267866] [tf_help]: Transform data too old when converting from map to odom
[ERROR] [1785993832.162335052] [tf_help]: Data time: 1785993831s 535010487ns, Transform time: 1785993562s 912656884ns
[ERROR] [1785993832.262301507] [tf_help]: Transform data too old when converting from map to odom
[ERROR] [1785993832.262371286] [tf_help]: Data time: 1785993831s 535010487ns, Transform time: 1785993562s 912656884ns
[ERROR] [1785993832.362048943] [tf_help]: Transform data too old when converting from map to odom
[ERROR] [1785993832.362160240] [tf_help]: Data time: 1785993831s 535010487ns, Transform time: 1785993562s 912656884ns
[ERROR] [1785993832.462071473] [tf_help]: Transform data too old when converting from map to odom
[ERROR] [1785993832.462138677] [tf_help]: Data time: 1785993831s 535010487ns, Transform time: 1785993562s 912656884ns
[ERROR] [1785993832.562169115] [tf_help]: Transform data too old when converting from map to odom
[ERROR] [1785993832.562249134] [tf_help]: Data time: 1785993831s 535010487ns, Transform time: 1785993562s 912656884ns
[ERROR] [1785993832.661711068] [tf_help]: Transform data too old when converting from map to odom
[ERROR] [1785993832.661784994] [tf_help]: Data time: 1785993831s 535010487ns, Transform time: 1785993562s 912656884ns
[INFO] [1785993832.759646105] [controller_server]: Passing new path to controller.
[ERROR] [1785993832.762547713] [tf_help]: Transform data too old when converting from map to odom
[ERROR] [1785993832.762617455] [tf_help]: Data time: 1785993832s 598702512ns, Transform time: 1785993562s 912656884ns
[ERROR] [1785993832.862106259] [tf_help]: Transform data too old when converting from map to odom
[ERROR] [1785993832.862178852] [tf_help]: Data time: 1785993832s 598702512ns, Transform time: 1785993562s 912656884ns
[ERROR] [1785993832.962291624] [tf_help]: Transform data too old when converting from map to odom
[ERROR] [1785993832.962363365] [tf_help]: Data time: 1785993832s 598702512ns, Transform time: 1785993562s 912656884ns
[ERROR] [1785993833.062039171] [tf_help]: Transform data too old when converting from map to odom
[ERROR] [1785993833.062117004] [tf_help]: Data time: 1785993832s 598702512ns, Transform time: 1785993562s 912656884ns
[ERROR] [1785993833.162179127] [tf_help]: Transform data too old when converting from map to odom
[ERROR] [1785993833.162259220] [tf_help]: Data time: 1785993832s 598702512ns, Transform time: 1785993562s 912656884ns
[ERROR] [1785993833.262179990] [tf_help]: Transform data too old when converting from map to odom
[ERROR] [1785993833.262257750] [tf_help]: Data time: 1785993832s 598702512ns, Transform time: 1785993562s 912656884ns
[ERROR] [1785993833.362212668] [tf_help]: Transform data too old when converting from map to odom
[ERROR] [1785993833.362287298] [tf_help]: Data time: 1785993832s 598702512ns, Transform time: 1785993562s 912656884ns
[ERROR] [1785993833.462186365] [tf_help]: Transform data too old when converting from map to odom
[ERROR] [1785993833.462256180] [tf_help]: Data time: 1785993832s 598702512ns, Transform time: 1785993562s 912656884ns
[ERROR] [1785993833.562066394] [tf_help]: Transform data too old when converting from map to odom
[ERROR] [1785993833.562143654] [tf_help]: Data time: 1785993832s 598702512ns, Transform time: 1785993562s 912656884ns
[ERROR] [1785993833.662152313] [tf_help]: Transform data too old when converting from map to odom
[ERROR] [1785993833.662219425] [tf_help]: Data time: 1785993832s 598702512ns, Transform time: 1785993562s 912656884ns
[INFO] [1785993833.759645219] [controller_server]: Passing new path to controller.
[ERROR] [1785993833.762724568] [tf_help]: Transform data too old when converting from map to odom
[ERROR] [1785993833.762798846] [tf_help]: Data time: 1785993833s 667824491ns, Transform time: 1785993562s 912656884ns
[ERROR] [1785993833.862178984] [tf_help]: Transform data too old when converting from map to odom
[ERROR] [1785993833.862256059] [tf_help]: Data time: 1785993833s 667824491ns, Transform time: 1785993562s 912656884ns
[ERROR] [1785993833.962184829] [tf_help]: Transform data too old when converting from map to odom
[ERROR] [1785993833.962813869] [tf_help]: Data time: 1785993833s 667824491ns, Transform time: 1785993562s 912656884ns
[ERROR] [1785993834.062487786] [tf_help]: Transform data too old when converting from map to odom
[ERROR] [1785993834.062799121] [tf_help]: Data time: 1785993833s 667824491ns, Transform time: 1785993562s 912656884ns
[ERROR] [1785993834.162250333] [tf_help]: Transform data too old when converting from map to odom
[ERROR] [1785993834.162335111] [tf_help]: Data time: 1785993833s 667824491ns, Transform time: 1785993562s 912656884ns
[ERROR] [1785993834.262158844] [tf_help]: Transform data too old when converting from map to odom
[ERROR] [1785993834.262231326] [tf_help]: Data time: 1785993833s 667824491ns, Transform time: 1785993562s 912656884ns
[ERROR] [1785993834.359759880] [controller_server]: Failed to make progress
[INFO] [1785993834.360107511] [controller_server]: Optimizer reset
[WARN] [1785993834.360146697] [controller_server]: [follow_path] [ActionServer] Aborting handle.
[INFO] [1785993834.377381714] [local_costmap.local_costmap]: Received request to clear entirely the local_costmap
[INFO] [1785993834.378388960] [controller_server]: Received a goal, begin computing control effort.
[ERROR] [1785993834.401591694] [tf_help]: Transform data too old when converting from map to odom
[ERROR] [1785993834.401668472] [tf_help]: Data time: 1785993833s 667824491ns, Transform time: 1785993562s 912656884ns
[ERROR] [1785993834.481187430] [tf_help]: Transform data too old when converting from map to odom
[ERROR] [1785993834.481940638] [tf_help]: Data time: 1785993833s 667824491ns, Transform time: 1785993562s 912656884ns
[ERROR] [1785993834.581200109] [tf_help]: Transform data too old when converting from map to odom
[ERROR] [1785993834.581280998] [tf_help]: Data time: 1785993833s 667824491ns, Transform time: 1785993562s 912656884ns
[ERROR] [1785993834.681283417] [tf_help]: Transform data too old when converting from map to odom
[ERROR] [1785993834.681973920] [tf_help]: Data time: 1785993833s 667824491ns, Transform time: 1785993562s 912656884ns
[ERROR] [1785993834.784306518] [tf_help]: Transform data too old when converting from map to odom
[ERROR] [1785993834.784378129] [tf_help]: Data time: 1785993833s 667824491ns, Transform time: 1785993562s 912656884ns
[INFO] [1785993834.878617518] [controller_server]: Passing new path to controller.
[ERROR] [1785993834.881623404] [tf_help]: Transform data too old when converting from map to odom
[ERROR] [1785993834.881704071] [tf_help]: Data time: 1785993834s 737520770ns, Transform time: 1785993562s 912656884ns
[ERROR] [1785993834.981274599] [tf_help]: Transform data too old when converting from map to odom
[ERROR] [1785993834.981346358] [tf_help]: Data time: 1785993834s 737520770ns, Transform time: 1785993562s 912656884ns
[ERROR] [1785993835.081290943] [tf_help]: Transform data too old when converting from map to odom
[ERROR] [1785993835.081375222] [tf_help]: Data time: 1785993834s 737520770ns, Transform time: 1785993562s 912656884ns
[ERROR] [1785993835.181257899] [tf_help]: Transform data too old when converting from map to odom
[ERROR] [1785993835.182030070] [tf_help]: Data time: 1785993834s 737520770ns, Transform time: 1785993562s 912656884ns
[ERROR] [1785993835.281348003] [tf_help]: Transform data too old when converting from map to odom
[ERROR] [1785993835.281429430] [tf_help]: Data time: 1785993834s 737520770ns, Transform time: 1785993562s 912656884ns
[ERROR] [1785993835.381310792] [tf_help]: Transform data too old when converting from map to odom
[ERROR] [1785993835.381387367] [tf_help]: Data time: 1785993834s 737520770ns, Transform time: 1785993562s 912656884ns
[ERROR] [1785993835.481254414] [tf_help]: Transform data too old when converting from map to odom
[ERROR] [1785993835.481328748] [tf_help]: Data time: 1785993834s 737520770ns, Transform time: 1785993562s 912656884ns
[ERROR] [1785993835.581274166] [tf_help]: Transform data too old when converting from map to odom
[ERROR] [1785993835.581354982] [tf_help]: Data time: 1785993834s 737520770ns, Transform time: 1785993562s 912656884ns
[ERROR] [1785993835.681448419] [tf_help]: Transform data too old when converting from map to odom
[ERROR] [1785993835.681521846] [tf_help]: Data time: 1785993834s 737520770ns, Transform time: 1785993562s 912656884ns
[ERROR] [1785993835.780643352] [tf_help]: Transform data too old when converting from map to odom
[ERROR] [1785993835.780718594] [tf_help]: Data time: 1785993834s 737520770ns, Transform time: 1785993562s 912656884ns
[ERROR] [1785993835.880742864] [tf_help]: Transform data too old when converting from map to odom
[ERROR] [1785993835.880801791] [tf_help]: Data time: 1785993834s 737520770ns, Transform time: 1785993562s 912656884ns
[INFO] [1785993835.978628827] [controller_server]: Passing new path to controller.
[ERROR] [1785993835.981400305] [tf_help]: Transform data too old when converting from map to odom
[ERROR] [1785993835.981482602] [tf_help]: Data time: 1785993835s 817869142ns, Transform time: 1785993562s 912656884ns
[ERROR] [1785993836.081305427] [tf_help]: Transform data too old when converting from map to odom
[ERROR] [1785993836.082693045] [tf_help]: Data time: 1785993835s 817869142ns, Transform time: 1785993562s 912656884ns
[ERROR] [1785993836.180811213] [tf_help]: Transform data too old when converting from map to odom
[ERROR] [1785993836.181524439] [tf_help]: Data time: 1785993835s 817869142ns, Transform time: 1785993562s 912656884ns
[ERROR] [1785993836.280750113] [tf_help]: Transform data too old when converting from map to odom
[ERROR] [1785993836.280833632] [tf_help]: Data time: 1785993835s 817869142ns, Transform time: 1785993562s 912656884ns
[ERROR] [1785993836.381258775] [tf_help]: Transform data too old when converting from map to odom
[ERROR] [1785993836.381992705] [tf_help]: Data time: 1785993835s 817869142ns, Transform time: 1785993562s 912656884ns
[ERROR] [1785993836.481313954] [tf_help]: Transform data too old when converting from map to odom
[ERROR] [1785993836.481411417] [tf_help]: Data time: 1785993835s 817869142ns, Transform time: 1785993562s 912656884ns
[ERROR] [1785993836.581409984] [tf_help]: Transform data too old when converting from map to odom
[ERROR] [1785993836.581484096] [tf_help]: Data time: 1785993835s 817869142ns, Transform time: 1785993562s 912656884ns
[ERROR] [1785993836.681382940] [tf_help]: Transform data too old when converting from map to odom
[ERROR] [1785993836.681462551] [tf_help]: Data time: 1785993835s 817869142ns, Transform time: 1785993562s 912656884ns
[ERROR] [1785993836.781380858] [tf_help]: Transform data too old when converting from map to odom
[ERROR] [1785993836.796207474] [tf_help]: Data time: 1785993835s 817869142ns, Transform time: 1785993562s 912656884ns
[ERROR] [1785993836.881309240] [tf_help]: Transform data too old when converting from map to odom
[ERROR] [1785993836.881380518] [tf_help]: Data time: 1785993835s 817869142ns, Transform time: 1785993562s 912656884ns
[INFO] [1785993836.978616496] [controller_server]: Passing new path to controller.
[ERROR] [1785993836.981596567] [tf_help]: Transform data too old when converting from map to odom
[ERROR] [1785993836.981668716] [tf_help]: Data time: 1785993836s 887881515ns, Transform time: 1785993562s 912656884ns
[ERROR] [1785993837.081375726] [tf_help]: Transform data too old when converting from map to odom
[ERROR] [1785993837.081461726] [tf_help]: Data time: 1785993836s 887881515ns, Transform time: 1785993562s 912656884ns
[ERROR] [1785993837.181365181] [tf_help]: Transform data too old when converting from map to odom
[ERROR] [1785993837.181436404] [tf_help]: Data time: 1785993836s 887881515ns, Transform time: 1785993562s 912656884ns
[ERROR] [1785993837.281351544] [tf_help]: Transform data too old when converting from map to odom
[ERROR] [1785993837.281441712] [tf_help]: Data time: 1785993836s 887881515ns, Transform time: 1785993562s 912656884ns
[ERROR] [1785993837.381274166] [tf_help]: Transform data too old when converting from map to odom
[ERROR] [1785993837.381357722] [tf_help]: Data time: 1785993836s 887881515ns, Transform time: 1785993562s 912656884ns
[ERROR] [1785993837.481520846] [tf_help]: Transform data too old when converting from map to odom
[ERROR] [1785993837.481595791] [tf_help]: Data time: 1785993836s 887881515ns, Transform time: 1785993562s 912656884ns
[ERROR] [1785993837.581435412] [tf_help]: Transform data too old when converting from map to odom
[ERROR] [1785993837.581518690] [tf_help]: Data time: 1785993836s 887881515ns, Transform time: 1785993562s 912656884ns
[ERROR] [1785993837.681308015] [tf_help]: Transform data too old when converting from map to odom
[ERROR] [1785993837.681381053] [tf_help]: Data time: 1785993836s 887881515ns, Transform time: 1785993562s 912656884ns
[ERROR] [1785993837.781305101] [tf_help]: Transform data too old when converting from map to odom
[ERROR] [1785993837.781381953] [tf_help]: Data time: 1785993836s 887881515ns, Transform time: 1785993562s 912656884ns
[ERROR] [1785993837.881443613] [tf_help]: Transform data too old when converting from map to odom
[ERROR] [1785993837.881521724] [tf_help]: Data time: 1785993836s 887881515ns, Transform time: 1785993562s 912656884ns
[ERROR] [1785993837.985397201] [tf_help]: Transform data too old when converting from map to odom
[ERROR] [1785993837.985702128] [tf_help]: Data time: 1785993836s 887881515ns, Transform time: 1785993562s 912656884ns
[INFO] [1785993838.078638695] [controller_server]: Passing new path to controller.
[ERROR] [1785993838.081668525] [tf_help]: Transform data too old when converting from map to odom
[ERROR] [1785993838.081764341] [tf_help]: Data time: 1785993837s 967530421ns, Transform time: 1785993562s 912656884ns
[ERROR] [1785993838.181253683] [tf_help]: Transform data too old when converting from map to odom
[ERROR] [1785993838.181342461] [tf_help]: Data time: 1785993837s 967530421ns, Transform time: 1785993562s 912656884ns
[ERROR] [1785993838.281630455] [tf_help]: Transform data too old when converting from map to odom
[ERROR] [1785993838.281724752] [tf_help]: Data time: 1785993837s 967530421ns, Transform time: 1785993562s 912656884ns
[ERROR] [1785993838.381406632] [tf_help]: Transform data too old when converting from map to odom
[ERROR] [1785993838.381487577] [tf_help]: Data time: 1785993837s 967530421ns, Transform time: 1785993562s 912656884ns
[ERROR] [1785993838.481289495] [tf_help]: Transform data too old when converting from map to odom
[ERROR] [1785993838.481359699] [tf_help]: Data time: 1785993837s 967530421ns, Transform time: 1785993562s 912656884ns
[ERROR] [1785993838.581190783] [tf_help]: Transform data too old when converting from map to odom
[ERROR] [1785993838.581272858] [tf_help]: Data time: 1785993837s 967530421ns, Transform time: 1785993562s 912656884ns
[ERROR] [1785993838.681476000] [tf_help]: Transform data too old when converting from map to odom
[ERROR] [1785993838.681564463] [tf_help]: Data time: 1785993837s 967530421ns, Transform time: 1785993562s 912656884ns
[ERROR] [1785993838.781410863] [tf_help]: Transform data too old when converting from map to odom
[ERROR] [1785993838.781489493] [tf_help]: Data time: 1785993837s 967530421ns, Transform time: 1785993562s 912656884ns
[ERROR] [1785993838.881266169] [tf_help]: Transform data too old when converting from map to odom
[ERROR] [1785993838.881340133] [tf_help]: Data time: 1785993837s 967530421ns, Transform time: 1785993562s 912656884ns
[ERROR] [1785993838.981257718] [tf_help]: Transform data too old when converting from map to odom
[ERROR] [1785993838.981342366] [tf_help]: Data time: 1785993837s 967530421ns, Transform time: 1785993562s 912656884ns
[ERROR] [1785993839.084550913] [tf_help]: Transform data too old when converting from map to odom
[ERROR] [1785993839.084861841] [tf_help]: Data time: 1785993837s 967530421ns, Transform time: 1785993562s 912656884ns
[INFO] [1785993839.178640097] [controller_server]: Passing new path to controller.
[ERROR] [1785993839.181807243] [tf_help]: Transform data too old when converting from map to odom
[ERROR] [1785993839.181875670] [tf_help]: Data time: 1785993839s 47753551ns, Transform time: 1785993562s 912656884ns
[ERROR] [1785993839.281291270] [tf_help]: Transform data too old when converting from map to odom
[ERROR] [1785993839.282077497] [tf_help]: Data time: 1785993839s 47753551ns, Transform time: 1785993562s 912656884ns
[ERROR] [1785993839.381309004] [tf_help]: Transform data too old when converting from map to odom
[ERROR] [1785993839.381372319] [tf_help]: Data time: 1785993839s 47753551ns, Transform time: 1785993562s 912656884ns
[ERROR] [1785993839.481421590] [tf_help]: Transform data too old when converting from map to odom
[ERROR] [1785993839.481500683] [tf_help]: Data time: 1785993839s 47753551ns, Transform time: 1785993562s 912656884ns
[ERROR] [1785993839.581513861] [tf_help]: Transform data too old when converting from map to odom
[ERROR] [1785993839.581594436] [tf_help]: Data time: 1785993839s 47753551ns, Transform time: 1785993562s 912656884ns
[ERROR] [1785993839.681356705] [tf_help]: Transform data too old when converting from map to odom
[ERROR] [1785993839.681427557] [tf_help]: Data time: 1785993839s 47753551ns, Transform time: 1785993562s 912656884ns
[ERROR] [1785993839.781418050] [tf_help]: Transform data too old when converting from map to odom
[ERROR] [1785993839.781490772] [tf_help]: Data time: 1785993839s 47753551ns, Transform time: 1785993562s 912656884ns
[ERROR] [1785993839.881508969] [tf_help]: Transform data too old when converting from map to odom
[ERROR] [1785993839.881587377] [tf_help]: Data time: 1785993839s 47753551ns, Transform time: 1785993562s 912656884ns
[ERROR] [1785993839.981467610] [tf_help]: Transform data too old when converting from map to odom
[ERROR] [1785993839.981539777] [tf_help]: Data time: 1785993839s 47753551ns, Transform time: 1785993562s 912656884ns
[ERROR] [1785993840.081333583] [tf_help]: Transform data too old when converting from map to odom
[ERROR] [1785993840.081395269] [tf_help]: Data time: 1785993839s 47753551ns, Transform time: 1785993562s 912656884ns
[ERROR] [1785993840.180712499] [tf_help]: Transform data too old when converting from map to odom
[ERROR] [1785993840.180783499] [tf_help]: Data time: 1785993839s 47753551ns, Transform time: 1785993562s 912656884ns
[INFO] [1785993840.278613980] [controller_server]: Passing new path to controller.
[ERROR] [1785993840.281917942] [tf_help]: Transform data too old when converting from map to odom
[ERROR] [1785993840.281999406] [tf_help]: Data time: 1785993840s 127511402ns, Transform time: 1785993562s 912656884ns
[ERROR] [1785993840.381513729] [tf_help]: Transform data too old when converting from map to odom
[ERROR] [1785993840.382218400] [tf_help]: Data time: 1785993840s 127511402ns, Transform time: 1785993562s 912656884ns
[ERROR] [1785993840.478734226] [controller_server]: Failed to make progress
[INFO] [1785993840.479143469] [controller_server]: Optimizer reset
[WARN] [1785993840.479198043] [controller_server]: [follow_path] [ActionServer] Aborting handle.
[INFO] [1785993840.491220922] [local_costmap.local_costmap]: Received request to clear entirely the local_costmap
[INFO] [1785993865.611607147] [controller_server]: Received a goal, begin computing control effort.
[ERROR] [1785993865.614794572] [tf_help]: Transform data too old when converting from map to odom
[ERROR] [1785993865.614875739] [tf_help]: Data time: 1785993865s 552734020ns, Transform time: 1785993562s 912656884ns
[ERROR] [1785993865.714441192] [tf_help]: Transform data too old when converting from map to odom
[ERROR] [1785993865.714513304] [tf_help]: Data time: 1785993865s 552734020ns, Transform time: 1785993562s 912656884ns
[ERROR] [1785993865.813853719] [tf_help]: Transform data too old when converting from map to odom
[ERROR] [1785993865.813922478] [tf_help]: Data time: 1785993865s 552734020ns, Transform time: 1785993562s 912656884ns
[ERROR] [1785993865.914079898] [tf_help]: Transform data too old when converting from map to odom
[ERROR] [1785993865.914447159] [tf_help]: Data time: 1785993865s 552734020ns, Transform time: 1785993562s 912656884ns
[ERROR] [1785993866.014183410] [tf_help]: Transform data too old when converting from map to odom
[ERROR] [1785993866.014268003] [tf_help]: Data time: 1785993865s 552734020ns, Transform time: 1785993562s 912656884ns
[ERROR] [1785993866.114147439] [tf_help]: Transform data too old when converting from map to odom
[ERROR] [1785993866.114251662] [tf_help]: Data time: 1785993865s 552734020ns, Transform time: 1785993562s 912656884ns
[ERROR] [1785993866.214123303] [tf_help]: Transform data too old when converting from map to odom
[ERROR] [1785993866.214192377] [tf_help]: Data time: 1785993865s 552734020ns, Transform time: 1785993562s 912656884ns
[ERROR] [1785993866.314021184] [tf_help]: Transform data too old when converting from map to odom
[ERROR] [1785993866.314092425] [tf_help]: Data time: 1785993865s 552734020ns, Transform time: 1785993562s 912656884ns
[ERROR] [1785993866.417055600] [tf_help]: Transform data too old when converting from map to odom
[ERROR] [1785993866.417158508] [tf_help]: Data time: 1785993865s 552734020ns, Transform time: 1785993562s 912656884ns
[ERROR] [1785993866.513989243] [tf_help]: Transform data too old when converting from map to odom
[ERROR] [1785993866.514069818] [tf_help]: Data time: 1785993865s 552734020ns, Transform time: 1785993562s 912656884ns
[ERROR] [1785993866.614472368] [tf_help]: Transform data too old when converting from map to odom
[ERROR] [1785993866.615511151] [tf_help]: Data time: 1785993865s 552734020ns, Transform time: 1785993562s 912656884ns
[INFO] [1785993866.711843995] [controller_server]: Passing new path to controller.
[ERROR] [1785993866.714908641] [tf_help]: Transform data too old when converting from map to odom
[ERROR] [1785993866.714991067] [tf_help]: Data time: 1785993866s 622198631ns, Transform time: 1785993562s 912656884ns
[ERROR] [1785993866.814212297] [tf_help]: Transform data too old when converting from map to odom
[ERROR] [1785993866.814290686] [tf_help]: Data time: 1785993866s 622198631ns, Transform time: 1785993562s 912656884ns
[ERROR] [1785993866.914662440] [tf_help]: Transform data too old when converting from map to odom
[ERROR] [1785993866.914761126] [tf_help]: Data time: 1785993866s 622198631ns, Transform time: 1785993562s 912656884ns
[ERROR] [1785993867.014628970] [tf_help]: Transform data too old when converting from map to odom
[ERROR] [1785993867.016006755] [tf_help]: Data time: 1785993866s 622198631ns, Transform time: 1785993562s 912656884ns
[ERROR] [1785993867.114817889] [tf_help]: Transform data too old when converting from map to odom
[ERROR] [1785993867.114894520] [tf_help]: Data time: 1785993866s 622198631ns, Transform time: 1785993562s 912656884ns
[ERROR] [1785993867.214564640] [tf_help]: Transform data too old when converting from map to odom
[ERROR] [1785993867.214650289] [tf_help]: Data time: 1785993866s 622198631ns, Transform time: 1785993562s 912656884ns
[ERROR] [1785993867.314375762] [tf_help]: Transform data too old when converting from map to odom
[ERROR] [1785993867.314453929] [tf_help]: Data time: 1785993866s 622198631ns, Transform time: 1785993562s 912656884ns
[ERROR] [1785993867.414468070] [tf_help]: Transform data too old when converting from map to odom
[ERROR] [1785993867.414542033] [tf_help]: Data time: 1785993866s 622198631ns, Transform time: 1785993562s 912656884ns
[ERROR] [1785993867.514777823] [tf_help]: Transform data too old when converting from map to odom
[ERROR] [1785993867.514872268] [tf_help]: Data time: 1785993866s 622198631ns, Transform time: 1785993562s 912656884ns
[ERROR] [1785993867.614331962] [tf_help]: Transform data too old when converting from map to odom
[ERROR] [1785993867.614413166] [tf_help]: Data time: 1785993866s 622198631ns, Transform time: 1785993562s 912656884ns
[ERROR] [1785993867.719089443] [tf_help]: Transform data too old when converting from map to odom
[ERROR] [1785993867.719461038] [tf_help]: Data time: 1785993866s 622198631ns, Transform time: 1785993562s 912656884ns
[INFO] [1785993867.811853860] [controller_server]: Passing new path to controller.
[ERROR] [1785993867.814562912] [tf_help]: Transform data too old when converting from map to odom
[ERROR] [1785993867.814642727] [tf_help]: Data time: 1785993867s 701423053ns, Transform time: 1785993562s 912656884ns
[ERROR] [1785993867.915089870] [tf_help]: Transform data too old when converting from map to odom
[ERROR] [1785993867.915201204] [tf_help]: Data time: 1785993867s 701423053ns, Transform time: 1785993562s 912656884ns
[ERROR] [1785993868.014473064] [tf_help]: Transform data too old when converting from map to odom
[ERROR] [1785993868.014555712] [tf_help]: Data time: 1785993867s 701423053ns, Transform time: 1785993562s 912656884ns
[ERROR] [1785993868.114402574] [tf_help]: Transform data too old when converting from map to odom
[ERROR] [1785993868.115129708] [tf_help]: Data time: 1785993867s 701423053ns, Transform time: 1785993562s 912656884ns
[ERROR] [1785993868.214561605] [tf_help]: Transform data too old when converting from map to odom
[ERROR] [1785993868.214634698] [tf_help]: Data time: 1785993867s 701423053ns, Transform time: 1785993562s 912656884ns
[ERROR] [1785993868.314468153] [tf_help]: Transform data too old when converting from map to odom
[ERROR] [1785993868.314553320] [tf_help]: Data time: 1785993867s 701423053ns, Transform time: 1785993562s 912656884ns
[ERROR] [1785993868.415262891] [tf_help]: Transform data too old when converting from map to odom
[ERROR] [1785993868.415337150] [tf_help]: Data time: 1785993867s 701423053ns, Transform time: 1785993562s 912656884ns
[ERROR] [1785993868.514689418] [tf_help]: Transform data too old when converting from map to odom
[ERROR] [1785993868.514772955] [tf_help]: Data time: 1785993867s 701423053ns, Transform time: 1785993562s 912656884ns
[ERROR] [1785993868.614436705] [tf_help]: Transform data too old when converting from map to odom
[ERROR] [1785993868.614520965] [tf_help]: Data time: 1785993867s 701423053ns, Transform time: 1785993562s 912656884ns
[ERROR] [1785993868.714783348] [tf_help]: Transform data too old when converting from map to odom
[ERROR] [1785993868.714858682] [tf_help]: Data time: 1785993867s 701423053ns, Transform time: 1785993562s 912656884ns
[ERROR] [1785993868.823324534] [tf_help]: Transform data too old when converting from map to odom
[ERROR] [1785993868.823484257] [tf_help]: Data time: 1785993867s 701423053ns, Transform time: 1785993562s 912656884ns
[INFO] [1785993868.911840466] [controller_server]: Passing new path to controller.
[ERROR] [1785993868.914914649] [tf_help]: Transform data too old when converting from map to odom
[ERROR] [1785993868.914994501] [tf_help]: Data time: 1785993868s 779747970ns, Transform time: 1785993562s 912656884ns
[ERROR] [1785993869.014164249] [tf_help]: Transform data too old when converting from map to odom
[ERROR] [1785993869.014241287] [tf_help]: Data time: 1785993868s 779747970ns, Transform time: 1785993562s 912656884ns
[ERROR] [1785993869.115181247] [tf_help]: Transform data too old when converting from map to odom
[ERROR] [1785993869.115257803] [tf_help]: Data time: 1785993868s 779747970ns, Transform time: 1785993562s 912656884ns
[ERROR] [1785993869.214497162] [tf_help]: Transform data too old when converting from map to odom
[ERROR] [1785993869.214578737] [tf_help]: Data time: 1785993868s 779747970ns, Transform time: 1785993562s 912656884ns
[ERROR] [1785993869.315431753] [tf_help]: Transform data too old when converting from map to odom
[ERROR] [1785993869.315495290] [tf_help]: Data time: 1785993868s 779747970ns, Transform time: 1785993562s 912656884ns
[ERROR] [1785993869.414497241] [tf_help]: Transform data too old when converting from map to odom
[ERROR] [1785993869.414575093] [tf_help]: Data time: 1785993868s 779747970ns, Transform time: 1785993562s 912656884ns
[ERROR] [1785993869.514457992] [tf_help]: Transform data too old when converting from map to odom
[ERROR] [1785993869.514531122] [tf_help]: Data time: 1785993868s 779747970ns, Transform time: 1785993562s 912656884ns
[ERROR] [1785993869.614281299] [tf_help]: Transform data too old when converting from map to odom
[ERROR] [1785993869.614355892] [tf_help]: Data time: 1785993868s 779747970ns, Transform time: 1785993562s 912656884ns
[ERROR] [1785993869.714422330] [tf_help]: Transform data too old when converting from map to odom
[ERROR] [1785993869.714494460] [tf_help]: Data time: 1785993868s 779747970ns, Transform time: 1785993562s 912656884ns
[ERROR] [1785993869.814478952] [tf_help]: Transform data too old when converting from map to odom
[ERROR] [1785993869.814552823] [tf_help]: Data time: 1785993868s 779747970ns, Transform time: 1785993562s 912656884ns
[ERROR] [1785993869.914123295] [tf_help]: Transform data too old when converting from map to odom
[ERROR] [1785993869.914194925] [tf_help]: Data time: 1785993868s 779747970ns, Transform time: 1785993562s 912656884ns
[INFO] [1785993870.011836887] [controller_server]: Passing new path to controller.
[ERROR] [1785993870.014778625] [tf_help]: Transform data too old when converting from map to odom
[ERROR] [1785993870.014855847] [tf_help]: Data time: 1785993869s 859752952ns, Transform time: 1785993562s 912656884ns
[ERROR] [1785993870.114420412] [tf_help]: Transform data too old when converting from map to odom
[ERROR] [1785993870.114508912] [tf_help]: Data time: 1785993869s 859752952ns, Transform time: 1785993562s 912656884ns
[ERROR] [1785993870.214346701] [tf_help]: Transform data too old when converting from map to odom
[ERROR] [1785993870.214656406] [tf_help]: Data time: 1785993869s 859752952ns, Transform time: 1785993562s 912656884ns
[ERROR] [1785993870.314488842] [tf_help]: Transform data too old when converting from map to odom
[ERROR] [1785993870.314565880] [tf_help]: Data time: 1785993869s 859752952ns, Transform time: 1785993562s 912656884ns
[ERROR] [1785993870.414984412] [tf_help]: Transform data too old when converting from map to odom
[ERROR] [1785993870.415069949] [tf_help]: Data time: 1785993869s 859752952ns, Transform time: 1785993562s 912656884ns
[ERROR] [1785993870.515005090] [tf_help]: Transform data too old when converting from map to odom
[ERROR] [1785993870.515090794] [tf_help]: Data time: 1785993869s 859752952ns, Transform time: 1785993562s 912656884ns
[ERROR] [1785993870.614092541] [tf_help]: Transform data too old when converting from map to odom
[ERROR] [1785993870.614179560] [tf_help]: Data time: 1785993869s 859752952ns, Transform time: 1785993562s 912656884ns
[ERROR] [1785993870.714785704] [tf_help]: Transform data too old when converting from map to odom
[ERROR] [1785993870.714867001] [tf_help]: Data time: 1785993869s 859752952ns, Transform time: 1785993562s 912656884ns
[ERROR] [1785993870.814385380] [tf_help]: Transform data too old when converting from map to odom
[ERROR] [1785993870.815364626] [tf_help]: Data time: 1785993869s 859752952ns, Transform time: 1785993562s 912656884ns
[ERROR] [1785993870.915019283] [tf_help]: Transform data too old when converting from map to odom
[ERROR] [1785993870.916436495] [tf_help]: Data time: 1785993869s 859752952ns, Transform time: 1785993562s 912656884ns
[INFO] [1785993871.012121150] [controller_server]: Passing new path to controller.
[ERROR] [1785993871.016876675] [tf_help]: Transform data too old when converting from map to odom
[ERROR] [1785993871.016956101] [tf_help]: Data time: 1785993870s 920003773ns, Transform time: 1785993562s 912656884ns
[ERROR] [1785993871.114834379] [tf_help]: Transform data too old when converting from map to odom
[ERROR] [1785993871.114915380] [tf_help]: Data time: 1785993870s 920003773ns, Transform time: 1785993562s 912656884ns
[ERROR] [1785993871.214556315] [tf_help]: Transform data too old when converting from map to odom
[ERROR] [1785993871.214637019] [tf_help]: Data time: 1785993870s 920003773ns, Transform time: 1785993562s 912656884ns
[ERROR] [1785993871.314420585] [tf_help]: Transform data too old when converting from map to odom
[ERROR] [1785993871.314500844] [tf_help]: Data time: 1785993870s 920003773ns, Transform time: 1785993562s 912656884ns
[ERROR] [1785993871.414659783] [tf_help]: Transform data too old when converting from map to odom
[ERROR] [1785993871.414741024] [tf_help]: Data time: 1785993870s 920003773ns, Transform time: 1785993562s 912656884ns
[ERROR] [1785993871.514409256] [tf_help]: Transform data too old when converting from map to odom
[ERROR] [1785993871.514487089] [tf_help]: Data time: 1785993870s 920003773ns, Transform time: 1785993562s 912656884ns
[ERROR] [1785993871.611938680] [controller_server]: Failed to make progress
[INFO] [1785993871.612298070] [controller_server]: Optimizer reset
[WARN] [1785993871.612355645] [controller_server]: [follow_path] [ActionServer] Aborting handle.
[INFO] [1785993871.629530921] [local_costmap.local_costmap]: Received request to clear entirely the local_costmap
[INFO] [1785993871.630514148] [controller_server]: Received a goal, begin computing control effort.
[ERROR] [1785993871.802772320] [tf_help]: Transform data too old when converting from map to odom
[ERROR] [1785993871.802846599] [tf_help]: Data time: 1785993870s 920003773ns, Transform time: 1785993562s 912656884ns
[WARN] [1785993871.802880284] [controller_server]: Control loop missed its desired rate of 10.0000 Hz. Current loop rate is 5.8065 Hz.
[ERROR] [1785993871.805208648] [tf_help]: Transform data too old when converting from map to odom
[ERROR] [1785993871.805271408] [tf_help]: Data time: 1785993870s 920003773ns, Transform time: 1785993562s 912656884ns
[ERROR] [1785993871.905192233] [tf_help]: Transform data too old when converting from map to odom
[ERROR] [1785993871.905894108] [tf_help]: Data time: 1785993870s 920003773ns, Transform time: 1785993562s 912656884ns
[ERROR] [1785993872.029306410] [tf_help]: Transform data too old when converting from map to odom
[ERROR] [1785993872.029381095] [tf_help]: Data time: 1785993870s 920003773ns, Transform time: 1785993562s 912656884ns
[INFO] [1785993872.103024152] [controller_server]: Passing new path to controller.
[ERROR] [1785993872.106360873] [tf_help]: Transform data too old when converting from map to odom
[ERROR] [1785993872.106420948] [tf_help]: Data time: 1785993871s 991015299ns, Transform time: 1785993562s 912656884ns
[ERROR] [1785993872.205223379] [tf_help]: Transform data too old when converting from map to odom
[ERROR] [1785993872.206102939] [tf_help]: Data time: 1785993871s 991015299ns, Transform time: 1785993562s 912656884ns
[ERROR] [1785993872.305447854] [tf_help]: Transform data too old when converting from map to odom
[ERROR] [1785993872.305535040] [tf_help]: Data time: 1785993871s 991015299ns, Transform time: 1785993562s 912656884ns
[ERROR] [1785993872.405422662] [tf_help]: Transform data too old when converting from map to odom
[ERROR] [1785993872.405510718] [tf_help]: Data time: 1785993871s 991015299ns, Transform time: 1785993562s 912656884ns
[ERROR] [1785993872.505434951] [tf_help]: Transform data too old when converting from map to odom
[ERROR] [1785993872.505540877] [tf_help]: Data time: 1785993871s 991015299ns, Transform time: 1785993562s 912656884ns
[ERROR] [1785993872.605663037] [tf_help]: Transform data too old when converting from map to odom
[ERROR] [1785993872.605760205] [tf_help]: Data time: 1785993871s 991015299ns, Transform time: 1785993562s 912656884ns
[ERROR] [1785993872.705591122] [tf_help]: Transform data too old when converting from map to odom
[ERROR] [1785993872.705662808] [tf_help]: Data time: 1785993871s 991015299ns, Transform time: 1785993562s 912656884ns
[ERROR] [1785993872.805361892] [tf_help]: Transform data too old when converting from map to odom
[ERROR] [1785993872.805437670] [tf_help]: Data time: 1785993871s 991015299ns, Transform time: 1785993562s 912656884ns
[ERROR] [1785993872.905539719] [tf_help]: Transform data too old when converting from map to odom
[ERROR] [1785993872.905626719] [tf_help]: Data time: 1785993871s 991015299ns, Transform time: 1785993562s 912656884ns
[ERROR] [1785993873.005672972] [tf_help]: Transform data too old when converting from map to odom
[ERROR] [1785993873.005752639] [tf_help]: Data time: 1785993871s 991015299ns, Transform time: 1785993562s 912656884ns
[ERROR] [1785993873.111605237] [tf_help]: Transform data too old when converting from map to odom
[ERROR] [1785993873.114576641] [tf_help]: Data time: 1785993871s 991015299ns, Transform time: 1785993562s 912656884ns
[INFO] [1785993873.203026851] [controller_server]: Passing new path to controller.
[ERROR] [1785993873.205831291] [tf_help]: Transform data too old when converting from map to odom
[ERROR] [1785993873.205896514] [tf_help]: Data time: 1785993873s 79768623ns, Transform time: 1785993562s 912656884ns
[ERROR] [1785993873.305674728] [tf_help]: Transform data too old when converting from map to odom
[ERROR] [1785993873.305755895] [tf_help]: Data time: 1785993873s 79768623ns, Transform time: 1785993562s 912656884ns
[ERROR] [1785993873.405401349] [tf_help]: Transform data too old when converting from map to odom
[ERROR] [1785993873.406069056] [tf_help]: Data time: 1785993873s 79768623ns, Transform time: 1785993562s 912656884ns
[ERROR] [1785993873.505720343] [tf_help]: Transform data too old when converting from map to odom
[ERROR] [1785993873.505793103] [tf_help]: Data time: 1785993873s 79768623ns, Transform time: 1785993562s 912656884ns
[ERROR] [1785993873.605374575] [tf_help]: Transform data too old when converting from map to odom
[ERROR] [1785993873.605471316] [tf_help]: Data time: 1785993873s 79768623ns, Transform time: 1785993562s 912656884ns
[ERROR] [1785993873.705662551] [tf_help]: Transform data too old when converting from map to odom
[ERROR] [1785993873.705788477] [tf_help]: Data time: 1785993873s 79768623ns, Transform time: 1785993562s 912656884ns
[ERROR] [1785993873.805506135] [tf_help]: Transform data too old when converting from map to odom
[ERROR] [1785993873.805581950] [tf_help]: Data time: 1785993873s 79768623ns, Transform time: 1785993562s 912656884ns
[ERROR] [1785993873.905649573] [tf_help]: Transform data too old when converting from map to odom
[ERROR] [1785993873.905737685] [tf_help]: Data time: 1785993873s 79768623ns, Transform time: 1785993562s 912656884ns
[ERROR] [1785993874.005673825] [tf_help]: Transform data too old when converting from map to odom
[ERROR] [1785993874.005762215] [tf_help]: Data time: 1785993873s 79768623ns, Transform time: 1785993562s 912656884ns
[ERROR] [1785993874.105806356] [tf_help]: Transform data too old when converting from map to odom
[ERROR] [1785993874.105882708] [tf_help]: Data time: 1785993873s 79768623ns, Transform time: 1785993562s 912656884ns
[ERROR] [1785993874.206634612] [tf_help]: Transform data too old when converting from map to odom
[ERROR] [1785993874.206713020] [tf_help]: Data time: 1785993873s 79768623ns, Transform time: 1785993562s 912656884ns
[INFO] [1785993874.303019327] [controller_server]: Passing new path to controller.
[ERROR] [1785993874.305948453] [tf_help]: Transform data too old when converting from map to odom
[ERROR] [1785993874.306022065] [tf_help]: Data time: 1785993874s 157477815ns, Transform time: 1785993562s 912656884ns
[ERROR] [1785993874.405711149] [tf_help]: Transform data too old when converting from map to odom
[ERROR] [1785993874.405774445] [tf_help]: Data time: 1785993874s 157477815ns, Transform time: 1785993562s 912656884ns
[ERROR] [1785993874.505666252] [tf_help]: Transform data too old when converting from map to odom
[ERROR] [1785993874.505751531] [tf_help]: Data time: 1785993874s 157477815ns, Transform time: 1785993562s 912656884ns
[ERROR] [1785993874.605407614] [tf_help]: Transform data too old when converting from map to odom
[ERROR] [1785993874.605487596] [tf_help]: Data time: 1785993874s 157477815ns, Transform time: 1785993562s 912656884ns
[ERROR] [1785993874.705646923] [tf_help]: Transform data too old when converting from map to odom
[ERROR] [1785993874.705787479] [tf_help]: Data time: 1785993874s 157477815ns, Transform time: 1785993562s 912656884ns
[ERROR] [1785993874.805537267] [tf_help]: Transform data too old when converting from map to odom
[ERROR] [1785993874.805614490] [tf_help]: Data time: 1785993874s 157477815ns, Transform time: 1785993562s 912656884ns
[ERROR] [1785993874.905657983] [tf_help]: Transform data too old when converting from map to odom
[ERROR] [1785993874.905747724] [tf_help]: Data time: 1785993874s 157477815ns, Transform time: 1785993562s 912656884ns
[ERROR] [1785993875.005586568] [tf_help]: Transform data too old when converting from map to odom
[ERROR] [1785993875.005648290] [tf_help]: Data time: 1785993874s 157477815ns, Transform time: 1785993562s 912656884ns
[ERROR] [1785993875.105565301] [tf_help]: Transform data too old when converting from map to odom
[ERROR] [1785993875.105636098] [tf_help]: Data time: 1785993874s 157477815ns, Transform time: 1785993562s 912656884ns
[ERROR] [1785993875.205455053] [tf_help]: Transform data too old when converting from map to odom
[ERROR] [1785993875.205531275] [tf_help]: Data time: 1785993874s 157477815ns, Transform time: 1785993562s 912656884ns
[INFO] [1785993875.303019514] [controller_server]: Passing new path to controller.
[ERROR] [1785993875.306220994] [tf_help]: Transform data too old when converting from map to odom
[ERROR] [1785993875.306293013] [tf_help]: Data time: 1785993875s 237354648ns, Transform time: 1785993562s 912656884ns
[ERROR] [1785993875.405380871] [tf_help]: Transform data too old when converting from map to odom
[ERROR] [1785993875.405454186] [tf_help]: Data time: 1785993875s 237354648ns, Transform time: 1785993562s 912656884ns
[ERROR] [1785993875.505654606] [tf_help]: Transform data too old when converting from map to odom
[ERROR] [1785993875.505735495] [tf_help]: Data time: 1785993875s 237354648ns, Transform time: 1785993562s 912656884ns
[ERROR] [1785993875.605464820] [tf_help]: Transform data too old when converting from map to odom
[ERROR] [1785993875.605542672] [tf_help]: Data time: 1785993875s 237354648ns, Transform time: 1785993562s 912656884ns
[ERROR] [1785993875.705565721] [tf_help]: Transform data too old when converting from map to odom
[ERROR] [1785993875.705638221] [tf_help]: Data time: 1785993875s 237354648ns, Transform time: 1785993562s 912656884ns
[ERROR] [1785993875.805496121] [tf_help]: Transform data too old when converting from map to odom
[ERROR] [1785993875.805564806] [tf_help]: Data time: 1785993875s 237354648ns, Transform time: 1785993562s 912656884ns
[ERROR] [1785993875.905666077] [tf_help]: Transform data too old when converting from map to odom
[ERROR] [1785993875.905746004] [tf_help]: Data time: 1785993875s 237354648ns, Transform time: 1785993562s 912656884ns
[ERROR] [1785993876.005455199] [tf_help]: Transform data too old when converting from map to odom
[ERROR] [1785993876.005528940] [tf_help]: Data time: 1785993875s 237354648ns, Transform time: 1785993562s 912656884ns
[ERROR] [1785993876.105671322] [tf_help]: Transform data too old when converting from map to odom
[ERROR] [1785993876.105757489] [tf_help]: Data time: 1785993875s 237354648ns, Transform time: 1785993562s 912656884ns
[ERROR] [1785993876.205571796] [tf_help]: Transform data too old when converting from map to odom
[ERROR] [1785993876.205643167] [tf_help]: Data time: 1785993875s 237354648ns, Transform time: 1785993562s 912656884ns
[ERROR] [1785993876.305694493] [tf_help]: Transform data too old when converting from map to odom
[ERROR] [1785993876.305763586] [tf_help]: Data time: 1785993875s 237354648ns, Transform time: 1785993562s 912656884ns
[INFO] [1785993876.403019916] [controller_server]: Passing new path to controller.
[ERROR] [1785993876.405665449] [tf_help]: Transform data too old when converting from map to odom
[ERROR] [1785993876.405745023] [tf_help]: Data time: 1785993876s 307534281ns, Transform time: 1785993562s 912656884ns
[ERROR] [1785993876.505561274] [tf_help]: Transform data too old when converting from map to odom
[ERROR] [1785993876.505633367] [tf_help]: Data time: 1785993876s 307534281ns, Transform time: 1785993562s 912656884ns
[ERROR] [1785993876.605400951] [tf_help]: Transform data too old when converting from map to odom
[ERROR] [1785993876.605482711] [tf_help]: Data time: 1785993876s 307534281ns, Transform time: 1785993562s 912656884ns
[ERROR] [1785993876.705688075] [tf_help]: Transform data too old when converting from map to odom
[ERROR] [1785993876.705753131] [tf_help]: Data time: 1785993876s 307534281ns, Transform time: 1785993562s 912656884ns
[ERROR] [1785993876.805537641] [tf_help]: Transform data too old when converting from map to odom
[ERROR] [1785993876.805617086] [tf_help]: Data time: 1785993876s 307534281ns, Transform time: 1785993562s 912656884ns
[ERROR] [1785993876.905659209] [tf_help]: Transform data too old when converting from map to odom
[ERROR] [1785993876.905746876] [tf_help]: Data time: 1785993876s 307534281ns, Transform time: 1785993562s 912656884ns
[ERROR] [1785993877.005415756] [tf_help]: Transform data too old when converting from map to odom
[ERROR] [1785993877.005488090] [tf_help]: Data time: 1785993876s 307534281ns, Transform time: 1785993562s 912656884ns
[ERROR] [1785993877.106163623] [tf_help]: Transform data too old when converting from map to odom
[ERROR] [1785993877.106225846] [tf_help]: Data time: 1785993876s 307534281ns, Transform time: 1785993562s 912656884ns
[ERROR] [1785993877.205642558] [tf_help]: Transform data too old when converting from map to odom
[ERROR] [1785993877.205715391] [tf_help]: Data time: 1785993876s 307534281ns, Transform time: 1785993562s 912656884ns
[ERROR] [1785993877.305655162] [tf_help]: Transform data too old when converting from map to odom
[ERROR] [1785993877.305826311] [tf_help]: Data time: 1785993876s 307534281ns, Transform time: 1785993562s 912656884ns
[ERROR] [1785993877.436747652] [tf_help]: Transform data too old when converting from map to odom
[ERROR] [1785993877.436936728] [tf_help]: Data time: 1785993876s 307534281ns, Transform time: 1785993562s 912656884ns
[INFO] [1785993877.503021337] [controller_server]: Passing new path to controller.
[ERROR] [1785993877.506003612] [tf_help]: Transform data too old when converting from map to odom
[ERROR] [1785993877.506060279] [tf_help]: Data time: 1785993877s 387407947ns, Transform time: 1785993562s 912656884ns
[ERROR] [1785993877.605601010] [tf_help]: Transform data too old when converting from map to odom
[ERROR] [1785993877.605787548] [tf_help]: Data time: 1785993877s 387407947ns, Transform time: 1785993562s 912656884ns
[ERROR] [1785993877.705968209] [tf_help]: Transform data too old when converting from map to odom
[ERROR] [1785993877.706037135] [tf_help]: Data time: 1785993877s 387407947ns, Transform time: 1785993562s 912656884ns
[ERROR] [1785993877.803126223] [controller_server]: Failed to make progress
[INFO] [1785993877.803599726] [controller_server]: Optimizer reset
[WARN] [1785993877.803659541] [controller_server]: [follow_path] [ActionServer] Aborting handle.
[INFO] [1785993877.818040080] [local_costmap.local_costmap]: Received request to clear entirely the local_costmap
[INFO] [1785993902.938315138] [controller_server]: Received a goal, begin computing control effort.
[ERROR] [1785993902.940812392] [tf_help]: Transform data too old when converting from map to odom
[ERROR] [1785993902.940898782] [tf_help]: Data time: 1785993902s 878284746ns, Transform time: 1785993562s 912656884ns
[ERROR] [1785993903.041570408] [tf_help]: Transform data too old when converting from map to odom
[ERROR] [1785993903.041653408] [tf_help]: Data time: 1785993902s 878284746ns, Transform time: 1785993562s 912656884ns
[ERROR] [1785993903.141021249] [tf_help]: Transform data too old when converting from map to odom
[ERROR] [1785993903.141095805] [tf_help]: Data time: 1785993902s 878284746ns, Transform time: 1785993562s 912656884ns
[ERROR] [1785993903.241171354] [tf_help]: Transform data too old when converting from map to odom
[ERROR] [1785993903.241254114] [tf_help]: Data time: 1785993902s 878284746ns, Transform time: 1785993562s 912656884ns
[ERROR] [1785993903.341208588] [tf_help]: Transform data too old when converting from map to odom
[ERROR] [1785993903.341285403] [tf_help]: Data time: 1785993902s 878284746ns, Transform time: 1785993562s 912656884ns
[ERROR] [1785993903.441158765] [tf_help]: Transform data too old when converting from map to odom
[ERROR] [1785993903.441234766] [tf_help]: Data time: 1785993902s 878284746ns, Transform time: 1785993562s 912656884ns
[ERROR] [1785993903.540989757] [tf_help]: Transform data too old when converting from map to odom
[ERROR] [1785993903.541055184] [tf_help]: Data time: 1785993902s 878284746ns, Transform time: 1785993562s 912656884ns
[ERROR] [1785993903.641149269] [tf_help]: Transform data too old when converting from map to odom
[ERROR] [1785993903.641227807] [tf_help]: Data time: 1785993902s 878284746ns, Transform time: 1785993562s 912656884ns
[ERROR] [1785993903.741128373] [tf_help]: Transform data too old when converting from map to odom
[ERROR] [1785993903.741216152] [tf_help]: Data time: 1785993902s 878284746ns, Transform time: 1785993562s 912656884ns
[ERROR] [1785993903.840994736] [tf_help]: Transform data too old when converting from map to odom
[ERROR] [1785993903.841078051] [tf_help]: Data time: 1785993902s 878284746ns, Transform time: 1785993562s 912656884ns
[ERROR] [1785993903.941120063] [tf_help]: Transform data too old when converting from map to odom
[ERROR] [1785993903.941202989] [tf_help]: Data time: 1785993902s 878284746ns, Transform time: 1785993562s 912656884ns
[INFO] [1785993904.038570986] [controller_server]: Passing new path to controller.
[ERROR] [1785993904.041707003] [tf_help]: Transform data too old when converting from map to odom
[ERROR] [1785993904.041776855] [tf_help]: Data time: 1785993903s 948201674ns, Transform time: 1785993562s 912656884ns
[ERROR] [1785993904.140999233] [tf_help]: Transform data too old when converting from map to odom
[ERROR] [1785993904.141079307] [tf_help]: Data time: 1785993903s 948201674ns, Transform time: 1785993562s 912656884ns
[ERROR] [1785993904.241067355] [tf_help]: Transform data too old when converting from map to odom
[ERROR] [1785993904.241151986] [tf_help]: Data time: 1785993903s 948201674ns, Transform time: 1785993562s 912656884ns
[ERROR] [1785993904.341092997] [tf_help]: Transform data too old when converting from map to odom
[ERROR] [1785993904.341157849] [tf_help]: Data time: 1785993903s 948201674ns, Transform time: 1785993562s 912656884ns
[ERROR] [1785993904.441156008] [tf_help]: Transform data too old when converting from map to odom
[ERROR] [1785993904.441236305] [tf_help]: Data time: 1785993903s 948201674ns, Transform time: 1785993562s 912656884ns
[ERROR] [1785993904.540953259] [tf_help]: Transform data too old when converting from map to odom
[ERROR] [1785993904.541036537] [tf_help]: Data time: 1785993903s 948201674ns, Transform time: 1785993562s 912656884ns
[ERROR] [1785993904.641021826] [tf_help]: Transform data too old when converting from map to odom
[ERROR] [1785993904.641103012] [tf_help]: Data time: 1785993903s 948201674ns, Transform time: 1785993562s 912656884ns
[ERROR] [1785993904.741288635] [tf_help]: Transform data too old when converting from map to odom
[ERROR] [1785993904.741359858] [tf_help]: Data time: 1785993903s 948201674ns, Transform time: 1785993562s 912656884ns
[ERROR] [1785993904.841050942] [tf_help]: Transform data too old when converting from map to odom
[ERROR] [1785993904.841155535] [tf_help]: Data time: 1785993903s 948201674ns, Transform time: 1785993562s 912656884ns
[ERROR] [1785993904.941144694] [tf_help]: Transform data too old when converting from map to odom
[ERROR] [1785993904.941219861] [tf_help]: Data time: 1785993903s 948201674ns, Transform time: 1785993562s 912656884ns
[ERROR] [1785993905.071791461] [tf_help]: Transform data too old when converting from map to odom
[ERROR] [1785993905.071854887] [tf_help]: Data time: 1785993903s 948201674ns, Transform time: 1785993562s 912656884ns
[INFO] [1785993905.138573166] [controller_server]: Passing new path to controller.
[ERROR] [1785993905.141588812] [tf_help]: Transform data too old when converting from map to odom
[ERROR] [1785993905.141661201] [tf_help]: Data time: 1785993905s 18205695ns, Transform time: 1785993562s 912656884ns
[ERROR] [1785993905.241172858] [tf_help]: Transform data too old when converting from map to odom
[ERROR] [1785993905.241247099] [tf_help]: Data time: 1785993905s 18205695ns, Transform time: 1785993562s 912656884ns
[ERROR] [1785993905.341109980] [tf_help]: Transform data too old when converting from map to odom
[ERROR] [1785993905.341181943] [tf_help]: Data time: 1785993905s 18205695ns, Transform time: 1785993562s 912656884ns
[ERROR] [1785993905.441169214] [tf_help]: Transform data too old when converting from map to odom
[ERROR] [1785993905.441247585] [tf_help]: Data time: 1785993905s 18205695ns, Transform time: 1785993562s 912656884ns
[ERROR] [1785993905.541114669] [tf_help]: Transform data too old when converting from map to odom
[ERROR] [1785993905.541184281] [tf_help]: Data time: 1785993905s 18205695ns, Transform time: 1785993562s 912656884ns
[ERROR] [1785993905.641143848] [tf_help]: Transform data too old when converting from map to odom
[ERROR] [1785993905.641222367] [tf_help]: Data time: 1785993905s 18205695ns, Transform time: 1785993562s 912656884ns
[ERROR] [1785993905.741027543] [tf_help]: Transform data too old when converting from map to odom
[ERROR] [1785993905.741109322] [tf_help]: Data time: 1785993905s 18205695ns, Transform time: 1785993562s 912656884ns
[ERROR] [1785993905.841103870] [tf_help]: Transform data too old when converting from map to odom
[ERROR] [1785993905.841184222] [tf_help]: Data time: 1785993905s 18205695ns, Transform time: 1785993562s 912656884ns
[ERROR] [1785993905.941211012] [tf_help]: Transform data too old when converting from map to odom
[ERROR] [1785993905.941285919] [tf_help]: Data time: 1785993905s 18205695ns, Transform time: 1785993562s 912656884ns
[ERROR] [1785993906.041141097] [tf_help]: Transform data too old when converting from map to odom
[ERROR] [1785993906.041212523] [tf_help]: Data time: 1785993905s 18205695ns, Transform time: 1785993562s 912656884ns
[ERROR] [1785993906.141326683] [tf_help]: Transform data too old when converting from map to odom
[ERROR] [1785993906.141383942] [tf_help]: Data time: 1785993905s 18205695ns, Transform time: 1785993562s 912656884ns
[INFO] [1785993906.238575994] [controller_server]: Passing new path to controller.
[ERROR] [1785993906.241467102] [tf_help]: Transform data too old when converting from map to odom
[ERROR] [1785993906.241535881] [tf_help]: Data time: 1785993906s 88171605ns, Transform time: 1785993562s 912656884ns
[ERROR] [1785993906.341009833] [tf_help]: Transform data too old when converting from map to odom
[ERROR] [1785993906.341082019] [tf_help]: Data time: 1785993906s 88171605ns, Transform time: 1785993562s 912656884ns
[ERROR] [1785993906.441051938] [tf_help]: Transform data too old when converting from map to odom
[ERROR] [1785993906.441120308] [tf_help]: Data time: 1785993906s 88171605ns, Transform time: 1785993562s 912656884ns
[ERROR] [1785993906.541032745] [tf_help]: Transform data too old when converting from map to odom
[ERROR] [1785993906.541104727] [tf_help]: Data time: 1785993906s 88171605ns, Transform time: 1785993562s 912656884ns
[ERROR] [1785993906.641145498] [tf_help]: Transform data too old when converting from map to odom
[ERROR] [1785993906.641220924] [tf_help]: Data time: 1785993906s 88171605ns, Transform time: 1785993562s 912656884ns
[ERROR] [1785993906.741093898] [tf_help]: Transform data too old when converting from map to odom
[ERROR] [1785993906.741172176] [tf_help]: Data time: 1785993906s 88171605ns, Transform time: 1785993562s 912656884ns
[ERROR] [1785993906.841049316] [tf_help]: Transform data too old when converting from map to odom
[ERROR] [1785993906.841138706] [tf_help]: Data time: 1785993906s 88171605ns, Transform time: 1785993562s 912656884ns
[ERROR] [1785993906.941028587] [tf_help]: Transform data too old when converting from map to odom
[ERROR] [1785993906.941102791] [tf_help]: Data time: 1785993906s 88171605ns, Transform time: 1785993562s 912656884ns
[ERROR] [1785993907.041000302] [tf_help]: Transform data too old when converting from map to odom
[ERROR] [1785993907.041074524] [tf_help]: Data time: 1785993906s 88171605ns, Transform time: 1785993562s 912656884ns
[ERROR] [1785993907.141120369] [tf_help]: Transform data too old when converting from map to odom
[ERROR] [1785993907.141192388] [tf_help]: Data time: 1785993906s 88171605ns, Transform time: 1785993562s 912656884ns
[INFO] [1785993907.238575089] [controller_server]: Passing new path to controller.
[ERROR] [1785993907.241533568] [tf_help]: Transform data too old when converting from map to odom
[ERROR] [1785993907.241604235] [tf_help]: Data time: 1785993907s 158263756ns, Transform time: 1785993562s 912656884ns
[ERROR] [1785993907.341150392] [tf_help]: Transform data too old when converting from map to odom
[ERROR] [1785993907.341225226] [tf_help]: Data time: 1785993907s 158263756ns, Transform time: 1785993562s 912656884ns
[ERROR] [1785993907.441010643] [tf_help]: Transform data too old when converting from map to odom
[ERROR] [1785993907.441084940] [tf_help]: Data time: 1785993907s 158263756ns, Transform time: 1785993562s 912656884ns
[ERROR] [1785993907.541115914] [tf_help]: Transform data too old when converting from map to odom
[ERROR] [1785993907.541192804] [tf_help]: Data time: 1785993907s 158263756ns, Transform time: 1785993562s 912656884ns
[ERROR] [1785993907.641129666] [tf_help]: Transform data too old when converting from map to odom
[ERROR] [1785993907.641204908] [tf_help]: Data time: 1785993907s 158263756ns, Transform time: 1785993562s 912656884ns
[ERROR] [1785993907.741135844] [tf_help]: Transform data too old when converting from map to odom
[ERROR] [1785993907.741311308] [tf_help]: Data time: 1785993907s 158263756ns, Transform time: 1785993562s 912656884ns
[ERROR] [1785993907.840755650] [tf_help]: Transform data too old when converting from map to odom
[ERROR] [1785993907.840935706] [tf_help]: Data time: 1785993907s 158263756ns, Transform time: 1785993562s 912656884ns
[ERROR] [1785993907.940807587] [tf_help]: Transform data too old when converting from map to odom
[ERROR] [1785993907.940896940] [tf_help]: Data time: 1785993907s 158263756ns, Transform time: 1785993562s 912656884ns
[ERROR] [1785993908.041665159] [tf_help]: Transform data too old when converting from map to odom
[ERROR] [1785993908.041785734] [tf_help]: Data time: 1785993907s 158263756ns, Transform time: 1785993562s 912656884ns
[ERROR] [1785993908.141009630] [tf_help]: Transform data too old when converting from map to odom
[ERROR] [1785993908.141116908] [tf_help]: Data time: 1785993907s 158263756ns, Transform time: 1785993562s 912656884ns
[ERROR] [1785993908.241199475] [tf_help]: Transform data too old when converting from map to odom
[ERROR] [1785993908.242102999] [tf_help]: Data time: 1785993907s 158263756ns, Transform time: 1785993562s 912656884ns
[INFO] [1785993908.338588843] [controller_server]: Passing new path to controller.
[ERROR] [1785993908.341888879] [tf_help]: Transform data too old when converting from map to odom
[ERROR] [1785993908.341969250] [tf_help]: Data time: 1785993908s 229293172ns, Transform time: 1785993562s 912656884ns
[ERROR] [1785993908.441080608] [tf_help]: Transform data too old when converting from map to odom
[ERROR] [1785993908.441161442] [tf_help]: Data time: 1785993908s 229293172ns, Transform time: 1785993562s 912656884ns
[ERROR] [1785993908.541608289] [tf_help]: Transform data too old when converting from map to odom
[ERROR] [1785993908.542450164] [tf_help]: Data time: 1785993908s 229293172ns, Transform time: 1785993562s 912656884ns
[ERROR] [1785993908.641135224] [tf_help]: Transform data too old when converting from map to odom
[ERROR] [1785993908.641215113] [tf_help]: Data time: 1785993908s 229293172ns, Transform time: 1785993562s 912656884ns
[ERROR] [1785993908.741123680] [tf_help]: Transform data too old when converting from map to odom
[ERROR] [1785993908.741206754] [tf_help]: Data time: 1785993908s 229293172ns, Transform time: 1785993562s 912656884ns
[ERROR] [1785993908.840995950] [tf_help]: Transform data too old when converting from map to odom
[ERROR] [1785993908.841077506] [tf_help]: Data time: 1785993908s 229293172ns, Transform time: 1785993562s 912656884ns
[ERROR] [1785993908.938701541] [controller_server]: Failed to make progress
[INFO] [1785993908.939100395] [controller_server]: Optimizer reset
[WARN] [1785993908.939155525] [controller_server]: [follow_path] [ActionServer] Aborting handle.
[INFO] [1785993908.958023403] [local_costmap.local_costmap]: Received request to clear entirely the local_costmap
[INFO] [1785993908.958942019] [controller_server]: Received a goal, begin computing control effort.
[ERROR] [1785993909.002015006] [tf_help]: Transform data too old when converting from map to odom
[ERROR] [1785993909.002088766] [tf_help]: Data time: 1785993908s 229293172ns, Transform time: 1785993562s 912656884ns
[ERROR] [1785993909.061872657] [tf_help]: Transform data too old when converting from map to odom
[ERROR] [1785993909.061966657] [tf_help]: Data time: 1785993908s 229293172ns, Transform time: 1785993562s 912656884ns
[ERROR] [1785993909.161744427] [tf_help]: Transform data too old when converting from map to odom
[ERROR] [1785993909.161814520] [tf_help]: Data time: 1785993908s 229293172ns, Transform time: 1785993562s 912656884ns
[ERROR] [1785993909.261716197] [tf_help]: Transform data too old when converting from map to odom
[ERROR] [1785993909.261790123] [tf_help]: Data time: 1785993908s 229293172ns, Transform time: 1785993562s 912656884ns
[ERROR] [1785993909.363201068] [tf_help]: Transform data too old when converting from map to odom
[ERROR] [1785993909.363265698] [tf_help]: Data time: 1785993908s 229293172ns, Transform time: 1785993562s 912656884ns
[INFO] [1785993909.459158966] [controller_server]: Passing new path to controller.
[ERROR] [1785993909.462122852] [tf_help]: Transform data too old when converting from map to odom
[ERROR] [1785993909.462207630] [tf_help]: Data time: 1785993909s 308198092ns, Transform time: 1785993562s 912656884ns
[ERROR] [1785993909.561738305] [tf_help]: Transform data too old when converting from map to odom
[ERROR] [1785993909.561819509] [tf_help]: Data time: 1785993909s 308198092ns, Transform time: 1785993562s 912656884ns
[ERROR] [1785993909.661835058] [tf_help]: Transform data too old when converting from map to odom
[ERROR] [1785993909.661910910] [tf_help]: Data time: 1785993909s 308198092ns, Transform time: 1785993562s 912656884ns
[ERROR] [1785993909.761784624] [tf_help]: Transform data too old when converting from map to odom
[ERROR] [1785993909.761854273] [tf_help]: Data time: 1785993909s 308198092ns, Transform time: 1785993562s 912656884ns
[ERROR] [1785993909.861864173] [tf_help]: Transform data too old when converting from map to odom
[ERROR] [1785993909.861945840] [tf_help]: Data time: 1785993909s 308198092ns, Transform time: 1785993562s 912656884ns
[ERROR] [1785993909.961674091] [tf_help]: Transform data too old when converting from map to odom
[ERROR] [1785993909.961756832] [tf_help]: Data time: 1785993909s 308198092ns, Transform time: 1785993562s 912656884ns
[ERROR] [1785993910.061822325] [tf_help]: Transform data too old when converting from map to odom
[ERROR] [1785993910.061884715] [tf_help]: Data time: 1785993909s 308198092ns, Transform time: 1785993562s 912656884ns
[ERROR] [1785993910.161668299] [tf_help]: Transform data too old when converting from map to odom
[ERROR] [1785993910.161778318] [tf_help]: Data time: 1785993909s 308198092ns, Transform time: 1785993562s 912656884ns
[ERROR] [1785993910.261763162] [tf_help]: Transform data too old when converting from map to odom
[ERROR] [1785993910.261828403] [tf_help]: Data time: 1785993909s 308198092ns, Transform time: 1785993562s 912656884ns
[ERROR] [1785993910.361624414] [tf_help]: Transform data too old when converting from map to odom
[ERROR] [1785993910.361720340] [tf_help]: Data time: 1785993909s 308198092ns, Transform time: 1785993562s 912656884ns
[INFO] [1785993910.459154449] [controller_server]: Passing new path to controller.
[ERROR] [1785993910.461928927] [tf_help]: Transform data too old when converting from map to odom
[ERROR] [1785993910.461997353] [tf_help]: Data time: 1785993910s 378208650ns, Transform time: 1785993562s 912656884ns
[ERROR] [1785993910.561831678] [tf_help]: Transform data too old when converting from map to odom
[ERROR] [1785993910.561902030] [tf_help]: Data time: 1785993910s 378208650ns, Transform time: 1785993562s 912656884ns
[ERROR] [1785993910.661670670] [tf_help]: Transform data too old when converting from map to odom
[ERROR] [1785993910.661748596] [tf_help]: Data time: 1785993910s 378208650ns, Transform time: 1785993562s 912656884ns
[ERROR] [1785993910.761556014] [tf_help]: Transform data too old when converting from map to odom
[ERROR] [1785993910.761623052] [tf_help]: Data time: 1785993910s 378208650ns, Transform time: 1785993562s 912656884ns
[ERROR] [1785993910.861733526] [tf_help]: Transform data too old when converting from map to odom
[ERROR] [1785993910.861810582] [tf_help]: Data time: 1785993910s 378208650ns, Transform time: 1785993562s 912656884ns
[ERROR] [1785993910.961885057] [tf_help]: Transform data too old when converting from map to odom
[ERROR] [1785993910.961963650] [tf_help]: Data time: 1785993910s 378208650ns, Transform time: 1785993562s 912656884ns
[ERROR] [1785993911.061556381] [tf_help]: Transform data too old when converting from map to odom
[ERROR] [1785993911.061626437] [tf_help]: Data time: 1785993910s 378208650ns, Transform time: 1785993562s 912656884ns
[ERROR] [1785993911.161555096] [tf_help]: Transform data too old when converting from map to odom
[ERROR] [1785993911.161627264] [tf_help]: Data time: 1785993910s 378208650ns, Transform time: 1785993562s 912656884ns
[ERROR] [1785993911.261660368] [tf_help]: Transform data too old when converting from map to odom
[ERROR] [1785993911.261740590] [tf_help]: Data time: 1785993910s 378208650ns, Transform time: 1785993562s 912656884ns
[ERROR] [1785993911.361898714] [tf_help]: Transform data too old when converting from map to odom
[ERROR] [1785993911.361978899] [tf_help]: Data time: 1785993910s 378208650ns, Transform time: 1785993562s 912656884ns
[ERROR] [1785993911.461909077] [tf_help]: Transform data too old when converting from map to odom
[ERROR] [1785993911.462026503] [tf_help]: Data time: 1785993910s 378208650ns, Transform time: 1785993562s 912656884ns
[INFO] [1785993911.559160073] [controller_server]: Passing new path to controller.
[ERROR] [1785993911.562031866] [tf_help]: Transform data too old when converting from map to odom
[ERROR] [1785993911.562106052] [tf_help]: Data time: 1785993911s 455335838ns, Transform time: 1785993562s 912656884ns
[ERROR] [1785993911.661620209] [tf_help]: Transform data too old when converting from map to odom
[ERROR] [1785993911.661702709] [tf_help]: Data time: 1785993911s 455335838ns, Transform time: 1785993562s 912656884ns
[ERROR] [1785993911.761921074] [tf_help]: Transform data too old when converting from map to odom
[ERROR] [1785993911.761991315] [tf_help]: Data time: 1785993911s 455335838ns, Transform time: 1785993562s 912656884ns
[ERROR] [1785993911.861595009] [tf_help]: Transform data too old when converting from map to odom
[ERROR] [1785993911.861689102] [tf_help]: Data time: 1785993911s 455335838ns, Transform time: 1785993562s 912656884ns
[ERROR] [1785993911.961645799] [tf_help]: Transform data too old when converting from map to odom
[ERROR] [1785993911.961760725] [tf_help]: Data time: 1785993911s 455335838ns, Transform time: 1785993562s 912656884ns
[ERROR] [1785993912.061750366] [tf_help]: Transform data too old when converting from map to odom
[ERROR] [1785993912.061820570] [tf_help]: Data time: 1785993911s 455335838ns, Transform time: 1785993562s 912656884ns
[ERROR] [1785993912.161801248] [tf_help]: Transform data too old when converting from map to odom
[ERROR] [1785993912.161867322] [tf_help]: Data time: 1785993911s 455335838ns, Transform time: 1785993562s 912656884ns
[ERROR] [1785993912.261668962] [tf_help]: Transform data too old when converting from map to odom
[ERROR] [1785993912.261750963] [tf_help]: Data time: 1785993911s 455335838ns, Transform time: 1785993562s 912656884ns
[ERROR] [1785993912.361892178] [tf_help]: Transform data too old when converting from map to odom
[ERROR] [1785993912.361963308] [tf_help]: Data time: 1785993911s 455335838ns, Transform time: 1785993562s 912656884ns
[ERROR] [1785993912.461857301] [tf_help]: Transform data too old when converting from map to odom
[ERROR] [1785993912.461934986] [tf_help]: Data time: 1785993911s 455335838ns, Transform time: 1785993562s 912656884ns
[ERROR] [1785993912.567486212] [tf_help]: Transform data too old when converting from map to odom
[ERROR] [1785993912.567554398] [tf_help]: Data time: 1785993911s 455335838ns, Transform time: 1785993562s 912656884ns
[INFO] [1785993912.659156068] [controller_server]: Passing new path to controller.
[ERROR] [1785993912.662562068] [tf_help]: Transform data too old when converting from map to odom
[ERROR] [1785993912.662627531] [tf_help]: Data time: 1785993912s 515930384ns, Transform time: 1785993562s 912656884ns
[ERROR] [1785993912.761766723] [tf_help]: Transform data too old when converting from map to odom
[ERROR] [1785993912.761846298] [tf_help]: Data time: 1785993912s 515930384ns, Transform time: 1785993562s 912656884ns
[ERROR] [1785993912.861692382] [tf_help]: Transform data too old when converting from map to odom
[ERROR] [1785993912.861767864] [tf_help]: Data time: 1785993912s 515930384ns, Transform time: 1785993562s 912656884ns
[ERROR] [1785993912.961561245] [tf_help]: Transform data too old when converting from map to odom
[ERROR] [1785993912.962361527] [tf_help]: Data time: 1785993912s 515930384ns, Transform time: 1785993562s 912656884ns
[ERROR] [1785993913.061641534] [tf_help]: Transform data too old when converting from map to odom
[ERROR] [1785993913.061727812] [tf_help]: Data time: 1785993912s 515930384ns, Transform time: 1785993562s 912656884ns
[ERROR] [1785993913.161537934] [tf_help]: Transform data too old when converting from map to odom
[ERROR] [1785993913.161632434] [tf_help]: Data time: 1785993912s 515930384ns, Transform time: 1785993562s 912656884ns
[ERROR] [1785993913.261660964] [tf_help]: Transform data too old when converting from map to odom
[ERROR] [1785993913.261751798] [tf_help]: Data time: 1785993912s 515930384ns, Transform time: 1785993562s 912656884ns
[ERROR] [1785993913.362052144] [tf_help]: Transform data too old when converting from map to odom
[ERROR] [1785993913.362134626] [tf_help]: Data time: 1785993912s 515930384ns, Transform time: 1785993562s 912656884ns
[ERROR] [1785993913.461824710] [tf_help]: Transform data too old when converting from map to odom
[ERROR] [1785993913.461919822] [tf_help]: Data time: 1785993912s 515930384ns, Transform time: 1785993562s 912656884ns
[ERROR] [1785993913.561868981] [tf_help]: Transform data too old when converting from map to odom
[ERROR] [1785993913.561941555] [tf_help]: Data time: 1785993912s 515930384ns, Transform time: 1785993562s 912656884ns
[INFO] [1785993913.659153533] [controller_server]: Passing new path to controller.
[ERROR] [1785993913.661948030] [tf_help]: Transform data too old when converting from map to odom
[ERROR] [1785993913.662029400] [tf_help]: Data time: 1785993913s 582375386ns, Transform time: 1785993562s 912656884ns
[ERROR] [1785993913.761347075] [tf_help]: Transform data too old when converting from map to odom
[ERROR] [1785993913.761439557] [tf_help]: Data time: 1785993913s 582375386ns, Transform time: 1785993562s 912656884ns
[ERROR] [1785993913.861173400] [tf_help]: Transform data too old when converting from map to odom
[ERROR] [1785993913.861239456] [tf_help]: Data time: 1785993913s 582375386ns, Transform time: 1785993562s 912656884ns
[ERROR] [1785993913.961564154] [tf_help]: Transform data too old when converting from map to odom
[ERROR] [1785993913.962840068] [tf_help]: Data time: 1785993913s 582375386ns, Transform time: 1785993562s 912656884ns
[ERROR] [1785993914.061454850] [tf_help]: Transform data too old when converting from map to odom
[ERROR] [1785993914.061560480] [tf_help]: Data time: 1785993913s 582375386ns, Transform time: 1785993562s 912656884ns
[ERROR] [1785993914.161218860] [tf_help]: Transform data too old when converting from map to odom
[ERROR] [1785993914.162092661] [tf_help]: Data time: 1785993913s 582375386ns, Transform time: 1785993562s 912656884ns
[ERROR] [1785993914.261250705] [tf_help]: Transform data too old when converting from map to odom
[ERROR] [1785993914.261774022] [tf_help]: Data time: 1785993913s 582375386ns, Transform time: 1785993562s 912656884ns
[ERROR] [1785993914.361852979] [tf_help]: Transform data too old when converting from map to odom
[ERROR] [1785993914.361931275] [tf_help]: Data time: 1785993913s 582375386ns, Transform time: 1785993562s 912656884ns
[ERROR] [1785993914.461317302] [tf_help]: Transform data too old when converting from map to odom
[ERROR] [1785993914.462014269] [tf_help]: Data time: 1785993913s 582375386ns, Transform time: 1785993562s 912656884ns
[ERROR] [1785993914.561686982] [tf_help]: Transform data too old when converting from map to odom
[ERROR] [1785993914.561769316] [tf_help]: Data time: 1785993913s 582375386ns, Transform time: 1785993562s 912656884ns
[ERROR] [1785993914.668816216] [tf_help]: Transform data too old when converting from map to odom
[ERROR] [1785993914.671351026] [tf_help]: Data time: 1785993913s 582375386ns, Transform time: 1785993562s 912656884ns
[INFO] [1785993914.759174306] [controller_server]: Passing new path to controller.
[ERROR] [1785993914.762206748] [tf_help]: Transform data too old when converting from map to odom
[ERROR] [1785993914.762284545] [tf_help]: Data time: 1785993914s 642327983ns, Transform time: 1785993562s 912656884ns
[ERROR] [1785993914.861835665] [tf_help]: Transform data too old when converting from map to odom
[ERROR] [1785993914.861921665] [tf_help]: Data time: 1785993914s 642327983ns, Transform time: 1785993562s 912656884ns
[ERROR] [1785993914.961558341] [tf_help]: Transform data too old when converting from map to odom
[ERROR] [1785993914.961663064] [tf_help]: Data time: 1785993914s 642327983ns, Transform time: 1785993562s 912656884ns
[ERROR] [1785993915.059247970] [controller_server]: Failed to make progress
[INFO] [1785993915.059609898] [controller_server]: Optimizer reset
[WARN] [1785993915.059647324] [controller_server]: [follow_path] [ActionServer] Aborting handle.
[INFO] [1785993915.072113816] [local_costmap.local_costmap]: Received request to clear entirely the local_costmap
[INFO] [1785993940.202572798] [controller_server]: Received a goal, begin computing control effort.
[ERROR] [1785993940.205649315] [tf_help]: Transform data too old when converting from map to odom
[ERROR] [1785993940.205741945] [tf_help]: Data time: 1785993940s 132342519ns, Transform time: 1785993562s 912656884ns
[ERROR] [1785993940.305470473] [tf_help]: Transform data too old when converting from map to odom
[ERROR] [1785993940.305552474] [tf_help]: Data time: 1785993940s 132342519ns, Transform time: 1785993562s 912656884ns
[ERROR] [1785993940.405256002] [tf_help]: Transform data too old when converting from map to odom
[ERROR] [1785993940.405334132] [tf_help]: Data time: 1785993940s 132342519ns, Transform time: 1785993562s 912656884ns
[ERROR] [1785993940.505482903] [tf_help]: Transform data too old when converting from map to odom
[ERROR] [1785993940.505561218] [tf_help]: Data time: 1785993940s 132342519ns, Transform time: 1785993562s 912656884ns
[ERROR] [1785993940.605442600] [tf_help]: Transform data too old when converting from map to odom
[ERROR] [1785993940.605551063] [tf_help]: Data time: 1785993940s 132342519ns, Transform time: 1785993562s 912656884ns
[ERROR] [1785993940.705597538] [tf_help]: Transform data too old when converting from map to odom
[ERROR] [1785993940.706270189] [tf_help]: Data time: 1785993940s 132342519ns, Transform time: 1785993562s 912656884ns
[ERROR] [1785993940.805464307] [tf_help]: Transform data too old when converting from map to odom
[ERROR] [1785993940.805537660] [tf_help]: Data time: 1785993940s 132342519ns, Transform time: 1785993562s 912656884ns
[ERROR] [1785993940.905476819] [tf_help]: Transform data too old when converting from map to odom
[ERROR] [1785993940.905558264] [tf_help]: Data time: 1785993940s 132342519ns, Transform time: 1785993562s 912656884ns
[ERROR] [1785993941.005604368] [tf_help]: Transform data too old when converting from map to odom
[ERROR] [1785993941.005674498] [tf_help]: Data time: 1785993940s 132342519ns, Transform time: 1785993562s 912656884ns
[ERROR] [1785993941.105491786] [tf_help]: Transform data too old when converting from map to odom
[ERROR] [1785993941.105583546] [tf_help]: Data time: 1785993940s 132342519ns, Transform time: 1785993562s 912656884ns
[ERROR] [1785993941.205252796] [tf_help]: Transform data too old when converting from map to odom
[ERROR] [1785993941.205320852] [tf_help]: Data time: 1785993940s 132342519ns, Transform time: 1785993562s 912656884ns
[INFO] [1785993941.302944425] [controller_server]: Passing new path to controller.
[ERROR] [1785993941.306397536] [tf_help]: Transform data too old when converting from map to odom
[ERROR] [1785993941.306471036] [tf_help]: Data time: 1785993941s 212397408ns, Transform time: 1785993562s 912656884ns
[ERROR] [1785993941.405657802] [tf_help]: Transform data too old when converting from map to odom
[ERROR] [1785993941.405729729] [tf_help]: Data time: 1785993941s 212397408ns, Transform time: 1785993562s 912656884ns
[ERROR] [1785993941.505730295] [tf_help]: Transform data too old when converting from map to odom
[ERROR] [1785993941.505790796] [tf_help]: Data time: 1785993941s 212397408ns, Transform time: 1785993562s 912656884ns
[ERROR] [1785993941.605393046] [tf_help]: Transform data too old when converting from map to odom
[ERROR] [1785993941.605463565] [tf_help]: Data time: 1785993941s 212397408ns, Transform time: 1785993562s 912656884ns
[ERROR] [1785993941.705546743] [tf_help]: Transform data too old when converting from map to odom
[ERROR] [1785993941.705639503] [tf_help]: Data time: 1785993941s 212397408ns, Transform time: 1785993562s 912656884ns
[ERROR] [1785993941.805572977] [tf_help]: Transform data too old when converting from map to odom
[ERROR] [1785993941.805636070] [tf_help]: Data time: 1785993941s 212397408ns, Transform time: 1785993562s 912656884ns
[ERROR] [1785993941.905698841] [tf_help]: Transform data too old when converting from map to odom
[ERROR] [1785993941.905765452] [tf_help]: Data time: 1785993941s 212397408ns, Transform time: 1785993562s 912656884ns
[ERROR] [1785993942.005448573] [tf_help]: Transform data too old when converting from map to odom
[ERROR] [1785993942.005514888] [tf_help]: Data time: 1785993941s 212397408ns, Transform time: 1785993562s 912656884ns
[ERROR] [1785993942.105551566] [tf_help]: Transform data too old when converting from map to odom
[ERROR] [1785993942.105628918] [tf_help]: Data time: 1785993941s 212397408ns, Transform time: 1785993562s 912656884ns
[ERROR] [1785993942.205669430] [tf_help]: Transform data too old when converting from map to odom
[ERROR] [1785993942.205744504] [tf_help]: Data time: 1785993941s 212397408ns, Transform time: 1785993562s 912656884ns
[ERROR] [1785993942.341045629] [tf_help]: Transform data too old when converting from map to odom
[ERROR] [1785993942.341111536] [tf_help]: Data time: 1785993941s 212397408ns, Transform time: 1785993562s 912656884ns
[INFO] [1785993942.402935882] [controller_server]: Passing new path to controller.
[ERROR] [1785993942.405475914] [tf_help]: Transform data too old when converting from map to odom
[ERROR] [1785993942.405575248] [tf_help]: Data time: 1785993942s 287608271ns, Transform time: 1785993562s 912656884ns
[ERROR] [1785993942.505611538] [tf_help]: Transform data too old when converting from map to odom
[ERROR] [1785993942.505700390] [tf_help]: Data time: 1785993942s 287608271ns, Transform time: 1785993562s 912656884ns
[ERROR] [1785993942.605374103] [tf_help]: Transform data too old when converting from map to odom
[ERROR] [1785993942.605443474] [tf_help]: Data time: 1785993942s 287608271ns, Transform time: 1785993562s 912656884ns
[ERROR] [1785993942.705410078] [tf_help]: Transform data too old when converting from map to odom
[ERROR] [1785993942.705483856] [tf_help]: Data time: 1785993942s 287608271ns, Transform time: 1785993562s 912656884ns
[ERROR] [1785993942.805446071] [tf_help]: Transform data too old when converting from map to odom
[ERROR] [1785993942.805506923] [tf_help]: Data time: 1785993942s 287608271ns, Transform time: 1785993562s 912656884ns
[ERROR] [1785993942.905611787] [tf_help]: Transform data too old when converting from map to odom
[ERROR] [1785993942.905697213] [tf_help]: Data time: 1785993942s 287608271ns, Transform time: 1785993562s 912656884ns
[ERROR] [1785993943.005380000] [tf_help]: Transform data too old when converting from map to odom
[ERROR] [1785993943.005456112] [tf_help]: Data time: 1785993942s 287608271ns, Transform time: 1785993562s 912656884ns
[ERROR] [1785993943.105459660] [tf_help]: Transform data too old when converting from map to odom
[ERROR] [1785993943.105544327] [tf_help]: Data time: 1785993942s 287608271ns, Transform time: 1785993562s 912656884ns
[ERROR] [1785993943.205399097] [tf_help]: Transform data too old when converting from map to odom
[ERROR] [1785993943.205474449] [tf_help]: Data time: 1785993942s 287608271ns, Transform time: 1785993562s 912656884ns
[ERROR] [1785993943.305498220] [tf_help]: Transform data too old when converting from map to odom
[ERROR] [1785993943.305580406] [tf_help]: Data time: 1785993942s 287608271ns, Transform time: 1785993562s 912656884ns
[ERROR] [1785993943.407647909] [tf_help]: Transform data too old when converting from map to odom
[ERROR] [1785993943.407729410] [tf_help]: Data time: 1785993942s 287608271ns, Transform time: 1785993562s 912656884ns
[INFO] [1785993943.502942414] [controller_server]: Passing new path to controller.
[ERROR] [1785993943.505930041] [tf_help]: Transform data too old when converting from map to odom
[ERROR] [1785993943.506001838] [tf_help]: Data time: 1785993943s 359049411ns, Transform time: 1785993562s 912656884ns
[ERROR] [1785993943.605227882] [tf_help]: Transform data too old when converting from map to odom
[ERROR] [1785993943.605303883] [tf_help]: Data time: 1785993943s 359049411ns, Transform time: 1785993562s 912656884ns
[ERROR] [1785993943.705673303] [tf_help]: Transform data too old when converting from map to odom
[ERROR] [1785993943.705757396] [tf_help]: Data time: 1785993943s 359049411ns, Transform time: 1785993562s 912656884ns
[ERROR] [1785993943.805015033] [tf_help]: Transform data too old when converting from map to odom
[ERROR] [1785993943.805095293] [tf_help]: Data time: 1785993943s 359049411ns, Transform time: 1785993562s 912656884ns
[ERROR] [1785993943.905381436] [tf_help]: Transform data too old when converting from map to odom
[ERROR] [1785993943.905457232] [tf_help]: Data time: 1785993943s 359049411ns, Transform time: 1785993562s 912656884ns
[ERROR] [1785993944.005082297] [tf_help]: Transform data too old when converting from map to odom
[ERROR] [1785993944.005171649] [tf_help]: Data time: 1785993943s 359049411ns, Transform time: 1785993562s 912656884ns
[ERROR] [1785993944.105363773] [tf_help]: Transform data too old when converting from map to odom
[ERROR] [1785993944.105447329] [tf_help]: Data time: 1785993943s 359049411ns, Transform time: 1785993562s 912656884ns
[ERROR] [1785993944.205006430] [tf_help]: Transform data too old when converting from map to odom
[ERROR] [1785993944.205095357] [tf_help]: Data time: 1785993943s 359049411ns, Transform time: 1785993562s 912656884ns
[ERROR] [1785993944.304955608] [tf_help]: Transform data too old when converting from map to odom
[ERROR] [1785993944.305042683] [tf_help]: Data time: 1785993943s 359049411ns, Transform time: 1785993562s 912656884ns
[ERROR] [1785993944.406162626] [tf_help]: Transform data too old when converting from map to odom
[ERROR] [1785993944.406261700] [tf_help]: Data time: 1785993943s 359049411ns, Transform time: 1785993562s 912656884ns
[INFO] [1785993944.502960435] [controller_server]: Passing new path to controller.
[ERROR] [1785993944.506755529] [tf_help]: Transform data too old when converting from map to odom
[ERROR] [1785993944.506850178] [tf_help]: Data time: 1785993944s 412722883ns, Transform time: 1785993562s 912656884ns
[ERROR] [1785993944.605480108] [tf_help]: Transform data too old when converting from map to odom
[ERROR] [1785993944.606295964] [tf_help]: Data time: 1785993944s 412722883ns, Transform time: 1785993562s 912656884ns
[ERROR] [1785993944.705354433] [tf_help]: Transform data too old when converting from map to odom
[ERROR] [1785993944.705437434] [tf_help]: Data time: 1785993944s 412722883ns, Transform time: 1785993562s 912656884ns
[ERROR] [1785993944.805619224] [tf_help]: Transform data too old when converting from map to odom
[ERROR] [1785993944.805735113] [tf_help]: Data time: 1785993944s 412722883ns, Transform time: 1785993562s 912656884ns
[ERROR] [1785993944.905855959] [tf_help]: Transform data too old when converting from map to odom
[ERROR] [1785993944.905921237] [tf_help]: Data time: 1785993944s 412722883ns, Transform time: 1785993562s 912656884ns
[ERROR] [1785993945.005382060] [tf_help]: Transform data too old when converting from map to odom
[ERROR] [1785993945.005459079] [tf_help]: Data time: 1785993944s 412722883ns, Transform time: 1785993562s 912656884ns
[ERROR] [1785993945.105534794] [tf_help]: Transform data too old when converting from map to odom
[ERROR] [1785993945.105625924] [tf_help]: Data time: 1785993944s 412722883ns, Transform time: 1785993562s 912656884ns
[ERROR] [1785993945.205698862] [tf_help]: Transform data too old when converting from map to odom
[ERROR] [1785993945.205770048] [tf_help]: Data time: 1785993944s 412722883ns, Transform time: 1785993562s 912656884ns
[ERROR] [1785993945.305738318] [tf_help]: Transform data too old when converting from map to odom
[ERROR] [1785993945.305812078] [tf_help]: Data time: 1785993944s 412722883ns, Transform time: 1785993562s 912656884ns
[ERROR] [1785993945.405281253] [tf_help]: Transform data too old when converting from map to odom
[ERROR] [1785993945.405364068] [tf_help]: Data time: 1785993944s 412722883ns, Transform time: 1785993562s 912656884ns
[ERROR] [1785993945.505862082] [tf_help]: Transform data too old when converting from map to odom
[ERROR] [1785993945.505932564] [tf_help]: Data time: 1785993944s 412722883ns, Transform time: 1785993562s 912656884ns
[INFO] [1785993945.602949189] [controller_server]: Passing new path to controller.
[ERROR] [1785993945.606031131] [tf_help]: Transform data too old when converting from map to odom
[ERROR] [1785993945.606108261] [tf_help]: Data time: 1785993945s 506275232ns, Transform time: 1785993562s 912656884ns
[ERROR] [1785993945.705638678] [tf_help]: Transform data too old when converting from map to odom
[ERROR] [1785993945.706384885] [tf_help]: Data time: 1785993945s 506275232ns, Transform time: 1785993562s 912656884ns
[ERROR] [1785993945.805362206] [tf_help]: Transform data too old when converting from map to odom
[ERROR] [1785993945.805440466] [tf_help]: Data time: 1785993945s 506275232ns, Transform time: 1785993562s 912656884ns
[ERROR] [1785993945.905557829] [tf_help]: Transform data too old when converting from map to odom
[ERROR] [1785993945.906193648] [tf_help]: Data time: 1785993945s 506275232ns, Transform time: 1785993562s 912656884ns
[ERROR] [1785993946.005525211] [tf_help]: Transform data too old when converting from map to odom
[ERROR] [1785993946.006136418] [tf_help]: Data time: 1785993945s 506275232ns, Transform time: 1785993562s 912656884ns
[ERROR] [1785993946.105611963] [tf_help]: Transform data too old when converting from map to odom
[ERROR] [1785993946.105732353] [tf_help]: Data time: 1785993945s 506275232ns, Transform time: 1785993562s 912656884ns
[ERROR] [1785993946.203034924] [controller_server]: Failed to make progress
[INFO] [1785993946.203361315] [controller_server]: Optimizer reset
[WARN] [1785993946.203397130] [controller_server]: [follow_path] [ActionServer] Aborting handle.
[INFO] [1785993946.216324161] [local_costmap.local_costmap]: Received request to clear entirely the local_costmap
[INFO] [1785993946.218152393] [controller_server]: Received a goal, begin computing control effort.
[ERROR] [1785993946.401471642] [tf_help]: Transform data too old when converting from map to odom
[ERROR] [1785993946.401545272] [tf_help]: Data time: 1785993945s 506275232ns, Transform time: 1785993562s 912656884ns
[WARN] [1785993946.401568031] [controller_server]: Control loop missed its desired rate of 10.0000 Hz. Current loop rate is 5.4573 Hz.
[ERROR] [1785993946.404337620] [tf_help]: Transform data too old when converting from map to odom
[ERROR] [1785993946.404405102] [tf_help]: Data time: 1785993945s 506275232ns, Transform time: 1785993562s 912656884ns
[ERROR] [1785993946.504161057] [tf_help]: Transform data too old when converting from map to odom
[ERROR] [1785993946.504243872] [tf_help]: Data time: 1785993945s 506275232ns, Transform time: 1785993562s 912656884ns
[ERROR] [1785993946.606725674] [tf_help]: Transform data too old when converting from map to odom
[ERROR] [1785993946.607010713] [tf_help]: Data time: 1785993945s 506275232ns, Transform time: 1785993562s 912656884ns
[INFO] [1785993946.701716640] [controller_server]: Passing new path to controller.
[ERROR] [1785993946.704651285] [tf_help]: Transform data too old when converting from map to odom
[ERROR] [1785993946.704757897] [tf_help]: Data time: 1785993946s 586035694ns, Transform time: 1785993562s 912656884ns
[ERROR] [1785993946.804311962] [tf_help]: Transform data too old when converting from map to odom
[ERROR] [1785993946.804395277] [tf_help]: Data time: 1785993946s 586035694ns, Transform time: 1785993562s 912656884ns
[ERROR] [1785993946.904422992] [tf_help]: Transform data too old when converting from map to odom
[ERROR] [1785993946.904501604] [tf_help]: Data time: 1785993946s 586035694ns, Transform time: 1785993562s 912656884ns
[ERROR] [1785993947.004387114] [tf_help]: Transform data too old when converting from map to odom
[ERROR] [1785993947.004461596] [tf_help]: Data time: 1785993946s 586035694ns, Transform time: 1785993562s 912656884ns
[ERROR] [1785993947.104395126] [tf_help]: Transform data too old when converting from map to odom
[ERROR] [1785993947.104480885] [tf_help]: Data time: 1785993946s 586035694ns, Transform time: 1785993562s 912656884ns
[ERROR] [1785993947.204292044] [tf_help]: Transform data too old when converting from map to odom
[ERROR] [1785993947.204378711] [tf_help]: Data time: 1785993946s 586035694ns, Transform time: 1785993562s 912656884ns
[ERROR] [1785993947.304351333] [tf_help]: Transform data too old when converting from map to odom
[ERROR] [1785993947.304423315] [tf_help]: Data time: 1785993946s 586035694ns, Transform time: 1785993562s 912656884ns
[ERROR] [1785993947.404283178] [tf_help]: Transform data too old when converting from map to odom
[ERROR] [1785993947.404369030] [tf_help]: Data time: 1785993946s 586035694ns, Transform time: 1785993562s 912656884ns
[ERROR] [1785993947.504395912] [tf_help]: Transform data too old when converting from map to odom
[ERROR] [1785993947.504478523] [tf_help]: Data time: 1785993946s 586035694ns, Transform time: 1785993562s 912656884ns
[ERROR] [1785993947.604272533] [tf_help]: Transform data too old when converting from map to odom
[ERROR] [1785993947.604348330] [tf_help]: Data time: 1785993946s 586035694ns, Transform time: 1785993562s 912656884ns
[ERROR] [1785993947.704054488] [tf_help]: Transform data too old when converting from map to odom
[ERROR] [1785993947.704133877] [tf_help]: Data time: 1785993946s 586035694ns, Transform time: 1785993562s 912656884ns
[INFO] [1785993947.801707857] [controller_server]: Passing new path to controller.
[ERROR] [1785993947.804512465] [tf_help]: Transform data too old when converting from map to odom
[ERROR] [1785993947.804589298] [tf_help]: Data time: 1785993947s 656339939ns, Transform time: 1785993562s 912656884ns
[ERROR] [1785993947.904393716] [tf_help]: Transform data too old when converting from map to odom
[ERROR] [1785993947.904473217] [tf_help]: Data time: 1785993947s 656339939ns, Transform time: 1785993562s 912656884ns
[ERROR] [1785993948.004304764] [tf_help]: Transform data too old when converting from map to odom
[ERROR] [1785993948.004382801] [tf_help]: Data time: 1785993947s 656339939ns, Transform time: 1785993562s 912656884ns
[ERROR] [1785993948.104512536] [tf_help]: Transform data too old when converting from map to odom
[ERROR] [1785993948.104590110] [tf_help]: Data time: 1785993947s 656339939ns, Transform time: 1785993562s 912656884ns
[ERROR] [1785993948.204178916] [tf_help]: Transform data too old when converting from map to odom
[ERROR] [1785993948.204263620] [tf_help]: Data time: 1785993947s 656339939ns, Transform time: 1785993562s 912656884ns
[ERROR] [1785993948.304449465] [tf_help]: Transform data too old when converting from map to odom
[ERROR] [1785993948.305176729] [tf_help]: Data time: 1785993947s 656339939ns, Transform time: 1785993562s 912656884ns
[ERROR] [1785993948.404244827] [tf_help]: Transform data too old when converting from map to odom
[ERROR] [1785993948.404327698] [tf_help]: Data time: 1785993947s 656339939ns, Transform time: 1785993562s 912656884ns
[ERROR] [1785993948.504383469] [tf_help]: Transform data too old when converting from map to odom
[ERROR] [1785993948.504466025] [tf_help]: Data time: 1785993947s 656339939ns, Transform time: 1785993562s 912656884ns
[ERROR] [1785993948.604149516] [tf_help]: Transform data too old when converting from map to odom
[ERROR] [1785993948.604226535] [tf_help]: Data time: 1785993947s 656339939ns, Transform time: 1785993562s 912656884ns
[ERROR] [1785993948.704285528] [tf_help]: Transform data too old when converting from map to odom
[ERROR] [1785993948.704365603] [tf_help]: Data time: 1785993947s 656339939ns, Transform time: 1785993562s 912656884ns
[INFO] [1785993948.801703396] [controller_server]: Passing new path to controller.
[ERROR] [1785993948.804797931] [tf_help]: Transform data too old when converting from map to odom
[ERROR] [1785993948.804870209] [tf_help]: Data time: 1785993948s 716564130ns, Transform time: 1785993562s 912656884ns
[ERROR] [1785993948.904385774] [tf_help]: Transform data too old when converting from map to odom
[ERROR] [1785993948.904469774] [tf_help]: Data time: 1785993948s 716564130ns, Transform time: 1785993562s 912656884ns
[ERROR] [1785993949.004148154] [tf_help]: Transform data too old when converting from map to odom
[ERROR] [1785993949.004226377] [tf_help]: Data time: 1785993948s 716564130ns, Transform time: 1785993562s 912656884ns
[ERROR] [1785993949.104257814] [tf_help]: Transform data too old when converting from map to odom
[ERROR] [1785993949.104338963] [tf_help]: Data time: 1785993948s 716564130ns, Transform time: 1785993562s 912656884ns
[ERROR] [1785993949.204261566] [tf_help]: Transform data too old when converting from map to odom
[ERROR] [1785993949.204335807] [tf_help]: Data time: 1785993948s 716564130ns, Transform time: 1785993562s 912656884ns
[ERROR] [1785993949.304371597] [tf_help]: Transform data too old when converting from map to odom
[ERROR] [1785993949.304443504] [tf_help]: Data time: 1785993948s 716564130ns, Transform time: 1785993562s 912656884ns
[ERROR] [1785993949.404257811] [tf_help]: Transform data too old when converting from map to odom
[ERROR] [1785993949.404336200] [tf_help]: Data time: 1785993948s 716564130ns, Transform time: 1785993562s 912656884ns
[ERROR] [1785993949.504330434] [tf_help]: Transform data too old when converting from map to odom
[ERROR] [1785993949.504407990] [tf_help]: Data time: 1785993948s 716564130ns, Transform time: 1785993562s 912656884ns
[ERROR] [1785993949.604375297] [tf_help]: Transform data too old when converting from map to odom
[ERROR] [1785993949.604479224] [tf_help]: Data time: 1785993948s 716564130ns, Transform time: 1785993562s 912656884ns
[ERROR] [1785993949.704688755] [tf_help]: Transform data too old when converting from map to odom
[ERROR] [1785993949.704768700] [tf_help]: Data time: 1785993948s 716564130ns, Transform time: 1785993562s 912656884ns
[ERROR] [1785993949.804860934] [tf_help]: Transform data too old when converting from map to odom
[ERROR] [1785993949.804945119] [tf_help]: Data time: 1785993948s 716564130ns, Transform time: 1785993562s 912656884ns
[INFO] [1785993949.901706576] [controller_server]: Passing new path to controller.
[ERROR] [1785993949.904405628] [tf_help]: Transform data too old when converting from map to odom
[ERROR] [1785993949.904458869] [tf_help]: Data time: 1785993949s 796318407ns, Transform time: 1785993562s 912656884ns
[ERROR] [1785993950.004478084] [tf_help]: Transform data too old when converting from map to odom
[ERROR] [1785993950.004566381] [tf_help]: Data time: 1785993949s 796318407ns, Transform time: 1785993562s 912656884ns
[ERROR] [1785993950.104175593] [tf_help]: Transform data too old when converting from map to odom
[ERROR] [1785993950.105043191] [tf_help]: Data time: 1785993949s 796318407ns, Transform time: 1785993562s 912656884ns
[ERROR] [1785993950.203927141] [tf_help]: Transform data too old when converting from map to odom
[ERROR] [1785993950.204644015] [tf_help]: Data time: 1785993949s 796318407ns, Transform time: 1785993562s 912656884ns
[ERROR] [1785993950.303845225] [tf_help]: Transform data too old when converting from map to odom
[ERROR] [1785993950.303921318] [tf_help]: Data time: 1785993949s 796318407ns, Transform time: 1785993562s 912656884ns
[ERROR] [1785993950.404261665] [tf_help]: Transform data too old when converting from map to odom
[ERROR] [1785993950.404345165] [tf_help]: Data time: 1785993949s 796318407ns, Transform time: 1785993562s 912656884ns
[ERROR] [1785993950.504220361] [tf_help]: Transform data too old when converting from map to odom
[ERROR] [1785993950.504308047] [tf_help]: Data time: 1785993949s 796318407ns, Transform time: 1785993562s 912656884ns
[ERROR] [1785993950.604243447] [tf_help]: Transform data too old when converting from map to odom
[ERROR] [1785993950.604323225] [tf_help]: Data time: 1785993949s 796318407ns, Transform time: 1785993562s 912656884ns
[ERROR] [1785993950.704388422] [tf_help]: Transform data too old when converting from map to odom
[ERROR] [1785993950.704479311] [tf_help]: Data time: 1785993949s 796318407ns, Transform time: 1785993562s 912656884ns
[ERROR] [1785993950.804293451] [tf_help]: Transform data too old when converting from map to odom
[ERROR] [1785993950.805039455] [tf_help]: Data time: 1785993949s 796318407ns, Transform time: 1785993562s 912656884ns
[ERROR] [1785993950.909668158] [tf_help]: Transform data too old when converting from map to odom
[ERROR] [1785993950.913049675] [tf_help]: Data time: 1785993949s 796318407ns, Transform time: 1785993562s 912656884ns
[INFO] [1785993951.001806979] [controller_server]: Passing new path to controller.
[ERROR] [1785993951.004859014] [tf_help]: Transform data too old when converting from map to odom
[ERROR] [1785993951.004922403] [tf_help]: Data time: 1785993950s 876326999ns, Transform time: 1785993562s 912656884ns
[ERROR] [1785993951.104452671] [tf_help]: Transform data too old when converting from map to odom
[ERROR] [1785993951.104528653] [tf_help]: Data time: 1785993950s 876326999ns, Transform time: 1785993562s 912656884ns
[ERROR] [1785993951.204341571] [tf_help]: Transform data too old when converting from map to odom
[ERROR] [1785993951.204402034] [tf_help]: Data time: 1785993950s 876326999ns, Transform time: 1785993562s 912656884ns
[ERROR] [1785993951.304370175] [tf_help]: Transform data too old when converting from map to odom
[ERROR] [1785993951.304440194] [tf_help]: Data time: 1785993950s 876326999ns, Transform time: 1785993562s 912656884ns
[ERROR] [1785993951.404431946] [tf_help]: Transform data too old when converting from map to odom
[ERROR] [1785993951.404531094] [tf_help]: Data time: 1785993950s 876326999ns, Transform time: 1785993562s 912656884ns
[ERROR] [1785993951.504408994] [tf_help]: Transform data too old when converting from map to odom
[ERROR] [1785993951.504477587] [tf_help]: Data time: 1785993950s 876326999ns, Transform time: 1785993562s 912656884ns
[ERROR] [1785993951.604168152] [tf_help]: Transform data too old when converting from map to odom
[ERROR] [1785993951.604240189] [tf_help]: Data time: 1785993950s 876326999ns, Transform time: 1785993562s 912656884ns
[ERROR] [1785993951.704422831] [tf_help]: Transform data too old when converting from map to odom
[ERROR] [1785993951.704493702] [tf_help]: Data time: 1785993950s 876326999ns, Transform time: 1785993562s 912656884ns
[ERROR] [1785993951.804294749] [tf_help]: Transform data too old when converting from map to odom
[ERROR] [1785993951.804372453] [tf_help]: Data time: 1785993950s 876326999ns, Transform time: 1785993562s 912656884ns
[ERROR] [1785993951.904435280] [tf_help]: Transform data too old when converting from map to odom
[ERROR] [1785993951.905091950] [tf_help]: Data time: 1785993950s 876326999ns, Transform time: 1785993562s 912656884ns
[ERROR] [1785993952.003992363] [tf_help]: Transform data too old when converting from map to odom
[ERROR] [1785993952.004067512] [tf_help]: Data time: 1785993950s 876326999ns, Transform time: 1785993562s 912656884ns
[INFO] [1785993952.101732344] [controller_server]: Passing new path to controller.
[ERROR] [1785993952.104784138] [tf_help]: Transform data too old when converting from map to odom
[ERROR] [1785993952.104861749] [tf_help]: Data time: 1785993951s 956284666ns, Transform time: 1785993562s 912656884ns
[ERROR] [1785993952.204261202] [tf_help]: Transform data too old when converting from map to odom
[ERROR] [1785993952.204337776] [tf_help]: Data time: 1785993951s 956284666ns, Transform time: 1785993562s 912656884ns
[ERROR] [1785993952.304456918] [tf_help]: Transform data too old when converting from map to odom
[ERROR] [1785993952.304542178] [tf_help]: Data time: 1785993951s 956284666ns, Transform time: 1785993562s 912656884ns
[ERROR] [1785993952.401800063] [controller_server]: Failed to make progress
[INFO] [1785993952.402122491] [controller_server]: Optimizer reset
[WARN] [1785993952.402166399] [controller_server]: [follow_path] [ActionServer] Aborting handle.
[INFO] [1785993952.416703087] [local_costmap.local_costmap]: Received request to clear entirely the local_costmap
[INFO] [1785993977.546484806] [controller_server]: Received a goal, begin computing control effort.
[ERROR] [1785993977.550135992] [tf_help]: Transform data too old when converting from map to odom
[ERROR] [1785993977.550211659] [tf_help]: Data time: 1785993977s 476389879ns, Transform time: 1785993562s 912656884ns
[ERROR] [1785993977.649181887] [tf_help]: Transform data too old when converting from map to odom
[ERROR] [1785993977.649264277] [tf_help]: Data time: 1785993977s 476389879ns, Transform time: 1785993562s 912656884ns
[ERROR] [1785993977.749426918] [tf_help]: Transform data too old when converting from map to odom
[ERROR] [1785993977.749505974] [tf_help]: Data time: 1785993977s 476389879ns, Transform time: 1785993562s 912656884ns
[ERROR] [1785993977.849263762] [tf_help]: Transform data too old when converting from map to odom
[ERROR] [1785993977.849980988] [tf_help]: Data time: 1785993977s 476389879ns, Transform time: 1785993562s 912656884ns
[ERROR] [1785993977.949240792] [tf_help]: Transform data too old when converting from map to odom
[ERROR] [1785993977.949327552] [tf_help]: Data time: 1785993977s 476389879ns, Transform time: 1785993562s 912656884ns
[ERROR] [1785993978.049273044] [tf_help]: Transform data too old when converting from map to odom
[ERROR] [1785993978.049348693] [tf_help]: Data time: 1785993977s 476389879ns, Transform time: 1785993562s 912656884ns
[ERROR] [1785993978.149399075] [tf_help]: Transform data too old when converting from map to odom
[ERROR] [1785993978.149488353] [tf_help]: Data time: 1785993977s 476389879ns, Transform time: 1785993562s 912656884ns
[ERROR] [1785993978.249248752] [tf_help]: Transform data too old when converting from map to odom
[ERROR] [1785993978.249333530] [tf_help]: Data time: 1785993977s 476389879ns, Transform time: 1785993562s 912656884ns
[ERROR] [1785993978.349394523] [tf_help]: Transform data too old when converting from map to odom
[ERROR] [1785993978.349456949] [tf_help]: Data time: 1785993977s 476389879ns, Transform time: 1785993562s 912656884ns
[ERROR] [1785993978.449282404] [tf_help]: Transform data too old when converting from map to odom
[ERROR] [1785993978.450001501] [tf_help]: Data time: 1785993977s 476389879ns, Transform time: 1785993562s 912656884ns
[ERROR] [1785993978.549309823] [tf_help]: Transform data too old when converting from map to odom
[ERROR] [1785993978.550030438] [tf_help]: Data time: 1785993977s 476389879ns, Transform time: 1785993562s 912656884ns
[INFO] [1785993978.646725543] [controller_server]: Passing new path to controller.
[ERROR] [1785993978.649770337] [tf_help]: Transform data too old when converting from map to odom
[ERROR] [1785993978.649839041] [tf_help]: Data time: 1785993978s 556280619ns, Transform time: 1785993562s 912656884ns
[ERROR] [1785993978.749260438] [tf_help]: Transform data too old when converting from map to odom
[ERROR] [1785993978.749983423] [tf_help]: Data time: 1785993978s 556280619ns, Transform time: 1785993562s 912656884ns
[ERROR] [1785993978.849263579] [tf_help]: Transform data too old when converting from map to odom
[ERROR] [1785993978.849360320] [tf_help]: Data time: 1785993978s 556280619ns, Transform time: 1785993562s 912656884ns
[ERROR] [1785993978.949383332] [tf_help]: Transform data too old when converting from map to odom
[ERROR] [1785993978.949460054] [tf_help]: Data time: 1785993978s 556280619ns, Transform time: 1785993562s 912656884ns
[ERROR] [1785993979.049293472] [tf_help]: Transform data too old when converting from map to odom
[ERROR] [1785993979.050050513] [tf_help]: Data time: 1785993978s 556280619ns, Transform time: 1785993562s 912656884ns
[ERROR] [1785993979.149215464] [tf_help]: Transform data too old when converting from map to odom
[ERROR] [1785993979.149292280] [tf_help]: Data time: 1785993978s 556280619ns, Transform time: 1785993562s 912656884ns
[ERROR] [1785993979.249180439] [tf_help]: Transform data too old when converting from map to odom
[ERROR] [1785993979.249857016] [tf_help]: Data time: 1785993978s 556280619ns, Transform time: 1785993562s 912656884ns
[ERROR] [1785993979.349258210] [tf_help]: Transform data too old when converting from map to odom
[ERROR] [1785993979.349344395] [tf_help]: Data time: 1785993978s 556280619ns, Transform time: 1785993562s 912656884ns
[ERROR] [1785993979.449249462] [tf_help]: Transform data too old when converting from map to odom
[ERROR] [1785993979.449329203] [tf_help]: Data time: 1785993978s 556280619ns, Transform time: 1785993562s 912656884ns
[ERROR] [1785993979.549218639] [tf_help]: Transform data too old when converting from map to odom
[ERROR] [1785993979.549282992] [tf_help]: Data time: 1785993978s 556280619ns, Transform time: 1785993562s 912656884ns
[ERROR] [1785993979.655431869] [tf_help]: Transform data too old when converting from map to odom
[ERROR] [1785993979.657371064] [tf_help]: Data time: 1785993978s 556280619ns, Transform time: 1785993562s 912656884ns
[INFO] [1785993979.746753186] [controller_server]: Passing new path to controller.
[ERROR] [1785993979.749385385] [tf_help]: Transform data too old when converting from map to odom
[ERROR] [1785993979.749443756] [tf_help]: Data time: 1785993979s 626537123ns, Transform time: 1785993562s 912656884ns
[ERROR] [1785993979.848778189] [tf_help]: Transform data too old when converting from map to odom
[ERROR] [1785993979.848851264] [tf_help]: Data time: 1785993979s 626537123ns, Transform time: 1785993562s 912656884ns
[ERROR] [1785993979.948902164] [tf_help]: Transform data too old when converting from map to odom
[ERROR] [1785993979.948983980] [tf_help]: Data time: 1785993979s 626537123ns, Transform time: 1785993562s 912656884ns
[ERROR] [1785993980.049289159] [tf_help]: Transform data too old when converting from map to odom
[ERROR] [1785993980.049372160] [tf_help]: Data time: 1785993979s 626537123ns, Transform time: 1785993562s 912656884ns
[ERROR] [1785993980.149001651] [tf_help]: Transform data too old when converting from map to odom
[ERROR] [1785993980.149073984] [tf_help]: Data time: 1785993979s 626537123ns, Transform time: 1785993562s 912656884ns
[ERROR] [1785993980.249569406] [tf_help]: Transform data too old when converting from map to odom
[ERROR] [1785993980.249643721] [tf_help]: Data time: 1785993979s 626537123ns, Transform time: 1785993562s 912656884ns
[ERROR] [1785993980.349406768] [tf_help]: Transform data too old when converting from map to odom
[ERROR] [1785993980.349502694] [tf_help]: Data time: 1785993979s 626537123ns, Transform time: 1785993562s 912656884ns
[ERROR] [1785993980.449275038] [tf_help]: Transform data too old when converting from map to odom
[ERROR] [1785993980.450266802] [tf_help]: Data time: 1785993979s 626537123ns, Transform time: 1785993562s 912656884ns
[ERROR] [1785993980.549245493] [tf_help]: Transform data too old when converting from map to odom
[ERROR] [1785993980.549323957] [tf_help]: Data time: 1785993979s 626537123ns, Transform time: 1785993562s 912656884ns
[ERROR] [1785993980.649333801] [tf_help]: Transform data too old when converting from map to odom
[ERROR] [1785993980.649415617] [tf_help]: Data time: 1785993979s 626537123ns, Transform time: 1785993562s 912656884ns
[ERROR] [1785993980.759672275] [tf_help]: Transform data too old when converting from map to odom
[ERROR] [1785993980.759743294] [tf_help]: Data time: 1785993979s 626537123ns, Transform time: 1785993562s 912656884ns
[INFO] [1785993980.846730773] [controller_server]: Passing new path to controller.
[ERROR] [1785993980.849781123] [tf_help]: Transform data too old when converting from map to odom
[ERROR] [1785993980.849854697] [tf_help]: Data time: 1785993980s 706275770ns, Transform time: 1785993562s 912656884ns
[ERROR] [1785993980.949650300] [tf_help]: Transform data too old when converting from map to odom
[ERROR] [1785993980.949734356] [tf_help]: Data time: 1785993980s 706275770ns, Transform time: 1785993562s 912656884ns
[ERROR] [1785993981.049424903] [tf_help]: Transform data too old when converting from map to odom
[ERROR] [1785993981.049499644] [tf_help]: Data time: 1785993980s 706275770ns, Transform time: 1785993562s 912656884ns
[ERROR] [1785993981.149256784] [tf_help]: Transform data too old when converting from map to odom
[ERROR] [1785993981.149963232] [tf_help]: Data time: 1785993980s 706275770ns, Transform time: 1785993562s 912656884ns
[ERROR] [1785993981.249416018] [tf_help]: Transform data too old when converting from map to odom
[ERROR] [1785993981.249493203] [tf_help]: Data time: 1785993980s 706275770ns, Transform time: 1785993562s 912656884ns
[ERROR] [1785993981.349403288] [tf_help]: Transform data too old when converting from map to odom
[ERROR] [1785993981.349492030] [tf_help]: Data time: 1785993980s 706275770ns, Transform time: 1785993562s 912656884ns
[ERROR] [1785993981.449266484] [tf_help]: Transform data too old when converting from map to odom
[ERROR] [1785993981.449341744] [tf_help]: Data time: 1785993980s 706275770ns, Transform time: 1785993562s 912656884ns
[ERROR] [1785993981.549177476] [tf_help]: Transform data too old when converting from map to odom
[ERROR] [1785993981.549885369] [tf_help]: Data time: 1785993980s 706275770ns, Transform time: 1785993562s 912656884ns
[ERROR] [1785993981.649392359] [tf_help]: Transform data too old when converting from map to odom
[ERROR] [1785993981.649465841] [tf_help]: Data time: 1785993980s 706275770ns, Transform time: 1785993562s 912656884ns
[ERROR] [1785993981.749417278] [tf_help]: Transform data too old when converting from map to odom
[ERROR] [1785993981.749500186] [tf_help]: Data time: 1785993980s 706275770ns, Transform time: 1785993562s 912656884ns
[INFO] [1785993981.846727997] [controller_server]: Passing new path to controller.
[ERROR] [1785993981.849672624] [tf_help]: Transform data too old when converting from map to odom
[ERROR] [1785993981.849779458] [tf_help]: Data time: 1785993981s 766238071ns, Transform time: 1785993562s 912656884ns
[ERROR] [1785993981.949273004] [tf_help]: Transform data too old when converting from map to odom
[ERROR] [1785993981.949347819] [tf_help]: Data time: 1785993981s 766238071ns, Transform time: 1785993562s 912656884ns
[ERROR] [1785993982.049188644] [tf_help]: Transform data too old when converting from map to odom
[ERROR] [1785993982.049271200] [tf_help]: Data time: 1785993981s 766238071ns, Transform time: 1785993562s 912656884ns
[ERROR] [1785993982.149303952] [tf_help]: Transform data too old when converting from map to odom
[ERROR] [1785993982.149393879] [tf_help]: Data time: 1785993981s 766238071ns, Transform time: 1785993562s 912656884ns
[ERROR] [1785993982.249279964] [tf_help]: Transform data too old when converting from map to odom
[ERROR] [1785993982.249350853] [tf_help]: Data time: 1785993981s 766238071ns, Transform time: 1785993562s 912656884ns
[ERROR] [1785993982.349354401] [tf_help]: Transform data too old when converting from map to odom
[ERROR] [1785993982.349439142] [tf_help]: Data time: 1785993981s 766238071ns, Transform time: 1785993562s 912656884ns
[ERROR] [1785993982.449311209] [tf_help]: Transform data too old when converting from map to odom
[ERROR] [1785993982.449402005] [tf_help]: Data time: 1785993981s 766238071ns, Transform time: 1785993562s 912656884ns
[ERROR] [1785993982.549216756] [tf_help]: Transform data too old when converting from map to odom
[ERROR] [1785993982.549299146] [tf_help]: Data time: 1785993981s 766238071ns, Transform time: 1785993562s 912656884ns
[ERROR] [1785993982.649395806] [tf_help]: Transform data too old when converting from map to odom
[ERROR] [1785993982.649479732] [tf_help]: Data time: 1785993981s 766238071ns, Transform time: 1785993562s 912656884ns
[ERROR] [1785993982.749315428] [tf_help]: Transform data too old when converting from map to odom
[ERROR] [1785993982.749400206] [tf_help]: Data time: 1785993981s 766238071ns, Transform time: 1785993562s 912656884ns
[ERROR] [1785993982.855547602] [tf_help]: Transform data too old when converting from map to odom
[ERROR] [1785993982.856365458] [tf_help]: Data time: 1785993981s 766238071ns, Transform time: 1785993562s 912656884ns
[INFO] [1785993982.946781659] [controller_server]: Passing new path to controller.
[ERROR] [1785993982.949991695] [tf_help]: Transform data too old when converting from map to odom
[ERROR] [1785993982.950064380] [tf_help]: Data time: 1785993982s 836282018ns, Transform time: 1785993562s 912656884ns
[ERROR] [1785993983.049353610] [tf_help]: Transform data too old when converting from map to odom
[ERROR] [1785993983.049421184] [tf_help]: Data time: 1785993982s 836282018ns, Transform time: 1785993562s 912656884ns
[ERROR] [1785993983.149493659] [tf_help]: Transform data too old when converting from map to odom
[ERROR] [1785993983.149691845] [tf_help]: Data time: 1785993982s 836282018ns, Transform time: 1785993562s 912656884ns
[ERROR] [1785993983.249715672] [tf_help]: Transform data too old when converting from map to odom
[ERROR] [1785993983.249814635] [tf_help]: Data time: 1785993982s 836282018ns, Transform time: 1785993562s 912656884ns
[ERROR] [1785993983.350010388] [tf_help]: Transform data too old when converting from map to odom
[ERROR] [1785993983.350086296] [tf_help]: Data time: 1785993982s 836282018ns, Transform time: 1785993562s 912656884ns
[ERROR] [1785993983.449434304] [tf_help]: Transform data too old when converting from map to odom
[ERROR] [1785993983.449525378] [tf_help]: Data time: 1785993982s 836282018ns, Transform time: 1785993562s 912656884ns
[ERROR] [1785993983.546816487] [controller_server]: Failed to make progress
[INFO] [1785993983.547230100] [controller_server]: Optimizer reset
[WARN] [1785993983.547291563] [controller_server]: [follow_path] [ActionServer] Aborting handle.
[INFO] [1785993983.559354275] [local_costmap.local_costmap]: Received request to clear entirely the local_costmap
[INFO] [1785993983.560257854] [controller_server]: Received a goal, begin computing control effort.
[ERROR] [1785993983.603290341] [tf_help]: Transform data too old when converting from map to odom
[ERROR] [1785993983.603422657] [tf_help]: Data time: 1785993982s 836282018ns, Transform time: 1785993562s 912656884ns
[ERROR] [1785993983.663047195] [tf_help]: Transform data too old when converting from map to odom
[ERROR] [1785993983.663114677] [tf_help]: Data time: 1785993982s 836282018ns, Transform time: 1785993562s 912656884ns
[ERROR] [1785993983.763035595] [tf_help]: Transform data too old when converting from map to odom
[ERROR] [1785993983.763111355] [tf_help]: Data time: 1785993982s 836282018ns, Transform time: 1785993562s 912656884ns
[ERROR] [1785993983.863110107] [tf_help]: Transform data too old when converting from map to odom
[ERROR] [1785993983.863188144] [tf_help]: Data time: 1785993982s 836282018ns, Transform time: 1785993562s 912656884ns
[ERROR] [1785993983.963379545] [tf_help]: Transform data too old when converting from map to odom
[ERROR] [1785993983.963444694] [tf_help]: Data time: 1785993982s 836282018ns, Transform time: 1785993562s 912656884ns
[INFO] [1785993984.060475930] [controller_server]: Passing new path to controller.
[ERROR] [1785993984.063221260] [tf_help]: Transform data too old when converting from map to odom
[ERROR] [1785993984.063291519] [tf_help]: Data time: 1785993983s 910666581ns, Transform time: 1785993562s 912656884ns
[ERROR] [1785993984.162895158] [tf_help]: Transform data too old when converting from map to odom
[ERROR] [1785993984.162970158] [tf_help]: Data time: 1785993983s 910666581ns, Transform time: 1785993562s 912656884ns
[ERROR] [1785993984.263158375] [tf_help]: Transform data too old when converting from map to odom
[ERROR] [1785993984.263259153] [tf_help]: Data time: 1785993983s 910666581ns, Transform time: 1785993562s 912656884ns
[ERROR] [1785993984.362895736] [tf_help]: Transform data too old when converting from map to odom
[ERROR] [1785993984.362972940] [tf_help]: Data time: 1785993983s 910666581ns, Transform time: 1785993562s 912656884ns
[ERROR] [1785993984.462997785] [tf_help]: Transform data too old when converting from map to odom
[ERROR] [1785993984.463089989] [tf_help]: Data time: 1785993983s 910666581ns, Transform time: 1785993562s 912656884ns
[ERROR] [1785993984.562887444] [tf_help]: Transform data too old when converting from map to odom
[ERROR] [1785993984.562960204] [tf_help]: Data time: 1785993983s 910666581ns, Transform time: 1785993562s 912656884ns
[ERROR] [1785993984.663072623] [tf_help]: Transform data too old when converting from map to odom
[ERROR] [1785993984.663152049] [tf_help]: Data time: 1785993983s 910666581ns, Transform time: 1785993562s 912656884ns
[ERROR] [1785993984.762891133] [tf_help]: Transform data too old when converting from map to odom
[ERROR] [1785993984.762962060] [tf_help]: Data time: 1785993983s 910666581ns, Transform time: 1785993562s 912656884ns
[ERROR] [1785993984.862888145] [tf_help]: Transform data too old when converting from map to odom
[ERROR] [1785993984.862962052] [tf_help]: Data time: 1785993983s 910666581ns, Transform time: 1785993562s 912656884ns
[ERROR] [1785993984.963016471] [tf_help]: Transform data too old when converting from map to odom
[ERROR] [1785993984.963096805] [tf_help]: Data time: 1785993983s 910666581ns, Transform time: 1785993562s 912656884ns
[INFO] [1785993985.060477395] [controller_server]: Passing new path to controller.
[ERROR] [1785993985.063370892] [tf_help]: Transform data too old when converting from map to odom
[ERROR] [1785993985.063453189] [tf_help]: Data time: 1785993984s 974564570ns, Transform time: 1785993562s 912656884ns
[ERROR] [1785993985.163037698] [tf_help]: Transform data too old when converting from map to odom
[ERROR] [1785993985.163121939] [tf_help]: Data time: 1785993984s 974564570ns, Transform time: 1785993562s 912656884ns
[ERROR] [1785993985.262881227] [tf_help]: Transform data too old when converting from map to odom
[ERROR] [1785993985.262953746] [tf_help]: Data time: 1785993984s 974564570ns, Transform time: 1785993562s 912656884ns
[ERROR] [1785993985.363081258] [tf_help]: Transform data too old when converting from map to odom
[ERROR] [1785993985.363159999] [tf_help]: Data time: 1785993984s 974564570ns, Transform time: 1785993562s 912656884ns
[ERROR] [1785993985.463000713] [tf_help]: Transform data too old when converting from map to odom
[ERROR] [1785993985.463079288] [tf_help]: Data time: 1785993984s 974564570ns, Transform time: 1785993562s 912656884ns
[ERROR] [1785993985.562947946] [tf_help]: Transform data too old when converting from map to odom
[ERROR] [1785993985.563018984] [tf_help]: Data time: 1785993984s 974564570ns, Transform time: 1785993562s 912656884ns
[ERROR] [1785993985.663030829] [tf_help]: Transform data too old when converting from map to odom
[ERROR] [1785993985.663094662] [tf_help]: Data time: 1785993984s 974564570ns, Transform time: 1785993562s 912656884ns
[ERROR] [1785993985.762891413] [tf_help]: Transform data too old when converting from map to odom
[ERROR] [1785993985.762986932] [tf_help]: Data time: 1785993984s 974564570ns, Transform time: 1785993562s 912656884ns
[ERROR] [1785993985.862534071] [tf_help]: Transform data too old when converting from map to odom
[ERROR] [1785993985.862599256] [tf_help]: Data time: 1785993984s 974564570ns, Transform time: 1785993562s 912656884ns
[ERROR] [1785993985.962924362] [tf_help]: Transform data too old when converting from map to odom
[ERROR] [1785993985.962992844] [tf_help]: Data time: 1785993984s 974564570ns, Transform time: 1785993562s 912656884ns
[ERROR] [1785993986.073215205] [tf_help]: Transform data too old when converting from map to odom
[ERROR] [1785993986.073436188] [tf_help]: Data time: 1785993984s 974564570ns, Transform time: 1785993562s 912656884ns
[INFO] [1785993986.160506298] [controller_server]: Passing new path to controller.
[ERROR] [1785993986.164446689] [tf_help]: Transform data too old when converting from map to odom
[ERROR] [1785993986.164520393] [tf_help]: Data time: 1785993986s 35739655ns, Transform time: 1785993562s 912656884ns
[ERROR] [1785993986.263110489] [tf_help]: Transform data too old when converting from map to odom
[ERROR] [1785993986.263181638] [tf_help]: Data time: 1785993986s 35739655ns, Transform time: 1785993562s 912656884ns
[ERROR] [1785993986.362866203] [tf_help]: Transform data too old when converting from map to odom
[ERROR] [1785993986.362928185] [tf_help]: Data time: 1785993986s 35739655ns, Transform time: 1785993562s 912656884ns
[ERROR] [1785993986.463950424] [tf_help]: Transform data too old when converting from map to odom
[ERROR] [1785993986.464050998] [tf_help]: Data time: 1785993986s 35739655ns, Transform time: 1785993562s 912656884ns
[ERROR] [1785993986.562994338] [tf_help]: Transform data too old when converting from map to odom
[ERROR] [1785993986.563083505] [tf_help]: Data time: 1785993986s 35739655ns, Transform time: 1785993562s 912656884ns
[ERROR] [1785993986.663126627] [tf_help]: Transform data too old when converting from map to odom
[ERROR] [1785993986.663208628] [tf_help]: Data time: 1785993986s 35739655ns, Transform time: 1785993562s 912656884ns
[ERROR] [1785993986.763412270] [tf_help]: Transform data too old when converting from map to odom
[ERROR] [1785993986.763541807] [tf_help]: Data time: 1785993986s 35739655ns, Transform time: 1785993562s 912656884ns
[ERROR] [1785993986.863289336] [tf_help]: Transform data too old when converting from map to odom
[ERROR] [1785993986.863366355] [tf_help]: Data time: 1785993986s 35739655ns, Transform time: 1785993562s 912656884ns
[ERROR] [1785993986.963158791] [tf_help]: Transform data too old when converting from map to odom
[ERROR] [1785993986.963234273] [tf_help]: Data time: 1785993986s 35739655ns, Transform time: 1785993562s 912656884ns
[ERROR] [1785993987.063057765] [tf_help]: Transform data too old when converting from map to odom
[ERROR] [1785993987.063137302] [tf_help]: Data time: 1785993986s 35739655ns, Transform time: 1785993562s 912656884ns
[ERROR] [1785993987.168478657] [tf_help]: Transform data too old when converting from map to odom
[ERROR] [1785993987.168643565] [tf_help]: Data time: 1785993986s 35739655ns, Transform time: 1785993562s 912656884ns
[INFO] [1785993987.260479885] [controller_server]: Passing new path to controller.
[ERROR] [1785993987.263516975] [tf_help]: Transform data too old when converting from map to odom
[ERROR] [1785993987.263594327] [tf_help]: Data time: 1785993987s 121050998ns, Transform time: 1785993562s 912656884ns
[ERROR] [1785993987.363047299] [tf_help]: Transform data too old when converting from map to odom
[ERROR] [1785993987.363136484] [tf_help]: Data time: 1785993987s 121050998ns, Transform time: 1785993562s 912656884ns
[ERROR] [1785993987.463042606] [tf_help]: Transform data too old when converting from map to odom
[ERROR] [1785993987.463125403] [tf_help]: Data time: 1785993987s 121050998ns, Transform time: 1785993562s 912656884ns
[ERROR] [1785993987.563325786] [tf_help]: Transform data too old when converting from map to odom
[ERROR] [1785993987.563395934] [tf_help]: Data time: 1785993987s 121050998ns, Transform time: 1785993562s 912656884ns
[ERROR] [1785993987.663049296] [tf_help]: Transform data too old when converting from map to odom
[ERROR] [1785993987.663122222] [tf_help]: Data time: 1785993987s 121050998ns, Transform time: 1785993562s 912656884ns
[ERROR] [1785993987.763117418] [tf_help]: Transform data too old when converting from map to odom
[ERROR] [1785993987.763192993] [tf_help]: Data time: 1785993987s 121050998ns, Transform time: 1785993562s 912656884ns
[ERROR] [1785993987.862965836] [tf_help]: Transform data too old when converting from map to odom
[ERROR] [1785993987.863057633] [tf_help]: Data time: 1785993987s 121050998ns, Transform time: 1785993562s 912656884ns
[ERROR] [1785993987.963325257] [tf_help]: Transform data too old when converting from map to odom
[ERROR] [1785993987.963407054] [tf_help]: Data time: 1785993987s 121050998ns, Transform time: 1785993562s 912656884ns
[ERROR] [1785993988.063296138] [tf_help]: Transform data too old when converting from map to odom
[ERROR] [1785993988.063378361] [tf_help]: Data time: 1785993987s 121050998ns, Transform time: 1785993562s 912656884ns
[ERROR] [1785993988.163567114] [tf_help]: Transform data too old when converting from map to odom
[ERROR] [1785993988.163649189] [tf_help]: Data time: 1785993987s 121050998ns, Transform time: 1785993562s 912656884ns
[INFO] [1785993988.260489868] [controller_server]: Passing new path to controller.
[ERROR] [1785993988.263331865] [tf_help]: Transform data too old when converting from map to odom
[ERROR] [1785993988.263413199] [tf_help]: Data time: 1785993988s 192752972ns, Transform time: 1785993562s 912656884ns
[ERROR] [1785993988.363379154] [tf_help]: Transform data too old when converting from map to odom
[ERROR] [1785993988.363467970] [tf_help]: Data time: 1785993988s 192752972ns, Transform time: 1785993562s 912656884ns
[ERROR] [1785993988.462971589] [tf_help]: Transform data too old when converting from map to odom
[ERROR] [1785993988.463061701] [tf_help]: Data time: 1785993988s 192752972ns, Transform time: 1785993562s 912656884ns
[ERROR] [1785993988.563068212] [tf_help]: Transform data too old when converting from map to odom
[ERROR] [1785993988.563154787] [tf_help]: Data time: 1785993988s 192752972ns, Transform time: 1785993562s 912656884ns
[ERROR] [1785993988.663988932] [tf_help]: Transform data too old when converting from map to odom
[ERROR] [1785993988.664051155] [tf_help]: Data time: 1785993988s 192752972ns, Transform time: 1785993562s 912656884ns
[ERROR] [1785993988.763172032] [tf_help]: Transform data too old when converting from map to odom
[ERROR] [1785993988.763259143] [tf_help]: Data time: 1785993988s 192752972ns, Transform time: 1785993562s 912656884ns
[ERROR] [1785993988.863702342] [tf_help]: Transform data too old when converting from map to odom
[ERROR] [1785993988.863783565] [tf_help]: Data time: 1785993988s 192752972ns, Transform time: 1785993562s 912656884ns
[ERROR] [1785993988.963023183] [tf_help]: Transform data too old when converting from map to odom
[ERROR] [1785993988.963113517] [tf_help]: Data time: 1785993988s 192752972ns, Transform time: 1785993562s 912656884ns
[ERROR] [1785993989.063946051] [tf_help]: Transform data too old when converting from map to odom
[ERROR] [1785993989.064025163] [tf_help]: Data time: 1785993988s 192752972ns, Transform time: 1785993562s 912656884ns
[ERROR] [1785993989.163093373] [tf_help]: Transform data too old when converting from map to odom
[ERROR] [1785993989.163191096] [tf_help]: Data time: 1785993988s 192752972ns, Transform time: 1785993562s 912656884ns
[ERROR] [1785993989.262980754] [tf_help]: Transform data too old when converting from map to odom
[ERROR] [1785993989.263071495] [tf_help]: Data time: 1785993988s 192752972ns, Transform time: 1785993562s 912656884ns
[INFO] [1785993989.360477326] [controller_server]: Passing new path to controller.
[ERROR] [1785993989.363292545] [tf_help]: Transform data too old when converting from map to odom
[ERROR] [1785993989.363365453] [tf_help]: Data time: 1785993989s 263272107ns, Transform time: 1785993562s 912656884ns
[ERROR] [1785993989.463753466] [tf_help]: Transform data too old when converting from map to odom
[ERROR] [1785993989.463819855] [tf_help]: Data time: 1785993989s 263272107ns, Transform time: 1785993562s 912656884ns
[ERROR] [1785993989.563092863] [tf_help]: Transform data too old when converting from map to odom
[ERROR] [1785993989.563176382] [tf_help]: Data time: 1785993989s 263272107ns, Transform time: 1785993562s 912656884ns
[ERROR] [1785993989.660576749] [controller_server]: Failed to make progress
[INFO] [1785993989.660942937] [controller_server]: Optimizer reset
[WARN] [1785993989.660983066] [controller_server]: [follow_path] [ActionServer] Aborting handle.
[INFO] [1785993989.672521257] [local_costmap.local_costmap]: Received request to clear entirely the local_costmap
[INFO] [1785994014.799321517] [controller_server]: Received a goal, begin computing control effort.
[ERROR] [1785994014.802920665] [tf_help]: Transform data too old when converting from map to odom
[ERROR] [1785994014.803033240] [tf_help]: Data time: 1785994014s 732744016ns, Transform time: 1785993562s 912656884ns
[ERROR] [1785994014.902222784] [tf_help]: Transform data too old when converting from map to odom
[ERROR] [1785994014.902304488] [tf_help]: Data time: 1785994014s 732744016ns, Transform time: 1785993562s 912656884ns
[ERROR] [1785994015.002085443] [tf_help]: Transform data too old when converting from map to odom
[ERROR] [1785994015.002166869] [tf_help]: Data time: 1785994014s 732744016ns, Transform time: 1785993562s 912656884ns
[ERROR] [1785994015.102229862] [tf_help]: Transform data too old when converting from map to odom
[ERROR] [1785994015.102304789] [tf_help]: Data time: 1785994014s 732744016ns, Transform time: 1785993562s 912656884ns
[ERROR] [1785994015.202130244] [tf_help]: Transform data too old when converting from map to odom
[ERROR] [1785994015.202224263] [tf_help]: Data time: 1785994014s 732744016ns, Transform time: 1785993562s 912656884ns
[ERROR] [1785994015.302234311] [tf_help]: Transform data too old when converting from map to odom
[ERROR] [1785994015.302311515] [tf_help]: Data time: 1785994014s 732744016ns, Transform time: 1785993562s 912656884ns
[ERROR] [1785994015.402093914] [tf_help]: Transform data too old when converting from map to odom
[ERROR] [1785994015.402168581] [tf_help]: Data time: 1785994014s 732744016ns, Transform time: 1785993562s 912656884ns
[ERROR] [1785994015.502307371] [tf_help]: Transform data too old when converting from map to odom
[ERROR] [1785994015.502386390] [tf_help]: Data time: 1785994014s 732744016ns, Transform time: 1785993562s 912656884ns
[ERROR] [1785994015.602198122] [tf_help]: Transform data too old when converting from map to odom
[ERROR] [1785994015.602264345] [tf_help]: Data time: 1785994014s 732744016ns, Transform time: 1785993562s 912656884ns
[ERROR] [1785994015.702173134] [tf_help]: Transform data too old when converting from map to odom
[ERROR] [1785994015.702247504] [tf_help]: Data time: 1785994014s 732744016ns, Transform time: 1785993562s 912656884ns
[ERROR] [1785994015.802809778] [tf_help]: Transform data too old when converting from map to odom
[ERROR] [1785994015.802901390] [tf_help]: Data time: 1785994014s 732744016ns, Transform time: 1785993562s 912656884ns
[INFO] [1785994015.899578550] [controller_server]: Passing new path to controller.
[ERROR] [1785994015.902272694] [tf_help]: Transform data too old when converting from map to odom
[ERROR] [1785994015.902331620] [tf_help]: Data time: 1785994015s 804183396ns, Transform time: 1785993562s 912656884ns
[ERROR] [1785994016.004100048] [tf_help]: Transform data too old when converting from map to odom
[ERROR] [1785994016.004176752] [tf_help]: Data time: 1785994015s 804183396ns, Transform time: 1785993562s 912656884ns
[ERROR] [1785994016.102600737] [tf_help]: Transform data too old when converting from map to odom
[ERROR] [1785994016.103414889] [tf_help]: Data time: 1785994015s 804183396ns, Transform time: 1785993562s 912656884ns
[ERROR] [1785994016.203416197] [tf_help]: Transform data too old when converting from map to odom
[ERROR] [1785994016.203468845] [tf_help]: Data time: 1785994015s 804183396ns, Transform time: 1785993562s 912656884ns
[ERROR] [1785994016.302173387] [tf_help]: Transform data too old when converting from map to odom
[ERROR] [1785994016.302876705] [tf_help]: Data time: 1785994015s 804183396ns, Transform time: 1785993562s 912656884ns
[ERROR] [1785994016.402162379] [tf_help]: Transform data too old when converting from map to odom
[ERROR] [1785994016.402234880] [tf_help]: Data time: 1785994015s 804183396ns, Transform time: 1785993562s 912656884ns
[ERROR] [1785994016.502513059] [tf_help]: Transform data too old when converting from map to odom
[ERROR] [1785994016.502596430] [tf_help]: Data time: 1785994015s 804183396ns, Transform time: 1785993562s 912656884ns
[ERROR] [1785994016.602298551] [tf_help]: Transform data too old when converting from map to odom
[ERROR] [1785994016.602374366] [tf_help]: Data time: 1785994015s 804183396ns, Transform time: 1785993562s 912656884ns
[ERROR] [1785994016.702263062] [tf_help]: Transform data too old when converting from map to odom
[ERROR] [1785994016.702349711] [tf_help]: Data time: 1785994015s 804183396ns, Transform time: 1785993562s 912656884ns
[ERROR] [1785994016.802260981] [tf_help]: Transform data too old when converting from map to odom
[ERROR] [1785994016.802337666] [tf_help]: Data time: 1785994015s 804183396ns, Transform time: 1785993562s 912656884ns
[ERROR] [1785994016.913837979] [tf_help]: Transform data too old when converting from map to odom
[ERROR] [1785994016.914018517] [tf_help]: Data time: 1785994015s 804183396ns, Transform time: 1785993562s 912656884ns
[INFO] [1785994016.999601267] [controller_server]: Passing new path to controller.
[ERROR] [1785994017.002561505] [tf_help]: Transform data too old when converting from map to odom
[ERROR] [1785994017.002638339] [tf_help]: Data time: 1785994016s 886538427ns, Transform time: 1785993562s 912656884ns
[ERROR] [1785994017.102309182] [tf_help]: Transform data too old when converting from map to odom
[ERROR] [1785994017.102381182] [tf_help]: Data time: 1785994016s 886538427ns, Transform time: 1785993562s 912656884ns
[ERROR] [1785994017.202279119] [tf_help]: Transform data too old when converting from map to odom
[ERROR] [1785994017.202358730] [tf_help]: Data time: 1785994016s 886538427ns, Transform time: 1785993562s 912656884ns
[ERROR] [1785994017.302261797] [tf_help]: Transform data too old when converting from map to odom
[ERROR] [1785994017.302337723] [tf_help]: Data time: 1785994016s 886538427ns, Transform time: 1785993562s 912656884ns
[ERROR] [1785994017.402090974] [tf_help]: Transform data too old when converting from map to odom
[ERROR] [1785994017.402160530] [tf_help]: Data time: 1785994016s 886538427ns, Transform time: 1785993562s 912656884ns
[ERROR] [1785994017.502410302] [tf_help]: Transform data too old when converting from map to odom
[ERROR] [1785994017.502470524] [tf_help]: Data time: 1785994016s 886538427ns, Transform time: 1785993562s 912656884ns
[ERROR] [1785994017.602366868] [tf_help]: Transform data too old when converting from map to odom
[ERROR] [1785994017.602464776] [tf_help]: Data time: 1785994016s 886538427ns, Transform time: 1785993562s 912656884ns
[ERROR] [1785994017.702271120] [tf_help]: Transform data too old when converting from map to odom
[ERROR] [1785994017.702355509] [tf_help]: Data time: 1785994016s 886538427ns, Transform time: 1785993562s 912656884ns
[ERROR] [1785994017.802222927] [tf_help]: Transform data too old when converting from map to odom
[ERROR] [1785994017.802300428] [tf_help]: Data time: 1785994016s 886538427ns, Transform time: 1785993562s 912656884ns
[ERROR] [1785994017.902237235] [tf_help]: Transform data too old when converting from map to odom
[ERROR] [1785994017.902308735] [tf_help]: Data time: 1785994016s 886538427ns, Transform time: 1785993562s 912656884ns
[ERROR] [1785994018.013365953] [tf_help]: Transform data too old when converting from map to odom
[ERROR] [1785994018.013425861] [tf_help]: Data time: 1785994016s 886538427ns, Transform time: 1785993562s 912656884ns
[INFO] [1785994018.099579466] [controller_server]: Passing new path to controller.
[ERROR] [1785994018.102618111] [tf_help]: Transform data too old when converting from map to odom
[ERROR] [1785994018.102704001] [tf_help]: Data time: 1785994017s 966501890ns, Transform time: 1785993562s 912656884ns
[ERROR] [1785994018.202126750] [tf_help]: Transform data too old when converting from map to odom
[ERROR] [1785994018.202198657] [tf_help]: Data time: 1785994017s 966501890ns, Transform time: 1785993562s 912656884ns
[ERROR] [1785994018.302118668] [tf_help]: Transform data too old when converting from map to odom
[ERROR] [1785994018.302200928] [tf_help]: Data time: 1785994017s 966501890ns, Transform time: 1785993562s 912656884ns
[ERROR] [1785994018.402237921] [tf_help]: Transform data too old when converting from map to odom
[ERROR] [1785994018.402320014] [tf_help]: Data time: 1785994017s 966501890ns, Transform time: 1785993562s 912656884ns
[ERROR] [1785994018.502347433] [tf_help]: Transform data too old when converting from map to odom
[ERROR] [1785994018.502412044] [tf_help]: Data time: 1785994017s 966501890ns, Transform time: 1785993562s 912656884ns
[ERROR] [1785994018.602308574] [tf_help]: Transform data too old when converting from map to odom
[ERROR] [1785994018.602382315] [tf_help]: Data time: 1785994017s 966501890ns, Transform time: 1785993562s 912656884ns
[ERROR] [1785994018.702355881] [tf_help]: Transform data too old when converting from map to odom
[ERROR] [1785994018.702436641] [tf_help]: Data time: 1785994017s 966501890ns, Transform time: 1785993562s 912656884ns
[ERROR] [1785994018.802214114] [tf_help]: Transform data too old when converting from map to odom
[ERROR] [1785994018.802294041] [tf_help]: Data time: 1785994017s 966501890ns, Transform time: 1785993562s 912656884ns
[ERROR] [1785994018.902191255] [tf_help]: Transform data too old when converting from map to odom
[ERROR] [1785994018.902269422] [tf_help]: Data time: 1785994017s 966501890ns, Transform time: 1785993562s 912656884ns
[ERROR] [1785994019.002131099] [tf_help]: Transform data too old when converting from map to odom
[ERROR] [1785994019.002212507] [tf_help]: Data time: 1785994017s 966501890ns, Transform time: 1785993562s 912656884ns
[INFO] [1785994019.099590375] [controller_server]: Passing new path to controller.
[ERROR] [1785994019.102886078] [tf_help]: Transform data too old when converting from map to odom
[ERROR] [1785994019.102960930] [tf_help]: Data time: 1785994019s 26543358ns, Transform time: 1785993562s 912656884ns
[ERROR] [1785994019.202368253] [tf_help]: Transform data too old when converting from map to odom
[ERROR] [1785994019.202445827] [tf_help]: Data time: 1785994019s 26543358ns, Transform time: 1785993562s 912656884ns
[ERROR] [1785994019.302374894] [tf_help]: Transform data too old when converting from map to odom
[ERROR] [1785994019.302444783] [tf_help]: Data time: 1785994019s 26543358ns, Transform time: 1785993562s 912656884ns
[ERROR] [1785994019.402265108] [tf_help]: Transform data too old when converting from map to odom
[ERROR] [1785994019.402896112] [tf_help]: Data time: 1785994019s 26543358ns, Transform time: 1785993562s 912656884ns
[ERROR] [1785994019.502347787] [tf_help]: Transform data too old when converting from map to odom
[ERROR] [1785994019.502422361] [tf_help]: Data time: 1785994019s 26543358ns, Transform time: 1785993562s 912656884ns
[ERROR] [1785994019.602359798] [tf_help]: Transform data too old when converting from map to odom
[ERROR] [1785994019.602435836] [tf_help]: Data time: 1785994019s 26543358ns, Transform time: 1785993562s 912656884ns
[ERROR] [1785994019.702251883] [tf_help]: Transform data too old when converting from map to odom
[ERROR] [1785994019.702334532] [tf_help]: Data time: 1785994019s 26543358ns, Transform time: 1785993562s 912656884ns
[ERROR] [1785994019.802314339] [tf_help]: Transform data too old when converting from map to odom
[ERROR] [1785994019.802389895] [tf_help]: Data time: 1785994019s 26543358ns, Transform time: 1785993562s 912656884ns
[ERROR] [1785994019.902246757] [tf_help]: Transform data too old when converting from map to odom
[ERROR] [1785994019.902336276] [tf_help]: Data time: 1785994019s 26543358ns, Transform time: 1785993562s 912656884ns
[ERROR] [1785994020.002257769] [tf_help]: Transform data too old when converting from map to odom
[ERROR] [1785994020.002338751] [tf_help]: Data time: 1785994019s 26543358ns, Transform time: 1785993562s 912656884ns
[ERROR] [1785994020.102339836] [tf_help]: Transform data too old when converting from map to odom
[ERROR] [1785994020.102419429] [tf_help]: Data time: 1785994019s 26543358ns, Transform time: 1785993562s 912656884ns
[INFO] [1785994020.199579499] [controller_server]: Passing new path to controller.
[ERROR] [1785994020.202760887] [tf_help]: Transform data too old when converting from map to odom
[ERROR] [1785994020.202832572] [tf_help]: Data time: 1785994020s 106561599ns, Transform time: 1785993562s 912656884ns
[ERROR] [1785994020.302229340] [tf_help]: Transform data too old when converting from map to odom
[ERROR] [1785994020.302313007] [tf_help]: Data time: 1785994020s 106561599ns, Transform time: 1785993562s 912656884ns
[ERROR] [1785994020.402209480] [tf_help]: Transform data too old when converting from map to odom
[ERROR] [1785994020.402286666] [tf_help]: Data time: 1785994020s 106561599ns, Transform time: 1785993562s 912656884ns
[ERROR] [1785994020.502556734] [tf_help]: Transform data too old when converting from map to odom
[ERROR] [1785994020.502616216] [tf_help]: Data time: 1785994020s 106561599ns, Transform time: 1785993562s 912656884ns
[ERROR] [1785994020.602230207] [tf_help]: Transform data too old when converting from map to odom
[ERROR] [1785994020.602302652] [tf_help]: Data time: 1785994020s 106561599ns, Transform time: 1785993562s 912656884ns
[ERROR] [1785994020.702230496] [tf_help]: Transform data too old when converting from map to odom
[ERROR] [1785994020.702309478] [tf_help]: Data time: 1785994020s 106561599ns, Transform time: 1785993562s 912656884ns
[ERROR] [1785994020.799690161] [controller_server]: Failed to make progress
[INFO] [1785994020.800052329] [controller_server]: Optimizer reset
[WARN] [1785994020.800094089] [controller_server]: [follow_path] [ActionServer] Aborting handle.
[INFO] [1785994020.813666364] [local_costmap.local_costmap]: Received request to clear entirely the local_costmap
[INFO] [1785994020.815706449] [controller_server]: Received a goal, begin computing control effort.
[ERROR] [1785994021.008377118] [tf_help]: Transform data too old when converting from map to odom
[ERROR] [1785994021.009635440] [tf_help]: Data time: 1785994020s 106561599ns, Transform time: 1785993562s 912656884ns
[WARN] [1785994021.009702384] [controller_server]: Control loop missed its desired rate of 10.0000 Hz. Current loop rate is 5.1590 Hz.
[ERROR] [1785994021.013404515] [tf_help]: Transform data too old when converting from map to odom
[ERROR] [1785994021.013605146] [tf_help]: Data time: 1785994020s 106561599ns, Transform time: 1785993562s 912656884ns
[ERROR] [1785994021.112900061] [tf_help]: Transform data too old when converting from map to odom
[ERROR] [1785994021.112990783] [tf_help]: Data time: 1785994020s 106561599ns, Transform time: 1785993562s 912656884ns
[ERROR] [1785994021.236016935] [tf_help]: Transform data too old when converting from map to odom
[ERROR] [1785994021.236097862] [tf_help]: Data time: 1785994020s 106561599ns, Transform time: 1785993562s 912656884ns
[INFO] [1785994021.309909160] [controller_server]: Passing new path to controller.
[ERROR] [1785994021.312773212] [tf_help]: Transform data too old when converting from map to odom
[ERROR] [1785994021.312840361] [tf_help]: Data time: 1785994021s 183862844ns, Transform time: 1785993562s 912656884ns
[ERROR] [1785994021.412541148] [tf_help]: Transform data too old when converting from map to odom
[ERROR] [1785994021.413309652] [tf_help]: Data time: 1785994021s 183862844ns, Transform time: 1785993562s 912656884ns
[ERROR] [1785994021.512559808] [tf_help]: Transform data too old when converting from map to odom
[ERROR] [1785994021.512630197] [tf_help]: Data time: 1785994021s 183862844ns, Transform time: 1785993562s 912656884ns
[ERROR] [1785994021.612359633] [tf_help]: Transform data too old when converting from map to odom
[ERROR] [1785994021.612438022] [tf_help]: Data time: 1785994021s 183862844ns, Transform time: 1785993562s 912656884ns
[ERROR] [1785994021.712358792] [tf_help]: Transform data too old when converting from map to odom
[ERROR] [1785994021.712443941] [tf_help]: Data time: 1785994021s 183862844ns, Transform time: 1785993562s 912656884ns
[ERROR] [1785994021.812937529] [tf_help]: Transform data too old when converting from map to odom
[ERROR] [1785994021.813588625] [tf_help]: Data time: 1785994021s 183862844ns, Transform time: 1785993562s 912656884ns
[ERROR] [1785994021.912242407] [tf_help]: Transform data too old when converting from map to odom
[ERROR] [1785994021.912324148] [tf_help]: Data time: 1785994021s 183862844ns, Transform time: 1785993562s 912656884ns
[ERROR] [1785994022.013819316] [tf_help]: Transform data too old when converting from map to odom
[ERROR] [1785994022.013894575] [tf_help]: Data time: 1785994021s 183862844ns, Transform time: 1785993562s 912656884ns
[ERROR] [1785994022.114065958] [tf_help]: Transform data too old when converting from map to odom
[ERROR] [1785994022.114136125] [tf_help]: Data time: 1785994021s 183862844ns, Transform time: 1785993562s 912656884ns
[ERROR] [1785994022.212052625] [tf_help]: Transform data too old when converting from map to odom
[ERROR] [1785994022.212112533] [tf_help]: Data time: 1785994021s 183862844ns, Transform time: 1785993562s 912656884ns
[ERROR] [1785994022.313723497] [tf_help]: Transform data too old when converting from map to odom
[ERROR] [1785994022.313815201] [tf_help]: Data time: 1785994021s 183862844ns, Transform time: 1785993562s 912656884ns
[INFO] [1785994022.410032600] [controller_server]: Passing new path to controller.
[ERROR] [1785994022.412882152] [tf_help]: Transform data too old when converting from map to odom
[ERROR] [1785994022.412965097] [tf_help]: Data time: 1785994022s 245789637ns, Transform time: 1785993562s 912656884ns
[ERROR] [1785994022.513084924] [tf_help]: Transform data too old when converting from map to odom
[ERROR] [1785994022.513183498] [tf_help]: Data time: 1785994022s 245789637ns, Transform time: 1785993562s 912656884ns
[ERROR] [1785994022.612549377] [tf_help]: Transform data too old when converting from map to odom
[ERROR] [1785994022.612627025] [tf_help]: Data time: 1785994022s 245789637ns, Transform time: 1785993562s 912656884ns
[ERROR] [1785994022.712552295] [tf_help]: Transform data too old when converting from map to odom
[ERROR] [1785994022.712623185] [tf_help]: Data time: 1785994022s 245789637ns, Transform time: 1785993562s 912656884ns
[ERROR] [1785994022.812507788] [tf_help]: Transform data too old when converting from map to odom
[ERROR] [1785994022.812588622] [tf_help]: Data time: 1785994022s 245789637ns, Transform time: 1785993562s 912656884ns
[ERROR] [1785994022.912466947] [tf_help]: Transform data too old when converting from map to odom
[ERROR] [1785994022.912538985] [tf_help]: Data time: 1785994022s 245789637ns, Transform time: 1785993562s 912656884ns
[ERROR] [1785994023.012582644] [tf_help]: Transform data too old when converting from map to odom
[ERROR] [1785994023.012656015] [tf_help]: Data time: 1785994022s 245789637ns, Transform time: 1785993562s 912656884ns
[ERROR] [1785994023.112751823] [tf_help]: Transform data too old when converting from map to odom
[ERROR] [1785994023.112819750] [tf_help]: Data time: 1785994022s 245789637ns, Transform time: 1785993562s 912656884ns
[ERROR] [1785994023.212578148] [tf_help]: Transform data too old when converting from map to odom
[ERROR] [1785994023.212645908] [tf_help]: Data time: 1785994022s 245789637ns, Transform time: 1785993562s 912656884ns
[ERROR] [1785994023.312601715] [tf_help]: Transform data too old when converting from map to odom
[ERROR] [1785994023.312672716] [tf_help]: Data time: 1785994022s 245789637ns, Transform time: 1785993562s 912656884ns
[INFO] [1785994023.409929379] [controller_server]: Passing new path to controller.
[ERROR] [1785994023.412739042] [tf_help]: Transform data too old when converting from map to odom
[ERROR] [1785994023.412809154] [tf_help]: Data time: 1785994023s 326045379ns, Transform time: 1785993562s 912656884ns
[ERROR] [1785994023.512687887] [tf_help]: Transform data too old when converting from map to odom
[ERROR] [1785994023.512752887] [tf_help]: Data time: 1785994023s 326045379ns, Transform time: 1785993562s 912656884ns
[ERROR] [1785994023.612384433] [tf_help]: Transform data too old when converting from map to odom
[ERROR] [1785994023.612465804] [tf_help]: Data time: 1785994023s 326045379ns, Transform time: 1785993562s 912656884ns
[ERROR] [1785994023.712527483] [tf_help]: Transform data too old when converting from map to odom
[ERROR] [1785994023.712586168] [tf_help]: Data time: 1785994023s 326045379ns, Transform time: 1785993562s 912656884ns
[ERROR] [1785994023.812308030] [tf_help]: Transform data too old when converting from map to odom
[ERROR] [1785994023.812389160] [tf_help]: Data time: 1785994023s 326045379ns, Transform time: 1785993562s 912656884ns
[ERROR] [1785994023.912601709] [tf_help]: Transform data too old when converting from map to odom
[ERROR] [1785994023.912668580] [tf_help]: Data time: 1785994023s 326045379ns, Transform time: 1785993562s 912656884ns
[ERROR] [1785994024.012356479] [tf_help]: Transform data too old when converting from map to odom
[ERROR] [1785994024.012434646] [tf_help]: Data time: 1785994023s 326045379ns, Transform time: 1785993562s 912656884ns
[ERROR] [1785994024.112485324] [tf_help]: Transform data too old when converting from map to odom
[ERROR] [1785994024.112648769] [tf_help]: Data time: 1785994023s 326045379ns, Transform time: 1785993562s 912656884ns
[ERROR] [1785994024.213000856] [tf_help]: Transform data too old when converting from map to odom
[ERROR] [1785994024.213070912] [tf_help]: Data time: 1785994023s 326045379ns, Transform time: 1785993562s 912656884ns
[ERROR] [1785994024.313060905] [tf_help]: Transform data too old when converting from map to odom
[ERROR] [1785994024.313131202] [tf_help]: Data time: 1785994023s 326045379ns, Transform time: 1785993562s 912656884ns
[ERROR] [1785994024.415169335] [tf_help]: Transform data too old when converting from map to odom
[ERROR] [1785994024.415265761] [tf_help]: Data time: 1785994023s 326045379ns, Transform time: 1785993562s 912656884ns
[INFO] [1785994024.510251154] [controller_server]: Passing new path to controller.
[ERROR] [1785994024.513720487] [tf_help]: Transform data too old when converting from map to odom
[ERROR] [1785994024.513785820] [tf_help]: Data time: 1785994024s 405722933ns, Transform time: 1785993562s 912656884ns
[ERROR] [1785994024.613538404] [tf_help]: Transform data too old when converting from map to odom
[ERROR] [1785994024.613606090] [tf_help]: Data time: 1785994024s 405722933ns, Transform time: 1785993562s 912656884ns
[ERROR] [1785994024.712523670] [tf_help]: Transform data too old when converting from map to odom
[ERROR] [1785994024.712726282] [tf_help]: Data time: 1785994024s 405722933ns, Transform time: 1785993562s 912656884ns
[ERROR] [1785994024.812316310] [tf_help]: Transform data too old when converting from map to odom
[ERROR] [1785994024.812384254] [tf_help]: Data time: 1785994024s 405722933ns, Transform time: 1785993562s 912656884ns
[ERROR] [1785994024.912452988] [tf_help]: Transform data too old when converting from map to odom
[ERROR] [1785994024.912523877] [tf_help]: Data time: 1785994024s 405722933ns, Transform time: 1785993562s 912656884ns
[ERROR] [1785994025.012654427] [tf_help]: Transform data too old when converting from map to odom
[ERROR] [1785994025.012749168] [tf_help]: Data time: 1785994024s 405722933ns, Transform time: 1785993562s 912656884ns
[ERROR] [1785994025.112822883] [tf_help]: Transform data too old when converting from map to odom
[ERROR] [1785994025.112930421] [tf_help]: Data time: 1785994024s 405722933ns, Transform time: 1785993562s 912656884ns
[ERROR] [1785994025.212640245] [tf_help]: Transform data too old when converting from map to odom
[ERROR] [1785994025.212723635] [tf_help]: Data time: 1785994024s 405722933ns, Transform time: 1785993562s 912656884ns
[ERROR] [1785994025.312414607] [tf_help]: Transform data too old when converting from map to odom
[ERROR] [1785994025.312485404] [tf_help]: Data time: 1785994024s 405722933ns, Transform time: 1785993562s 912656884ns
[ERROR] [1785994025.412414174] [tf_help]: Transform data too old when converting from map to odom
[ERROR] [1785994025.412486767] [tf_help]: Data time: 1785994024s 405722933ns, Transform time: 1785993562s 912656884ns
[ERROR] [1785994025.515896482] [tf_help]: Transform data too old when converting from map to odom
[ERROR] [1785994025.516912080] [tf_help]: Data time: 1785994024s 405722933ns, Transform time: 1785993562s 912656884ns
[INFO] [1785994025.609859128] [controller_server]: Passing new path to controller.
[ERROR] [1785994025.612930311] [tf_help]: Transform data too old when converting from map to odom
[ERROR] [1785994025.612999033] [tf_help]: Data time: 1785994025s 465776531ns, Transform time: 1785993562s 912656884ns
[ERROR] [1785994025.712589839] [tf_help]: Transform data too old when converting from map to odom
[ERROR] [1785994025.712653635] [tf_help]: Data time: 1785994025s 465776531ns, Transform time: 1785993562s 912656884ns
[ERROR] [1785994025.812639276] [tf_help]: Transform data too old when converting from map to odom
[ERROR] [1785994025.812720091] [tf_help]: Data time: 1785994025s 465776531ns, Transform time: 1785993562s 912656884ns
[ERROR] [1785994025.912485453] [tf_help]: Transform data too old when converting from map to odom
[ERROR] [1785994025.912563732] [tf_help]: Data time: 1785994025s 465776531ns, Transform time: 1785993562s 912656884ns
[ERROR] [1785994026.012404909] [tf_help]: Transform data too old when converting from map to odom
[ERROR] [1785994026.012477020] [tf_help]: Data time: 1785994025s 465776531ns, Transform time: 1785993562s 912656884ns
[ERROR] [1785994026.112531828] [tf_help]: Transform data too old when converting from map to odom
[ERROR] [1785994026.112611514] [tf_help]: Data time: 1785994025s 465776531ns, Transform time: 1785993562s 912656884ns
[ERROR] [1785994026.212428024] [tf_help]: Transform data too old when converting from map to odom
[ERROR] [1785994026.212492617] [tf_help]: Data time: 1785994025s 465776531ns, Transform time: 1785993562s 912656884ns
[ERROR] [1785994026.312770333] [tf_help]: Transform data too old when converting from map to odom
[ERROR] [1785994026.312832945] [tf_help]: Data time: 1785994025s 465776531ns, Transform time: 1785993562s 912656884ns
[ERROR] [1785994026.412644140] [tf_help]: Transform data too old when converting from map to odom
[ERROR] [1785994026.412750641] [tf_help]: Data time: 1785994025s 465776531ns, Transform time: 1785993562s 912656884ns
[ERROR] [1785994026.512441280] [tf_help]: Transform data too old when converting from map to odom
[ERROR] [1785994026.512515336] [tf_help]: Data time: 1785994025s 465776531ns, Transform time: 1785993562s 912656884ns
[INFO] [1785994026.610068335] [controller_server]: Passing new path to controller.
[ERROR] [1785994026.613196999] [tf_help]: Transform data too old when converting from map to odom
[ERROR] [1785994026.613290055] [tf_help]: Data time: 1785994026s 526208446ns, Transform time: 1785993562s 912656884ns
[ERROR] [1785994026.712774805] [tf_help]: Transform data too old when converting from map to odom
[ERROR] [1785994026.712853398] [tf_help]: Data time: 1785994026s 526208446ns, Transform time: 1785993562s 912656884ns
[ERROR] [1785994026.812468222] [tf_help]: Transform data too old when converting from map to odom
[ERROR] [1785994026.812539815] [tf_help]: Data time: 1785994026s 526208446ns, Transform time: 1785993562s 912656884ns
[ERROR] [1785994026.912457474] [tf_help]: Transform data too old when converting from map to odom
[ERROR] [1785994026.912524678] [tf_help]: Data time: 1785994026s 526208446ns, Transform time: 1785993562s 912656884ns
[ERROR] [1785994027.010247103] [controller_server]: Failed to make progress
[INFO] [1785994027.011262794] [controller_server]: Optimizer reset
[WARN] [1785994027.011341775] [controller_server]: [follow_path] [ActionServer] Aborting handle.
[WARN] [1785995250.794373949] [local_costmap.local_costmap]: Sensor origin at (11.26, -1.91 0.11) is out of map bounds (-1.45, -1.50, 0.00) to (1.53, 1.48, 0.78). The costmap cannot raytrace for it.
[WARN] [1785995250.994665214] [local_costmap.local_costmap]: Sensor origin at (11.26, -1.91 0.11) is out of map bounds (-1.45, -1.50, 0.00) to (1.53, 1.48, 0.78). The costmap cannot raytrace for it.
[WARN] [1785995251.195208054] [local_costmap.local_costmap]: Sensor origin at (11.26, -1.91 0.11) is out of map bounds (-1.45, -1.50, 0.00) to (1.53, 1.48, 0.78). The costmap cannot raytrace for it.
[WARN] [1785995251.398334761] [local_costmap.local_costmap]: Sensor origin at (11.26, -1.91 0.11) is out of map bounds (-1.45, -1.50, 0.00) to (1.53, 1.48, 0.78). The costmap cannot raytrace for it.
[INFO] [1785995252.084141729] [local_costmap.local_costmap]: Message Filter dropping message: frame 'laser' at time 1785995251.768 for reason 'the timestamp on the message is earlier than all the data in the transform cache'
[INFO] [1785995349.266281858] [controller_server]: Received a goal, begin computing control effort.
[INFO] [1785995350.466570738] [controller_server]: Passing new path to controller.
[INFO] [1785995351.466587445] [controller_server]: Passing new path to controller.
[INFO] [1785995352.566578479] [controller_server]: Passing new path to controller.
[INFO] [1785995353.666914607] [controller_server]: Passing new path to controller.
[INFO] [1785995354.766586250] [controller_server]: Passing new path to controller.
[INFO] [1785995355.866571209] [controller_server]: Passing new path to controller.
[INFO] [1785995356.966591576] [controller_server]: Passing new path to controller.
[INFO] [1785995358.066577721] [controller_server]: Passing new path to controller.
[INFO] [1785995359.166565366] [controller_server]: Passing new path to controller.
[INFO] [1785995360.266571992] [controller_server]: Passing new path to controller.
[INFO] [1785995361.366578174] [controller_server]: Passing new path to controller.
[INFO] [1785995362.366573659] [controller_server]: Passing new path to controller.
[INFO] [1785995363.466594581] [controller_server]: Passing new path to controller.
[INFO] [1785995364.566581504] [controller_server]: Passing new path to controller.
[INFO] [1785995365.666573593] [controller_server]: Passing new path to controller.
[INFO] [1785995366.766565830] [controller_server]: Passing new path to controller.
[INFO] [1785995367.866578290] [controller_server]: Passing new path to controller.
[INFO] [1785995368.966574675] [controller_server]: Passing new path to controller.
[INFO] [1785995369.966587271] [controller_server]: Passing new path to controller.
[INFO] [1785995371.066564934] [controller_server]: Passing new path to controller.
[INFO] [1785995372.166587505] [controller_server]: Passing new path to controller.
[INFO] [1785995373.266589594] [controller_server]: Passing new path to controller.
[INFO] [1785995374.366577202] [controller_server]: Passing new path to controller.
[INFO] [1785995375.466565291] [controller_server]: Passing new path to controller.
[INFO] [1785995376.566602343] [controller_server]: Passing new path to controller.
[INFO] [1785995377.566564865] [controller_server]: Passing new path to controller.
[INFO] [1785995378.766593670] [controller_server]: Passing new path to controller.
[INFO] [1785995379.766581155] [controller_server]: Passing new path to controller.
[INFO] [1785995380.866579503] [controller_server]: Passing new path to controller.
[INFO] [1785995381.966565666] [controller_server]: Passing new path to controller.
[INFO] [1785995383.066581552] [controller_server]: Passing new path to controller.
[INFO] [1785995384.166581141] [controller_server]: Passing new path to controller.
[INFO] [1785995385.266579878] [controller_server]: Passing new path to controller.
[INFO] [1785995386.366591060] [controller_server]: Passing new path to controller.
[INFO] [1785995387.366581656] [controller_server]: Passing new path to controller.
[INFO] [1785995388.466586690] [controller_server]: Passing new path to controller.
[INFO] [1785995389.566613501] [controller_server]: Passing new path to controller.
[INFO] [1785995390.666576646] [controller_server]: Passing new path to controller.
[INFO] [1785995391.766577883] [controller_server]: Passing new path to controller.
[INFO] [1785995392.866605806] [controller_server]: Passing new path to controller.
[INFO] [1785995393.966577339] [controller_server]: Passing new path to controller.
[INFO] [1785995394.966591547] [controller_server]: Passing new path to controller.
[INFO] [1785995396.066568228] [controller_server]: Passing new path to controller.
[INFO] [1785995397.267632686] [controller_server]: Passing new path to controller.
[INFO] [1785995398.366587603] [controller_server]: Passing new path to controller.
[INFO] [1785995399.466601711] [controller_server]: Passing new path to controller.
[INFO] [1785995400.466587196] [controller_server]: Passing new path to controller.
[INFO] [1785995401.566601026] [controller_server]: Passing new path to controller.
[INFO] [1785995402.666578837] [controller_server]: Passing new path to controller.
[INFO] [1785995403.766627667] [controller_server]: Passing new path to controller.
[INFO] [1785995404.866650794] [controller_server]: Passing new path to controller.
[INFO] [1785995405.966585123] [controller_server]: Passing new path to controller.
[INFO] [1785995406.966580775] [controller_server]: Passing new path to controller.
[INFO] [1785995408.066567271] [controller_server]: Passing new path to controller.
[INFO] [1785995409.266589872] [controller_server]: Passing new path to controller.
[INFO] [1785995410.366566443] [controller_server]: Passing new path to controller.
[INFO] [1785995411.466581587] [controller_server]: Passing new path to controller.
[INFO] [1785995412.466575591] [controller_server]: Passing new path to controller.
[INFO] [1785995413.566593625] [controller_server]: Passing new path to controller.
[INFO] [1785995414.666595603] [controller_server]: Passing new path to controller.
[INFO] [1785995415.766577321] [controller_server]: Passing new path to controller.
[INFO] [1785995416.866579244] [controller_server]: Passing new path to controller.
[INFO] [1785995417.966590981] [controller_server]: Passing new path to controller.
[INFO] [1785995418.966580800] [controller_server]: Passing new path to controller.
[INFO] [1785995420.066602000] [controller_server]: Passing new path to controller.
[INFO] [1785995421.166592015] [controller_server]: Cancellation was successful. Stopping the robot.
[INFO] [1785995421.166693071] [controller_server]: [follow_path] [ActionServer] Client requested to cancel the goal. Cancelling.
[INFO] [1785995421.168216246] [controller_server]: Optimizer reset
[INFO] [1785995423.639781826] [controller_server]: Received a goal, begin computing control effort.
[INFO] [1785995424.740025750] [controller_server]: Passing new path to controller.
[INFO] [1785995425.840034432] [controller_server]: Passing new path to controller.
[INFO] [1785995426.940023373] [controller_server]: Passing new path to controller.
[INFO] [1785995428.040015592] [controller_server]: Passing new path to controller.
[INFO] [1785995429.140022125] [controller_server]: Passing new path to controller.
[INFO] [1785995430.140027221] [controller_server]: Passing new path to controller.
[INFO] [1785995431.240019348] [controller_server]: Passing new path to controller.
[INFO] [1785995432.340023196] [controller_server]: Passing new path to controller.
[INFO] [1785995433.540063001] [controller_server]: Passing new path to controller.
[INFO] [1785995434.540023708] [controller_server]: Passing new path to controller.
[INFO] [1785995435.640020093] [controller_server]: Passing new path to controller.
[INFO] [1785995436.740003478] [controller_server]: Passing new path to controller.
[INFO] [1785995437.840059938] [controller_server]: Passing new path to controller.
[INFO] [1785995439.863858997] [local_costmap.local_costmap]: Received request to clear entirely the local_costmap
[INFO] [1785995439.940017901] [controller_server]: Cancellation was successful. Stopping the robot.
[INFO] [1785995439.940083142] [controller_server]: [follow_path] [ActionServer] Client requested to cancel the goal. Cancelling.
[INFO] [1785995439.940548552] [controller_server]: Optimizer reset
[INFO] [1785995450.287156407] [controller_server]: Received a goal, begin computing control effort.
[INFO] [1785995451.487747103] [controller_server]: Passing new path to controller.
[INFO] [1785995452.487393512] [controller_server]: Passing new path to controller.
[INFO] [1785995453.587391916] [controller_server]: Passing new path to controller.
[INFO] [1785995454.587398457] [controller_server]: Passing new path to controller.
[INFO] [1785995455.687409768] [controller_server]: Passing new path to controller.
[INFO] [1785995456.787400320] [controller_server]: Passing new path to controller.
[INFO] [1785995457.887456984] [controller_server]: Passing new path to controller.
[INFO] [1785995458.987394776] [controller_server]: Passing new path to controller.
[INFO] [1785995460.087395588] [controller_server]: Passing new path to controller.
[INFO] [1785995461.087398184] [controller_server]: Passing new path to controller.
[INFO] [1785995462.187575866] [controller_server]: Passing new path to controller.
[INFO] [1785995463.288117458] [controller_server]: Passing new path to controller.
[INFO] [1785995464.387404136] [controller_server]: Passing new path to controller.
[INFO] [1785995465.487423022] [controller_server]: Passing new path to controller.
[INFO] [1785995466.587404611] [controller_server]: Passing new path to controller.
[INFO] [1785995467.587366485] [controller_server]: Passing new path to controller.
[INFO] [1785995468.687743169] [controller_server]: Passing new path to controller.
[INFO] [1785995469.787397608] [controller_server]: Passing new path to controller.
[INFO] [1785995470.887399271] [controller_server]: Passing new path to controller.
[INFO] [1785995471.987595769] [controller_server]: Passing new path to controller.
[INFO] [1785995473.087398542] [controller_server]: Passing new path to controller.
[INFO] [1785995474.087478879] [controller_server]: Passing new path to controller.
[INFO] [1785995475.287833241] [controller_server]: Passing new path to controller.
[INFO] [1785995476.387370791] [controller_server]: Passing new path to controller.
[INFO] [1785995477.387398609] [controller_server]: Passing new path to controller.
[INFO] [1785995478.487524773] [controller_server]: Passing new path to controller.
[INFO] [1785995479.587429825] [controller_server]: Passing new path to controller.
[INFO] [1785995480.687397599] [controller_server]: Passing new path to controller.
[INFO] [1785995481.787421984] [controller_server]: Passing new path to controller.
[INFO] [1785995482.787407543] [controller_server]: Passing new path to controller.
[INFO] [1785995483.887439466] [controller_server]: Passing new path to controller.
[INFO] [1785995484.987410333] [controller_server]: Passing new path to controller.
[INFO] [1785995486.087377292] [controller_server]: Passing new path to controller.
[INFO] [1785995487.087415703] [controller_server]: Passing new path to controller.
[INFO] [1785995488.187399718] [controller_server]: Passing new path to controller.
[INFO] [1785995489.287407234] [controller_server]: Passing new path to controller.
[INFO] [1785995490.387405545] [controller_server]: Passing new path to controller.
[INFO] [1785995491.487398653] [controller_server]: Passing new path to controller.
[INFO] [1785995492.487367286] [controller_server]: Passing new path to controller.
[INFO] [1785995493.687425738] [controller_server]: Passing new path to controller.
[INFO] [1785995494.787399938] [controller_server]: Passing new path to controller.
[INFO] [1785995495.787400924] [controller_server]: Passing new path to controller.
[INFO] [1785995496.887373735] [controller_server]: Passing new path to controller.
[INFO] [1785995497.887496109] [controller_server]: Passing new path to controller.
[INFO] [1785995498.090410500] [controller_server]: Reached the goal!
[INFO] [1785995498.091893674] [controller_server]: Optimizer reset
[INFO] [1785995539.757670017] [controller_server]: Received a goal, begin computing control effort.
[INFO] [1785995540.857885515] [controller_server]: Passing new path to controller.
[INFO] [1785995541.958879331] [controller_server]: Passing new path to controller.
[INFO] [1785995543.057917323] [controller_server]: Passing new path to controller.
[INFO] [1785995544.157927560] [controller_server]: Passing new path to controller.
[INFO] [1785995545.257906057] [controller_server]: Passing new path to controller.
[INFO] [1785995546.357921720] [controller_server]: Passing new path to controller.
[INFO] [1785995547.457937865] [controller_server]: Passing new path to controller.
[INFO] [1785995548.557922324] [controller_server]: Passing new path to controller.
[INFO] [1785995549.657972173] [controller_server]: Passing new path to controller.
[INFO] [1785995550.658249770] [controller_server]: Passing new path to controller.
[INFO] [1785995551.758155896] [controller_server]: Passing new path to controller.
[INFO] [1785995552.857923114] [controller_server]: Passing new path to controller.
[INFO] [1785995553.958162074] [controller_server]: Passing new path to controller.
[INFO] [1785995555.057917051] [controller_server]: Passing new path to controller.
[INFO] [1785995556.157922251] [controller_server]: Passing new path to controller.
[INFO] [1785995557.258273991] [controller_server]: Passing new path to controller.
[INFO] [1785995558.357926356] [controller_server]: Passing new path to controller.
[INFO] [1785995559.457959852] [controller_server]: Passing new path to controller.
[INFO] [1785995560.558052349] [controller_server]: Passing new path to controller.
[INFO] [1785995561.557920297] [controller_server]: Passing new path to controller.
[INFO] [1785995562.657918349] [controller_server]: Passing new path to controller.
[INFO] [1785995563.757929475] [controller_server]: Passing new path to controller.
[INFO] [1785995564.857941509] [controller_server]: Passing new path to controller.
[INFO] [1785995565.957934024] [controller_server]: Passing new path to controller.
[INFO] [1785995567.057919242] [controller_server]: Passing new path to controller.
[INFO] [1785995568.157929795] [controller_server]: Passing new path to controller.
[INFO] [1785995569.257909291] [controller_server]: Passing new path to controller.
[INFO] [1785995570.357915473] [controller_server]: Passing new path to controller.
[INFO] [1785995571.357913847] [controller_server]: Passing new path to controller.
[INFO] [1785995572.557915670] [controller_server]: Passing new path to controller.
[INFO] [1785995573.557920933] [controller_server]: Passing new path to controller.
[INFO] [1785995574.657918188] [controller_server]: Passing new path to controller.
[INFO] [1785995575.757914852] [controller_server]: Passing new path to controller.
[INFO] [1785995576.857904737] [controller_server]: Passing new path to controller.
[INFO] [1785995577.957913289] [controller_server]: Passing new path to controller.
[INFO] [1785995579.057922397] [controller_server]: Passing new path to controller.
[INFO] [1785995580.158045431] [controller_server]: Passing new path to controller.
[INFO] [1785995581.258232095] [controller_server]: Passing new path to controller.
[INFO] [1785995582.258096617] [controller_server]: Passing new path to controller.
[INFO] [1785995583.357917149] [controller_server]: Passing new path to controller.
[INFO] [1785995584.457921350] [controller_server]: Passing new path to controller.
[INFO] [1785995585.558008773] [controller_server]: Passing new path to controller.
[INFO] [1785995586.657911565] [controller_server]: Passing new path to controller.
[INFO] [1785995587.757916358] [controller_server]: Passing new path to controller.
[INFO] [1785995588.757911509] [controller_server]: Passing new path to controller.
[INFO] [1785995589.857925265] [controller_server]: Passing new path to controller.
[INFO] [1785995590.958313745] [controller_server]: Passing new path to controller.
[INFO] [1785995592.057997111] [controller_server]: Passing new path to controller.
[INFO] [1785995593.157953681] [controller_server]: Passing new path to controller.
[INFO] [1785995594.157919222] [controller_server]: Passing new path to controller.
[INFO] [1785995595.257930329] [controller_server]: Passing new path to controller.
[INFO] [1785995596.358410310] [controller_server]: Passing new path to controller.
[INFO] [1785995597.557907834] [controller_server]: Passing new path to controller.
[INFO] [1785995598.557915300] [controller_server]: Passing new path to controller.
[INFO] [1785995599.657914575] [controller_server]: Passing new path to controller.
[INFO] [1785995600.757925256] [controller_server]: Passing new path to controller.
[INFO] [1785995601.857911271] [controller_server]: Passing new path to controller.
[INFO] [1785995602.957918527] [controller_server]: Passing new path to controller.
[INFO] [1785995604.057921265] [controller_server]: Passing new path to controller.
[INFO] [1785995605.058106232] [controller_server]: Passing new path to controller.
[INFO] [1785995606.157926117] [controller_server]: Passing new path to controller.
[INFO] [1785995607.257911076] [controller_server]: Passing new path to controller.
[INFO] [1785995608.357905776] [controller_server]: Passing new path to controller.
[INFO] [1785995609.458061014] [controller_server]: Passing new path to controller.
[INFO] [1785995610.557912195] [controller_server]: Passing new path to controller.
[INFO] [1785995611.557907440] [controller_server]: Passing new path to controller.
[INFO] [1785995612.657919251] [controller_server]: Passing new path to controller.
[INFO] [1785995613.757928803] [controller_server]: Passing new path to controller.
[INFO] [1785995614.857948633] [controller_server]: Passing new path to controller.
[INFO] [1785995615.958747893] [controller_server]: Passing new path to controller.
[INFO] [1785995617.057906645] [controller_server]: Passing new path to controller.
[INFO] [1785995618.157918382] [controller_server]: Passing new path to controller.
[INFO] [1785995619.157922089] [controller_server]: Passing new path to controller.
[INFO] [1785995620.257921179] [controller_server]: Passing new path to controller.
[INFO] [1785995621.359241071] [controller_server]: Passing new path to controller.
[INFO] [1785995622.457915357] [controller_server]: Passing new path to controller.
[INFO] [1785995623.457924305] [controller_server]: Passing new path to controller.
[INFO] [1785995624.557916005] [controller_server]: Passing new path to controller.
[INFO] [1785995625.657918020] [controller_server]: Passing new path to controller.
[INFO] [1785995626.757917498] [controller_server]: Passing new path to controller.
[INFO] [1785995627.857914736] [controller_server]: Passing new path to controller.
[INFO] [1785995628.957919510] [controller_server]: Passing new path to controller.
[INFO] [1785995630.057903562] [controller_server]: Passing new path to controller.
[INFO] [1785995631.057904436] [controller_server]: Passing new path to controller.
[INFO] [1785995632.157948692] [controller_server]: Passing new path to controller.
[INFO] [1785995633.257917003] [controller_server]: Passing new path to controller.
[INFO] [1785995634.358818504] [controller_server]: Passing new path to controller.
[INFO] [1785995635.457913552] [controller_server]: Passing new path to controller.
[INFO] [1785995636.557894345] [controller_server]: Passing new path to controller.
[INFO] [1785995637.557894089] [controller_server]: Passing new path to controller.
[INFO] [1785995638.657917474] [controller_server]: Passing new path to controller.
[INFO] [1785995639.858120539] [controller_server]: Passing new path to controller.
[INFO] [1785995640.857869782] [controller_server]: Passing new path to controller.
[INFO] [1785995641.957912649] [controller_server]: Passing new path to controller.
[INFO] [1785995643.057912849] [controller_server]: Passing new path to controller.
[INFO] [1785995644.158076532] [controller_server]: Passing new path to controller.
[INFO] [1785995645.257897805] [controller_server]: Passing new path to controller.
[INFO] [1785995646.359337124] [controller_server]: Passing new path to controller.
[INFO] [1785995647.457914669] [controller_server]: Passing new path to controller.
[INFO] [1785995648.457958914] [controller_server]: Passing new path to controller.
[INFO] [1785995649.557933243] [controller_server]: Passing new path to controller.
[INFO] [1785995650.657940592] [controller_server]: Passing new path to controller.
[INFO] [1785995651.858027156] [controller_server]: Passing new path to controller.
[INFO] [1785995652.957916374] [controller_server]: Passing new path to controller.
[INFO] [1785995653.957901063] [controller_server]: Passing new path to controller.
[INFO] [1785995655.059501309] [controller_server]: Passing new path to controller.
[INFO] [1785995656.157918926] [controller_server]: Passing new path to controller.
[INFO] [1785995657.257911330] [controller_server]: Passing new path to controller.
[INFO] [1785995658.359825152] [controller_server]: Passing new path to controller.
[INFO] [1785995659.457918083] [controller_server]: Passing new path to controller.
[INFO] [1785995660.457925086] [controller_server]: Passing new path to controller.
[INFO] [1785995661.557864545] [controller_server]: Passing new path to controller.
[INFO] [1785995662.657912042] [controller_server]: Passing new path to controller.
[INFO] [1785995663.759546751] [controller_server]: Passing new path to controller.
[INFO] [1785995664.857914054] [controller_server]: Passing new path to controller.
[INFO] [1785995665.857912243] [controller_server]: Passing new path to controller.
[INFO] [1785995666.957914165] [controller_server]: Passing new path to controller.
[INFO] [1785995668.057912514] [controller_server]: Passing new path to controller.
[INFO] [1785995669.157929232] [controller_server]: Passing new path to controller.
[INFO] [1785995670.258388620] [controller_server]: Passing new path to controller.
[INFO] [1785995671.357920985] [controller_server]: Passing new path to controller.
[INFO] [1785995672.457895407] [controller_server]: Passing new path to controller.
[INFO] [1785995673.557924552] [controller_server]: Passing new path to controller.
[INFO] [1785995674.657864030] [controller_server]: Passing new path to controller.
[INFO] [1785995675.657871682] [controller_server]: Passing new path to controller.
[INFO] [1785995676.757981475] [controller_server]: Passing new path to controller.
[INFO] [1785995677.858163361] [controller_server]: Passing new path to controller.
[INFO] [1785995678.959178530] [controller_server]: Passing new path to controller.
[INFO] [1785995680.057922038] [controller_server]: Passing new path to controller.
[INFO] [1785995681.058890288] [controller_server]: Passing new path to controller.
[INFO] [1785995682.158275374] [controller_server]: Passing new path to controller.
[INFO] [1785995683.257910294] [controller_server]: Passing new path to controller.
[INFO] [1785995684.357896217] [controller_server]: Passing new path to controller.
[INFO] [1785995686.457912161] [controller_server]: Passing new path to controller.
[INFO] [1785995688.957918559] [controller_server]: Passing new path to controller.
[INFO] [1785995689.957886192] [controller_server]: Passing new path to controller.
[INFO] [1785995691.057912856] [controller_server]: Passing new path to controller.
[INFO] [1785995692.157885704] [controller_server]: Passing new path to controller.
[INFO] [1785995693.257886071] [controller_server]: Passing new path to controller.
[INFO] [1785995694.258856506] [controller_server]: Passing new path to controller.
[INFO] [1785995695.357914534] [controller_server]: Passing new path to controller.
[INFO] [1785995696.457916216] [controller_server]: Passing new path to controller.
[INFO] [1785995697.557913305] [controller_server]: Passing new path to controller.
[INFO] [1785995698.557960161] [controller_server]: Passing new path to controller.
[INFO] [1785995699.657915787] [controller_server]: Passing new path to controller.
[INFO] [1785995700.757933339] [controller_server]: Passing new path to controller.
[INFO] [1785995702.757928605] [controller_server]: Passing new path to controller.
[INFO] [1785995704.657877675] [controller_server]: Passing new path to controller.
[INFO] [1785995706.858807228] [controller_server]: Passing new path to controller.
[INFO] [1785995709.057947495] [controller_server]: Passing new path to controller.
[INFO] [1785995711.257919691] [controller_server]: Passing new path to controller.
[WARN] [1785995712.882128226] [controller_server]: Control loop missed its desired rate of 10.0000 Hz. Current loop rate is 8.4849 Hz.
[WARN] [1785995713.100860903] [controller_server]: Control loop missed its desired rate of 10.0000 Hz. Current loop rate is 9.3364 Hz.
[INFO] [1785995713.301078964] [controller_server]: Passing new path to controller.
[INFO] [1785995715.401071113] [controller_server]: Passing new path to controller.
[INFO] [1785995717.401087176] [controller_server]: Passing new path to controller.
[INFO] [1785995719.401076775] [controller_server]: Passing new path to controller.
[INFO] [1785995721.301066734] [controller_server]: Passing new path to controller.
[INFO] [1785995723.301065260] [controller_server]: Passing new path to controller.
[INFO] [1785995725.301754845] [controller_server]: Passing new path to controller.
[INFO] [1785995727.301090978] [controller_server]: Passing new path to controller.
[INFO] [1785995729.301085744] [controller_server]: Passing new path to controller.
[INFO] [1785995731.101086543] [controller_server]: Passing new path to controller.
[ERROR] [1785995732.302490318] [controller_server]: Failed to make progress
[INFO] [1785995732.305350555] [controller_server]: Optimizer reset
[WARN] [1785995732.305473778] [controller_server]: [follow_path] [ActionServer] Aborting handle.
[INFO] [1785995732.325935257] [local_costmap.local_costmap]: Received request to clear entirely the local_costmap
[INFO] [1785995732.330671727] [controller_server]: Received a goal, begin computing control effort.
[INFO] [1785995732.931931506] [controller_server]: Passing new path to controller.
[INFO] [1785995734.831152609] [controller_server]: Passing new path to controller.
[INFO] [1785995736.631162519] [controller_server]: Passing new path to controller.
[ERROR] [1785995738.431295837] [controller_server]: Failed to make progress
[INFO] [1785995738.433447793] [controller_server]: Optimizer reset
[WARN] [1785995738.433533331] [controller_server]: [follow_path] [ActionServer] Aborting handle.
[INFO] [1785995738.472774113] [local_costmap.local_costmap]: Received request to clear entirely the local_costmap
[INFO] [1785995745.563536323] [controller_server]: Received a goal, begin computing control effort.
[INFO] [1785995747.363726271] [controller_server]: Passing new path to controller.
[INFO] [1785995749.163727551] [controller_server]: Passing new path to controller.
[INFO] [1785995751.063715251] [controller_server]: Passing new path to controller.
[ERROR] [1785995751.563850938] [controller_server]: Failed to make progress
[INFO] [1785995751.564192551] [controller_server]: Optimizer reset
[WARN] [1785995751.564238755] [controller_server]: [follow_path] [ActionServer] Aborting handle.
[INFO] [1785995751.576476931] [local_costmap.local_costmap]: Received request to clear entirely the local_costmap
[INFO] [1785995751.577261065] [controller_server]: Received a goal, begin computing control effort.
[INFO] [1785995752.877433956] [controller_server]: Passing new path to controller.
[INFO] [1785995754.677432829] [controller_server]: Passing new path to controller.
[INFO] [1785995756.877420600] [controller_server]: Passing new path to controller.
[ERROR] [1785995757.677507562] [controller_server]: Failed to make progress
[INFO] [1785995757.677996935] [controller_server]: Optimizer reset
[WARN] [1785995757.678059565] [controller_server]: [follow_path] [ActionServer] Aborting handle.
[INFO] [1785995757.698883731] [local_costmap.local_costmap]: Received request to clear entirely the local_costmap
[INFO] [1785995765.138308826] [controller_server]: Received a goal, begin computing control effort.
[INFO] [1785995767.038475600] [controller_server]: Passing new path to controller.
[INFO] [1785995769.538475146] [controller_server]: Passing new path to controller.
[ERROR] [1785995771.139577077] [controller_server]: Failed to make progress
[INFO] [1785995771.140363766] [controller_server]: Optimizer reset
[WARN] [1785995771.140430581] [controller_server]: [follow_path] [ActionServer] Aborting handle.
[INFO] [1785995771.155318586] [local_costmap.local_costmap]: Received request to clear entirely the local_costmap
[INFO] [1785995771.163087349] [controller_server]: Received a goal, begin computing control effort.
[INFO] [1785995771.363329022] [controller_server]: Passing new path to controller.
[INFO] [1785995773.263326592] [controller_server]: Passing new path to controller.
[INFO] [1785995775.763455120] [controller_server]: Passing new path to controller.
[ERROR] [1785995777.263443421] [controller_server]: Failed to make progress
[INFO] [1785995777.264041425] [controller_server]: Optimizer reset
[WARN] [1785995777.264133407] [controller_server]: [follow_path] [ActionServer] Aborting handle.
[INFO] [1785995777.303335114] [local_costmap.local_costmap]: Received request to clear entirely the local_costmap
[INFO] [1785995783.761039099] [controller_server]: Received a goal, begin computing control effort.
[INFO] [1785995784.861226078] [controller_server]: Passing new path to controller.
[INFO] [1785995785.961217241] [controller_server]: Passing new path to controller.
[INFO] [1785995787.061229886] [controller_server]: Passing new path to controller.
[INFO] [1785995788.061229963] [controller_server]: Passing new path to controller.
[INFO] [1785995789.161263608] [controller_server]: Passing new path to controller.
[ERROR] [1785995789.761331955] [controller_server]: Failed to make progress
[INFO] [1785995789.762368294] [controller_server]: Optimizer reset
[WARN] [1785995789.762444406] [controller_server]: [follow_path] [ActionServer] Aborting handle.
[INFO] [1785995789.778685899] [local_costmap.local_costmap]: Received request to clear entirely the local_costmap
[INFO] [1785995789.779768868] [controller_server]: Received a goal, begin computing control effort.
[INFO] [1785995790.279946796] [controller_server]: Passing new path to controller.
[INFO] [1785995791.279949411] [controller_server]: Passing new path to controller.
[INFO] [1785995792.379948185] [controller_server]: Passing new path to controller.
[INFO] [1785995793.479953571] [controller_server]: Passing new path to controller.
[INFO] [1785995794.479947852] [controller_server]: Passing new path to controller.
[INFO] [1785995795.579943256] [controller_server]: Passing new path to controller.
[ERROR] [1785995795.880049180] [controller_server]: Failed to make progress
[INFO] [1785995795.880419404] [controller_server]: Optimizer reset
[WARN] [1785995795.880458053] [controller_server]: [follow_path] [ActionServer] Aborting handle.
[INFO] [1785995795.899353616] [local_costmap.local_costmap]: Received request to clear entirely the local_costmap
[INFO] [1785995802.619162267] [controller_server]: Received a goal, begin computing control effort.
[INFO] [1785995803.719340765] [controller_server]: Passing new path to controller.
[INFO] [1785995804.819351743] [controller_server]: Passing new path to controller.
[INFO] [1785995805.919354498] [controller_server]: Passing new path to controller.
[INFO] [1785995807.019336291] [controller_server]: Passing new path to controller.
[INFO] [1785995808.019336461] [controller_server]: Passing new path to controller.
[ERROR] [1785995808.619431327] [controller_server]: Failed to make progress
[INFO] [1785995808.619787366] [controller_server]: Optimizer reset
[WARN] [1785995808.619832126] [controller_server]: [follow_path] [ActionServer] Aborting handle.
[INFO] [1785995808.632130450] [local_costmap.local_costmap]: Received request to clear entirely the local_costmap
[INFO] [1785995808.634605408] [controller_server]: Received a goal, begin computing control effort.
[WARN] [1785995808.807266045] [controller_server]: Control loop missed its desired rate of 10.0000 Hz. Current loop rate is 5.7959 Hz.
[INFO] [1785995809.107635211] [controller_server]: Passing new path to controller.
[INFO] [1785995810.207470614] [controller_server]: Passing new path to controller.
[INFO] [1785995811.309194083] [controller_server]: Passing new path to controller.
[INFO] [1785995812.407454848] [controller_server]: Passing new path to controller.
[INFO] [1785995813.407494222] [controller_server]: Passing new path to controller.
[INFO] [1785995814.507579293] [controller_server]: Passing new path to controller.
[ERROR] [1785995814.807739180] [controller_server]: Failed to make progress
[INFO] [1785995814.808177349] [controller_server]: Optimizer reset
[WARN] [1785995814.808236164] [controller_server]: [follow_path] [ActionServer] Aborting handle.
[INFO] [1785995814.826744077] [local_costmap.local_costmap]: Received request to clear entirely the local_costmap
[INFO] [1785995821.245588152] [controller_server]: Received a goal, begin computing control effort.
[INFO] [1785995822.345785224] [controller_server]: Passing new path to controller.
[INFO] [1785995823.445789202] [controller_server]: Passing new path to controller.
[INFO] [1785995824.545767735] [controller_server]: Passing new path to controller.
[INFO] [1785995825.645766732] [controller_server]: Passing new path to controller.
[INFO] [1785995826.645769365] [controller_server]: Passing new path to controller.
[ERROR] [1785995827.245885175] [controller_server]: Failed to make progress
[INFO] [1785995827.246288214] [controller_server]: Optimizer reset
[WARN] [1785995827.246334214] [controller_server]: [follow_path] [ActionServer] Aborting handle.
[INFO] [1785995827.266154727] [local_costmap.local_costmap]: Received request to clear entirely the local_costmap
[INFO] [1785995827.267050102] [controller_server]: Received a goal, begin computing control effort.
[WARN] [1785995827.399982788] [controller_server]: Control loop missed its desired rate of 10.0000 Hz. Current loop rate is 7.5273 Hz.
[INFO] [1785995827.800218798] [controller_server]: Passing new path to controller.
[INFO] [1785995828.800175968] [controller_server]: Passing new path to controller.
[INFO] [1785995829.900209613] [controller_server]: Passing new path to controller.
[INFO] [1785995831.000213054] [controller_server]: Passing new path to controller.
[INFO] [1785995832.100205588] [controller_server]: Passing new path to controller.
[INFO] [1785995833.100171517] [controller_server]: Passing new path to controller.
[ERROR] [1785995833.400299052] [controller_server]: Failed to make progress
[INFO] [1785995833.400669036] [controller_server]: Optimizer reset
[WARN] [1785995833.400727795] [controller_server]: [follow_path] [ActionServer] Aborting handle.
[INFO] [1785995833.412000373] [local_costmap.local_costmap]: Received request to clear entirely the local_costmap
[INFO] [1785995840.232154038] [controller_server]: Received a goal, begin computing control effort.
[INFO] [1785995841.332359980] [controller_server]: Passing new path to controller.
[INFO] [1785995842.432335736] [controller_server]: Passing new path to controller.
[INFO] [1785995843.532336288] [controller_server]: Passing new path to controller.
[INFO] [1785995844.532329106] [controller_server]: Passing new path to controller.
[INFO] [1785995845.632319751] [controller_server]: Passing new path to controller.
[ERROR] [1785995846.232477987] [controller_server]: Failed to make progress
[INFO] [1785995846.232948990] [controller_server]: Optimizer reset
[WARN] [1785995846.232999731] [controller_server]: [follow_path] [ActionServer] Aborting handle.
[INFO] [1785995846.248761574] [local_costmap.local_costmap]: Received request to clear entirely the local_costmap
[INFO] [1785995846.249698041] [controller_server]: Received a goal, begin computing control effort.
[WARN] [1785995846.402597852] [controller_server]: Control loop missed its desired rate of 10.0000 Hz. Current loop rate is 6.5441 Hz.
[INFO] [1785995846.702773554] [controller_server]: Passing new path to controller.
[INFO] [1785995847.802828217] [controller_server]: Passing new path to controller.
[INFO] [1785995848.902774714] [controller_server]: Passing new path to controller.
[INFO] [1785995849.902773125] [controller_server]: Passing new path to controller.
[INFO] [1785995851.002813177] [controller_server]: Passing new path to controller.
[INFO] [1785995852.102764470] [controller_server]: Passing new path to controller.
[ERROR] [1785995852.402858930] [controller_server]: Failed to make progress
[INFO] [1785995852.403215710] [controller_server]: Optimizer reset
[WARN] [1785995852.403253451] [controller_server]: [follow_path] [ActionServer] Aborting handle.
[INFO] [1785995854.928993948] [controller_server]: Received a goal, begin computing control effort.
[INFO] [1785995856.029172594] [controller_server]: Passing new path to controller.
[INFO] [1785995857.129169220] [controller_server]: Passing new path to controller.
[INFO] [1785995858.229167291] [controller_server]: Passing new path to controller.
[INFO] [1785995859.329196750] [controller_server]: Passing new path to controller.
[INFO] [1785995860.329182365] [controller_server]: Passing new path to controller.
[ERROR] [1785995860.929253749] [controller_server]: Failed to make progress
[INFO] [1785995860.929653510] [controller_server]: Optimizer reset
[WARN] [1785995860.929727418] [controller_server]: [follow_path] [ActionServer] Aborting handle.
[INFO] [1785995860.947067380] [local_costmap.local_costmap]: Received request to clear entirely the local_costmap
[INFO] [1785995860.948391147] [controller_server]: Received a goal, begin computing control effort.
[INFO] [1785995862.148732657] [controller_server]: Passing new path to controller.
[INFO] [1785995863.948729826] [controller_server]: Passing new path to controller.
[INFO] [1785995866.249134055] [controller_server]: Passing new path to controller.
[ERROR] [1785995867.048808515] [controller_server]: Failed to make progress
[INFO] [1785995867.049232906] [controller_server]: Optimizer reset
[WARN] [1785995867.049278147] [controller_server]: [follow_path] [ActionServer] Aborting handle.
[INFO] [1785995867.065536160] [local_costmap.local_costmap]: Received request to clear entirely the local_costmap
[INFO] [1785995873.226359830] [controller_server]: Received a goal, begin computing control effort.
[INFO] [1785995875.027259837] [controller_server]: Passing new path to controller.
[INFO] [1785995876.827272099] [controller_server]: Passing new path to controller.
[INFO] [1785995879.027262981] [controller_server]: Passing new path to controller.
[ERROR] [1785995879.227358246] [controller_server]: Failed to make progress
[INFO] [1785995879.227810618] [controller_server]: Optimizer reset
[WARN] [1785995879.227858674] [controller_server]: [follow_path] [ActionServer] Aborting handle.
[INFO] [1785995879.241983601] [local_costmap.local_costmap]: Received request to clear entirely the local_costmap
[INFO] [1785995879.244100242] [controller_server]: Received a goal, begin computing control effort.
[WARN] [1785995879.406467584] [controller_server]: Control loop missed its desired rate of 10.0000 Hz. Current loop rate is 6.1621 Hz.
[INFO] [1785995880.707330497] [controller_server]: Passing new path to controller.
[INFO] [1785995882.507440648] [controller_server]: Passing new path to controller.
[INFO] [1785995884.707281474] [controller_server]: Passing new path to controller.
[ERROR] [1785995885.407479500] [controller_server]: Failed to make progress
[INFO] [1785995885.407878650] [controller_server]: Optimizer reset
[WARN] [1785995885.407929446] [controller_server]: [follow_path] [ActionServer] Aborting handle.
[INFO] [1785995885.422438820] [local_costmap.local_costmap]: Received request to clear entirely the local_costmap
[INFO] [1785995891.632912364] [controller_server]: Received a goal, begin computing control effort.
[INFO] [1785995892.736343286] [controller_server]: Reached the goal!
[INFO] [1785995892.736771937] [controller_server]: Optimizer reset
[INFO] [1785995904.600617610] [rclcpp]: signal_handler(SIGINT/SIGTERM)
[INFO] [1785995904.601402337] [controller_server]: Running Nav2 LifecycleNode rcl preshutdown (controller_server)
[INFO] [1785995904.602816770] [controller_server]: Deactivating
[INFO] [1785995904.602946845] [MPPIController]: Deactivated MPPI Controller: FollowPath
[INFO] [1785995904.603011123] [local_costmap.local_costmap]: Deactivating
[INFO] [1785995904.799012421] [controller_server]: Destroying bond (controller_server) to lifecycle manager.
[INFO] [1785995904.836639324] [controller_server]: Cleaning up
[INFO] [1785995904.839881100] [MPPIController]: Cleaned up MPPI Controller: FollowPath
[INFO] [1785995904.849965265] [local_costmap.local_costmap]: Cleaning up
[INFO] [1785995905.397032424] [controller_server]: Destroying bond (controller_server) to lifecycle manager.
