[INFO] [1786033105.331245877] [planner_server]: 
	planner_server lifecycle node launched. 
	Waiting on external lifecycle transitions to activate
	See https://design.ros2.org/articles/node_lifecycle.html for more information.
[INFO] [1786033105.357844469] [planner_server]: Creating
[INFO] [1786033105.393893651] [global_costmap.global_costmap]: 
	global_costmap lifecycle node launched. 
	Waiting on external lifecycle transitions to activate
	See https://design.ros2.org/articles/node_lifecycle.html for more information.
[INFO] [1786033105.395235084] [global_costmap.global_costmap]: Creating Costmap
[INFO] [1786033106.588982210] [planner_server]: Configuring
[INFO] [1786033106.589070211] [global_costmap.global_costmap]: Configuring
[INFO] [1786033107.363096563] [global_costmap.global_costmap]: Using plugin "static_layer"
[INFO] [1786033107.371629777] [global_costmap.global_costmap]: Subscribing to the map topic (/map) with transient local durability
[INFO] [1786033107.378960003] [global_costmap.global_costmap]: Initialized plugin "static_layer"
[INFO] [1786033107.379033300] [global_costmap.global_costmap]: Using plugin "obstacle_layer"
[INFO] [1786033107.385978949] [global_costmap.global_costmap]: Subscribed to Topics: scan
[INFO] [1786033107.418292277] [global_costmap.global_costmap]: Initialized plugin "obstacle_layer"
[INFO] [1786033107.418377852] [global_costmap.global_costmap]: Using plugin "inflation_layer"
[INFO] [1786033107.432740616] [global_costmap.global_costmap]: Initialized plugin "inflation_layer"
[INFO] [1786033117.489435534] [planner_server]: Created global planner plugin GridBased of type nav2_navfn_planner::NavfnPlanner
[INFO] [1786033117.489530961] [planner_server]: Configuring plugin GridBased of type NavfnPlanner
[INFO] [1786033117.497269411] [global_costmap.global_costmap]: StaticLayer: Resizing costmap to 1552 X 2299 at 0.050000 m/pix
[INFO] [1786033117.663583464] [planner_server]: Planner Server has GridBased  planners available.
[INFO] [1786033120.568722053] [planner_server]: Activating
[INFO] [1786033120.568799831] [global_costmap.global_costmap]: Activating
[INFO] [1786033120.568823832] [global_costmap.global_costmap]: Checking transform
[INFO] [1786033120.569123130] [global_costmap.global_costmap]: start
[INFO] [1786033123.973746140] [planner_server]: Activating plugin GridBased of type NavfnPlanner
[INFO] [1786033123.979346967] [planner_server]: Creating bond (planner_server) to lifecycle manager.
[WARN] [1786033131.408724393] []: TF_OLD_DATA ignoring data from the past for frame front_left_wheel at time 1786033120.387632 according to authority Authority undetectable
Possible reasons are listed at http://wiki.ros.org/tf/Errors%20explained
[WARN] [1786033131.408886376] []: TF_OLD_DATA ignoring data from the past for frame front_right_wheel at time 1786033120.387632 according to authority Authority undetectable
Possible reasons are listed at http://wiki.ros.org/tf/Errors%20explained
[WARN] [1786033131.408900246] []: TF_OLD_DATA ignoring data from the past for frame rear_left_wheel at time 1786033120.387632 according to authority Authority undetectable
Possible reasons are listed at http://wiki.ros.org/tf/Errors%20explained
[WARN] [1786033131.408916450] []: TF_OLD_DATA ignoring data from the past for frame rear_right_wheel at time 1786033120.387632 according to authority Authority undetectable
Possible reasons are listed at http://wiki.ros.org/tf/Errors%20explained
[WARN] [1786033131.408982450] []: TF_OLD_DATA ignoring data from the past for frame front_left_wheel at time 1786033120.487552 according to authority Authority undetectable
Possible reasons are listed at http://wiki.ros.org/tf/Errors%20explained
[WARN] [1786033131.408998987] []: TF_OLD_DATA ignoring data from the past for frame front_right_wheel at time 1786033120.487552 according to authority Authority undetectable
Possible reasons are listed at http://wiki.ros.org/tf/Errors%20explained
[WARN] [1786033131.409011080] []: TF_OLD_DATA ignoring data from the past for frame rear_left_wheel at time 1786033120.487552 according to authority Authority undetectable
Possible reasons are listed at http://wiki.ros.org/tf/Errors%20explained
[WARN] [1786033131.409021173] []: TF_OLD_DATA ignoring data from the past for frame rear_right_wheel at time 1786033120.487552 according to authority Authority undetectable
Possible reasons are listed at http://wiki.ros.org/tf/Errors%20explained
[WARN] [1786033131.409074747] []: TF_OLD_DATA ignoring data from the past for frame front_left_wheel at time 1786033120.587528 according to authority Authority undetectable
Possible reasons are listed at http://wiki.ros.org/tf/Errors%20explained
[WARN] [1786033131.409091080] []: TF_OLD_DATA ignoring data from the past for frame front_right_wheel at time 1786033120.587528 according to authority Authority undetectable
Possible reasons are listed at http://wiki.ros.org/tf/Errors%20explained
[WARN] [1786033131.409102599] []: TF_OLD_DATA ignoring data from the past for frame rear_left_wheel at time 1786033120.587528 according to authority Authority undetectable
Possible reasons are listed at http://wiki.ros.org/tf/Errors%20explained
[WARN] [1786033131.409111525] []: TF_OLD_DATA ignoring data from the past for frame rear_right_wheel at time 1786033120.587528 according to authority Authority undetectable
Possible reasons are listed at http://wiki.ros.org/tf/Errors%20explained
[WARN] [1786033131.409144377] []: TF_OLD_DATA ignoring data from the past for frame front_left_wheel at time 1786033120.687552 according to authority Authority undetectable
Possible reasons are listed at http://wiki.ros.org/tf/Errors%20explained
[WARN] [1786033131.409156451] []: TF_OLD_DATA ignoring data from the past for frame front_right_wheel at time 1786033120.687552 according to authority Authority undetectable
Possible reasons are listed at http://wiki.ros.org/tf/Errors%20explained
[WARN] [1786033131.409166025] []: TF_OLD_DATA ignoring data from the past for frame rear_left_wheel at time 1786033120.687552 according to authority Authority undetectable
Possible reasons are listed at http://wiki.ros.org/tf/Errors%20explained
[WARN] [1786033131.409174562] []: TF_OLD_DATA ignoring data from the past for frame rear_right_wheel at time 1786033120.687552 according to authority Authority undetectable
Possible reasons are listed at http://wiki.ros.org/tf/Errors%20explained
[WARN] [1786033131.409201322] []: TF_OLD_DATA ignoring data from the past for frame front_left_wheel at time 1786033120.787565 according to authority Authority undetectable
Possible reasons are listed at http://wiki.ros.org/tf/Errors%20explained
[WARN] [1786033131.409282267] []: TF_OLD_DATA ignoring data from the past for frame front_right_wheel at time 1786033120.787565 according to authority Authority undetectable
Possible reasons are listed at http://wiki.ros.org/tf/Errors%20explained
[WARN] [1786033131.409297378] []: TF_OLD_DATA ignoring data from the past for frame rear_left_wheel at time 1786033120.787565 according to authority Authority undetectable
Possible reasons are listed at http://wiki.ros.org/tf/Errors%20explained
[WARN] [1786033131.409309008] []: TF_OLD_DATA ignoring data from the past for frame rear_right_wheel at time 1786033120.787565 according to authority Authority undetectable
Possible reasons are listed at http://wiki.ros.org/tf/Errors%20explained
[WARN] [1786033131.409398119] []: TF_OLD_DATA ignoring data from the past for frame front_left_wheel at time 1786033120.887557 according to authority Authority undetectable
Possible reasons are listed at http://wiki.ros.org/tf/Errors%20explained
[WARN] [1786033131.409415082] []: TF_OLD_DATA ignoring data from the past for frame front_right_wheel at time 1786033120.887557 according to authority Authority undetectable
Possible reasons are listed at http://wiki.ros.org/tf/Errors%20explained
[WARN] [1786033131.409424823] []: TF_OLD_DATA ignoring data from the past for frame rear_left_wheel at time 1786033120.887557 according to authority Authority undetectable
Possible reasons are listed at http://wiki.ros.org/tf/Errors%20explained
[WARN] [1786033131.409433434] []: TF_OLD_DATA ignoring data from the past for frame rear_right_wheel at time 1786033120.887557 according to authority Authority undetectable
Possible reasons are listed at http://wiki.ros.org/tf/Errors%20explained
[WARN] [1786033131.409465601] []: TF_OLD_DATA ignoring data from the past for frame front_left_wheel at time 1786033120.987570 according to authority Authority undetectable
Possible reasons are listed at http://wiki.ros.org/tf/Errors%20explained
[WARN] [1786033131.409476768] []: TF_OLD_DATA ignoring data from the past for frame front_right_wheel at time 1786033120.987570 according to authority Authority undetectable
Possible reasons are listed at http://wiki.ros.org/tf/Errors%20explained
[WARN] [1786033131.409486175] []: TF_OLD_DATA ignoring data from the past for frame rear_left_wheel at time 1786033120.987570 according to authority Authority undetectable
Possible reasons are listed at http://wiki.ros.org/tf/Errors%20explained
[WARN] [1786033131.409494472] []: TF_OLD_DATA ignoring data from the past for frame rear_right_wheel at time 1786033120.987570 according to authority Authority undetectable
Possible reasons are listed at http://wiki.ros.org/tf/Errors%20explained
[WARN] [1786033131.422757934] []: TF_OLD_DATA ignoring data from the past for frame front_left_wheel at time 1786033121.087533 according to authority Authority undetectable
Possible reasons are listed at http://wiki.ros.org/tf/Errors%20explained
[WARN] [1786033131.422793027] []: TF_OLD_DATA ignoring data from the past for frame front_right_wheel at time 1786033121.087533 according to authority Authority undetectable
Possible reasons are listed at http://wiki.ros.org/tf/Errors%20explained
[WARN] [1786033131.422803879] []: TF_OLD_DATA ignoring data from the past for frame rear_left_wheel at time 1786033121.087533 according to authority Authority undetectable
Possible reasons are listed at http://wiki.ros.org/tf/Errors%20explained
[WARN] [1786033131.422812453] []: TF_OLD_DATA ignoring data from the past for frame rear_right_wheel at time 1786033121.087533 according to authority Authority undetectable
Possible reasons are listed at http://wiki.ros.org/tf/Errors%20explained
[WARN] [1786033131.422850583] []: TF_OLD_DATA ignoring data from the past for frame front_left_wheel at time 1786033121.187545 according to authority Authority undetectable
Possible reasons are listed at http://wiki.ros.org/tf/Errors%20explained
[WARN] [1786033131.422863231] []: TF_OLD_DATA ignoring data from the past for frame front_right_wheel at time 1786033121.187545 according to authority Authority undetectable
Possible reasons are listed at http://wiki.ros.org/tf/Errors%20explained
[WARN] [1786033131.422924454] []: TF_OLD_DATA ignoring data from the past for frame rear_left_wheel at time 1786033121.187545 according to authority Authority undetectable
Possible reasons are listed at http://wiki.ros.org/tf/Errors%20explained
[WARN] [1786033131.422936287] []: TF_OLD_DATA ignoring data from the past for frame rear_right_wheel at time 1786033121.187545 according to authority Authority undetectable
Possible reasons are listed at http://wiki.ros.org/tf/Errors%20explained
[WARN] [1786033131.422975676] []: TF_OLD_DATA ignoring data from the past for frame front_left_wheel at time 1786033121.287558 according to authority Authority undetectable
Possible reasons are listed at http://wiki.ros.org/tf/Errors%20explained
[WARN] [1786033131.423000269] []: TF_OLD_DATA ignoring data from the past for frame front_right_wheel at time 1786033121.287558 according to authority Authority undetectable
Possible reasons are listed at http://wiki.ros.org/tf/Errors%20explained
[WARN] [1786033131.423011954] []: TF_OLD_DATA ignoring data from the past for frame rear_left_wheel at time 1786033121.287558 according to authority Authority undetectable
Possible reasons are listed at http://wiki.ros.org/tf/Errors%20explained
[WARN] [1786033131.423021176] []: TF_OLD_DATA ignoring data from the past for frame rear_right_wheel at time 1786033121.287558 according to authority Authority undetectable
Possible reasons are listed at http://wiki.ros.org/tf/Errors%20explained
[WARN] [1786033133.019903281] []: TF_OLD_DATA ignoring data from the past for frame front_left_wheel at time 1786033121.487565 according to authority Authority undetectable
Possible reasons are listed at http://wiki.ros.org/tf/Errors%20explained
[WARN] [1786033133.019950911] []: TF_OLD_DATA ignoring data from the past for frame front_right_wheel at time 1786033121.487565 according to authority Authority undetectable
Possible reasons are listed at http://wiki.ros.org/tf/Errors%20explained
[WARN] [1786033133.019965004] []: TF_OLD_DATA ignoring data from the past for frame rear_left_wheel at time 1786033121.487565 according to authority Authority undetectable
Possible reasons are listed at http://wiki.ros.org/tf/Errors%20explained
[WARN] [1786033133.019976541] []: TF_OLD_DATA ignoring data from the past for frame rear_right_wheel at time 1786033121.487565 according to authority Authority undetectable
Possible reasons are listed at http://wiki.ros.org/tf/Errors%20explained
[WARN] [1786033133.020011912] []: TF_OLD_DATA ignoring data from the past for frame front_left_wheel at time 1786033121.587567 according to authority Authority undetectable
Possible reasons are listed at http://wiki.ros.org/tf/Errors%20explained
[WARN] [1786033133.020027227] []: TF_OLD_DATA ignoring data from the past for frame front_right_wheel at time 1786033121.587567 according to authority Authority undetectable
Possible reasons are listed at http://wiki.ros.org/tf/Errors%20explained
[WARN] [1786033133.020040319] []: TF_OLD_DATA ignoring data from the past for frame rear_left_wheel at time 1786033121.587567 according to authority Authority undetectable
Possible reasons are listed at http://wiki.ros.org/tf/Errors%20explained
[WARN] [1786033133.020052782] []: TF_OLD_DATA ignoring data from the past for frame rear_right_wheel at time 1786033121.587567 according to authority Authority undetectable
Possible reasons are listed at http://wiki.ros.org/tf/Errors%20explained
[WARN] [1786033133.020097264] []: TF_OLD_DATA ignoring data from the past for frame front_left_wheel at time 1786033121.687582 according to authority Authority undetectable
Possible reasons are listed at http://wiki.ros.org/tf/Errors%20explained
[WARN] [1786033133.020113097] []: TF_OLD_DATA ignoring data from the past for frame front_right_wheel at time 1786033121.687582 according to authority Authority undetectable
Possible reasons are listed at http://wiki.ros.org/tf/Errors%20explained
[WARN] [1786033133.020180783] []: TF_OLD_DATA ignoring data from the past for frame rear_left_wheel at time 1786033121.687582 according to authority Authority undetectable
Possible reasons are listed at http://wiki.ros.org/tf/Errors%20explained
[WARN] [1786033133.020193968] []: TF_OLD_DATA ignoring data from the past for frame rear_right_wheel at time 1786033121.687582 according to authority Authority undetectable
Possible reasons are listed at http://wiki.ros.org/tf/Errors%20explained
[WARN] [1786033133.020226246] []: TF_OLD_DATA ignoring data from the past for frame front_left_wheel at time 1786033121.787596 according to authority Authority undetectable
Possible reasons are listed at http://wiki.ros.org/tf/Errors%20explained
[WARN] [1786033133.020240172] []: TF_OLD_DATA ignoring data from the past for frame front_right_wheel at time 1786033121.787596 according to authority Authority undetectable
Possible reasons are listed at http://wiki.ros.org/tf/Errors%20explained
[WARN] [1786033133.020252635] []: TF_OLD_DATA ignoring data from the past for frame rear_left_wheel at time 1786033121.787596 according to authority Authority undetectable
Possible reasons are listed at http://wiki.ros.org/tf/Errors%20explained
[WARN] [1786033133.020263561] []: TF_OLD_DATA ignoring data from the past for frame rear_right_wheel at time 1786033121.787596 according to authority Authority undetectable
Possible reasons are listed at http://wiki.ros.org/tf/Errors%20explained
[WARN] [1786033133.020558044] []: TF_OLD_DATA ignoring data from the past for frame front_left_wheel at time 1786033121.887551 according to authority Authority undetectable
Possible reasons are listed at http://wiki.ros.org/tf/Errors%20explained
[WARN] [1786033133.020585285] []: TF_OLD_DATA ignoring data from the past for frame front_right_wheel at time 1786033121.887551 according to authority Authority undetectable
Possible reasons are listed at http://wiki.ros.org/tf/Errors%20explained
[WARN] [1786033133.020598656] []: TF_OLD_DATA ignoring data from the past for frame rear_left_wheel at time 1786033121.887551 according to authority Authority undetectable
Possible reasons are listed at http://wiki.ros.org/tf/Errors%20explained
[WARN] [1786033133.020610619] []: TF_OLD_DATA ignoring data from the past for frame rear_right_wheel at time 1786033121.887551 according to authority Authority undetectable
Possible reasons are listed at http://wiki.ros.org/tf/Errors%20explained
[WARN] [1786033133.020844324] []: TF_OLD_DATA ignoring data from the past for frame front_left_wheel at time 1786033121.987535 according to authority Authority undetectable
Possible reasons are listed at http://wiki.ros.org/tf/Errors%20explained
[WARN] [1786033133.020870009] []: TF_OLD_DATA ignoring data from the past for frame front_right_wheel at time 1786033121.987535 according to authority Authority undetectable
Possible reasons are listed at http://wiki.ros.org/tf/Errors%20explained
[WARN] [1786033133.020884250] []: TF_OLD_DATA ignoring data from the past for frame rear_left_wheel at time 1786033121.987535 according to authority Authority undetectable
Possible reasons are listed at http://wiki.ros.org/tf/Errors%20explained
[WARN] [1786033133.020984528] []: TF_OLD_DATA ignoring data from the past for frame rear_right_wheel at time 1786033121.987535 according to authority Authority undetectable
Possible reasons are listed at http://wiki.ros.org/tf/Errors%20explained
[WARN] [1786033133.021048677] []: TF_OLD_DATA ignoring data from the past for frame front_left_wheel at time 1786033122.087554 according to authority Authority undetectable
Possible reasons are listed at http://wiki.ros.org/tf/Errors%20explained
[WARN] [1786033133.021088306] []: TF_OLD_DATA ignoring data from the past for frame front_right_wheel at time 1786033122.087554 according to authority Authority undetectable
Possible reasons are listed at http://wiki.ros.org/tf/Errors%20explained
[WARN] [1786033133.021104714] []: TF_OLD_DATA ignoring data from the past for frame rear_left_wheel at time 1786033122.087554 according to authority Authority undetectable
Possible reasons are listed at http://wiki.ros.org/tf/Errors%20explained
[WARN] [1786033133.021174955] []: TF_OLD_DATA ignoring data from the past for frame rear_right_wheel at time 1786033122.087554 according to authority Authority undetectable
Possible reasons are listed at http://wiki.ros.org/tf/Errors%20explained
[WARN] [1786033133.021224715] []: TF_OLD_DATA ignoring data from the past for frame front_left_wheel at time 1786033122.187567 according to authority Authority undetectable
Possible reasons are listed at http://wiki.ros.org/tf/Errors%20explained
[WARN] [1786033133.021243530] []: TF_OLD_DATA ignoring data from the past for frame front_right_wheel at time 1786033122.187567 according to authority Authority undetectable
Possible reasons are listed at http://wiki.ros.org/tf/Errors%20explained
[WARN] [1786033133.021257122] []: TF_OLD_DATA ignoring data from the past for frame rear_left_wheel at time 1786033122.187567 according to authority Authority undetectable
Possible reasons are listed at http://wiki.ros.org/tf/Errors%20explained
[WARN] [1786033133.021269919] []: TF_OLD_DATA ignoring data from the past for frame rear_right_wheel at time 1786033122.187567 according to authority Authority undetectable
Possible reasons are listed at http://wiki.ros.org/tf/Errors%20explained
[WARN] [1786033133.021311567] []: TF_OLD_DATA ignoring data from the past for frame front_left_wheel at time 1786033122.287554 according to authority Authority undetectable
Possible reasons are listed at http://wiki.ros.org/tf/Errors%20explained
[WARN] [1786033133.021330030] []: TF_OLD_DATA ignoring data from the past for frame front_right_wheel at time 1786033122.287554 according to authority Authority undetectable
Possible reasons are listed at http://wiki.ros.org/tf/Errors%20explained
[WARN] [1786033133.021342660] []: TF_OLD_DATA ignoring data from the past for frame rear_left_wheel at time 1786033122.287554 according to authority Authority undetectable
Possible reasons are listed at http://wiki.ros.org/tf/Errors%20explained
[WARN] [1786033133.021353808] []: TF_OLD_DATA ignoring data from the past for frame rear_right_wheel at time 1786033122.287554 according to authority Authority undetectable
Possible reasons are listed at http://wiki.ros.org/tf/Errors%20explained
[WARN] [1786033133.021386845] []: TF_OLD_DATA ignoring data from the past for frame front_left_wheel at time 1786033122.387573 according to authority Authority undetectable
Possible reasons are listed at http://wiki.ros.org/tf/Errors%20explained
[WARN] [1786033133.021404160] []: TF_OLD_DATA ignoring data from the past for frame front_right_wheel at time 1786033122.387573 according to authority Authority undetectable
Possible reasons are listed at http://wiki.ros.org/tf/Errors%20explained
[WARN] [1786033133.021418086] []: TF_OLD_DATA ignoring data from the past for frame rear_left_wheel at time 1786033122.387573 according to authority Authority undetectable
Possible reasons are listed at http://wiki.ros.org/tf/Errors%20explained
[WARN] [1786033133.021429808] []: TF_OLD_DATA ignoring data from the past for frame rear_right_wheel at time 1786033122.387573 according to authority Authority undetectable
Possible reasons are listed at http://wiki.ros.org/tf/Errors%20explained
[WARN] [1786033133.021472994] []: TF_OLD_DATA ignoring data from the past for frame front_left_wheel at time 1786033122.487550 according to authority Authority undetectable
Possible reasons are listed at http://wiki.ros.org/tf/Errors%20explained
[WARN] [1786033133.021489587] []: TF_OLD_DATA ignoring data from the past for frame front_right_wheel at time 1786033122.487550 according to authority Authority undetectable
Possible reasons are listed at http://wiki.ros.org/tf/Errors%20explained
[WARN] [1786033133.021503050] []: TF_OLD_DATA ignoring data from the past for frame rear_left_wheel at time 1786033122.487550 according to authority Authority undetectable
Possible reasons are listed at http://wiki.ros.org/tf/Errors%20explained
[WARN] [1786033133.021514346] []: TF_OLD_DATA ignoring data from the past for frame rear_right_wheel at time 1786033122.487550 according to authority Authority undetectable
Possible reasons are listed at http://wiki.ros.org/tf/Errors%20explained
[INFO] [1786033140.001426203] [global_costmap.global_costmap]: Message Filter dropping message: frame 'laser' at time 1786033139.692 for reason 'the timestamp on the message is earlier than all the data in the transform cache'
[WARN] [1786033140.502664726] []: TF_OLD_DATA ignoring data from the past for frame front_left_wheel at time 1786033124.587563 according to authority Authority undetectable
Possible reasons are listed at http://wiki.ros.org/tf/Errors%20explained
[WARN] [1786033140.502721171] []: TF_OLD_DATA ignoring data from the past for frame front_right_wheel at time 1786033124.587563 according to authority Authority undetectable
Possible reasons are listed at http://wiki.ros.org/tf/Errors%20explained
[WARN] [1786033140.502735152] []: TF_OLD_DATA ignoring data from the past for frame rear_left_wheel at time 1786033124.587563 according to authority Authority undetectable
Possible reasons are listed at http://wiki.ros.org/tf/Errors%20explained
[WARN] [1786033140.502746912] []: TF_OLD_DATA ignoring data from the past for frame rear_right_wheel at time 1786033124.587563 according to authority Authority undetectable
Possible reasons are listed at http://wiki.ros.org/tf/Errors%20explained
[WARN] [1786033140.507085213] []: TF_OLD_DATA ignoring data from the past for frame front_left_wheel at time 1786033124.687571 according to authority Authority undetectable
Possible reasons are listed at http://wiki.ros.org/tf/Errors%20explained
[WARN] [1786033140.507163640] []: TF_OLD_DATA ignoring data from the past for frame front_right_wheel at time 1786033124.687571 according to authority Authority undetectable
Possible reasons are listed at http://wiki.ros.org/tf/Errors%20explained
[WARN] [1786033140.507180232] []: TF_OLD_DATA ignoring data from the past for frame rear_left_wheel at time 1786033124.687571 according to authority Authority undetectable
Possible reasons are listed at http://wiki.ros.org/tf/Errors%20explained
[WARN] [1786033140.507192955] []: TF_OLD_DATA ignoring data from the past for frame rear_right_wheel at time 1786033124.687571 according to authority Authority undetectable
Possible reasons are listed at http://wiki.ros.org/tf/Errors%20explained
[WARN] [1786033140.507805977] []: TF_OLD_DATA ignoring data from the past for frame front_left_wheel at time 1786033124.787572 according to authority Authority undetectable
Possible reasons are listed at http://wiki.ros.org/tf/Errors%20explained
[WARN] [1786033140.507843681] []: TF_OLD_DATA ignoring data from the past for frame front_right_wheel at time 1786033124.787572 according to authority Authority undetectable
Possible reasons are listed at http://wiki.ros.org/tf/Errors%20explained
[WARN] [1786033140.507854755] []: TF_OLD_DATA ignoring data from the past for frame rear_left_wheel at time 1786033124.787572 according to authority Authority undetectable
Possible reasons are listed at http://wiki.ros.org/tf/Errors%20explained
[WARN] [1786033140.507864662] []: TF_OLD_DATA ignoring data from the past for frame rear_right_wheel at time 1786033124.787572 according to authority Authority undetectable
Possible reasons are listed at http://wiki.ros.org/tf/Errors%20explained
[WARN] [1786033140.507925625] []: TF_OLD_DATA ignoring data from the past for frame front_left_wheel at time 1786033124.887541 according to authority Authority undetectable
Possible reasons are listed at http://wiki.ros.org/tf/Errors%20explained
[WARN] [1786033140.507943644] []: TF_OLD_DATA ignoring data from the past for frame front_right_wheel at time 1786033124.887541 according to authority Authority undetectable
Possible reasons are listed at http://wiki.ros.org/tf/Errors%20explained
[WARN] [1786033140.507952626] []: TF_OLD_DATA ignoring data from the past for frame rear_left_wheel at time 1786033124.887541 according to authority Authority undetectable
Possible reasons are listed at http://wiki.ros.org/tf/Errors%20explained
[WARN] [1786033140.507963181] []: TF_OLD_DATA ignoring data from the past for frame rear_right_wheel at time 1786033124.887541 according to authority Authority undetectable
Possible reasons are listed at http://wiki.ros.org/tf/Errors%20explained
[WARN] [1786033140.507993478] []: TF_OLD_DATA ignoring data from the past for frame front_left_wheel at time 1786033124.987748 according to authority Authority undetectable
Possible reasons are listed at http://wiki.ros.org/tf/Errors%20explained
[WARN] [1786033140.509101613] []: TF_OLD_DATA ignoring data from the past for frame front_right_wheel at time 1786033124.987748 according to authority Authority undetectable
Possible reasons are listed at http://wiki.ros.org/tf/Errors%20explained
[WARN] [1786033140.509134391] []: TF_OLD_DATA ignoring data from the past for frame rear_left_wheel at time 1786033124.987748 according to authority Authority undetectable
Possible reasons are listed at http://wiki.ros.org/tf/Errors%20explained
[WARN] [1786033140.509146799] []: TF_OLD_DATA ignoring data from the past for frame rear_right_wheel at time 1786033124.987748 according to authority Authority undetectable
Possible reasons are listed at http://wiki.ros.org/tf/Errors%20explained
[WARN] [1786033140.768129274] []: TF_OLD_DATA ignoring data from the past for frame front_left_wheel at time 1786033125.087575 according to authority Authority undetectable
Possible reasons are listed at http://wiki.ros.org/tf/Errors%20explained
[WARN] [1786033140.768180237] []: TF_OLD_DATA ignoring data from the past for frame front_right_wheel at time 1786033125.087575 according to authority Authority undetectable
Possible reasons are listed at http://wiki.ros.org/tf/Errors%20explained
[WARN] [1786033140.768196237] []: TF_OLD_DATA ignoring data from the past for frame rear_left_wheel at time 1786033125.087575 according to authority Authority undetectable
Possible reasons are listed at http://wiki.ros.org/tf/Errors%20explained
[WARN] [1786033140.768208181] []: TF_OLD_DATA ignoring data from the past for frame rear_right_wheel at time 1786033125.087575 according to authority Authority undetectable
Possible reasons are listed at http://wiki.ros.org/tf/Errors%20explained
[WARN] [1786033140.768249996] []: TF_OLD_DATA ignoring data from the past for frame front_left_wheel at time 1786033125.187560 according to authority Authority undetectable
Possible reasons are listed at http://wiki.ros.org/tf/Errors%20explained
[WARN] [1786033140.768265052] []: TF_OLD_DATA ignoring data from the past for frame front_right_wheel at time 1786033125.187560 according to authority Authority undetectable
Possible reasons are listed at http://wiki.ros.org/tf/Errors%20explained
[WARN] [1786033140.768276978] []: TF_OLD_DATA ignoring data from the past for frame rear_left_wheel at time 1786033125.187560 according to authority Authority undetectable
Possible reasons are listed at http://wiki.ros.org/tf/Errors%20explained
[WARN] [1786033140.768287534] []: TF_OLD_DATA ignoring data from the past for frame rear_right_wheel at time 1786033125.187560 according to authority Authority undetectable
Possible reasons are listed at http://wiki.ros.org/tf/Errors%20explained
[WARN] [1786033140.768318052] []: TF_OLD_DATA ignoring data from the past for frame front_left_wheel at time 1786033125.287554 according to authority Authority undetectable
Possible reasons are listed at http://wiki.ros.org/tf/Errors%20explained
[WARN] [1786033140.768333867] []: TF_OLD_DATA ignoring data from the past for frame front_right_wheel at time 1786033125.287554 according to authority Authority undetectable
Possible reasons are listed at http://wiki.ros.org/tf/Errors%20explained
[WARN] [1786033140.768346608] []: TF_OLD_DATA ignoring data from the past for frame rear_left_wheel at time 1786033125.287554 according to authority Authority undetectable
Possible reasons are listed at http://wiki.ros.org/tf/Errors%20explained
[WARN] [1786033140.768357090] []: TF_OLD_DATA ignoring data from the past for frame rear_right_wheel at time 1786033125.287554 according to authority Authority undetectable
Possible reasons are listed at http://wiki.ros.org/tf/Errors%20explained
[WARN] [1786033140.768395701] []: TF_OLD_DATA ignoring data from the past for frame front_left_wheel at time 1786033125.387558 according to authority Authority undetectable
Possible reasons are listed at http://wiki.ros.org/tf/Errors%20explained
[WARN] [1786033140.768413683] []: TF_OLD_DATA ignoring data from the past for frame front_right_wheel at time 1786033125.387558 according to authority Authority undetectable
Possible reasons are listed at http://wiki.ros.org/tf/Errors%20explained
[WARN] [1786033140.768481405] []: TF_OLD_DATA ignoring data from the past for frame rear_left_wheel at time 1786033125.387558 according to authority Authority undetectable
Possible reasons are listed at http://wiki.ros.org/tf/Errors%20explained
[WARN] [1786033140.768495146] []: TF_OLD_DATA ignoring data from the past for frame rear_right_wheel at time 1786033125.387558 according to authority Authority undetectable
Possible reasons are listed at http://wiki.ros.org/tf/Errors%20explained
[WARN] [1786033140.768537609] []: TF_OLD_DATA ignoring data from the past for frame front_left_wheel at time 1786033125.487557 according to authority Authority undetectable
Possible reasons are listed at http://wiki.ros.org/tf/Errors%20explained
[WARN] [1786033140.768555091] []: TF_OLD_DATA ignoring data from the past for frame front_right_wheel at time 1786033125.487557 according to authority Authority undetectable
Possible reasons are listed at http://wiki.ros.org/tf/Errors%20explained
[WARN] [1786033140.768568183] []: TF_OLD_DATA ignoring data from the past for frame rear_left_wheel at time 1786033125.487557 according to authority Authority undetectable
Possible reasons are listed at http://wiki.ros.org/tf/Errors%20explained
[WARN] [1786033140.768579202] []: TF_OLD_DATA ignoring data from the past for frame rear_right_wheel at time 1786033125.487557 according to authority Authority undetectable
Possible reasons are listed at http://wiki.ros.org/tf/Errors%20explained
[WARN] [1786033140.768610628] []: TF_OLD_DATA ignoring data from the past for frame front_left_wheel at time 1786033125.587568 according to authority Authority undetectable
Possible reasons are listed at http://wiki.ros.org/tf/Errors%20explained
[WARN] [1786033140.768626610] []: TF_OLD_DATA ignoring data from the past for frame front_right_wheel at time 1786033125.587568 according to authority Authority undetectable
Possible reasons are listed at http://wiki.ros.org/tf/Errors%20explained
[WARN] [1786033140.768638702] []: TF_OLD_DATA ignoring data from the past for frame rear_left_wheel at time 1786033125.587568 according to authority Authority undetectable
Possible reasons are listed at http://wiki.ros.org/tf/Errors%20explained
[WARN] [1786033140.768649054] []: TF_OLD_DATA ignoring data from the past for frame rear_right_wheel at time 1786033125.587568 according to authority Authority undetectable
Possible reasons are listed at http://wiki.ros.org/tf/Errors%20explained
[WARN] [1786033140.768678888] []: TF_OLD_DATA ignoring data from the past for frame front_left_wheel at time 1786033125.687569 according to authority Authority undetectable
Possible reasons are listed at http://wiki.ros.org/tf/Errors%20explained
[WARN] [1786033140.768697055] []: TF_OLD_DATA ignoring data from the past for frame front_right_wheel at time 1786033125.687569 according to authority Authority undetectable
Possible reasons are listed at http://wiki.ros.org/tf/Errors%20explained
[WARN] [1786033140.768709055] []: TF_OLD_DATA ignoring data from the past for frame rear_left_wheel at time 1786033125.687569 according to authority Authority undetectable
Possible reasons are listed at http://wiki.ros.org/tf/Errors%20explained
[WARN] [1786033140.768719703] []: TF_OLD_DATA ignoring data from the past for frame rear_right_wheel at time 1786033125.687569 according to authority Authority undetectable
Possible reasons are listed at http://wiki.ros.org/tf/Errors%20explained
[WARN] [1786033140.768748110] []: TF_OLD_DATA ignoring data from the past for frame front_left_wheel at time 1786033125.787535 according to authority Authority undetectable
Possible reasons are listed at http://wiki.ros.org/tf/Errors%20explained
[WARN] [1786033140.768764129] []: TF_OLD_DATA ignoring data from the past for frame front_right_wheel at time 1786033125.787535 according to authority Authority undetectable
Possible reasons are listed at http://wiki.ros.org/tf/Errors%20explained
[WARN] [1786033140.768801925] []: TF_OLD_DATA ignoring data from the past for frame rear_left_wheel at time 1786033125.787535 according to authority Authority undetectable
Possible reasons are listed at http://wiki.ros.org/tf/Errors%20explained
[WARN] [1786033140.768816148] []: TF_OLD_DATA ignoring data from the past for frame rear_right_wheel at time 1786033125.787535 according to authority Authority undetectable
Possible reasons are listed at http://wiki.ros.org/tf/Errors%20explained
[WARN] [1786033140.768849592] []: TF_OLD_DATA ignoring data from the past for frame front_left_wheel at time 1786033125.887760 according to authority Authority undetectable
Possible reasons are listed at http://wiki.ros.org/tf/Errors%20explained
[WARN] [1786033140.768861592] []: TF_OLD_DATA ignoring data from the past for frame front_right_wheel at time 1786033125.887760 according to authority Authority undetectable
Possible reasons are listed at http://wiki.ros.org/tf/Errors%20explained
[WARN] [1786033140.768872555] []: TF_OLD_DATA ignoring data from the past for frame rear_left_wheel at time 1786033125.887760 according to authority Authority undetectable
Possible reasons are listed at http://wiki.ros.org/tf/Errors%20explained
[WARN] [1786033140.768881426] []: TF_OLD_DATA ignoring data from the past for frame rear_right_wheel at time 1786033125.887760 according to authority Authority undetectable
Possible reasons are listed at http://wiki.ros.org/tf/Errors%20explained
[WARN] [1786033140.768906074] []: TF_OLD_DATA ignoring data from the past for frame front_left_wheel at time 1786033125.987538 according to authority Authority undetectable
Possible reasons are listed at http://wiki.ros.org/tf/Errors%20explained
[WARN] [1786033140.768918019] []: TF_OLD_DATA ignoring data from the past for frame front_right_wheel at time 1786033125.987538 according to authority Authority undetectable
Possible reasons are listed at http://wiki.ros.org/tf/Errors%20explained
[WARN] [1786033140.768927834] []: TF_OLD_DATA ignoring data from the past for frame rear_left_wheel at time 1786033125.987538 according to authority Authority undetectable
Possible reasons are listed at http://wiki.ros.org/tf/Errors%20explained
[WARN] [1786033140.768936704] []: TF_OLD_DATA ignoring data from the past for frame rear_right_wheel at time 1786033125.987538 according to authority Authority undetectable
Possible reasons are listed at http://wiki.ros.org/tf/Errors%20explained
[WARN] [1786033140.768963445] []: TF_OLD_DATA ignoring data from the past for frame front_left_wheel at time 1786033126.087561 according to authority Authority undetectable
Possible reasons are listed at http://wiki.ros.org/tf/Errors%20explained
[WARN] [1786033140.768985019] []: TF_OLD_DATA ignoring data from the past for frame front_right_wheel at time 1786033126.087561 according to authority Authority undetectable
Possible reasons are listed at http://wiki.ros.org/tf/Errors%20explained
[WARN] [1786033140.769011241] []: TF_OLD_DATA ignoring data from the past for frame rear_left_wheel at time 1786033126.087561 according to authority Authority undetectable
Possible reasons are listed at http://wiki.ros.org/tf/Errors%20explained
[WARN] [1786033140.769023186] []: TF_OLD_DATA ignoring data from the past for frame rear_right_wheel at time 1786033126.087561 according to authority Authority undetectable
Possible reasons are listed at http://wiki.ros.org/tf/Errors%20explained
[WARN] [1786033140.769068649] []: TF_OLD_DATA ignoring data from the past for frame front_left_wheel at time 1786033126.187942 according to authority Authority undetectable
Possible reasons are listed at http://wiki.ros.org/tf/Errors%20explained
[WARN] [1786033140.769091131] []: TF_OLD_DATA ignoring data from the past for frame front_right_wheel at time 1786033126.187942 according to authority Authority undetectable
Possible reasons are listed at http://wiki.ros.org/tf/Errors%20explained
[WARN] [1786033140.769108964] []: TF_OLD_DATA ignoring data from the past for frame rear_left_wheel at time 1786033126.187942 according to authority Authority undetectable
Possible reasons are listed at http://wiki.ros.org/tf/Errors%20explained
[WARN] [1786033140.769187187] []: TF_OLD_DATA ignoring data from the past for frame rear_right_wheel at time 1786033126.187942 according to authority Authority undetectable
Possible reasons are listed at http://wiki.ros.org/tf/Errors%20explained
[WARN] [1786033140.769261206] []: TF_OLD_DATA ignoring data from the past for frame front_left_wheel at time 1786033126.287517 according to authority Authority undetectable
Possible reasons are listed at http://wiki.ros.org/tf/Errors%20explained
[WARN] [1786033140.769277447] []: TF_OLD_DATA ignoring data from the past for frame front_right_wheel at time 1786033126.287517 according to authority Authority undetectable
Possible reasons are listed at http://wiki.ros.org/tf/Errors%20explained
[WARN] [1786033140.769290391] []: TF_OLD_DATA ignoring data from the past for frame rear_left_wheel at time 1786033126.287517 according to authority Authority undetectable
Possible reasons are listed at http://wiki.ros.org/tf/Errors%20explained
[WARN] [1786033140.769300521] []: TF_OLD_DATA ignoring data from the past for frame rear_right_wheel at time 1786033126.287517 according to authority Authority undetectable
Possible reasons are listed at http://wiki.ros.org/tf/Errors%20explained
[WARN] [1786033140.921716663] []: TF_OLD_DATA ignoring data from the past for frame front_left_wheel at time 1786033126.387552 according to authority Authority undetectable
Possible reasons are listed at http://wiki.ros.org/tf/Errors%20explained
[WARN] [1786033140.921754830] []: TF_OLD_DATA ignoring data from the past for frame front_right_wheel at time 1786033126.387552 according to authority Authority undetectable
Possible reasons are listed at http://wiki.ros.org/tf/Errors%20explained
[WARN] [1786033140.921766330] []: TF_OLD_DATA ignoring data from the past for frame rear_left_wheel at time 1786033126.387552 according to authority Authority undetectable
Possible reasons are listed at http://wiki.ros.org/tf/Errors%20explained
[WARN] [1786033140.921777571] []: TF_OLD_DATA ignoring data from the past for frame rear_right_wheel at time 1786033126.387552 according to authority Authority undetectable
Possible reasons are listed at http://wiki.ros.org/tf/Errors%20explained
[WARN] [1786033140.923567840] []: TF_OLD_DATA ignoring data from the past for frame front_left_wheel at time 1786033126.487563 according to authority Authority undetectable
Possible reasons are listed at http://wiki.ros.org/tf/Errors%20explained
[WARN] [1786033140.923618063] []: TF_OLD_DATA ignoring data from the past for frame front_right_wheel at time 1786033126.487563 according to authority Authority undetectable
Possible reasons are listed at http://wiki.ros.org/tf/Errors%20explained
[WARN] [1786033140.923631637] []: TF_OLD_DATA ignoring data from the past for frame rear_left_wheel at time 1786033126.487563 according to authority Authority undetectable
Possible reasons are listed at http://wiki.ros.org/tf/Errors%20explained
[WARN] [1786033140.923642285] []: TF_OLD_DATA ignoring data from the past for frame rear_right_wheel at time 1786033126.487563 according to authority Authority undetectable
Possible reasons are listed at http://wiki.ros.org/tf/Errors%20explained
[WARN] [1786033140.923694989] []: TF_OLD_DATA ignoring data from the past for frame front_left_wheel at time 1786033126.587552 according to authority Authority undetectable
Possible reasons are listed at http://wiki.ros.org/tf/Errors%20explained
[WARN] [1786033140.923709934] []: TF_OLD_DATA ignoring data from the past for frame front_right_wheel at time 1786033126.587552 according to authority Authority undetectable
Possible reasons are listed at http://wiki.ros.org/tf/Errors%20explained
[WARN] [1786033140.923720471] []: TF_OLD_DATA ignoring data from the past for frame rear_left_wheel at time 1786033126.587552 according to authority Authority undetectable
Possible reasons are listed at http://wiki.ros.org/tf/Errors%20explained
[WARN] [1786033140.923730119] []: TF_OLD_DATA ignoring data from the past for frame rear_right_wheel at time 1786033126.587552 according to authority Authority undetectable
Possible reasons are listed at http://wiki.ros.org/tf/Errors%20explained
[WARN] [1786033140.923833768] []: TF_OLD_DATA ignoring data from the past for frame front_left_wheel at time 1786033126.687536 according to authority Authority undetectable
Possible reasons are listed at http://wiki.ros.org/tf/Errors%20explained
[WARN] [1786033140.923856675] []: TF_OLD_DATA ignoring data from the past for frame front_right_wheel at time 1786033126.687536 according to authority Authority undetectable
Possible reasons are listed at http://wiki.ros.org/tf/Errors%20explained
[WARN] [1786033140.923867990] []: TF_OLD_DATA ignoring data from the past for frame rear_left_wheel at time 1786033126.687536 according to authority Authority undetectable
Possible reasons are listed at http://wiki.ros.org/tf/Errors%20explained
[WARN] [1786033140.923878768] []: TF_OLD_DATA ignoring data from the past for frame rear_right_wheel at time 1786033126.687536 according to authority Authority undetectable
Possible reasons are listed at http://wiki.ros.org/tf/Errors%20explained
[WARN] [1786033140.925840556] []: TF_OLD_DATA ignoring data from the past for frame front_left_wheel at time 1786033126.787538 according to authority Authority undetectable
Possible reasons are listed at http://wiki.ros.org/tf/Errors%20explained
[WARN] [1786033140.925906557] []: TF_OLD_DATA ignoring data from the past for frame front_right_wheel at time 1786033126.787538 according to authority Authority undetectable
Possible reasons are listed at http://wiki.ros.org/tf/Errors%20explained
[WARN] [1786033140.925919298] []: TF_OLD_DATA ignoring data from the past for frame rear_left_wheel at time 1786033126.787538 according to authority Authority undetectable
Possible reasons are listed at http://wiki.ros.org/tf/Errors%20explained
[WARN] [1786033140.925929409] []: TF_OLD_DATA ignoring data from the past for frame rear_right_wheel at time 1786033126.787538 according to authority Authority undetectable
Possible reasons are listed at http://wiki.ros.org/tf/Errors%20explained
[WARN] [1786033140.925980150] []: TF_OLD_DATA ignoring data from the past for frame front_left_wheel at time 1786033126.887557 according to authority Authority undetectable
Possible reasons are listed at http://wiki.ros.org/tf/Errors%20explained
[WARN] [1786033140.925997298] []: TF_OLD_DATA ignoring data from the past for frame front_right_wheel at time 1786033126.887557 according to authority Authority undetectable
Possible reasons are listed at http://wiki.ros.org/tf/Errors%20explained
[WARN] [1786033140.926807766] []: TF_OLD_DATA ignoring data from the past for frame rear_left_wheel at time 1786033126.887557 according to authority Authority undetectable
Possible reasons are listed at http://wiki.ros.org/tf/Errors%20explained
[WARN] [1786033140.926825303] []: TF_OLD_DATA ignoring data from the past for frame rear_right_wheel at time 1786033126.887557 according to authority Authority undetectable
Possible reasons are listed at http://wiki.ros.org/tf/Errors%20explained
[WARN] [1786033140.926909044] []: TF_OLD_DATA ignoring data from the past for frame front_left_wheel at time 1786033126.987577 according to authority Authority undetectable
Possible reasons are listed at http://wiki.ros.org/tf/Errors%20explained
[WARN] [1786033140.926924470] []: TF_OLD_DATA ignoring data from the past for frame front_right_wheel at time 1786033126.987577 according to authority Authority undetectable
Possible reasons are listed at http://wiki.ros.org/tf/Errors%20explained
[WARN] [1786033140.926935470] []: TF_OLD_DATA ignoring data from the past for frame rear_left_wheel at time 1786033126.987577 according to authority Authority undetectable
Possible reasons are listed at http://wiki.ros.org/tf/Errors%20explained
[WARN] [1786033140.926944785] []: TF_OLD_DATA ignoring data from the past for frame rear_right_wheel at time 1786033126.987577 according to authority Authority undetectable
Possible reasons are listed at http://wiki.ros.org/tf/Errors%20explained
[WARN] [1786033141.145088218] []: TF_OLD_DATA ignoring data from the past for frame front_left_wheel at time 1786033127.087546 according to authority Authority undetectable
Possible reasons are listed at http://wiki.ros.org/tf/Errors%20explained
[WARN] [1786033141.145131218] []: TF_OLD_DATA ignoring data from the past for frame front_right_wheel at time 1786033127.087546 according to authority Authority undetectable
Possible reasons are listed at http://wiki.ros.org/tf/Errors%20explained
[WARN] [1786033141.145145181] []: TF_OLD_DATA ignoring data from the past for frame rear_left_wheel at time 1786033127.087546 according to authority Authority undetectable
Possible reasons are listed at http://wiki.ros.org/tf/Errors%20explained
[WARN] [1786033141.145156348] []: TF_OLD_DATA ignoring data from the past for frame rear_right_wheel at time 1786033127.087546 according to authority Authority undetectable
Possible reasons are listed at http://wiki.ros.org/tf/Errors%20explained
[WARN] [1786033141.154277436] []: TF_OLD_DATA ignoring data from the past for frame front_left_wheel at time 1786033127.187534 according to authority Authority undetectable
Possible reasons are listed at http://wiki.ros.org/tf/Errors%20explained
[WARN] [1786033141.154317751] []: TF_OLD_DATA ignoring data from the past for frame front_right_wheel at time 1786033127.187534 according to authority Authority undetectable
Possible reasons are listed at http://wiki.ros.org/tf/Errors%20explained
[WARN] [1786033141.154331195] []: TF_OLD_DATA ignoring data from the past for frame rear_left_wheel at time 1786033127.187534 according to authority Authority undetectable
Possible reasons are listed at http://wiki.ros.org/tf/Errors%20explained
[WARN] [1786033141.154342825] []: TF_OLD_DATA ignoring data from the past for frame rear_right_wheel at time 1786033127.187534 according to authority Authority undetectable
Possible reasons are listed at http://wiki.ros.org/tf/Errors%20explained
[WARN] [1786033141.155939074] []: TF_OLD_DATA ignoring data from the past for frame front_left_wheel at time 1786033127.287528 according to authority Authority undetectable
Possible reasons are listed at http://wiki.ros.org/tf/Errors%20explained
[WARN] [1786033141.155979112] []: TF_OLD_DATA ignoring data from the past for frame front_right_wheel at time 1786033127.287528 according to authority Authority undetectable
Possible reasons are listed at http://wiki.ros.org/tf/Errors%20explained
[WARN] [1786033141.155993408] []: TF_OLD_DATA ignoring data from the past for frame rear_left_wheel at time 1786033127.287528 according to authority Authority undetectable
Possible reasons are listed at http://wiki.ros.org/tf/Errors%20explained
[WARN] [1786033141.156005445] []: TF_OLD_DATA ignoring data from the past for frame rear_right_wheel at time 1786033127.287528 according to authority Authority undetectable
Possible reasons are listed at http://wiki.ros.org/tf/Errors%20explained
[WARN] [1786033141.162176998] []: TF_OLD_DATA ignoring data from the past for frame front_left_wheel at time 1786033127.387550 according to authority Authority undetectable
Possible reasons are listed at http://wiki.ros.org/tf/Errors%20explained
[WARN] [1786033141.162221017] []: TF_OLD_DATA ignoring data from the past for frame front_right_wheel at time 1786033127.387550 according to authority Authority undetectable
Possible reasons are listed at http://wiki.ros.org/tf/Errors%20explained
[WARN] [1786033141.162235017] []: TF_OLD_DATA ignoring data from the past for frame rear_left_wheel at time 1786033127.387550 according to authority Authority undetectable
Possible reasons are listed at http://wiki.ros.org/tf/Errors%20explained
[WARN] [1786033141.162246684] []: TF_OLD_DATA ignoring data from the past for frame rear_right_wheel at time 1786033127.387550 according to authority Authority undetectable
Possible reasons are listed at http://wiki.ros.org/tf/Errors%20explained
[WARN] [1786033141.162814687] []: TF_OLD_DATA ignoring data from the past for frame front_left_wheel at time 1786033127.487795 according to authority Authority undetectable
Possible reasons are listed at http://wiki.ros.org/tf/Errors%20explained
[WARN] [1786033141.162894409] []: TF_OLD_DATA ignoring data from the past for frame front_right_wheel at time 1786033127.487795 according to authority Authority undetectable
Possible reasons are listed at http://wiki.ros.org/tf/Errors%20explained
[WARN] [1786033141.162907465] []: TF_OLD_DATA ignoring data from the past for frame rear_left_wheel at time 1786033127.487795 according to authority Authority undetectable
Possible reasons are listed at http://wiki.ros.org/tf/Errors%20explained
[WARN] [1786033141.162919780] []: TF_OLD_DATA ignoring data from the past for frame rear_right_wheel at time 1786033127.487795 according to authority Authority undetectable
Possible reasons are listed at http://wiki.ros.org/tf/Errors%20explained
[WARN] [1786033141.163685729] []: TF_OLD_DATA ignoring data from the past for frame front_left_wheel at time 1786033127.587533 according to authority Authority undetectable
Possible reasons are listed at http://wiki.ros.org/tf/Errors%20explained
[WARN] [1786033141.163759933] []: TF_OLD_DATA ignoring data from the past for frame front_right_wheel at time 1786033127.587533 according to authority Authority undetectable
Possible reasons are listed at http://wiki.ros.org/tf/Errors%20explained
[WARN] [1786033141.163775229] []: TF_OLD_DATA ignoring data from the past for frame rear_left_wheel at time 1786033127.587533 according to authority Authority undetectable
Possible reasons are listed at http://wiki.ros.org/tf/Errors%20explained
[WARN] [1786033141.163786433] []: TF_OLD_DATA ignoring data from the past for frame rear_right_wheel at time 1786033127.587533 according to authority Authority undetectable
Possible reasons are listed at http://wiki.ros.org/tf/Errors%20explained
[WARN] [1786033141.163842026] []: TF_OLD_DATA ignoring data from the past for frame front_left_wheel at time 1786033127.787565 according to authority Authority undetectable
Possible reasons are listed at http://wiki.ros.org/tf/Errors%20explained
[WARN] [1786033141.163857322] []: TF_OLD_DATA ignoring data from the past for frame front_right_wheel at time 1786033127.787565 according to authority Authority undetectable
Possible reasons are listed at http://wiki.ros.org/tf/Errors%20explained
[WARN] [1786033141.163875100] []: TF_OLD_DATA ignoring data from the past for frame rear_left_wheel at time 1786033127.787565 according to authority Authority undetectable
Possible reasons are listed at http://wiki.ros.org/tf/Errors%20explained
[WARN] [1786033141.163891841] []: TF_OLD_DATA ignoring data from the past for frame rear_right_wheel at time 1786033127.787565 according to authority Authority undetectable
Possible reasons are listed at http://wiki.ros.org/tf/Errors%20explained
[WARN] [1786033141.163960415] []: TF_OLD_DATA ignoring data from the past for frame front_left_wheel at time 1786033127.887525 according to authority Authority undetectable
Possible reasons are listed at http://wiki.ros.org/tf/Errors%20explained
[WARN] [1786033141.163976860] []: TF_OLD_DATA ignoring data from the past for frame front_right_wheel at time 1786033127.887525 according to authority Authority undetectable
Possible reasons are listed at http://wiki.ros.org/tf/Errors%20explained
[WARN] [1786033141.163987934] []: TF_OLD_DATA ignoring data from the past for frame rear_left_wheel at time 1786033127.887525 according to authority Authority undetectable
Possible reasons are listed at http://wiki.ros.org/tf/Errors%20explained
[WARN] [1786033141.163998304] []: TF_OLD_DATA ignoring data from the past for frame rear_right_wheel at time 1786033127.887525 according to authority Authority undetectable
Possible reasons are listed at http://wiki.ros.org/tf/Errors%20explained
[WARN] [1786033141.164031175] []: TF_OLD_DATA ignoring data from the past for frame front_left_wheel at time 1786033127.987556 according to authority Authority undetectable
Possible reasons are listed at http://wiki.ros.org/tf/Errors%20explained
[WARN] [1786033141.164052545] []: TF_OLD_DATA ignoring data from the past for frame front_right_wheel at time 1786033127.987556 according to authority Authority undetectable
Possible reasons are listed at http://wiki.ros.org/tf/Errors%20explained
[WARN] [1786033141.164132935] []: TF_OLD_DATA ignoring data from the past for frame rear_left_wheel at time 1786033127.987556 according to authority Authority undetectable
Possible reasons are listed at http://wiki.ros.org/tf/Errors%20explained
[WARN] [1786033141.164145639] []: TF_OLD_DATA ignoring data from the past for frame rear_right_wheel at time 1786033127.987556 according to authority Authority undetectable
Possible reasons are listed at http://wiki.ros.org/tf/Errors%20explained
[WARN] [1786033141.164188880] []: TF_OLD_DATA ignoring data from the past for frame front_left_wheel at time 1786033128.087595 according to authority Authority undetectable
Possible reasons are listed at http://wiki.ros.org/tf/Errors%20explained
[WARN] [1786033141.164203546] []: TF_OLD_DATA ignoring data from the past for frame front_right_wheel at time 1786033128.087595 according to authority Authority undetectable
Possible reasons are listed at http://wiki.ros.org/tf/Errors%20explained
[WARN] [1786033141.164214824] []: TF_OLD_DATA ignoring data from the past for frame rear_left_wheel at time 1786033128.087595 according to authority Authority undetectable
Possible reasons are listed at http://wiki.ros.org/tf/Errors%20explained
[WARN] [1786033141.164225435] []: TF_OLD_DATA ignoring data from the past for frame rear_right_wheel at time 1786033128.087595 according to authority Authority undetectable
Possible reasons are listed at http://wiki.ros.org/tf/Errors%20explained
[WARN] [1786033141.164262213] []: TF_OLD_DATA ignoring data from the past for frame front_left_wheel at time 1786033128.287571 according to authority Authority undetectable
Possible reasons are listed at http://wiki.ros.org/tf/Errors%20explained
[WARN] [1786033141.164278065] []: TF_OLD_DATA ignoring data from the past for frame front_right_wheel at time 1786033128.287571 according to authority Authority undetectable
Possible reasons are listed at http://wiki.ros.org/tf/Errors%20explained
[WARN] [1786033141.164291788] []: TF_OLD_DATA ignoring data from the past for frame rear_left_wheel at time 1786033128.287571 according to authority Authority undetectable
Possible reasons are listed at http://wiki.ros.org/tf/Errors%20explained
[WARN] [1786033141.164302213] []: TF_OLD_DATA ignoring data from the past for frame rear_right_wheel at time 1786033128.287571 according to authority Authority undetectable
Possible reasons are listed at http://wiki.ros.org/tf/Errors%20explained
[WARN] [1786033141.164338177] []: TF_OLD_DATA ignoring data from the past for frame front_left_wheel at time 1786033128.487528 according to authority Authority undetectable
Possible reasons are listed at http://wiki.ros.org/tf/Errors%20explained
[WARN] [1786033141.164352214] []: TF_OLD_DATA ignoring data from the past for frame front_right_wheel at time 1786033128.487528 according to authority Authority undetectable
Possible reasons are listed at http://wiki.ros.org/tf/Errors%20explained
[WARN] [1786033141.164364325] []: TF_OLD_DATA ignoring data from the past for frame rear_left_wheel at time 1786033128.487528 according to authority Authority undetectable
Possible reasons are listed at http://wiki.ros.org/tf/Errors%20explained
[WARN] [1786033141.164374769] []: TF_OLD_DATA ignoring data from the past for frame rear_right_wheel at time 1786033128.487528 according to authority Authority undetectable
Possible reasons are listed at http://wiki.ros.org/tf/Errors%20explained
[WARN] [1786033147.738559189] []: TF_OLD_DATA ignoring data from the past for frame front_left_wheel at time 1786033128.587538 according to authority Authority undetectable
Possible reasons are listed at http://wiki.ros.org/tf/Errors%20explained
[WARN] [1786033147.738610652] []: TF_OLD_DATA ignoring data from the past for frame front_right_wheel at time 1786033128.587538 according to authority Authority undetectable
Possible reasons are listed at http://wiki.ros.org/tf/Errors%20explained
[WARN] [1786033147.738622097] []: TF_OLD_DATA ignoring data from the past for frame rear_left_wheel at time 1786033128.587538 according to authority Authority undetectable
Possible reasons are listed at http://wiki.ros.org/tf/Errors%20explained
[WARN] [1786033147.738631134] []: TF_OLD_DATA ignoring data from the past for frame rear_right_wheel at time 1786033128.587538 according to authority Authority undetectable
Possible reasons are listed at http://wiki.ros.org/tf/Errors%20explained
[WARN] [1786033147.738686282] []: TF_OLD_DATA ignoring data from the past for frame front_left_wheel at time 1786033128.687544 according to authority Authority undetectable
Possible reasons are listed at http://wiki.ros.org/tf/Errors%20explained
[WARN] [1786033147.738698542] []: TF_OLD_DATA ignoring data from the past for frame front_right_wheel at time 1786033128.687544 according to authority Authority undetectable
Possible reasons are listed at http://wiki.ros.org/tf/Errors%20explained
[WARN] [1786033147.738707356] []: TF_OLD_DATA ignoring data from the past for frame rear_left_wheel at time 1786033128.687544 according to authority Authority undetectable
Possible reasons are listed at http://wiki.ros.org/tf/Errors%20explained
[WARN] [1786033147.738714690] []: TF_OLD_DATA ignoring data from the past for frame rear_right_wheel at time 1786033128.687544 according to authority Authority undetectable
Possible reasons are listed at http://wiki.ros.org/tf/Errors%20explained
[WARN] [1786033147.740990962] []: TF_OLD_DATA ignoring data from the past for frame front_left_wheel at time 1786033128.787551 according to authority Authority undetectable
Possible reasons are listed at http://wiki.ros.org/tf/Errors%20explained
[WARN] [1786033147.741041425] []: TF_OLD_DATA ignoring data from the past for frame front_right_wheel at time 1786033128.787551 according to authority Authority undetectable
Possible reasons are listed at http://wiki.ros.org/tf/Errors%20explained
[WARN] [1786033147.741050814] []: TF_OLD_DATA ignoring data from the past for frame rear_left_wheel at time 1786033128.787551 according to authority Authority undetectable
Possible reasons are listed at http://wiki.ros.org/tf/Errors%20explained
[WARN] [1786033147.741071703] []: TF_OLD_DATA ignoring data from the past for frame rear_right_wheel at time 1786033128.787551 according to authority Authority undetectable
Possible reasons are listed at http://wiki.ros.org/tf/Errors%20explained
[WARN] [1786033147.741111110] []: TF_OLD_DATA ignoring data from the past for frame front_left_wheel at time 1786033128.887537 according to authority Authority undetectable
Possible reasons are listed at http://wiki.ros.org/tf/Errors%20explained
[WARN] [1786033147.741122536] []: TF_OLD_DATA ignoring data from the past for frame front_right_wheel at time 1786033128.887537 according to authority Authority undetectable
Possible reasons are listed at http://wiki.ros.org/tf/Errors%20explained
[WARN] [1786033147.741132203] []: TF_OLD_DATA ignoring data from the past for frame rear_left_wheel at time 1786033128.887537 according to authority Authority undetectable
Possible reasons are listed at http://wiki.ros.org/tf/Errors%20explained
[WARN] [1786033147.741141629] []: TF_OLD_DATA ignoring data from the past for frame rear_right_wheel at time 1786033128.887537 according to authority Authority undetectable
Possible reasons are listed at http://wiki.ros.org/tf/Errors%20explained
[WARN] [1786033147.741233130] []: TF_OLD_DATA ignoring data from the past for frame front_left_wheel at time 1786033128.987539 according to authority Authority undetectable
Possible reasons are listed at http://wiki.ros.org/tf/Errors%20explained
[WARN] [1786033147.741346204] []: TF_OLD_DATA ignoring data from the past for frame front_right_wheel at time 1786033128.987539 according to authority Authority undetectable
Possible reasons are listed at http://wiki.ros.org/tf/Errors%20explained
[WARN] [1786033147.741360741] []: TF_OLD_DATA ignoring data from the past for frame rear_left_wheel at time 1786033128.987539 according to authority Authority undetectable
Possible reasons are listed at http://wiki.ros.org/tf/Errors%20explained
[WARN] [1786033147.741369186] []: TF_OLD_DATA ignoring data from the past for frame rear_right_wheel at time 1786033128.987539 according to authority Authority undetectable
Possible reasons are listed at http://wiki.ros.org/tf/Errors%20explained
[WARN] [1786033147.741410279] []: TF_OLD_DATA ignoring data from the past for frame front_left_wheel at time 1786033129.087588 according to authority Authority undetectable
Possible reasons are listed at http://wiki.ros.org/tf/Errors%20explained
[WARN] [1786033147.741423890] []: TF_OLD_DATA ignoring data from the past for frame front_right_wheel at time 1786033129.087588 according to authority Authority undetectable
Possible reasons are listed at http://wiki.ros.org/tf/Errors%20explained
[WARN] [1786033147.741432575] []: TF_OLD_DATA ignoring data from the past for frame rear_left_wheel at time 1786033129.087588 according to authority Authority undetectable
Possible reasons are listed at http://wiki.ros.org/tf/Errors%20explained
[WARN] [1786033147.741440927] []: TF_OLD_DATA ignoring data from the past for frame rear_right_wheel at time 1786033129.087588 according to authority Authority undetectable
Possible reasons are listed at http://wiki.ros.org/tf/Errors%20explained
[WARN] [1786033147.785757618] []: TF_OLD_DATA ignoring data from the past for frame front_left_wheel at time 1786033129.187600 according to authority Authority undetectable
Possible reasons are listed at http://wiki.ros.org/tf/Errors%20explained
[WARN] [1786033147.785802044] []: TF_OLD_DATA ignoring data from the past for frame front_right_wheel at time 1786033129.187600 according to authority Authority undetectable
Possible reasons are listed at http://wiki.ros.org/tf/Errors%20explained
[WARN] [1786033147.785816692] []: TF_OLD_DATA ignoring data from the past for frame rear_left_wheel at time 1786033129.187600 according to authority Authority undetectable
Possible reasons are listed at http://wiki.ros.org/tf/Errors%20explained
[WARN] [1786033147.785828896] []: TF_OLD_DATA ignoring data from the past for frame rear_right_wheel at time 1786033129.187600 according to authority Authority undetectable
Possible reasons are listed at http://wiki.ros.org/tf/Errors%20explained
[WARN] [1786033147.787666073] []: TF_OLD_DATA ignoring data from the past for frame front_left_wheel at time 1786033129.287557 according to authority Authority undetectable
Possible reasons are listed at http://wiki.ros.org/tf/Errors%20explained
[WARN] [1786033147.787711295] []: TF_OLD_DATA ignoring data from the past for frame front_right_wheel at time 1786033129.287557 according to authority Authority undetectable
Possible reasons are listed at http://wiki.ros.org/tf/Errors%20explained
[WARN] [1786033147.787727851] []: TF_OLD_DATA ignoring data from the past for frame rear_left_wheel at time 1786033129.287557 according to authority Authority undetectable
Possible reasons are listed at http://wiki.ros.org/tf/Errors%20explained
[WARN] [1786033147.787754184] []: TF_OLD_DATA ignoring data from the past for frame rear_right_wheel at time 1786033129.287557 according to authority Authority undetectable
Possible reasons are listed at http://wiki.ros.org/tf/Errors%20explained
[WARN] [1786033147.787832574] []: TF_OLD_DATA ignoring data from the past for frame front_left_wheel at time 1786033129.387534 according to authority Authority undetectable
Possible reasons are listed at http://wiki.ros.org/tf/Errors%20explained
[WARN] [1786033147.787854018] []: TF_OLD_DATA ignoring data from the past for frame front_right_wheel at time 1786033129.387534 according to authority Authority undetectable
Possible reasons are listed at http://wiki.ros.org/tf/Errors%20explained
[WARN] [1786033147.787929778] []: TF_OLD_DATA ignoring data from the past for frame rear_left_wheel at time 1786033129.387534 according to authority Authority undetectable
Possible reasons are listed at http://wiki.ros.org/tf/Errors%20explained
[WARN] [1786033147.787946130] []: TF_OLD_DATA ignoring data from the past for frame rear_right_wheel at time 1786033129.387534 according to authority Authority undetectable
Possible reasons are listed at http://wiki.ros.org/tf/Errors%20explained
[WARN] [1786033147.788004704] []: TF_OLD_DATA ignoring data from the past for frame front_left_wheel at time 1786033129.487539 according to authority Authority undetectable
Possible reasons are listed at http://wiki.ros.org/tf/Errors%20explained
[WARN] [1786033147.788021963] []: TF_OLD_DATA ignoring data from the past for frame front_right_wheel at time 1786033129.487539 according to authority Authority undetectable
Possible reasons are listed at http://wiki.ros.org/tf/Errors%20explained
[WARN] [1786033147.788034945] []: TF_OLD_DATA ignoring data from the past for frame rear_left_wheel at time 1786033129.487539 according to authority Authority undetectable
Possible reasons are listed at http://wiki.ros.org/tf/Errors%20explained
[WARN] [1786033147.788046871] []: TF_OLD_DATA ignoring data from the past for frame rear_right_wheel at time 1786033129.487539 according to authority Authority undetectable
Possible reasons are listed at http://wiki.ros.org/tf/Errors%20explained
[WARN] [1786033147.788115168] []: TF_OLD_DATA ignoring data from the past for frame front_left_wheel at time 1786033129.587529 according to authority Authority undetectable
Possible reasons are listed at http://wiki.ros.org/tf/Errors%20explained
[WARN] [1786033147.788134686] []: TF_OLD_DATA ignoring data from the past for frame front_right_wheel at time 1786033129.587529 according to authority Authority undetectable
Possible reasons are listed at http://wiki.ros.org/tf/Errors%20explained
[WARN] [1786033147.788148260] []: TF_OLD_DATA ignoring data from the past for frame rear_left_wheel at time 1786033129.587529 according to authority Authority undetectable
Possible reasons are listed at http://wiki.ros.org/tf/Errors%20explained
[WARN] [1786033147.788161149] []: TF_OLD_DATA ignoring data from the past for frame rear_right_wheel at time 1786033129.587529 according to authority Authority undetectable
Possible reasons are listed at http://wiki.ros.org/tf/Errors%20explained
[WARN] [1786033147.788207002] []: TF_OLD_DATA ignoring data from the past for frame front_left_wheel at time 1786033129.687548 according to authority Authority undetectable
Possible reasons are listed at http://wiki.ros.org/tf/Errors%20explained
[WARN] [1786033147.788223928] []: TF_OLD_DATA ignoring data from the past for frame front_right_wheel at time 1786033129.687548 according to authority Authority undetectable
Possible reasons are listed at http://wiki.ros.org/tf/Errors%20explained
[WARN] [1786033147.788237261] []: TF_OLD_DATA ignoring data from the past for frame rear_left_wheel at time 1786033129.687548 according to authority Authority undetectable
Possible reasons are listed at http://wiki.ros.org/tf/Errors%20explained
[WARN] [1786033147.788249465] []: TF_OLD_DATA ignoring data from the past for frame rear_right_wheel at time 1786033129.687548 according to authority Authority undetectable
Possible reasons are listed at http://wiki.ros.org/tf/Errors%20explained
[WARN] [1786033147.789763084] []: TF_OLD_DATA ignoring data from the past for frame front_left_wheel at time 1786033129.787573 according to authority Authority undetectable
Possible reasons are listed at http://wiki.ros.org/tf/Errors%20explained
[WARN] [1786033147.789837622] []: TF_OLD_DATA ignoring data from the past for frame front_right_wheel at time 1786033129.787573 according to authority Authority undetectable
Possible reasons are listed at http://wiki.ros.org/tf/Errors%20explained
[WARN] [1786033147.789915863] []: TF_OLD_DATA ignoring data from the past for frame rear_left_wheel at time 1786033129.787573 according to authority Authority undetectable
Possible reasons are listed at http://wiki.ros.org/tf/Errors%20explained
[WARN] [1786033147.789936789] []: TF_OLD_DATA ignoring data from the past for frame rear_right_wheel at time 1786033129.787573 according to authority Authority undetectable
Possible reasons are listed at http://wiki.ros.org/tf/Errors%20explained
[WARN] [1786033147.790151883] []: TF_OLD_DATA ignoring data from the past for frame front_left_wheel at time 1786033129.887545 according to authority Authority undetectable
Possible reasons are listed at http://wiki.ros.org/tf/Errors%20explained
[WARN] [1786033147.790182031] []: TF_OLD_DATA ignoring data from the past for frame front_right_wheel at time 1786033129.887545 according to authority Authority undetectable
Possible reasons are listed at http://wiki.ros.org/tf/Errors%20explained
[WARN] [1786033147.790197494] []: TF_OLD_DATA ignoring data from the past for frame rear_left_wheel at time 1786033129.887545 according to authority Authority undetectable
Possible reasons are listed at http://wiki.ros.org/tf/Errors%20explained
[WARN] [1786033147.790209790] []: TF_OLD_DATA ignoring data from the past for frame rear_right_wheel at time 1786033129.887545 according to authority Authority undetectable
Possible reasons are listed at http://wiki.ros.org/tf/Errors%20explained
[WARN] [1786033147.790263865] []: TF_OLD_DATA ignoring data from the past for frame front_left_wheel at time 1786033129.987552 according to authority Authority undetectable
Possible reasons are listed at http://wiki.ros.org/tf/Errors%20explained
[WARN] [1786033147.790280717] []: TF_OLD_DATA ignoring data from the past for frame front_right_wheel at time 1786033129.987552 according to authority Authority undetectable
Possible reasons are listed at http://wiki.ros.org/tf/Errors%20explained
[WARN] [1786033147.790293309] []: TF_OLD_DATA ignoring data from the past for frame rear_left_wheel at time 1786033129.987552 according to authority Authority undetectable
Possible reasons are listed at http://wiki.ros.org/tf/Errors%20explained
[WARN] [1786033147.790304772] []: TF_OLD_DATA ignoring data from the past for frame rear_right_wheel at time 1786033129.987552 according to authority Authority undetectable
Possible reasons are listed at http://wiki.ros.org/tf/Errors%20explained
[WARN] [1786033147.790334847] []: TF_OLD_DATA ignoring data from the past for frame front_left_wheel at time 1786033130.087548 according to authority Authority undetectable
Possible reasons are listed at http://wiki.ros.org/tf/Errors%20explained
[WARN] [1786033147.790350902] []: TF_OLD_DATA ignoring data from the past for frame front_right_wheel at time 1786033130.087548 according to authority Authority undetectable
Possible reasons are listed at http://wiki.ros.org/tf/Errors%20explained
[WARN] [1786033147.790364254] []: TF_OLD_DATA ignoring data from the past for frame rear_left_wheel at time 1786033130.087548 according to authority Authority undetectable
Possible reasons are listed at http://wiki.ros.org/tf/Errors%20explained
[WARN] [1786033147.790376514] []: TF_OLD_DATA ignoring data from the past for frame rear_right_wheel at time 1786033130.087548 according to authority Authority undetectable
Possible reasons are listed at http://wiki.ros.org/tf/Errors%20explained
[WARN] [1786033147.790411366] []: TF_OLD_DATA ignoring data from the past for frame front_left_wheel at time 1786033130.187565 according to authority Authority undetectable
Possible reasons are listed at http://wiki.ros.org/tf/Errors%20explained
[WARN] [1786033147.790429440] []: TF_OLD_DATA ignoring data from the past for frame front_right_wheel at time 1786033130.187565 according to authority Authority undetectable
Possible reasons are listed at http://wiki.ros.org/tf/Errors%20explained
[WARN] [1786033147.790441847] []: TF_OLD_DATA ignoring data from the past for frame rear_left_wheel at time 1786033130.187565 according to authority Authority undetectable
Possible reasons are listed at http://wiki.ros.org/tf/Errors%20explained
[WARN] [1786033147.790492588] []: TF_OLD_DATA ignoring data from the past for frame rear_right_wheel at time 1786033130.187565 according to authority Authority undetectable
Possible reasons are listed at http://wiki.ros.org/tf/Errors%20explained
[WARN] [1786033147.790540422] []: TF_OLD_DATA ignoring data from the past for frame front_left_wheel at time 1786033130.387563 according to authority Authority undetectable
Possible reasons are listed at http://wiki.ros.org/tf/Errors%20explained
[WARN] [1786033147.790559292] []: TF_OLD_DATA ignoring data from the past for frame front_right_wheel at time 1786033130.387563 according to authority Authority undetectable
Possible reasons are listed at http://wiki.ros.org/tf/Errors%20explained
[WARN] [1786033147.790572311] []: TF_OLD_DATA ignoring data from the past for frame rear_left_wheel at time 1786033130.387563 according to authority Authority undetectable
Possible reasons are listed at http://wiki.ros.org/tf/Errors%20explained
[WARN] [1786033147.790583793] []: TF_OLD_DATA ignoring data from the past for frame rear_right_wheel at time 1786033130.387563 according to authority Authority undetectable
Possible reasons are listed at http://wiki.ros.org/tf/Errors%20explained
[WARN] [1786033147.790618441] []: TF_OLD_DATA ignoring data from the past for frame front_left_wheel at time 1786033130.487544 according to authority Authority undetectable
Possible reasons are listed at http://wiki.ros.org/tf/Errors%20explained
[WARN] [1786033147.790634237] []: TF_OLD_DATA ignoring data from the past for frame front_right_wheel at time 1786033130.487544 according to authority Authority undetectable
Possible reasons are listed at http://wiki.ros.org/tf/Errors%20explained
[WARN] [1786033147.790648571] []: TF_OLD_DATA ignoring data from the past for frame rear_left_wheel at time 1786033130.487544 according to authority Authority undetectable
Possible reasons are listed at http://wiki.ros.org/tf/Errors%20explained
[WARN] [1786033147.790660274] []: TF_OLD_DATA ignoring data from the past for frame rear_right_wheel at time 1786033130.487544 according to authority Authority undetectable
Possible reasons are listed at http://wiki.ros.org/tf/Errors%20explained
[WARN] [1786033147.790692997] []: TF_OLD_DATA ignoring data from the past for frame front_left_wheel at time 1786033130.587550 according to authority Authority undetectable
Possible reasons are listed at http://wiki.ros.org/tf/Errors%20explained
[WARN] [1786033147.790707904] []: TF_OLD_DATA ignoring data from the past for frame front_right_wheel at time 1786033130.587550 according to authority Authority undetectable
Possible reasons are listed at http://wiki.ros.org/tf/Errors%20explained
[WARN] [1786033147.790721015] []: TF_OLD_DATA ignoring data from the past for frame rear_left_wheel at time 1786033130.587550 according to authority Authority undetectable
Possible reasons are listed at http://wiki.ros.org/tf/Errors%20explained
[WARN] [1786033147.790733608] []: TF_OLD_DATA ignoring data from the past for frame rear_right_wheel at time 1786033130.587550 according to authority Authority undetectable
Possible reasons are listed at http://wiki.ros.org/tf/Errors%20explained
[WARN] [1786033148.146121266] []: TF_OLD_DATA ignoring data from the past for frame front_left_wheel at time 1786033130.687536 according to authority Authority undetectable
Possible reasons are listed at http://wiki.ros.org/tf/Errors%20explained
[WARN] [1786033148.146195081] []: TF_OLD_DATA ignoring data from the past for frame front_right_wheel at time 1786033130.687536 according to authority Authority undetectable
Possible reasons are listed at http://wiki.ros.org/tf/Errors%20explained
[WARN] [1786033148.146208767] []: TF_OLD_DATA ignoring data from the past for frame rear_left_wheel at time 1786033130.687536 according to authority Authority undetectable
Possible reasons are listed at http://wiki.ros.org/tf/Errors%20explained
[WARN] [1786033148.146223748] []: TF_OLD_DATA ignoring data from the past for frame rear_right_wheel at time 1786033130.687536 according to authority Authority undetectable
Possible reasons are listed at http://wiki.ros.org/tf/Errors%20explained
[WARN] [1786033148.152186633] []: TF_OLD_DATA ignoring data from the past for frame front_left_wheel at time 1786033130.787549 according to authority Authority undetectable
Possible reasons are listed at http://wiki.ros.org/tf/Errors%20explained
[WARN] [1786033148.152214633] []: TF_OLD_DATA ignoring data from the past for frame front_right_wheel at time 1786033130.787549 according to authority Authority undetectable
Possible reasons are listed at http://wiki.ros.org/tf/Errors%20explained
[WARN] [1786033148.152225411] []: TF_OLD_DATA ignoring data from the past for frame rear_left_wheel at time 1786033130.787549 according to authority Authority undetectable
Possible reasons are listed at http://wiki.ros.org/tf/Errors%20explained
[WARN] [1786033148.152234670] []: TF_OLD_DATA ignoring data from the past for frame rear_right_wheel at time 1786033130.787549 according to authority Authority undetectable
Possible reasons are listed at http://wiki.ros.org/tf/Errors%20explained
[WARN] [1786033148.152603413] []: TF_OLD_DATA ignoring data from the past for frame front_left_wheel at time 1786033130.887565 according to authority Authority undetectable
Possible reasons are listed at http://wiki.ros.org/tf/Errors%20explained
[WARN] [1786033148.152633173] []: TF_OLD_DATA ignoring data from the past for frame front_right_wheel at time 1786033130.887565 according to authority Authority undetectable
Possible reasons are listed at http://wiki.ros.org/tf/Errors%20explained
[WARN] [1786033148.152643747] []: TF_OLD_DATA ignoring data from the past for frame rear_left_wheel at time 1786033130.887565 according to authority Authority undetectable
Possible reasons are listed at http://wiki.ros.org/tf/Errors%20explained
[WARN] [1786033148.152788544] []: TF_OLD_DATA ignoring data from the past for frame rear_right_wheel at time 1786033130.887565 according to authority Authority undetectable
Possible reasons are listed at http://wiki.ros.org/tf/Errors%20explained
[WARN] [1786033148.152882137] []: TF_OLD_DATA ignoring data from the past for frame front_left_wheel at time 1786033130.987545 according to authority Authority undetectable
Possible reasons are listed at http://wiki.ros.org/tf/Errors%20explained
[WARN] [1786033148.152942397] []: TF_OLD_DATA ignoring data from the past for frame front_right_wheel at time 1786033130.987545 according to authority Authority undetectable
Possible reasons are listed at http://wiki.ros.org/tf/Errors%20explained
[WARN] [1786033148.152957156] []: TF_OLD_DATA ignoring data from the past for frame rear_left_wheel at time 1786033130.987545 according to authority Authority undetectable
Possible reasons are listed at http://wiki.ros.org/tf/Errors%20explained
[WARN] [1786033148.152966267] []: TF_OLD_DATA ignoring data from the past for frame rear_right_wheel at time 1786033130.987545 according to authority Authority undetectable
Possible reasons are listed at http://wiki.ros.org/tf/Errors%20explained
[WARN] [1786033148.153001267] []: TF_OLD_DATA ignoring data from the past for frame front_left_wheel at time 1786033131.087552 according to authority Authority undetectable
Possible reasons are listed at http://wiki.ros.org/tf/Errors%20explained
[WARN] [1786033148.153040527] []: TF_OLD_DATA ignoring data from the past for frame front_right_wheel at time 1786033131.087552 according to authority Authority undetectable
Possible reasons are listed at http://wiki.ros.org/tf/Errors%20explained
[WARN] [1786033148.153052601] []: TF_OLD_DATA ignoring data from the past for frame rear_left_wheel at time 1786033131.087552 according to authority Authority undetectable
Possible reasons are listed at http://wiki.ros.org/tf/Errors%20explained
[WARN] [1786033148.153103860] []: TF_OLD_DATA ignoring data from the past for frame rear_right_wheel at time 1786033131.087552 according to authority Authority undetectable
Possible reasons are listed at http://wiki.ros.org/tf/Errors%20explained
[WARN] [1786033148.153365380] []: TF_OLD_DATA ignoring data from the past for frame front_left_wheel at time 1786033131.187592 according to authority Authority undetectable
Possible reasons are listed at http://wiki.ros.org/tf/Errors%20explained
[WARN] [1786033148.153390251] []: TF_OLD_DATA ignoring data from the past for frame front_right_wheel at time 1786033131.187592 according to authority Authority undetectable
Possible reasons are listed at http://wiki.ros.org/tf/Errors%20explained
[WARN] [1786033148.153402232] []: TF_OLD_DATA ignoring data from the past for frame rear_left_wheel at time 1786033131.187592 according to authority Authority undetectable
Possible reasons are listed at http://wiki.ros.org/tf/Errors%20explained
[WARN] [1786033148.153412418] []: TF_OLD_DATA ignoring data from the past for frame rear_right_wheel at time 1786033131.187592 according to authority Authority undetectable
Possible reasons are listed at http://wiki.ros.org/tf/Errors%20explained
[WARN] [1786033148.153451936] []: TF_OLD_DATA ignoring data from the past for frame front_left_wheel at time 1786033131.287491 according to authority Authority undetectable
Possible reasons are listed at http://wiki.ros.org/tf/Errors%20explained
[WARN] [1786033148.153465992] []: TF_OLD_DATA ignoring data from the past for frame front_right_wheel at time 1786033131.287491 according to authority Authority undetectable
Possible reasons are listed at http://wiki.ros.org/tf/Errors%20explained
[WARN] [1786033148.153915995] []: TF_OLD_DATA ignoring data from the past for frame rear_left_wheel at time 1786033131.287491 according to authority Authority undetectable
Possible reasons are listed at http://wiki.ros.org/tf/Errors%20explained
[WARN] [1786033148.153928384] []: TF_OLD_DATA ignoring data from the past for frame rear_right_wheel at time 1786033131.287491 according to authority Authority undetectable
Possible reasons are listed at http://wiki.ros.org/tf/Errors%20explained
[WARN] [1786033148.165490874] []: TF_OLD_DATA ignoring data from the past for frame front_left_wheel at time 1786033131.387519 according to authority Authority undetectable
Possible reasons are listed at http://wiki.ros.org/tf/Errors%20explained
[WARN] [1786033148.165530466] []: TF_OLD_DATA ignoring data from the past for frame front_right_wheel at time 1786033131.387519 according to authority Authority undetectable
Possible reasons are listed at http://wiki.ros.org/tf/Errors%20explained
[WARN] [1786033148.165540226] []: TF_OLD_DATA ignoring data from the past for frame rear_left_wheel at time 1786033131.387519 according to authority Authority undetectable
Possible reasons are listed at http://wiki.ros.org/tf/Errors%20explained
[WARN] [1786033148.165548189] []: TF_OLD_DATA ignoring data from the past for frame rear_right_wheel at time 1786033131.387519 according to authority Authority undetectable
Possible reasons are listed at http://wiki.ros.org/tf/Errors%20explained
[WARN] [1786033148.325910727] []: TF_OLD_DATA ignoring data from the past for frame front_left_wheel at time 1786033131.487570 according to authority Authority undetectable
Possible reasons are listed at http://wiki.ros.org/tf/Errors%20explained
[WARN] [1786033148.325957950] []: TF_OLD_DATA ignoring data from the past for frame front_right_wheel at time 1786033131.487570 according to authority Authority undetectable
Possible reasons are listed at http://wiki.ros.org/tf/Errors%20explained
[WARN] [1786033148.325971746] []: TF_OLD_DATA ignoring data from the past for frame rear_left_wheel at time 1786033131.487570 according to authority Authority undetectable
Possible reasons are listed at http://wiki.ros.org/tf/Errors%20explained
[WARN] [1786033148.325982505] []: TF_OLD_DATA ignoring data from the past for frame rear_right_wheel at time 1786033131.487570 according to authority Authority undetectable
Possible reasons are listed at http://wiki.ros.org/tf/Errors%20explained
[WARN] [1786033148.328283388] []: TF_OLD_DATA ignoring data from the past for frame front_left_wheel at time 1786033131.587573 according to authority Authority undetectable
Possible reasons are listed at http://wiki.ros.org/tf/Errors%20explained
[WARN] [1786033148.328394463] []: TF_OLD_DATA ignoring data from the past for frame front_right_wheel at time 1786033131.587573 according to authority Authority undetectable
Possible reasons are listed at http://wiki.ros.org/tf/Errors%20explained
[WARN] [1786033148.328411630] []: TF_OLD_DATA ignoring data from the past for frame rear_left_wheel at time 1786033131.587573 according to authority Authority undetectable
Possible reasons are listed at http://wiki.ros.org/tf/Errors%20explained
[WARN] [1786033148.328423445] []: TF_OLD_DATA ignoring data from the past for frame rear_right_wheel at time 1786033131.587573 according to authority Authority undetectable
Possible reasons are listed at http://wiki.ros.org/tf/Errors%20explained
[WARN] [1786033148.330237362] []: TF_OLD_DATA ignoring data from the past for frame front_left_wheel at time 1786033131.687557 according to authority Authority undetectable
Possible reasons are listed at http://wiki.ros.org/tf/Errors%20explained
[WARN] [1786033148.330266362] []: TF_OLD_DATA ignoring data from the past for frame front_right_wheel at time 1786033131.687557 according to authority Authority undetectable
Possible reasons are listed at http://wiki.ros.org/tf/Errors%20explained
[WARN] [1786033148.330276807] []: TF_OLD_DATA ignoring data from the past for frame rear_left_wheel at time 1786033131.687557 according to authority Authority undetectable
Possible reasons are listed at http://wiki.ros.org/tf/Errors%20explained
[WARN] [1786033148.330286696] []: TF_OLD_DATA ignoring data from the past for frame rear_right_wheel at time 1786033131.687557 according to authority Authority undetectable
Possible reasons are listed at http://wiki.ros.org/tf/Errors%20explained
[WARN] [1786033148.333502584] []: TF_OLD_DATA ignoring data from the past for frame front_left_wheel at time 1786033131.787559 according to authority Authority undetectable
Possible reasons are listed at http://wiki.ros.org/tf/Errors%20explained
[WARN] [1786033148.333551418] []: TF_OLD_DATA ignoring data from the past for frame front_right_wheel at time 1786033131.787559 according to authority Authority undetectable
Possible reasons are listed at http://wiki.ros.org/tf/Errors%20explained
[WARN] [1786033148.333564344] []: TF_OLD_DATA ignoring data from the past for frame rear_left_wheel at time 1786033131.787559 according to authority Authority undetectable
Possible reasons are listed at http://wiki.ros.org/tf/Errors%20explained
[WARN] [1786033148.333574566] []: TF_OLD_DATA ignoring data from the past for frame rear_right_wheel at time 1786033131.787559 according to authority Authority undetectable
Possible reasons are listed at http://wiki.ros.org/tf/Errors%20explained
[WARN] [1786033148.334297125] []: TF_OLD_DATA ignoring data from the past for frame front_left_wheel at time 1786033131.887562 according to authority Authority undetectable
Possible reasons are listed at http://wiki.ros.org/tf/Errors%20explained
[WARN] [1786033148.334332329] []: TF_OLD_DATA ignoring data from the past for frame front_right_wheel at time 1786033131.887562 according to authority Authority undetectable
Possible reasons are listed at http://wiki.ros.org/tf/Errors%20explained
[WARN] [1786033148.334343978] []: TF_OLD_DATA ignoring data from the past for frame rear_left_wheel at time 1786033131.887562 according to authority Authority undetectable
Possible reasons are listed at http://wiki.ros.org/tf/Errors%20explained
[WARN] [1786033148.334352996] []: TF_OLD_DATA ignoring data from the past for frame rear_right_wheel at time 1786033131.887562 according to authority Authority undetectable
Possible reasons are listed at http://wiki.ros.org/tf/Errors%20explained
[WARN] [1786033148.334400070] []: TF_OLD_DATA ignoring data from the past for frame front_left_wheel at time 1786033131.987578 according to authority Authority undetectable
Possible reasons are listed at http://wiki.ros.org/tf/Errors%20explained
[WARN] [1786033148.334413034] []: TF_OLD_DATA ignoring data from the past for frame front_right_wheel at time 1786033131.987578 according to authority Authority undetectable
Possible reasons are listed at http://wiki.ros.org/tf/Errors%20explained
[WARN] [1786033148.334455774] []: TF_OLD_DATA ignoring data from the past for frame rear_left_wheel at time 1786033131.987578 according to authority Authority undetectable
Possible reasons are listed at http://wiki.ros.org/tf/Errors%20explained
[WARN] [1786033148.334467256] []: TF_OLD_DATA ignoring data from the past for frame rear_right_wheel at time 1786033131.987578 according to authority Authority undetectable
Possible reasons are listed at http://wiki.ros.org/tf/Errors%20explained
[WARN] [1786033148.600590196] []: TF_OLD_DATA ignoring data from the past for frame front_left_wheel at time 1786033132.087537 according to authority Authority undetectable
Possible reasons are listed at http://wiki.ros.org/tf/Errors%20explained
[WARN] [1786033148.601608480] []: TF_OLD_DATA ignoring data from the past for frame front_right_wheel at time 1786033132.087537 according to authority Authority undetectable
Possible reasons are listed at http://wiki.ros.org/tf/Errors%20explained
[WARN] [1786033148.601635332] []: TF_OLD_DATA ignoring data from the past for frame rear_left_wheel at time 1786033132.087537 according to authority Authority undetectable
Possible reasons are listed at http://wiki.ros.org/tf/Errors%20explained
[WARN] [1786033148.601649832] []: TF_OLD_DATA ignoring data from the past for frame rear_right_wheel at time 1786033132.087537 according to authority Authority undetectable
Possible reasons are listed at http://wiki.ros.org/tf/Errors%20explained
[WARN] [1786033148.606433192] []: TF_OLD_DATA ignoring data from the past for frame front_left_wheel at time 1786033132.187564 according to authority Authority undetectable
Possible reasons are listed at http://wiki.ros.org/tf/Errors%20explained
[WARN] [1786033148.606468025] []: TF_OLD_DATA ignoring data from the past for frame front_right_wheel at time 1786033132.187564 according to authority Authority undetectable
Possible reasons are listed at http://wiki.ros.org/tf/Errors%20explained
[WARN] [1786033148.606479322] []: TF_OLD_DATA ignoring data from the past for frame rear_left_wheel at time 1786033132.187564 according to authority Authority undetectable
Possible reasons are listed at http://wiki.ros.org/tf/Errors%20explained
[WARN] [1786033148.606489303] []: TF_OLD_DATA ignoring data from the past for frame rear_right_wheel at time 1786033132.187564 according to authority Authority undetectable
Possible reasons are listed at http://wiki.ros.org/tf/Errors%20explained
[WARN] [1786033148.607943144] []: TF_OLD_DATA ignoring data from the past for frame front_left_wheel at time 1786033132.287561 according to authority Authority undetectable
Possible reasons are listed at http://wiki.ros.org/tf/Errors%20explained
[WARN] [1786033148.607990774] []: TF_OLD_DATA ignoring data from the past for frame front_right_wheel at time 1786033132.287561 according to authority Authority undetectable
Possible reasons are listed at http://wiki.ros.org/tf/Errors%20explained
[WARN] [1786033148.608000904] []: TF_OLD_DATA ignoring data from the past for frame rear_left_wheel at time 1786033132.287561 according to authority Authority undetectable
Possible reasons are listed at http://wiki.ros.org/tf/Errors%20explained
[WARN] [1786033148.608011460] []: TF_OLD_DATA ignoring data from the past for frame rear_right_wheel at time 1786033132.287561 according to authority Authority undetectable
Possible reasons are listed at http://wiki.ros.org/tf/Errors%20explained
[WARN] [1786033148.608075997] []: TF_OLD_DATA ignoring data from the past for frame front_left_wheel at time 1786033132.387536 according to authority Authority undetectable
Possible reasons are listed at http://wiki.ros.org/tf/Errors%20explained
[WARN] [1786033148.608094905] []: TF_OLD_DATA ignoring data from the past for frame front_right_wheel at time 1786033132.387536 according to authority Authority undetectable
Possible reasons are listed at http://wiki.ros.org/tf/Errors%20explained
[WARN] [1786033148.608192553] []: TF_OLD_DATA ignoring data from the past for frame rear_left_wheel at time 1786033132.387536 according to authority Authority undetectable
Possible reasons are listed at http://wiki.ros.org/tf/Errors%20explained
[WARN] [1786033148.608207516] []: TF_OLD_DATA ignoring data from the past for frame rear_right_wheel at time 1786033132.387536 according to authority Authority undetectable
Possible reasons are listed at http://wiki.ros.org/tf/Errors%20explained
[WARN] [1786033148.608684093] []: TF_OLD_DATA ignoring data from the past for frame front_left_wheel at time 1786033132.487560 according to authority Authority undetectable
Possible reasons are listed at http://wiki.ros.org/tf/Errors%20explained
[WARN] [1786033148.608711186] []: TF_OLD_DATA ignoring data from the past for frame front_right_wheel at time 1786033132.487560 according to authority Authority undetectable
Possible reasons are listed at http://wiki.ros.org/tf/Errors%20explained
[WARN] [1786033148.608722964] []: TF_OLD_DATA ignoring data from the past for frame rear_left_wheel at time 1786033132.487560 according to authority Authority undetectable
Possible reasons are listed at http://wiki.ros.org/tf/Errors%20explained
[WARN] [1786033148.608733241] []: TF_OLD_DATA ignoring data from the past for frame rear_right_wheel at time 1786033132.487560 according to authority Authority undetectable
Possible reasons are listed at http://wiki.ros.org/tf/Errors%20explained
[WARN] [1786033148.608775501] []: TF_OLD_DATA ignoring data from the past for frame front_left_wheel at time 1786033132.587570 according to authority Authority undetectable
Possible reasons are listed at http://wiki.ros.org/tf/Errors%20explained
[WARN] [1786033148.608794279] []: TF_OLD_DATA ignoring data from the past for frame front_right_wheel at time 1786033132.587570 according to authority Authority undetectable
Possible reasons are listed at http://wiki.ros.org/tf/Errors%20explained
[WARN] [1786033148.608807501] []: TF_OLD_DATA ignoring data from the past for frame rear_left_wheel at time 1786033132.587570 according to authority Authority undetectable
Possible reasons are listed at http://wiki.ros.org/tf/Errors%20explained
[WARN] [1786033148.608816372] []: TF_OLD_DATA ignoring data from the past for frame rear_right_wheel at time 1786033132.587570 according to authority Authority undetectable
Possible reasons are listed at http://wiki.ros.org/tf/Errors%20explained
[WARN] [1786033148.610709141] []: TF_OLD_DATA ignoring data from the past for frame front_left_wheel at time 1786033132.687550 according to authority Authority undetectable
Possible reasons are listed at http://wiki.ros.org/tf/Errors%20explained
[WARN] [1786033148.610770382] []: TF_OLD_DATA ignoring data from the past for frame front_right_wheel at time 1786033132.687550 according to authority Authority undetectable
Possible reasons are listed at http://wiki.ros.org/tf/Errors%20explained
[WARN] [1786033148.611195737] []: TF_OLD_DATA ignoring data from the past for frame rear_left_wheel at time 1786033132.687550 according to authority Authority undetectable
Possible reasons are listed at http://wiki.ros.org/tf/Errors%20explained
[WARN] [1786033148.611228978] []: TF_OLD_DATA ignoring data from the past for frame rear_right_wheel at time 1786033132.687550 according to authority Authority undetectable
Possible reasons are listed at http://wiki.ros.org/tf/Errors%20explained
[WARN] [1786033148.612160631] []: TF_OLD_DATA ignoring data from the past for frame front_left_wheel at time 1786033132.787523 according to authority Authority undetectable
Possible reasons are listed at http://wiki.ros.org/tf/Errors%20explained
[WARN] [1786033148.612190872] []: TF_OLD_DATA ignoring data from the past for frame front_right_wheel at time 1786033132.787523 according to authority Authority undetectable
Possible reasons are listed at http://wiki.ros.org/tf/Errors%20explained
[WARN] [1786033148.612200890] []: TF_OLD_DATA ignoring data from the past for frame rear_left_wheel at time 1786033132.787523 according to authority Authority undetectable
Possible reasons are listed at http://wiki.ros.org/tf/Errors%20explained
[WARN] [1786033148.612260928] []: TF_OLD_DATA ignoring data from the past for frame rear_right_wheel at time 1786033132.787523 according to authority Authority undetectable
Possible reasons are listed at http://wiki.ros.org/tf/Errors%20explained
[WARN] [1786033148.612329947] []: TF_OLD_DATA ignoring data from the past for frame front_left_wheel at time 1786033132.887545 according to authority Authority undetectable
Possible reasons are listed at http://wiki.ros.org/tf/Errors%20explained
[WARN] [1786033148.612347928] []: TF_OLD_DATA ignoring data from the past for frame front_right_wheel at time 1786033132.887545 according to authority Authority undetectable
Possible reasons are listed at http://wiki.ros.org/tf/Errors%20explained
[WARN] [1786033148.612357262] []: TF_OLD_DATA ignoring data from the past for frame rear_left_wheel at time 1786033132.887545 according to authority Authority undetectable
Possible reasons are listed at http://wiki.ros.org/tf/Errors%20explained
[WARN] [1786033148.612365965] []: TF_OLD_DATA ignoring data from the past for frame rear_right_wheel at time 1786033132.887545 according to authority Authority undetectable
Possible reasons are listed at http://wiki.ros.org/tf/Errors%20explained
[WARN] [1786033148.612402040] []: TF_OLD_DATA ignoring data from the past for frame front_left_wheel at time 1786033132.987556 according to authority Authority undetectable
Possible reasons are listed at http://wiki.ros.org/tf/Errors%20explained
[WARN] [1786033148.612414132] []: TF_OLD_DATA ignoring data from the past for frame front_right_wheel at time 1786033132.987556 according to authority Authority undetectable
Possible reasons are listed at http://wiki.ros.org/tf/Errors%20explained
[WARN] [1786033148.612422651] []: TF_OLD_DATA ignoring data from the past for frame rear_left_wheel at time 1786033132.987556 according to authority Authority undetectable
Possible reasons are listed at http://wiki.ros.org/tf/Errors%20explained
[WARN] [1786033148.612429984] []: TF_OLD_DATA ignoring data from the past for frame rear_right_wheel at time 1786033132.987556 according to authority Authority undetectable
Possible reasons are listed at http://wiki.ros.org/tf/Errors%20explained
[WARN] [1786033148.612453595] []: TF_OLD_DATA ignoring data from the past for frame front_left_wheel at time 1786033133.087560 according to authority Authority undetectable
Possible reasons are listed at http://wiki.ros.org/tf/Errors%20explained
[WARN] [1786033148.612465651] []: TF_OLD_DATA ignoring data from the past for frame front_right_wheel at time 1786033133.087560 according to authority Authority undetectable
Possible reasons are listed at http://wiki.ros.org/tf/Errors%20explained
[WARN] [1786033148.612474133] []: TF_OLD_DATA ignoring data from the past for frame rear_left_wheel at time 1786033133.087560 according to authority Authority undetectable
Possible reasons are listed at http://wiki.ros.org/tf/Errors%20explained
[WARN] [1786033148.612481559] []: TF_OLD_DATA ignoring data from the past for frame rear_right_wheel at time 1786033133.087560 according to authority Authority undetectable
Possible reasons are listed at http://wiki.ros.org/tf/Errors%20explained
[WARN] [1786033148.612500799] []: TF_OLD_DATA ignoring data from the past for frame front_left_wheel at time 1786033133.187554 according to authority Authority undetectable
Possible reasons are listed at http://wiki.ros.org/tf/Errors%20explained
[WARN] [1786033148.612510077] []: TF_OLD_DATA ignoring data from the past for frame front_right_wheel at time 1786033133.187554 according to authority Authority undetectable
Possible reasons are listed at http://wiki.ros.org/tf/Errors%20explained
[WARN] [1786033148.612518911] []: TF_OLD_DATA ignoring data from the past for frame rear_left_wheel at time 1786033133.187554 according to authority Authority undetectable
Possible reasons are listed at http://wiki.ros.org/tf/Errors%20explained
[WARN] [1786033148.612526374] []: TF_OLD_DATA ignoring data from the past for frame rear_right_wheel at time 1786033133.187554 according to authority Authority undetectable
Possible reasons are listed at http://wiki.ros.org/tf/Errors%20explained
[WARN] [1786033148.850389305] []: TF_OLD_DATA ignoring data from the past for frame front_left_wheel at time 1786033133.287557 according to authority Authority undetectable
Possible reasons are listed at http://wiki.ros.org/tf/Errors%20explained
[WARN] [1786033148.850416787] []: TF_OLD_DATA ignoring data from the past for frame front_right_wheel at time 1786033133.287557 according to authority Authority undetectable
Possible reasons are listed at http://wiki.ros.org/tf/Errors%20explained
[WARN] [1786033148.850429102] []: TF_OLD_DATA ignoring data from the past for frame rear_left_wheel at time 1786033133.287557 according to authority Authority undetectable
Possible reasons are listed at http://wiki.ros.org/tf/Errors%20explained
[WARN] [1786033148.850439620] []: TF_OLD_DATA ignoring data from the past for frame rear_right_wheel at time 1786033133.287557 according to authority Authority undetectable
Possible reasons are listed at http://wiki.ros.org/tf/Errors%20explained
[WARN] [1786033148.850478046] []: TF_OLD_DATA ignoring data from the past for frame front_left_wheel at time 1786033133.387564 according to authority Authority undetectable
Possible reasons are listed at http://wiki.ros.org/tf/Errors%20explained
[WARN] [1786033148.850490509] []: TF_OLD_DATA ignoring data from the past for frame front_right_wheel at time 1786033133.387564 according to authority Authority undetectable
Possible reasons are listed at http://wiki.ros.org/tf/Errors%20explained
[WARN] [1786033148.850501509] []: TF_OLD_DATA ignoring data from the past for frame rear_left_wheel at time 1786033133.387564 according to authority Authority undetectable
Possible reasons are listed at http://wiki.ros.org/tf/Errors%20explained
[WARN] [1786033148.850511472] []: TF_OLD_DATA ignoring data from the past for frame rear_right_wheel at time 1786033133.387564 according to authority Authority undetectable
Possible reasons are listed at http://wiki.ros.org/tf/Errors%20explained
[WARN] [1786033148.850536121] []: TF_OLD_DATA ignoring data from the past for frame front_left_wheel at time 1786033133.487612 according to authority Authority undetectable
Possible reasons are listed at http://wiki.ros.org/tf/Errors%20explained
[WARN] [1786033148.850548176] []: TF_OLD_DATA ignoring data from the past for frame front_right_wheel at time 1786033133.487612 according to authority Authority undetectable
Possible reasons are listed at http://wiki.ros.org/tf/Errors%20explained
[WARN] [1786033148.850559769] []: TF_OLD_DATA ignoring data from the past for frame rear_left_wheel at time 1786033133.487612 according to authority Authority undetectable
Possible reasons are listed at http://wiki.ros.org/tf/Errors%20explained
[WARN] [1786033148.850569584] []: TF_OLD_DATA ignoring data from the past for frame rear_right_wheel at time 1786033133.487612 according to authority Authority undetectable
Possible reasons are listed at http://wiki.ros.org/tf/Errors%20explained
[WARN] [1786033148.850598158] []: TF_OLD_DATA ignoring data from the past for frame front_left_wheel at time 1786033133.587572 according to authority Authority undetectable
Possible reasons are listed at http://wiki.ros.org/tf/Errors%20explained
[WARN] [1786033148.850610566] []: TF_OLD_DATA ignoring data from the past for frame front_right_wheel at time 1786033133.587572 according to authority Authority undetectable
Possible reasons are listed at http://wiki.ros.org/tf/Errors%20explained
[WARN] [1786033148.850621325] []: TF_OLD_DATA ignoring data from the past for frame rear_left_wheel at time 1786033133.587572 according to authority Authority undetectable
Possible reasons are listed at http://wiki.ros.org/tf/Errors%20explained
[WARN] [1786033148.850631214] []: TF_OLD_DATA ignoring data from the past for frame rear_right_wheel at time 1786033133.587572 according to authority Authority undetectable
Possible reasons are listed at http://wiki.ros.org/tf/Errors%20explained
[WARN] [1786033148.850687510] []: TF_OLD_DATA ignoring data from the past for frame front_left_wheel at time 1786033133.687547 according to authority Authority undetectable
Possible reasons are listed at http://wiki.ros.org/tf/Errors%20explained
[WARN] [1786033148.850701511] []: TF_OLD_DATA ignoring data from the past for frame front_right_wheel at time 1786033133.687547 according to authority Authority undetectable
Possible reasons are listed at http://wiki.ros.org/tf/Errors%20explained
[WARN] [1786033148.850713214] []: TF_OLD_DATA ignoring data from the past for frame rear_left_wheel at time 1786033133.687547 according to authority Authority undetectable
Possible reasons are listed at http://wiki.ros.org/tf/Errors%20explained
[WARN] [1786033148.850735474] []: TF_OLD_DATA ignoring data from the past for frame rear_right_wheel at time 1786033133.687547 according to authority Authority undetectable
Possible reasons are listed at http://wiki.ros.org/tf/Errors%20explained
[WARN] [1786033149.437254063] []: TF_OLD_DATA ignoring data from the past for frame front_left_wheel at time 1786033133.787549 according to authority Authority undetectable
Possible reasons are listed at http://wiki.ros.org/tf/Errors%20explained
[WARN] [1786033149.437283137] []: TF_OLD_DATA ignoring data from the past for frame front_right_wheel at time 1786033133.787549 according to authority Authority undetectable
Possible reasons are listed at http://wiki.ros.org/tf/Errors%20explained
[WARN] [1786033149.437296026] []: TF_OLD_DATA ignoring data from the past for frame rear_left_wheel at time 1786033133.787549 according to authority Authority undetectable
Possible reasons are listed at http://wiki.ros.org/tf/Errors%20explained
[WARN] [1786033149.437309563] []: TF_OLD_DATA ignoring data from the past for frame rear_right_wheel at time 1786033133.787549 according to authority Authority undetectable
Possible reasons are listed at http://wiki.ros.org/tf/Errors%20explained
[WARN] [1786033149.438034678] []: TF_OLD_DATA ignoring data from the past for frame front_left_wheel at time 1786033133.887546 according to authority Authority undetectable
Possible reasons are listed at http://wiki.ros.org/tf/Errors%20explained
[WARN] [1786033149.438146827] []: TF_OLD_DATA ignoring data from the past for frame front_right_wheel at time 1786033133.887546 according to authority Authority undetectable
Possible reasons are listed at http://wiki.ros.org/tf/Errors%20explained
[WARN] [1786033149.438159105] []: TF_OLD_DATA ignoring data from the past for frame rear_left_wheel at time 1786033133.887546 according to authority Authority undetectable
Possible reasons are listed at http://wiki.ros.org/tf/Errors%20explained
[WARN] [1786033149.438169679] []: TF_OLD_DATA ignoring data from the past for frame rear_right_wheel at time 1786033133.887546 according to authority Authority undetectable
Possible reasons are listed at http://wiki.ros.org/tf/Errors%20explained
[WARN] [1786033149.438244513] []: TF_OLD_DATA ignoring data from the past for frame front_left_wheel at time 1786033133.987553 according to authority Authority undetectable
Possible reasons are listed at http://wiki.ros.org/tf/Errors%20explained
[WARN] [1786033149.438261254] []: TF_OLD_DATA ignoring data from the past for frame front_right_wheel at time 1786033133.987553 according to authority Authority undetectable
Possible reasons are listed at http://wiki.ros.org/tf/Errors%20explained
[WARN] [1786033149.438373180] []: TF_OLD_DATA ignoring data from the past for frame rear_left_wheel at time 1786033133.987553 according to authority Authority undetectable
Possible reasons are listed at http://wiki.ros.org/tf/Errors%20explained
[WARN] [1786033149.438387217] []: TF_OLD_DATA ignoring data from the past for frame rear_right_wheel at time 1786033133.987553 according to authority Authority undetectable
Possible reasons are listed at http://wiki.ros.org/tf/Errors%20explained
[WARN] [1786033149.438451755] []: TF_OLD_DATA ignoring data from the past for frame front_left_wheel at time 1786033134.087552 according to authority Authority undetectable
Possible reasons are listed at http://wiki.ros.org/tf/Errors%20explained
[WARN] [1786033149.438536126] []: TF_OLD_DATA ignoring data from the past for frame front_right_wheel at time 1786033134.087552 according to authority Authority undetectable
Possible reasons are listed at http://wiki.ros.org/tf/Errors%20explained
[WARN] [1786033149.438549200] []: TF_OLD_DATA ignoring data from the past for frame rear_left_wheel at time 1786033134.087552 according to authority Authority undetectable
Possible reasons are listed at http://wiki.ros.org/tf/Errors%20explained
[WARN] [1786033149.438559829] []: TF_OLD_DATA ignoring data from the past for frame rear_right_wheel at time 1786033134.087552 according to authority Authority undetectable
Possible reasons are listed at http://wiki.ros.org/tf/Errors%20explained
[WARN] [1786033149.438603052] []: TF_OLD_DATA ignoring data from the past for frame front_left_wheel at time 1786033134.187963 according to authority Authority undetectable
Possible reasons are listed at http://wiki.ros.org/tf/Errors%20explained
[WARN] [1786033149.438620848] []: TF_OLD_DATA ignoring data from the past for frame front_right_wheel at time 1786033134.187963 according to authority Authority undetectable
Possible reasons are listed at http://wiki.ros.org/tf/Errors%20explained
[WARN] [1786033149.438632126] []: TF_OLD_DATA ignoring data from the past for frame rear_left_wheel at time 1786033134.187963 according to authority Authority undetectable
Possible reasons are listed at http://wiki.ros.org/tf/Errors%20explained
[WARN] [1786033149.438640978] []: TF_OLD_DATA ignoring data from the past for frame rear_right_wheel at time 1786033134.187963 according to authority Authority undetectable
Possible reasons are listed at http://wiki.ros.org/tf/Errors%20explained
[WARN] [1786033149.438673886] []: TF_OLD_DATA ignoring data from the past for frame front_left_wheel at time 1786033134.287545 according to authority Authority undetectable
Possible reasons are listed at http://wiki.ros.org/tf/Errors%20explained
[WARN] [1786033149.438685108] []: TF_OLD_DATA ignoring data from the past for frame front_right_wheel at time 1786033134.287545 according to authority Authority undetectable
Possible reasons are listed at http://wiki.ros.org/tf/Errors%20explained
[WARN] [1786033149.438694404] []: TF_OLD_DATA ignoring data from the past for frame rear_left_wheel at time 1786033134.287545 according to authority Authority undetectable
Possible reasons are listed at http://wiki.ros.org/tf/Errors%20explained
[WARN] [1786033149.438702552] []: TF_OLD_DATA ignoring data from the past for frame rear_right_wheel at time 1786033134.287545 according to authority Authority undetectable
Possible reasons are listed at http://wiki.ros.org/tf/Errors%20explained
[WARN] [1786033149.438730571] []: TF_OLD_DATA ignoring data from the past for frame front_left_wheel at time 1786033134.387551 according to authority Authority undetectable
Possible reasons are listed at http://wiki.ros.org/tf/Errors%20explained
[WARN] [1786033149.438742127] []: TF_OLD_DATA ignoring data from the past for frame front_right_wheel at time 1786033134.387551 according to authority Authority undetectable
Possible reasons are listed at http://wiki.ros.org/tf/Errors%20explained
[WARN] [1786033149.438876868] []: TF_OLD_DATA ignoring data from the past for frame rear_left_wheel at time 1786033134.387551 according to authority Authority undetectable
Possible reasons are listed at http://wiki.ros.org/tf/Errors%20explained
[WARN] [1786033149.438889646] []: TF_OLD_DATA ignoring data from the past for frame rear_right_wheel at time 1786033134.387551 according to authority Authority undetectable
Possible reasons are listed at http://wiki.ros.org/tf/Errors%20explained
[WARN] [1786033149.438932109] []: TF_OLD_DATA ignoring data from the past for frame front_left_wheel at time 1786033134.487542 according to authority Authority undetectable
Possible reasons are listed at http://wiki.ros.org/tf/Errors%20explained
[WARN] [1786033149.438944387] []: TF_OLD_DATA ignoring data from the past for frame front_right_wheel at time 1786033134.487542 according to authority Authority undetectable
Possible reasons are listed at http://wiki.ros.org/tf/Errors%20explained
[WARN] [1786033149.438976350] []: TF_OLD_DATA ignoring data from the past for frame rear_left_wheel at time 1786033134.487542 according to authority Authority undetectable
Possible reasons are listed at http://wiki.ros.org/tf/Errors%20explained
[WARN] [1786033149.438987332] []: TF_OLD_DATA ignoring data from the past for frame rear_right_wheel at time 1786033134.487542 according to authority Authority undetectable
Possible reasons are listed at http://wiki.ros.org/tf/Errors%20explained
[WARN] [1786033149.439027739] []: TF_OLD_DATA ignoring data from the past for frame front_left_wheel at time 1786033134.587542 according to authority Authority undetectable
Possible reasons are listed at http://wiki.ros.org/tf/Errors%20explained
[WARN] [1786033149.439040184] []: TF_OLD_DATA ignoring data from the past for frame front_right_wheel at time 1786033134.587542 according to authority Authority undetectable
Possible reasons are listed at http://wiki.ros.org/tf/Errors%20explained
[WARN] [1786033149.439052202] []: TF_OLD_DATA ignoring data from the past for frame rear_left_wheel at time 1786033134.587542 according to authority Authority undetectable
Possible reasons are listed at http://wiki.ros.org/tf/Errors%20explained
[WARN] [1786033149.439074795] []: TF_OLD_DATA ignoring data from the past for frame rear_right_wheel at time 1786033134.587542 according to authority Authority undetectable
Possible reasons are listed at http://wiki.ros.org/tf/Errors%20explained
[WARN] [1786033149.439115406] []: TF_OLD_DATA ignoring data from the past for frame front_left_wheel at time 1786033134.687578 according to authority Authority undetectable
Possible reasons are listed at http://wiki.ros.org/tf/Errors%20explained
[WARN] [1786033149.439276389] []: TF_OLD_DATA ignoring data from the past for frame front_right_wheel at time 1786033134.687578 according to authority Authority undetectable
Possible reasons are listed at http://wiki.ros.org/tf/Errors%20explained
[WARN] [1786033149.439295982] []: TF_OLD_DATA ignoring data from the past for frame rear_left_wheel at time 1786033134.687578 according to authority Authority undetectable
Possible reasons are listed at http://wiki.ros.org/tf/Errors%20explained
[WARN] [1786033149.439378723] []: TF_OLD_DATA ignoring data from the past for frame rear_right_wheel at time 1786033134.687578 according to authority Authority undetectable
Possible reasons are listed at http://wiki.ros.org/tf/Errors%20explained
[WARN] [1786033150.348225879] []: TF_OLD_DATA ignoring data from the past for frame front_left_wheel at time 1786033134.887543 according to authority Authority undetectable
Possible reasons are listed at http://wiki.ros.org/tf/Errors%20explained
[WARN] [1786033150.348267046] []: TF_OLD_DATA ignoring data from the past for frame front_right_wheel at time 1786033134.887543 according to authority Authority undetectable
Possible reasons are listed at http://wiki.ros.org/tf/Errors%20explained
[WARN] [1786033150.348281120] []: TF_OLD_DATA ignoring data from the past for frame rear_left_wheel at time 1786033134.887543 according to authority Authority undetectable
Possible reasons are listed at http://wiki.ros.org/tf/Errors%20explained
[WARN] [1786033150.348292250] []: TF_OLD_DATA ignoring data from the past for frame rear_right_wheel at time 1786033134.887543 according to authority Authority undetectable
Possible reasons are listed at http://wiki.ros.org/tf/Errors%20explained
[WARN] [1786033150.348324583] []: TF_OLD_DATA ignoring data from the past for frame front_left_wheel at time 1786033134.987562 according to authority Authority undetectable
Possible reasons are listed at http://wiki.ros.org/tf/Errors%20explained
[WARN] [1786033150.348339620] []: TF_OLD_DATA ignoring data from the past for frame front_right_wheel at time 1786033134.987562 according to authority Authority undetectable
Possible reasons are listed at http://wiki.ros.org/tf/Errors%20explained
[WARN] [1786033150.348350954] []: TF_OLD_DATA ignoring data from the past for frame rear_left_wheel at time 1786033134.987562 according to authority Authority undetectable
Possible reasons are listed at http://wiki.ros.org/tf/Errors%20explained
[WARN] [1786033150.348360787] []: TF_OLD_DATA ignoring data from the past for frame rear_right_wheel at time 1786033134.987562 according to authority Authority undetectable
Possible reasons are listed at http://wiki.ros.org/tf/Errors%20explained
[WARN] [1786033150.348390954] []: TF_OLD_DATA ignoring data from the past for frame front_left_wheel at time 1786033135.087544 according to authority Authority undetectable
Possible reasons are listed at http://wiki.ros.org/tf/Errors%20explained
[WARN] [1786033150.348403547] []: TF_OLD_DATA ignoring data from the past for frame front_right_wheel at time 1786033135.087544 according to authority Authority undetectable
Possible reasons are listed at http://wiki.ros.org/tf/Errors%20explained
[WARN] [1786033150.348414398] []: TF_OLD_DATA ignoring data from the past for frame rear_left_wheel at time 1786033135.087544 according to authority Authority undetectable
Possible reasons are listed at http://wiki.ros.org/tf/Errors%20explained
[WARN] [1786033150.348424602] []: TF_OLD_DATA ignoring data from the past for frame rear_right_wheel at time 1786033135.087544 according to authority Authority undetectable
Possible reasons are listed at http://wiki.ros.org/tf/Errors%20explained
[WARN] [1786033150.348450139] []: TF_OLD_DATA ignoring data from the past for frame front_left_wheel at time 1786033135.187619 according to authority Authority undetectable
Possible reasons are listed at http://wiki.ros.org/tf/Errors%20explained
[WARN] [1786033150.348462454] []: TF_OLD_DATA ignoring data from the past for frame front_right_wheel at time 1786033135.187619 according to authority Authority undetectable
Possible reasons are listed at http://wiki.ros.org/tf/Errors%20explained
[WARN] [1786033150.348473269] []: TF_OLD_DATA ignoring data from the past for frame rear_left_wheel at time 1786033135.187619 according to authority Authority undetectable
Possible reasons are listed at http://wiki.ros.org/tf/Errors%20explained
[WARN] [1786033150.348483103] []: TF_OLD_DATA ignoring data from the past for frame rear_right_wheel at time 1786033135.187619 according to authority Authority undetectable
Possible reasons are listed at http://wiki.ros.org/tf/Errors%20explained
[WARN] [1786033150.348508325] []: TF_OLD_DATA ignoring data from the past for frame front_left_wheel at time 1786033135.287565 according to authority Authority undetectable
Possible reasons are listed at http://wiki.ros.org/tf/Errors%20explained
[WARN] [1786033150.348590066] []: TF_OLD_DATA ignoring data from the past for frame front_right_wheel at time 1786033135.287565 according to authority Authority undetectable
Possible reasons are listed at http://wiki.ros.org/tf/Errors%20explained
[WARN] [1786033150.348607029] []: TF_OLD_DATA ignoring data from the past for frame rear_left_wheel at time 1786033135.287565 according to authority Authority undetectable
Possible reasons are listed at http://wiki.ros.org/tf/Errors%20explained
[WARN] [1786033150.348619344] []: TF_OLD_DATA ignoring data from the past for frame rear_right_wheel at time 1786033135.287565 according to authority Authority undetectable
Possible reasons are listed at http://wiki.ros.org/tf/Errors%20explained
[WARN] [1786033150.350723282] []: TF_OLD_DATA ignoring data from the past for frame front_left_wheel at time 1786033135.387619 according to authority Authority undetectable
Possible reasons are listed at http://wiki.ros.org/tf/Errors%20explained
[WARN] [1786033150.350768986] []: TF_OLD_DATA ignoring data from the past for frame front_right_wheel at time 1786033135.387619 according to authority Authority undetectable
Possible reasons are listed at http://wiki.ros.org/tf/Errors%20explained
[WARN] [1786033150.350782449] []: TF_OLD_DATA ignoring data from the past for frame rear_left_wheel at time 1786033135.387619 according to authority Authority undetectable
Possible reasons are listed at http://wiki.ros.org/tf/Errors%20explained
[WARN] [1786033150.350794264] []: TF_OLD_DATA ignoring data from the past for frame rear_right_wheel at time 1786033135.387619 according to authority Authority undetectable
Possible reasons are listed at http://wiki.ros.org/tf/Errors%20explained
[WARN] [1786033150.350860857] []: TF_OLD_DATA ignoring data from the past for frame front_left_wheel at time 1786033135.487544 according to authority Authority undetectable
Possible reasons are listed at http://wiki.ros.org/tf/Errors%20explained
[WARN] [1786033150.350877820] []: TF_OLD_DATA ignoring data from the past for frame front_right_wheel at time 1786033135.487544 according to authority Authority undetectable
Possible reasons are listed at http://wiki.ros.org/tf/Errors%20explained
[WARN] [1786033150.350888986] []: TF_OLD_DATA ignoring data from the past for frame rear_left_wheel at time 1786033135.487544 according to authority Authority undetectable
Possible reasons are listed at http://wiki.ros.org/tf/Errors%20explained
[WARN] [1786033150.350898912] []: TF_OLD_DATA ignoring data from the past for frame rear_right_wheel at time 1786033135.487544 according to authority Authority undetectable
Possible reasons are listed at http://wiki.ros.org/tf/Errors%20explained
[WARN] [1786033150.350927653] []: TF_OLD_DATA ignoring data from the past for frame front_left_wheel at time 1786033135.587554 according to authority Authority undetectable
Possible reasons are listed at http://wiki.ros.org/tf/Errors%20explained
[WARN] [1786033150.350943024] []: TF_OLD_DATA ignoring data from the past for frame front_right_wheel at time 1786033135.587554 according to authority Authority undetectable
Possible reasons are listed at http://wiki.ros.org/tf/Errors%20explained
[WARN] [1786033150.351595194] []: TF_OLD_DATA ignoring data from the past for frame rear_left_wheel at time 1786033135.587554 according to authority Authority undetectable
Possible reasons are listed at http://wiki.ros.org/tf/Errors%20explained
[WARN] [1786033150.351608305] []: TF_OLD_DATA ignoring data from the past for frame rear_right_wheel at time 1786033135.587554 according to authority Authority undetectable
Possible reasons are listed at http://wiki.ros.org/tf/Errors%20explained
[WARN] [1786033150.351677268] []: TF_OLD_DATA ignoring data from the past for frame front_left_wheel at time 1786033135.687528 according to authority Authority undetectable
Possible reasons are listed at http://wiki.ros.org/tf/Errors%20explained
[WARN] [1786033150.351703769] []: TF_OLD_DATA ignoring data from the past for frame front_right_wheel at time 1786033135.687528 according to authority Authority undetectable
Possible reasons are listed at http://wiki.ros.org/tf/Errors%20explained
[WARN] [1786033150.351809362] []: TF_OLD_DATA ignoring data from the past for frame rear_left_wheel at time 1786033135.687528 according to authority Authority undetectable
Possible reasons are listed at http://wiki.ros.org/tf/Errors%20explained
[WARN] [1786033150.351824991] []: TF_OLD_DATA ignoring data from the past for frame rear_right_wheel at time 1786033135.687528 according to authority Authority undetectable
Possible reasons are listed at http://wiki.ros.org/tf/Errors%20explained
[WARN] [1786033150.351871177] []: TF_OLD_DATA ignoring data from the past for frame front_left_wheel at time 1786033135.787578 according to authority Authority undetectable
Possible reasons are listed at http://wiki.ros.org/tf/Errors%20explained
[WARN] [1786033150.351889621] []: TF_OLD_DATA ignoring data from the past for frame front_right_wheel at time 1786033135.787578 according to authority Authority undetectable
Possible reasons are listed at http://wiki.ros.org/tf/Errors%20explained
[WARN] [1786033150.351900362] []: TF_OLD_DATA ignoring data from the past for frame rear_left_wheel at time 1786033135.787578 according to authority Authority undetectable
Possible reasons are listed at http://wiki.ros.org/tf/Errors%20explained
[WARN] [1786033150.351909270] []: TF_OLD_DATA ignoring data from the past for frame rear_right_wheel at time 1786033135.787578 according to authority Authority undetectable
Possible reasons are listed at http://wiki.ros.org/tf/Errors%20explained
[WARN] [1786033150.351940511] []: TF_OLD_DATA ignoring data from the past for frame front_left_wheel at time 1786033135.887568 according to authority Authority undetectable
Possible reasons are listed at http://wiki.ros.org/tf/Errors%20explained
[WARN] [1786033150.351953344] []: TF_OLD_DATA ignoring data from the past for frame front_right_wheel at time 1786033135.887568 according to authority Authority undetectable
Possible reasons are listed at http://wiki.ros.org/tf/Errors%20explained
[WARN] [1786033150.351964733] []: TF_OLD_DATA ignoring data from the past for frame rear_left_wheel at time 1786033135.887568 according to authority Authority undetectable
Possible reasons are listed at http://wiki.ros.org/tf/Errors%20explained
[WARN] [1786033150.351973529] []: TF_OLD_DATA ignoring data from the past for frame rear_right_wheel at time 1786033135.887568 according to authority Authority undetectable
Possible reasons are listed at http://wiki.ros.org/tf/Errors%20explained
[WARN] [1786033150.352000900] []: TF_OLD_DATA ignoring data from the past for frame front_left_wheel at time 1786033135.987542 according to authority Authority undetectable
Possible reasons are listed at http://wiki.ros.org/tf/Errors%20explained
[WARN] [1786033150.352015067] []: TF_OLD_DATA ignoring data from the past for frame front_right_wheel at time 1786033135.987542 according to authority Authority undetectable
Possible reasons are listed at http://wiki.ros.org/tf/Errors%20explained
[WARN] [1786033150.352024937] []: TF_OLD_DATA ignoring data from the past for frame rear_left_wheel at time 1786033135.987542 according to authority Authority undetectable
Possible reasons are listed at http://wiki.ros.org/tf/Errors%20explained
[WARN] [1786033150.352034011] []: TF_OLD_DATA ignoring data from the past for frame rear_right_wheel at time 1786033135.987542 according to authority Authority undetectable
Possible reasons are listed at http://wiki.ros.org/tf/Errors%20explained
[WARN] [1786033150.352076363] []: TF_OLD_DATA ignoring data from the past for frame front_left_wheel at time 1786033136.087546 according to authority Authority undetectable
Possible reasons are listed at http://wiki.ros.org/tf/Errors%20explained
[WARN] [1786033150.352092863] []: TF_OLD_DATA ignoring data from the past for frame front_right_wheel at time 1786033136.087546 according to authority Authority undetectable
Possible reasons are listed at http://wiki.ros.org/tf/Errors%20explained
[WARN] [1786033150.352137586] []: TF_OLD_DATA ignoring data from the past for frame rear_left_wheel at time 1786033136.087546 according to authority Authority undetectable
Possible reasons are listed at http://wiki.ros.org/tf/Errors%20explained
[WARN] [1786033150.352148845] []: TF_OLD_DATA ignoring data from the past for frame rear_right_wheel at time 1786033136.087546 according to authority Authority undetectable
Possible reasons are listed at http://wiki.ros.org/tf/Errors%20explained
[WARN] [1786033150.352186234] []: TF_OLD_DATA ignoring data from the past for frame front_left_wheel at time 1786033136.187524 according to authority Authority undetectable
Possible reasons are listed at http://wiki.ros.org/tf/Errors%20explained
[WARN] [1786033150.352197919] []: TF_OLD_DATA ignoring data from the past for frame front_right_wheel at time 1786033136.187524 according to authority Authority undetectable
Possible reasons are listed at http://wiki.ros.org/tf/Errors%20explained
[WARN] [1786033150.352207827] []: TF_OLD_DATA ignoring data from the past for frame rear_left_wheel at time 1786033136.187524 according to authority Authority undetectable
Possible reasons are listed at http://wiki.ros.org/tf/Errors%20explained
[WARN] [1786033150.352216790] []: TF_OLD_DATA ignoring data from the past for frame rear_right_wheel at time 1786033136.187524 according to authority Authority undetectable
Possible reasons are listed at http://wiki.ros.org/tf/Errors%20explained
[WARN] [1786033150.352240031] []: TF_OLD_DATA ignoring data from the past for frame front_left_wheel at time 1786033136.287520 according to authority Authority undetectable
Possible reasons are listed at http://wiki.ros.org/tf/Errors%20explained
[WARN] [1786033150.352250846] []: TF_OLD_DATA ignoring data from the past for frame front_right_wheel at time 1786033136.287520 according to authority Authority undetectable
Possible reasons are listed at http://wiki.ros.org/tf/Errors%20explained
[WARN] [1786033150.352260216] []: TF_OLD_DATA ignoring data from the past for frame rear_left_wheel at time 1786033136.287520 according to authority Authority undetectable
Possible reasons are listed at http://wiki.ros.org/tf/Errors%20explained
[WARN] [1786033150.352268420] []: TF_OLD_DATA ignoring data from the past for frame rear_right_wheel at time 1786033136.287520 according to authority Authority undetectable
Possible reasons are listed at http://wiki.ros.org/tf/Errors%20explained
[WARN] [1786033150.352290161] []: TF_OLD_DATA ignoring data from the past for frame front_left_wheel at time 1786033136.387564 according to authority Authority undetectable
Possible reasons are listed at http://wiki.ros.org/tf/Errors%20explained
[WARN] [1786033150.352300624] []: TF_OLD_DATA ignoring data from the past for frame front_right_wheel at time 1786033136.387564 according to authority Authority undetectable
Possible reasons are listed at http://wiki.ros.org/tf/Errors%20explained
[WARN] [1786033150.352309920] []: TF_OLD_DATA ignoring data from the past for frame rear_left_wheel at time 1786033136.387564 according to authority Authority undetectable
Possible reasons are listed at http://wiki.ros.org/tf/Errors%20explained
[WARN] [1786033150.352320087] []: TF_OLD_DATA ignoring data from the past for frame rear_right_wheel at time 1786033136.387564 according to authority Authority undetectable
Possible reasons are listed at http://wiki.ros.org/tf/Errors%20explained
[WARN] [1786033150.352345272] []: TF_OLD_DATA ignoring data from the past for frame front_left_wheel at time 1786033136.487552 according to authority Authority undetectable
Possible reasons are listed at http://wiki.ros.org/tf/Errors%20explained
[WARN] [1786033150.352357457] []: TF_OLD_DATA ignoring data from the past for frame front_right_wheel at time 1786033136.487552 according to authority Authority undetectable
Possible reasons are listed at http://wiki.ros.org/tf/Errors%20explained
[WARN] [1786033150.352366772] []: TF_OLD_DATA ignoring data from the past for frame rear_left_wheel at time 1786033136.487552 according to authority Authority undetectable
Possible reasons are listed at http://wiki.ros.org/tf/Errors%20explained
[WARN] [1786033150.352408810] []: TF_OLD_DATA ignoring data from the past for frame rear_right_wheel at time 1786033136.487552 according to authority Authority undetectable
Possible reasons are listed at http://wiki.ros.org/tf/Errors%20explained
[WARN] [1786033150.352437199] []: TF_OLD_DATA ignoring data from the past for frame front_left_wheel at time 1786033136.587553 according to authority Authority undetectable
Possible reasons are listed at http://wiki.ros.org/tf/Errors%20explained
[WARN] [1786033150.352450365] []: TF_OLD_DATA ignoring data from the past for frame front_right_wheel at time 1786033136.587553 according to authority Authority undetectable
Possible reasons are listed at http://wiki.ros.org/tf/Errors%20explained
[WARN] [1786033150.352461051] []: TF_OLD_DATA ignoring data from the past for frame rear_left_wheel at time 1786033136.587553 according to authority Authority undetectable
Possible reasons are listed at http://wiki.ros.org/tf/Errors%20explained
[WARN] [1786033150.352469977] []: TF_OLD_DATA ignoring data from the past for frame rear_right_wheel at time 1786033136.587553 according to authority Authority undetectable
Possible reasons are listed at http://wiki.ros.org/tf/Errors%20explained
[WARN] [1786033150.352494717] []: TF_OLD_DATA ignoring data from the past for frame front_left_wheel at time 1786033136.687572 according to authority Authority undetectable
Possible reasons are listed at http://wiki.ros.org/tf/Errors%20explained
[WARN] [1786033150.352506051] []: TF_OLD_DATA ignoring data from the past for frame front_right_wheel at time 1786033136.687572 according to authority Authority undetectable
Possible reasons are listed at http://wiki.ros.org/tf/Errors%20explained
[WARN] [1786033150.352516921] []: TF_OLD_DATA ignoring data from the past for frame rear_left_wheel at time 1786033136.687572 according to authority Authority undetectable
Possible reasons are listed at http://wiki.ros.org/tf/Errors%20explained
[WARN] [1786033150.352526440] []: TF_OLD_DATA ignoring data from the past for frame rear_right_wheel at time 1786033136.687572 according to authority Authority undetectable
Possible reasons are listed at http://wiki.ros.org/tf/Errors%20explained
[WARN] [1786033150.353776873] []: TF_OLD_DATA ignoring data from the past for frame front_left_wheel at time 1786033136.787570 according to authority Authority undetectable
Possible reasons are listed at http://wiki.ros.org/tf/Errors%20explained
[WARN] [1786033150.353873151] []: TF_OLD_DATA ignoring data from the past for frame front_right_wheel at time 1786033136.787570 according to authority Authority undetectable
Possible reasons are listed at http://wiki.ros.org/tf/Errors%20explained
[WARN] [1786033150.353885003] []: TF_OLD_DATA ignoring data from the past for frame rear_left_wheel at time 1786033136.787570 according to authority Authority undetectable
Possible reasons are listed at http://wiki.ros.org/tf/Errors%20explained
[WARN] [1786033150.353894447] []: TF_OLD_DATA ignoring data from the past for frame rear_right_wheel at time 1786033136.787570 according to authority Authority undetectable
Possible reasons are listed at http://wiki.ros.org/tf/Errors%20explained
[WARN] [1786033150.353965911] []: TF_OLD_DATA ignoring data from the past for frame front_left_wheel at time 1786033136.887537 according to authority Authority undetectable
Possible reasons are listed at http://wiki.ros.org/tf/Errors%20explained
[WARN] [1786033150.353982892] []: TF_OLD_DATA ignoring data from the past for frame front_right_wheel at time 1786033136.887537 according to authority Authority undetectable
Possible reasons are listed at http://wiki.ros.org/tf/Errors%20explained
[WARN] [1786033150.353993041] []: TF_OLD_DATA ignoring data from the past for frame rear_left_wheel at time 1786033136.887537 according to authority Authority undetectable
Possible reasons are listed at http://wiki.ros.org/tf/Errors%20explained
[WARN] [1786033150.354038559] []: TF_OLD_DATA ignoring data from the past for frame rear_right_wheel at time 1786033136.887537 according to authority Authority undetectable
Possible reasons are listed at http://wiki.ros.org/tf/Errors%20explained
[WARN] [1786033150.355172103] []: TF_OLD_DATA ignoring data from the past for frame front_left_wheel at time 1786033136.987544 according to authority Authority undetectable
Possible reasons are listed at http://wiki.ros.org/tf/Errors%20explained
[WARN] [1786033150.355207862] []: TF_OLD_DATA ignoring data from the past for frame front_right_wheel at time 1786033136.987544 according to authority Authority undetectable
Possible reasons are listed at http://wiki.ros.org/tf/Errors%20explained
[WARN] [1786033150.355217899] []: TF_OLD_DATA ignoring data from the past for frame rear_left_wheel at time 1786033136.987544 according to authority Authority undetectable
Possible reasons are listed at http://wiki.ros.org/tf/Errors%20explained
[WARN] [1786033150.355228251] []: TF_OLD_DATA ignoring data from the past for frame rear_right_wheel at time 1786033136.987544 according to authority Authority undetectable
Possible reasons are listed at http://wiki.ros.org/tf/Errors%20explained
[WARN] [1786033150.355274196] []: TF_OLD_DATA ignoring data from the past for frame front_left_wheel at time 1786033137.087555 according to authority Authority undetectable
Possible reasons are listed at http://wiki.ros.org/tf/Errors%20explained
[WARN] [1786033150.355290214] []: TF_OLD_DATA ignoring data from the past for frame front_right_wheel at time 1786033137.087555 according to authority Authority undetectable
Possible reasons are listed at http://wiki.ros.org/tf/Errors%20explained
[WARN] [1786033150.355300289] []: TF_OLD_DATA ignoring data from the past for frame rear_left_wheel at time 1786033137.087555 according to authority Authority undetectable
Possible reasons are listed at http://wiki.ros.org/tf/Errors%20explained
[WARN] [1786033150.355308715] []: TF_OLD_DATA ignoring data from the past for frame rear_right_wheel at time 1786033137.087555 according to authority Authority undetectable
Possible reasons are listed at http://wiki.ros.org/tf/Errors%20explained
[WARN] [1786033150.355343826] []: TF_OLD_DATA ignoring data from the past for frame front_left_wheel at time 1786033137.187571 according to authority Authority undetectable
Possible reasons are listed at http://wiki.ros.org/tf/Errors%20explained
[WARN] [1786033150.355355585] []: TF_OLD_DATA ignoring data from the past for frame front_right_wheel at time 1786033137.187571 according to authority Authority undetectable
Possible reasons are listed at http://wiki.ros.org/tf/Errors%20explained
[WARN] [1786033150.355365622] []: TF_OLD_DATA ignoring data from the past for frame rear_left_wheel at time 1786033137.187571 according to authority Authority undetectable
Possible reasons are listed at http://wiki.ros.org/tf/Errors%20explained
[WARN] [1786033150.355374048] []: TF_OLD_DATA ignoring data from the past for frame rear_right_wheel at time 1786033137.187571 according to authority Authority undetectable
Possible reasons are listed at http://wiki.ros.org/tf/Errors%20explained
[WARN] [1786033150.355397234] []: TF_OLD_DATA ignoring data from the past for frame front_left_wheel at time 1786033137.287544 according to authority Authority undetectable
Possible reasons are listed at http://wiki.ros.org/tf/Errors%20explained
[WARN] [1786033150.355407900] []: TF_OLD_DATA ignoring data from the past for frame front_right_wheel at time 1786033137.287544 according to authority Authority undetectable
Possible reasons are listed at http://wiki.ros.org/tf/Errors%20explained
[WARN] [1786033150.355417697] []: TF_OLD_DATA ignoring data from the past for frame rear_left_wheel at time 1786033137.287544 according to authority Authority undetectable
Possible reasons are listed at http://wiki.ros.org/tf/Errors%20explained
[WARN] [1786033150.355425845] []: TF_OLD_DATA ignoring data from the past for frame rear_right_wheel at time 1786033137.287544 according to authority Authority undetectable
Possible reasons are listed at http://wiki.ros.org/tf/Errors%20explained
[WARN] [1786033151.263924388] []: TF_OLD_DATA ignoring data from the past for frame front_left_wheel at time 1786033137.487550 according to authority Authority undetectable
Possible reasons are listed at http://wiki.ros.org/tf/Errors%20explained
[WARN] [1786033151.263962555] []: TF_OLD_DATA ignoring data from the past for frame front_right_wheel at time 1786033137.487550 according to authority Authority undetectable
Possible reasons are listed at http://wiki.ros.org/tf/Errors%20explained
[WARN] [1786033151.263975796] []: TF_OLD_DATA ignoring data from the past for frame rear_left_wheel at time 1786033137.487550 according to authority Authority undetectable
Possible reasons are listed at http://wiki.ros.org/tf/Errors%20explained
[WARN] [1786033151.263986203] []: TF_OLD_DATA ignoring data from the past for frame rear_right_wheel at time 1786033137.487550 according to authority Authority undetectable
Possible reasons are listed at http://wiki.ros.org/tf/Errors%20explained
[WARN] [1786033151.264037833] []: TF_OLD_DATA ignoring data from the past for frame front_left_wheel at time 1786033137.587542 according to authority Authority undetectable
Possible reasons are listed at http://wiki.ros.org/tf/Errors%20explained
[WARN] [1786033151.264081315] []: TF_OLD_DATA ignoring data from the past for frame front_right_wheel at time 1786033137.587542 according to authority Authority undetectable
Possible reasons are listed at http://wiki.ros.org/tf/Errors%20explained
[WARN] [1786033151.264097463] []: TF_OLD_DATA ignoring data from the past for frame rear_left_wheel at time 1786033137.587542 according to authority Authority undetectable
Possible reasons are listed at http://wiki.ros.org/tf/Errors%20explained
[WARN] [1786033151.264108778] []: TF_OLD_DATA ignoring data from the past for frame rear_right_wheel at time 1786033137.587542 according to authority Authority undetectable
Possible reasons are listed at http://wiki.ros.org/tf/Errors%20explained
[WARN] [1786033151.264154130] []: TF_OLD_DATA ignoring data from the past for frame front_left_wheel at time 1786033137.687903 according to authority Authority undetectable
Possible reasons are listed at http://wiki.ros.org/tf/Errors%20explained
[WARN] [1786033151.264171593] []: TF_OLD_DATA ignoring data from the past for frame front_right_wheel at time 1786033137.687903 according to authority Authority undetectable
Possible reasons are listed at http://wiki.ros.org/tf/Errors%20explained
[WARN] [1786033151.264183445] []: TF_OLD_DATA ignoring data from the past for frame rear_left_wheel at time 1786033137.687903 according to authority Authority undetectable
Possible reasons are listed at http://wiki.ros.org/tf/Errors%20explained
[WARN] [1786033151.264193871] []: TF_OLD_DATA ignoring data from the past for frame rear_right_wheel at time 1786033137.687903 according to authority Authority undetectable
Possible reasons are listed at http://wiki.ros.org/tf/Errors%20explained
[WARN] [1786033151.264229834] []: TF_OLD_DATA ignoring data from the past for frame front_left_wheel at time 1786033137.787539 according to authority Authority undetectable
Possible reasons are listed at http://wiki.ros.org/tf/Errors%20explained
[WARN] [1786033151.264244167] []: TF_OLD_DATA ignoring data from the past for frame front_right_wheel at time 1786033137.787539 according to authority Authority undetectable
Possible reasons are listed at http://wiki.ros.org/tf/Errors%20explained
[WARN] [1786033151.264254945] []: TF_OLD_DATA ignoring data from the past for frame rear_left_wheel at time 1786033137.787539 according to authority Authority undetectable
Possible reasons are listed at http://wiki.ros.org/tf/Errors%20explained
[WARN] [1786033151.264264445] []: TF_OLD_DATA ignoring data from the past for frame rear_right_wheel at time 1786033137.787539 according to authority Authority undetectable
Possible reasons are listed at http://wiki.ros.org/tf/Errors%20explained
[WARN] [1786033151.365536693] []: TF_OLD_DATA ignoring data from the past for frame front_left_wheel at time 1786033137.887568 according to authority Authority undetectable
Possible reasons are listed at http://wiki.ros.org/tf/Errors%20explained
[WARN] [1786033151.366323975] []: TF_OLD_DATA ignoring data from the past for frame front_right_wheel at time 1786033137.887568 according to authority Authority undetectable
Possible reasons are listed at http://wiki.ros.org/tf/Errors%20explained
[WARN] [1786033151.366344586] []: TF_OLD_DATA ignoring data from the past for frame rear_left_wheel at time 1786033137.887568 according to authority Authority undetectable
Possible reasons are listed at http://wiki.ros.org/tf/Errors%20explained
[WARN] [1786033151.366357049] []: TF_OLD_DATA ignoring data from the past for frame rear_right_wheel at time 1786033137.887568 according to authority Authority undetectable
Possible reasons are listed at http://wiki.ros.org/tf/Errors%20explained
[WARN] [1786033151.366444846] []: TF_OLD_DATA ignoring data from the past for frame front_left_wheel at time 1786033137.987550 according to authority Authority undetectable
Possible reasons are listed at http://wiki.ros.org/tf/Errors%20explained
[WARN] [1786033151.367965058] []: TF_OLD_DATA ignoring data from the past for frame front_right_wheel at time 1786033137.987550 according to authority Authority undetectable
Possible reasons are listed at http://wiki.ros.org/tf/Errors%20explained
[WARN] [1786033151.368031670] []: TF_OLD_DATA ignoring data from the past for frame rear_left_wheel at time 1786033137.987550 according to authority Authority undetectable
Possible reasons are listed at http://wiki.ros.org/tf/Errors%20explained
[WARN] [1786033151.368208819] []: TF_OLD_DATA ignoring data from the past for frame rear_right_wheel at time 1786033137.987550 according to authority Authority undetectable
Possible reasons are listed at http://wiki.ros.org/tf/Errors%20explained
[WARN] [1786033151.372030118] []: TF_OLD_DATA ignoring data from the past for frame front_left_wheel at time 1786033138.087551 according to authority Authority undetectable
Possible reasons are listed at http://wiki.ros.org/tf/Errors%20explained
[WARN] [1786033151.372095470] []: TF_OLD_DATA ignoring data from the past for frame front_right_wheel at time 1786033138.087551 according to authority Authority undetectable
Possible reasons are listed at http://wiki.ros.org/tf/Errors%20explained
[WARN] [1786033151.372106692] []: TF_OLD_DATA ignoring data from the past for frame rear_left_wheel at time 1786033138.087551 according to authority Authority undetectable
Possible reasons are listed at http://wiki.ros.org/tf/Errors%20explained
[WARN] [1786033151.372116451] []: TF_OLD_DATA ignoring data from the past for frame rear_right_wheel at time 1786033138.087551 according to authority Authority undetectable
Possible reasons are listed at http://wiki.ros.org/tf/Errors%20explained
[WARN] [1786033151.651571651] []: TF_OLD_DATA ignoring data from the past for frame front_left_wheel at time 1786033138.187679 according to authority Authority undetectable
Possible reasons are listed at http://wiki.ros.org/tf/Errors%20explained
[WARN] [1786033151.651609355] []: TF_OLD_DATA ignoring data from the past for frame front_right_wheel at time 1786033138.187679 according to authority Authority undetectable
Possible reasons are listed at http://wiki.ros.org/tf/Errors%20explained
[WARN] [1786033151.651620484] []: TF_OLD_DATA ignoring data from the past for frame rear_left_wheel at time 1786033138.187679 according to authority Authority undetectable
Possible reasons are listed at http://wiki.ros.org/tf/Errors%20explained
[WARN] [1786033151.651630392] []: TF_OLD_DATA ignoring data from the past for frame rear_right_wheel at time 1786033138.187679 according to authority Authority undetectable
Possible reasons are listed at http://wiki.ros.org/tf/Errors%20explained
[WARN] [1786033151.651668725] []: TF_OLD_DATA ignoring data from the past for frame front_left_wheel at time 1786033138.287794 according to authority Authority undetectable
Possible reasons are listed at http://wiki.ros.org/tf/Errors%20explained
[WARN] [1786033151.651680503] []: TF_OLD_DATA ignoring data from the past for frame front_right_wheel at time 1786033138.287794 according to authority Authority undetectable
Possible reasons are listed at http://wiki.ros.org/tf/Errors%20explained
[WARN] [1786033151.651738078] []: TF_OLD_DATA ignoring data from the past for frame rear_left_wheel at time 1786033138.287794 according to authority Authority undetectable
Possible reasons are listed at http://wiki.ros.org/tf/Errors%20explained
[WARN] [1786033151.651750226] []: TF_OLD_DATA ignoring data from the past for frame rear_right_wheel at time 1786033138.287794 according to authority Authority undetectable
Possible reasons are listed at http://wiki.ros.org/tf/Errors%20explained
[WARN] [1786033151.651781041] []: TF_OLD_DATA ignoring data from the past for frame front_left_wheel at time 1786033138.387550 according to authority Authority undetectable
Possible reasons are listed at http://wiki.ros.org/tf/Errors%20explained
[WARN] [1786033151.651795078] []: TF_OLD_DATA ignoring data from the past for frame front_right_wheel at time 1786033138.387550 according to authority Authority undetectable
Possible reasons are listed at http://wiki.ros.org/tf/Errors%20explained
[WARN] [1786033151.651804985] []: TF_OLD_DATA ignoring data from the past for frame rear_left_wheel at time 1786033138.387550 according to authority Authority undetectable
Possible reasons are listed at http://wiki.ros.org/tf/Errors%20explained
[WARN] [1786033151.651813671] []: TF_OLD_DATA ignoring data from the past for frame rear_right_wheel at time 1786033138.387550 according to authority Authority undetectable
Possible reasons are listed at http://wiki.ros.org/tf/Errors%20explained
[WARN] [1786033151.655298653] []: TF_OLD_DATA ignoring data from the past for frame front_left_wheel at time 1786033138.487515 according to authority Authority undetectable
Possible reasons are listed at http://wiki.ros.org/tf/Errors%20explained
[WARN] [1786033151.655355542] []: TF_OLD_DATA ignoring data from the past for frame front_right_wheel at time 1786033138.487515 according to authority Authority undetectable
Possible reasons are listed at http://wiki.ros.org/tf/Errors%20explained
[WARN] [1786033151.655366487] []: TF_OLD_DATA ignoring data from the past for frame rear_left_wheel at time 1786033138.487515 according to authority Authority undetectable
Possible reasons are listed at http://wiki.ros.org/tf/Errors%20explained
[WARN] [1786033151.655376246] []: TF_OLD_DATA ignoring data from the past for frame rear_right_wheel at time 1786033138.487515 according to authority Authority undetectable
Possible reasons are listed at http://wiki.ros.org/tf/Errors%20explained
[WARN] [1786033151.765480117] []: TF_OLD_DATA ignoring data from the past for frame front_left_wheel at time 1786033138.587527 according to authority Authority undetectable
Possible reasons are listed at http://wiki.ros.org/tf/Errors%20explained
[WARN] [1786033151.765530654] []: TF_OLD_DATA ignoring data from the past for frame front_right_wheel at time 1786033138.587527 according to authority Authority undetectable
Possible reasons are listed at http://wiki.ros.org/tf/Errors%20explained
[WARN] [1786033151.765545913] []: TF_OLD_DATA ignoring data from the past for frame rear_left_wheel at time 1786033138.587527 according to authority Authority undetectable
Possible reasons are listed at http://wiki.ros.org/tf/Errors%20explained
[WARN] [1786033151.765558598] []: TF_OLD_DATA ignoring data from the past for frame rear_right_wheel at time 1786033138.587527 according to authority Authority undetectable
Possible reasons are listed at http://wiki.ros.org/tf/Errors%20explained
[WARN] [1786033151.766972458] []: TF_OLD_DATA ignoring data from the past for frame front_left_wheel at time 1786033138.687526 according to authority Authority undetectable
Possible reasons are listed at http://wiki.ros.org/tf/Errors%20explained
[WARN] [1786033151.767006255] []: TF_OLD_DATA ignoring data from the past for frame front_right_wheel at time 1786033138.687526 according to authority Authority undetectable
Possible reasons are listed at http://wiki.ros.org/tf/Errors%20explained
[WARN] [1786033151.767092755] []: TF_OLD_DATA ignoring data from the past for frame rear_left_wheel at time 1786033138.687526 according to authority Authority undetectable
Possible reasons are listed at http://wiki.ros.org/tf/Errors%20explained
[WARN] [1786033151.767107163] []: TF_OLD_DATA ignoring data from the past for frame rear_right_wheel at time 1786033138.687526 according to authority Authority undetectable
Possible reasons are listed at http://wiki.ros.org/tf/Errors%20explained
[WARN] [1786033151.768707986] []: TF_OLD_DATA ignoring data from the past for frame front_left_wheel at time 1786033138.787575 according to authority Authority undetectable
Possible reasons are listed at http://wiki.ros.org/tf/Errors%20explained
[WARN] [1786033151.768744672] []: TF_OLD_DATA ignoring data from the past for frame front_right_wheel at time 1786033138.787575 according to authority Authority undetectable
Possible reasons are listed at http://wiki.ros.org/tf/Errors%20explained
[WARN] [1786033151.768756079] []: TF_OLD_DATA ignoring data from the past for frame rear_left_wheel at time 1786033138.787575 according to authority Authority undetectable
Possible reasons are listed at http://wiki.ros.org/tf/Errors%20explained
[WARN] [1786033151.768766524] []: TF_OLD_DATA ignoring data from the past for frame rear_right_wheel at time 1786033138.787575 according to authority Authority undetectable
Possible reasons are listed at http://wiki.ros.org/tf/Errors%20explained
[WARN] [1786033151.818260984] []: TF_OLD_DATA ignoring data from the past for frame front_left_wheel at time 1786033138.887553 according to authority Authority undetectable
Possible reasons are listed at http://wiki.ros.org/tf/Errors%20explained
[WARN] [1786033151.818324262] []: TF_OLD_DATA ignoring data from the past for frame front_right_wheel at time 1786033138.887553 according to authority Authority undetectable
Possible reasons are listed at http://wiki.ros.org/tf/Errors%20explained
[WARN] [1786033151.818336854] []: TF_OLD_DATA ignoring data from the past for frame rear_left_wheel at time 1786033138.887553 according to authority Authority undetectable
Possible reasons are listed at http://wiki.ros.org/tf/Errors%20explained
[WARN] [1786033151.818348984] []: TF_OLD_DATA ignoring data from the past for frame rear_right_wheel at time 1786033138.887553 according to authority Authority undetectable
Possible reasons are listed at http://wiki.ros.org/tf/Errors%20explained
[WARN] [1786033151.821541409] []: TF_OLD_DATA ignoring data from the past for frame front_left_wheel at time 1786033138.989511 according to authority Authority undetectable
Possible reasons are listed at http://wiki.ros.org/tf/Errors%20explained
[WARN] [1786033151.821591002] []: TF_OLD_DATA ignoring data from the past for frame front_right_wheel at time 1786033138.989511 according to authority Authority undetectable
Possible reasons are listed at http://wiki.ros.org/tf/Errors%20explained
[WARN] [1786033151.821603039] []: TF_OLD_DATA ignoring data from the past for frame rear_left_wheel at time 1786033138.989511 according to authority Authority undetectable
Possible reasons are listed at http://wiki.ros.org/tf/Errors%20explained
[WARN] [1786033151.821613502] []: TF_OLD_DATA ignoring data from the past for frame rear_right_wheel at time 1786033138.989511 according to authority Authority undetectable
Possible reasons are listed at http://wiki.ros.org/tf/Errors%20explained
[WARN] [1786033151.826762494] []: TF_OLD_DATA ignoring data from the past for frame front_left_wheel at time 1786033139.087565 according to authority Authority undetectable
Possible reasons are listed at http://wiki.ros.org/tf/Errors%20explained
[WARN] [1786033151.827618461] []: TF_OLD_DATA ignoring data from the past for frame front_right_wheel at time 1786033139.087565 according to authority Authority undetectable
Possible reasons are listed at http://wiki.ros.org/tf/Errors%20explained
[WARN] [1786033151.827648536] []: TF_OLD_DATA ignoring data from the past for frame rear_left_wheel at time 1786033139.087565 according to authority Authority undetectable
Possible reasons are listed at http://wiki.ros.org/tf/Errors%20explained
[WARN] [1786033151.827694851] []: TF_OLD_DATA ignoring data from the past for frame rear_right_wheel at time 1786033139.087565 according to authority Authority undetectable
Possible reasons are listed at http://wiki.ros.org/tf/Errors%20explained
[WARN] [1786033151.827788314] []: TF_OLD_DATA ignoring data from the past for frame front_left_wheel at time 1786033139.187606 according to authority Authority undetectable
Possible reasons are listed at http://wiki.ros.org/tf/Errors%20explained
[WARN] [1786033151.827802777] []: TF_OLD_DATA ignoring data from the past for frame front_right_wheel at time 1786033139.187606 according to authority Authority undetectable
Possible reasons are listed at http://wiki.ros.org/tf/Errors%20explained
[WARN] [1786033151.827814592] []: TF_OLD_DATA ignoring data from the past for frame rear_left_wheel at time 1786033139.187606 according to authority Authority undetectable
Possible reasons are listed at http://wiki.ros.org/tf/Errors%20explained
[WARN] [1786033151.827824796] []: TF_OLD_DATA ignoring data from the past for frame rear_right_wheel at time 1786033139.187606 according to authority Authority undetectable
Possible reasons are listed at http://wiki.ros.org/tf/Errors%20explained
[WARN] [1786033151.827854574] []: TF_OLD_DATA ignoring data from the past for frame front_left_wheel at time 1786033139.287678 according to authority Authority undetectable
Possible reasons are listed at http://wiki.ros.org/tf/Errors%20explained
[WARN] [1786033151.827867000] []: TF_OLD_DATA ignoring data from the past for frame front_right_wheel at time 1786033139.287678 according to authority Authority undetectable
Possible reasons are listed at http://wiki.ros.org/tf/Errors%20explained
[WARN] [1786033151.827879185] []: TF_OLD_DATA ignoring data from the past for frame rear_left_wheel at time 1786033139.287678 according to authority Authority undetectable
Possible reasons are listed at http://wiki.ros.org/tf/Errors%20explained
[WARN] [1786033151.827889518] []: TF_OLD_DATA ignoring data from the past for frame rear_right_wheel at time 1786033139.287678 according to authority Authority undetectable
Possible reasons are listed at http://wiki.ros.org/tf/Errors%20explained
[WARN] [1786033151.827918130] []: TF_OLD_DATA ignoring data from the past for frame front_left_wheel at time 1786033139.387528 according to authority Authority undetectable
Possible reasons are listed at http://wiki.ros.org/tf/Errors%20explained
[WARN] [1786033151.827931500] []: TF_OLD_DATA ignoring data from the past for frame front_right_wheel at time 1786033139.387528 according to authority Authority undetectable
Possible reasons are listed at http://wiki.ros.org/tf/Errors%20explained
[WARN] [1786033151.827942574] []: TF_OLD_DATA ignoring data from the past for frame rear_left_wheel at time 1786033139.387528 according to authority Authority undetectable
Possible reasons are listed at http://wiki.ros.org/tf/Errors%20explained
[WARN] [1786033151.827952482] []: TF_OLD_DATA ignoring data from the past for frame rear_right_wheel at time 1786033139.387528 according to authority Authority undetectable
Possible reasons are listed at http://wiki.ros.org/tf/Errors%20explained
[WARN] [1786033151.827979649] []: TF_OLD_DATA ignoring data from the past for frame front_left_wheel at time 1786033139.487522 according to authority Authority undetectable
Possible reasons are listed at http://wiki.ros.org/tf/Errors%20explained
[WARN] [1786033151.827992538] []: TF_OLD_DATA ignoring data from the past for frame front_right_wheel at time 1786033139.487522 according to authority Authority undetectable
Possible reasons are listed at http://wiki.ros.org/tf/Errors%20explained
[WARN] [1786033151.828007130] []: TF_OLD_DATA ignoring data from the past for frame rear_left_wheel at time 1786033139.487522 according to authority Authority undetectable
Possible reasons are listed at http://wiki.ros.org/tf/Errors%20explained
[WARN] [1786033151.828017353] []: TF_OLD_DATA ignoring data from the past for frame rear_right_wheel at time 1786033139.487522 according to authority Authority undetectable
Possible reasons are listed at http://wiki.ros.org/tf/Errors%20explained
[WARN] [1786033151.828088168] []: TF_OLD_DATA ignoring data from the past for frame front_left_wheel at time 1786033139.587563 according to authority Authority undetectable
Possible reasons are listed at http://wiki.ros.org/tf/Errors%20explained
[WARN] [1786033151.828105149] []: TF_OLD_DATA ignoring data from the past for frame front_right_wheel at time 1786033139.587563 according to authority Authority undetectable
Possible reasons are listed at http://wiki.ros.org/tf/Errors%20explained
[WARN] [1786033151.828116798] []: TF_OLD_DATA ignoring data from the past for frame rear_left_wheel at time 1786033139.587563 according to authority Authority undetectable
Possible reasons are listed at http://wiki.ros.org/tf/Errors%20explained
[WARN] [1786033151.828127594] []: TF_OLD_DATA ignoring data from the past for frame rear_right_wheel at time 1786033139.587563 according to authority Authority undetectable
Possible reasons are listed at http://wiki.ros.org/tf/Errors%20explained
[WARN] [1786033155.834143220] []: TF_OLD_DATA ignoring data from the past for frame front_left_wheel at time 1786033139.687727 according to authority Authority undetectable
Possible reasons are listed at http://wiki.ros.org/tf/Errors%20explained
[WARN] [1786033155.834181369] []: TF_OLD_DATA ignoring data from the past for frame front_right_wheel at time 1786033139.687727 according to authority Authority undetectable
Possible reasons are listed at http://wiki.ros.org/tf/Errors%20explained
[WARN] [1786033155.834195313] []: TF_OLD_DATA ignoring data from the past for frame rear_left_wheel at time 1786033139.687727 according to authority Authority undetectable
Possible reasons are listed at http://wiki.ros.org/tf/Errors%20explained
[WARN] [1786033155.834205591] []: TF_OLD_DATA ignoring data from the past for frame rear_right_wheel at time 1786033139.687727 according to authority Authority undetectable
Possible reasons are listed at http://wiki.ros.org/tf/Errors%20explained
[WARN] [1786033155.834253665] []: TF_OLD_DATA ignoring data from the past for frame front_left_wheel at time 1786033139.788389 according to authority Authority undetectable
Possible reasons are listed at http://wiki.ros.org/tf/Errors%20explained
[WARN] [1786033155.834267036] []: TF_OLD_DATA ignoring data from the past for frame front_right_wheel at time 1786033139.788389 according to authority Authority undetectable
Possible reasons are listed at http://wiki.ros.org/tf/Errors%20explained
[WARN] [1786033155.834276666] []: TF_OLD_DATA ignoring data from the past for frame rear_left_wheel at time 1786033139.788389 according to authority Authority undetectable
Possible reasons are listed at http://wiki.ros.org/tf/Errors%20explained
[WARN] [1786033155.834285166] []: TF_OLD_DATA ignoring data from the past for frame rear_right_wheel at time 1786033139.788389 according to authority Authority undetectable
Possible reasons are listed at http://wiki.ros.org/tf/Errors%20explained
[WARN] [1786033155.892606378] []: TF_OLD_DATA ignoring data from the past for frame front_left_wheel at time 1786033139.887542 according to authority Authority undetectable
Possible reasons are listed at http://wiki.ros.org/tf/Errors%20explained
[WARN] [1786033155.892655249] []: TF_OLD_DATA ignoring data from the past for frame front_right_wheel at time 1786033139.887542 according to authority Authority undetectable
Possible reasons are listed at http://wiki.ros.org/tf/Errors%20explained
[WARN] [1786033155.892670656] []: TF_OLD_DATA ignoring data from the past for frame rear_left_wheel at time 1786033139.887542 according to authority Authority undetectable
Possible reasons are listed at http://wiki.ros.org/tf/Errors%20explained
[WARN] [1786033155.892682582] []: TF_OLD_DATA ignoring data from the past for frame rear_right_wheel at time 1786033139.887542 according to authority Authority undetectable
Possible reasons are listed at http://wiki.ros.org/tf/Errors%20explained
[WARN] [1786033155.897287293] []: TF_OLD_DATA ignoring data from the past for frame front_left_wheel at time 1786033139.987549 according to authority Authority undetectable
Possible reasons are listed at http://wiki.ros.org/tf/Errors%20explained
[WARN] [1786033155.897335719] []: TF_OLD_DATA ignoring data from the past for frame front_right_wheel at time 1786033139.987549 according to authority Authority undetectable
Possible reasons are listed at http://wiki.ros.org/tf/Errors%20explained
[WARN] [1786033155.897350405] []: TF_OLD_DATA ignoring data from the past for frame rear_left_wheel at time 1786033139.987549 according to authority Authority undetectable
Possible reasons are listed at http://wiki.ros.org/tf/Errors%20explained
[WARN] [1786033155.897361423] []: TF_OLD_DATA ignoring data from the past for frame rear_right_wheel at time 1786033139.987549 according to authority Authority undetectable
Possible reasons are listed at http://wiki.ros.org/tf/Errors%20explained
[WARN] [1786033155.897432461] []: TF_OLD_DATA ignoring data from the past for frame front_left_wheel at time 1786033140.087525 according to authority Authority undetectable
Possible reasons are listed at http://wiki.ros.org/tf/Errors%20explained
[WARN] [1786033155.897517072] []: TF_OLD_DATA ignoring data from the past for frame front_right_wheel at time 1786033140.087525 according to authority Authority undetectable
Possible reasons are listed at http://wiki.ros.org/tf/Errors%20explained
[WARN] [1786033155.897534869] []: TF_OLD_DATA ignoring data from the past for frame rear_left_wheel at time 1786033140.087525 according to authority Authority undetectable
Possible reasons are listed at http://wiki.ros.org/tf/Errors%20explained
[WARN] [1786033155.897549109] []: TF_OLD_DATA ignoring data from the past for frame rear_right_wheel at time 1786033140.087525 according to authority Authority undetectable
Possible reasons are listed at http://wiki.ros.org/tf/Errors%20explained
[WARN] [1786033155.910230772] []: TF_OLD_DATA ignoring data from the past for frame front_left_wheel at time 1786033140.187736 according to authority Authority undetectable
Possible reasons are listed at http://wiki.ros.org/tf/Errors%20explained
[WARN] [1786033155.910281754] []: TF_OLD_DATA ignoring data from the past for frame front_right_wheel at time 1786033140.187736 according to authority Authority undetectable
Possible reasons are listed at http://wiki.ros.org/tf/Errors%20explained
[WARN] [1786033155.910635867] []: TF_OLD_DATA ignoring data from the past for frame rear_left_wheel at time 1786033140.187736 according to authority Authority undetectable
Possible reasons are listed at http://wiki.ros.org/tf/Errors%20explained
[WARN] [1786033155.910662052] []: TF_OLD_DATA ignoring data from the past for frame rear_right_wheel at time 1786033140.187736 according to authority Authority undetectable
Possible reasons are listed at http://wiki.ros.org/tf/Errors%20explained
[WARN] [1786033155.911938800] []: TF_OLD_DATA ignoring data from the past for frame front_left_wheel at time 1786033140.287548 according to authority Authority undetectable
Possible reasons are listed at http://wiki.ros.org/tf/Errors%20explained
[WARN] [1786033155.911972634] []: TF_OLD_DATA ignoring data from the past for frame front_right_wheel at time 1786033140.287548 according to authority Authority undetectable
Possible reasons are listed at http://wiki.ros.org/tf/Errors%20explained
[WARN] [1786033155.911982912] []: TF_OLD_DATA ignoring data from the past for frame rear_left_wheel at time 1786033140.287548 according to authority Authority undetectable
Possible reasons are listed at http://wiki.ros.org/tf/Errors%20explained
[WARN] [1786033155.911991764] []: TF_OLD_DATA ignoring data from the past for frame rear_right_wheel at time 1786033140.287548 according to authority Authority undetectable
Possible reasons are listed at http://wiki.ros.org/tf/Errors%20explained
[WARN] [1786033155.913291660] []: TF_OLD_DATA ignoring data from the past for frame front_left_wheel at time 1786033140.387572 according to authority Authority undetectable
Possible reasons are listed at http://wiki.ros.org/tf/Errors%20explained
[WARN] [1786033155.913457790] []: TF_OLD_DATA ignoring data from the past for frame front_right_wheel at time 1786033140.387572 according to authority Authority undetectable
Possible reasons are listed at http://wiki.ros.org/tf/Errors%20explained
[WARN] [1786033155.913471198] []: TF_OLD_DATA ignoring data from the past for frame rear_left_wheel at time 1786033140.387572 according to authority Authority undetectable
Possible reasons are listed at http://wiki.ros.org/tf/Errors%20explained
[WARN] [1786033155.913480346] []: TF_OLD_DATA ignoring data from the past for frame rear_right_wheel at time 1786033140.387572 according to authority Authority undetectable
Possible reasons are listed at http://wiki.ros.org/tf/Errors%20explained
[WARN] [1786033155.913872607] []: TF_OLD_DATA ignoring data from the past for frame front_left_wheel at time 1786033140.487544 according to authority Authority undetectable
Possible reasons are listed at http://wiki.ros.org/tf/Errors%20explained
[WARN] [1786033155.913895163] []: TF_OLD_DATA ignoring data from the past for frame front_right_wheel at time 1786033140.487544 according to authority Authority undetectable
Possible reasons are listed at http://wiki.ros.org/tf/Errors%20explained
[WARN] [1786033155.914451740] []: TF_OLD_DATA ignoring data from the past for frame rear_left_wheel at time 1786033140.487544 according to authority Authority undetectable
Possible reasons are listed at http://wiki.ros.org/tf/Errors%20explained
[WARN] [1786033155.914471185] []: TF_OLD_DATA ignoring data from the past for frame rear_right_wheel at time 1786033140.487544 according to authority Authority undetectable
Possible reasons are listed at http://wiki.ros.org/tf/Errors%20explained
[WARN] [1786033155.914531333] []: TF_OLD_DATA ignoring data from the past for frame front_left_wheel at time 1786033140.587874 according to authority Authority undetectable
Possible reasons are listed at http://wiki.ros.org/tf/Errors%20explained
[WARN] [1786033155.914546407] []: TF_OLD_DATA ignoring data from the past for frame front_right_wheel at time 1786033140.587874 according to authority Authority undetectable
Possible reasons are listed at http://wiki.ros.org/tf/Errors%20explained
[WARN] [1786033155.914555130] []: TF_OLD_DATA ignoring data from the past for frame rear_left_wheel at time 1786033140.587874 according to authority Authority undetectable
Possible reasons are listed at http://wiki.ros.org/tf/Errors%20explained
[WARN] [1786033155.914562556] []: TF_OLD_DATA ignoring data from the past for frame rear_right_wheel at time 1786033140.587874 according to authority Authority undetectable
Possible reasons are listed at http://wiki.ros.org/tf/Errors%20explained
[WARN] [1786033155.914585056] []: TF_OLD_DATA ignoring data from the past for frame front_left_wheel at time 1786033140.687548 according to authority Authority undetectable
Possible reasons are listed at http://wiki.ros.org/tf/Errors%20explained
[WARN] [1786033155.914594797] []: TF_OLD_DATA ignoring data from the past for frame front_right_wheel at time 1786033140.687548 according to authority Authority undetectable
Possible reasons are listed at http://wiki.ros.org/tf/Errors%20explained
[WARN] [1786033155.914603834] []: TF_OLD_DATA ignoring data from the past for frame rear_left_wheel at time 1786033140.687548 according to authority Authority undetectable
Possible reasons are listed at http://wiki.ros.org/tf/Errors%20explained
[WARN] [1786033155.914611574] []: TF_OLD_DATA ignoring data from the past for frame rear_right_wheel at time 1786033140.687548 according to authority Authority undetectable
Possible reasons are listed at http://wiki.ros.org/tf/Errors%20explained
[WARN] [1786033155.914640130] []: TF_OLD_DATA ignoring data from the past for frame front_left_wheel at time 1786033140.787508 according to authority Authority undetectable
Possible reasons are listed at http://wiki.ros.org/tf/Errors%20explained
[WARN] [1786033155.914651260] []: TF_OLD_DATA ignoring data from the past for frame front_right_wheel at time 1786033140.787508 according to authority Authority undetectable
Possible reasons are listed at http://wiki.ros.org/tf/Errors%20explained
[WARN] [1786033155.914660482] []: TF_OLD_DATA ignoring data from the past for frame rear_left_wheel at time 1786033140.787508 according to authority Authority undetectable
Possible reasons are listed at http://wiki.ros.org/tf/Errors%20explained
[WARN] [1786033155.914668538] []: TF_OLD_DATA ignoring data from the past for frame rear_right_wheel at time 1786033140.787508 according to authority Authority undetectable
Possible reasons are listed at http://wiki.ros.org/tf/Errors%20explained
[WARN] [1786033156.002039263] []: TF_OLD_DATA ignoring data from the past for frame front_left_wheel at time 1786033140.887561 according to authority Authority undetectable
Possible reasons are listed at http://wiki.ros.org/tf/Errors%20explained
[WARN] [1786033156.002094282] []: TF_OLD_DATA ignoring data from the past for frame front_right_wheel at time 1786033140.887561 according to authority Authority undetectable
Possible reasons are listed at http://wiki.ros.org/tf/Errors%20explained
[WARN] [1786033156.002602655] []: TF_OLD_DATA ignoring data from the past for frame rear_left_wheel at time 1786033140.887561 according to authority Authority undetectable
Possible reasons are listed at http://wiki.ros.org/tf/Errors%20explained
[WARN] [1786033156.002630767] []: TF_OLD_DATA ignoring data from the past for frame rear_right_wheel at time 1786033140.887561 according to authority Authority undetectable
Possible reasons are listed at http://wiki.ros.org/tf/Errors%20explained
[WARN] [1786033156.005777599] []: TF_OLD_DATA ignoring data from the past for frame front_left_wheel at time 1786033140.987543 according to authority Authority undetectable
Possible reasons are listed at http://wiki.ros.org/tf/Errors%20explained
[WARN] [1786033156.005860859] []: TF_OLD_DATA ignoring data from the past for frame front_right_wheel at time 1786033140.987543 according to authority Authority undetectable
Possible reasons are listed at http://wiki.ros.org/tf/Errors%20explained
[WARN] [1786033156.005876618] []: TF_OLD_DATA ignoring data from the past for frame rear_left_wheel at time 1786033140.987543 according to authority Authority undetectable
Possible reasons are listed at http://wiki.ros.org/tf/Errors%20explained
[WARN] [1786033156.006787049] []: TF_OLD_DATA ignoring data from the past for frame rear_right_wheel at time 1786033140.987543 according to authority Authority undetectable
Possible reasons are listed at http://wiki.ros.org/tf/Errors%20explained
[WARN] [1786033156.007974833] []: TF_OLD_DATA ignoring data from the past for frame front_left_wheel at time 1786033141.087535 according to authority Authority undetectable
Possible reasons are listed at http://wiki.ros.org/tf/Errors%20explained
[WARN] [1786033156.008015611] []: TF_OLD_DATA ignoring data from the past for frame front_right_wheel at time 1786033141.087535 according to authority Authority undetectable
Possible reasons are listed at http://wiki.ros.org/tf/Errors%20explained
[WARN] [1786033156.008029723] []: TF_OLD_DATA ignoring data from the past for frame rear_left_wheel at time 1786033141.087535 according to authority Authority undetectable
Possible reasons are listed at http://wiki.ros.org/tf/Errors%20explained
[WARN] [1786033156.008042278] []: TF_OLD_DATA ignoring data from the past for frame rear_right_wheel at time 1786033141.087535 according to authority Authority undetectable
Possible reasons are listed at http://wiki.ros.org/tf/Errors%20explained
[WARN] [1786033156.009186748] []: TF_OLD_DATA ignoring data from the past for frame front_left_wheel at time 1786033141.187752 according to authority Authority undetectable
Possible reasons are listed at http://wiki.ros.org/tf/Errors%20explained
[WARN] [1786033156.010261235] []: TF_OLD_DATA ignoring data from the past for frame front_right_wheel at time 1786033141.187752 according to authority Authority undetectable
Possible reasons are listed at http://wiki.ros.org/tf/Errors%20explained
[WARN] [1786033156.010298476] []: TF_OLD_DATA ignoring data from the past for frame rear_left_wheel at time 1786033141.187752 according to authority Authority undetectable
Possible reasons are listed at http://wiki.ros.org/tf/Errors%20explained
[WARN] [1786033156.010314754] []: TF_OLD_DATA ignoring data from the past for frame rear_right_wheel at time 1786033141.187752 according to authority Authority undetectable
Possible reasons are listed at http://wiki.ros.org/tf/Errors%20explained
[WARN] [1786033156.012945491] []: TF_OLD_DATA ignoring data from the past for frame front_left_wheel at time 1786033141.287555 according to authority Authority undetectable
Possible reasons are listed at http://wiki.ros.org/tf/Errors%20explained
[WARN] [1786033156.013027806] []: TF_OLD_DATA ignoring data from the past for frame front_right_wheel at time 1786033141.287555 according to authority Authority undetectable
Possible reasons are listed at http://wiki.ros.org/tf/Errors%20explained
[WARN] [1786033156.013044769] []: TF_OLD_DATA ignoring data from the past for frame rear_left_wheel at time 1786033141.287555 according to authority Authority undetectable
Possible reasons are listed at http://wiki.ros.org/tf/Errors%20explained
[WARN] [1786033156.014815149] []: TF_OLD_DATA ignoring data from the past for frame rear_right_wheel at time 1786033141.287555 according to authority Authority undetectable
Possible reasons are listed at http://wiki.ros.org/tf/Errors%20explained
[WARN] [1786033156.019323489] []: TF_OLD_DATA ignoring data from the past for frame front_left_wheel at time 1786033141.387558 according to authority Authority undetectable
Possible reasons are listed at http://wiki.ros.org/tf/Errors%20explained
[WARN] [1786033156.019376804] []: TF_OLD_DATA ignoring data from the past for frame front_right_wheel at time 1786033141.387558 according to authority Authority undetectable
Possible reasons are listed at http://wiki.ros.org/tf/Errors%20explained
[WARN] [1786033156.019388360] []: TF_OLD_DATA ignoring data from the past for frame rear_left_wheel at time 1786033141.387558 according to authority Authority undetectable
Possible reasons are listed at http://wiki.ros.org/tf/Errors%20explained
[WARN] [1786033156.019399434] []: TF_OLD_DATA ignoring data from the past for frame rear_right_wheel at time 1786033141.387558 according to authority Authority undetectable
Possible reasons are listed at http://wiki.ros.org/tf/Errors%20explained
[WARN] [1786033157.662672445] []: TF_OLD_DATA ignoring data from the past for frame front_left_wheel at time 1786033141.487557 according to authority Authority undetectable
Possible reasons are listed at http://wiki.ros.org/tf/Errors%20explained
[WARN] [1786033157.662706797] []: TF_OLD_DATA ignoring data from the past for frame front_right_wheel at time 1786033141.487557 according to authority Authority undetectable
Possible reasons are listed at http://wiki.ros.org/tf/Errors%20explained
[WARN] [1786033157.662719519] []: TF_OLD_DATA ignoring data from the past for frame rear_left_wheel at time 1786033141.487557 according to authority Authority undetectable
Possible reasons are listed at http://wiki.ros.org/tf/Errors%20explained
[WARN] [1786033157.662729852] []: TF_OLD_DATA ignoring data from the past for frame rear_right_wheel at time 1786033141.487557 according to authority Authority undetectable
Possible reasons are listed at http://wiki.ros.org/tf/Errors%20explained
[WARN] [1786033157.662767667] []: TF_OLD_DATA ignoring data from the past for frame front_left_wheel at time 1786033141.587569 according to authority Authority undetectable
Possible reasons are listed at http://wiki.ros.org/tf/Errors%20explained
[WARN] [1786033157.662810594] []: TF_OLD_DATA ignoring data from the past for frame front_right_wheel at time 1786033141.587569 according to authority Authority undetectable
Possible reasons are listed at http://wiki.ros.org/tf/Errors%20explained
[WARN] [1786033157.662847427] []: TF_OLD_DATA ignoring data from the past for frame rear_left_wheel at time 1786033141.587569 according to authority Authority undetectable
Possible reasons are listed at http://wiki.ros.org/tf/Errors%20explained
[WARN] [1786033157.663029706] []: TF_OLD_DATA ignoring data from the past for frame rear_right_wheel at time 1786033141.587569 according to authority Authority undetectable
Possible reasons are listed at http://wiki.ros.org/tf/Errors%20explained
[WARN] [1786033157.663105077] []: TF_OLD_DATA ignoring data from the past for frame front_left_wheel at time 1786033141.687541 according to authority Authority undetectable
Possible reasons are listed at http://wiki.ros.org/tf/Errors%20explained
[WARN] [1786033157.663125336] []: TF_OLD_DATA ignoring data from the past for frame front_right_wheel at time 1786033141.687541 according to authority Authority undetectable
Possible reasons are listed at http://wiki.ros.org/tf/Errors%20explained
[WARN] [1786033157.663136540] []: TF_OLD_DATA ignoring data from the past for frame rear_left_wheel at time 1786033141.687541 according to authority Authority undetectable
Possible reasons are listed at http://wiki.ros.org/tf/Errors%20explained
[WARN] [1786033157.663148670] []: TF_OLD_DATA ignoring data from the past for frame rear_right_wheel at time 1786033141.687541 according to authority Authority undetectable
Possible reasons are listed at http://wiki.ros.org/tf/Errors%20explained
[WARN] [1786033157.663293818] []: TF_OLD_DATA ignoring data from the past for frame front_left_wheel at time 1786033141.787548 according to authority Authority undetectable
Possible reasons are listed at http://wiki.ros.org/tf/Errors%20explained
[WARN] [1786033157.663318300] []: TF_OLD_DATA ignoring data from the past for frame front_right_wheel at time 1786033141.787548 according to authority Authority undetectable
Possible reasons are listed at http://wiki.ros.org/tf/Errors%20explained
[WARN] [1786033157.663329671] []: TF_OLD_DATA ignoring data from the past for frame rear_left_wheel at time 1786033141.787548 according to authority Authority undetectable
Possible reasons are listed at http://wiki.ros.org/tf/Errors%20explained
[WARN] [1786033157.663339559] []: TF_OLD_DATA ignoring data from the past for frame rear_right_wheel at time 1786033141.787548 according to authority Authority undetectable
Possible reasons are listed at http://wiki.ros.org/tf/Errors%20explained
[WARN] [1786033157.663382893] []: TF_OLD_DATA ignoring data from the past for frame front_left_wheel at time 1786033141.887543 according to authority Authority undetectable
Possible reasons are listed at http://wiki.ros.org/tf/Errors%20explained
[WARN] [1786033157.663396763] []: TF_OLD_DATA ignoring data from the past for frame front_right_wheel at time 1786033141.887543 according to authority Authority undetectable
Possible reasons are listed at http://wiki.ros.org/tf/Errors%20explained
[WARN] [1786033157.663921470] []: TF_OLD_DATA ignoring data from the past for frame rear_left_wheel at time 1786033141.887543 according to authority Authority undetectable
Possible reasons are listed at http://wiki.ros.org/tf/Errors%20explained
[WARN] [1786033157.663935322] []: TF_OLD_DATA ignoring data from the past for frame rear_right_wheel at time 1786033141.887543 according to authority Authority undetectable
Possible reasons are listed at http://wiki.ros.org/tf/Errors%20explained
[WARN] [1786033157.663996730] []: TF_OLD_DATA ignoring data from the past for frame front_left_wheel at time 1786033141.987595 according to authority Authority undetectable
Possible reasons are listed at http://wiki.ros.org/tf/Errors%20explained
[WARN] [1786033157.664009952] []: TF_OLD_DATA ignoring data from the past for frame front_right_wheel at time 1786033141.987595 according to authority Authority undetectable
Possible reasons are listed at http://wiki.ros.org/tf/Errors%20explained
[WARN] [1786033157.664021248] []: TF_OLD_DATA ignoring data from the past for frame rear_left_wheel at time 1786033141.987595 according to authority Authority undetectable
Possible reasons are listed at http://wiki.ros.org/tf/Errors%20explained
[WARN] [1786033157.664030434] []: TF_OLD_DATA ignoring data from the past for frame rear_right_wheel at time 1786033141.987595 according to authority Authority undetectable
Possible reasons are listed at http://wiki.ros.org/tf/Errors%20explained
[WARN] [1786033157.664077323] []: TF_OLD_DATA ignoring data from the past for frame front_left_wheel at time 1786033142.087729 according to authority Authority undetectable
Possible reasons are listed at http://wiki.ros.org/tf/Errors%20explained
[WARN] [1786033157.664092360] []: TF_OLD_DATA ignoring data from the past for frame front_right_wheel at time 1786033142.087729 according to authority Authority undetectable
Possible reasons are listed at http://wiki.ros.org/tf/Errors%20explained
[WARN] [1786033157.664103027] []: TF_OLD_DATA ignoring data from the past for frame rear_left_wheel at time 1786033142.087729 according to authority Authority undetectable
Possible reasons are listed at http://wiki.ros.org/tf/Errors%20explained
[WARN] [1786033157.664113101] []: TF_OLD_DATA ignoring data from the past for frame rear_right_wheel at time 1786033142.087729 according to authority Authority undetectable
Possible reasons are listed at http://wiki.ros.org/tf/Errors%20explained
[WARN] [1786033157.664181305] []: TF_OLD_DATA ignoring data from the past for frame front_left_wheel at time 1786033142.187540 according to authority Authority undetectable
Possible reasons are listed at http://wiki.ros.org/tf/Errors%20explained
[WARN] [1786033157.664199101] []: TF_OLD_DATA ignoring data from the past for frame front_right_wheel at time 1786033142.187540 according to authority Authority undetectable
Possible reasons are listed at http://wiki.ros.org/tf/Errors%20explained
[WARN] [1786033157.664210046] []: TF_OLD_DATA ignoring data from the past for frame rear_left_wheel at time 1786033142.187540 according to authority Authority undetectable
Possible reasons are listed at http://wiki.ros.org/tf/Errors%20explained
[WARN] [1786033157.664219935] []: TF_OLD_DATA ignoring data from the past for frame rear_right_wheel at time 1786033142.187540 according to authority Authority undetectable
Possible reasons are listed at http://wiki.ros.org/tf/Errors%20explained
[WARN] [1786033157.664249194] []: TF_OLD_DATA ignoring data from the past for frame front_left_wheel at time 1786033142.287543 according to authority Authority undetectable
Possible reasons are listed at http://wiki.ros.org/tf/Errors%20explained
[WARN] [1786033157.664261379] []: TF_OLD_DATA ignoring data from the past for frame front_right_wheel at time 1786033142.287543 according to authority Authority undetectable
Possible reasons are listed at http://wiki.ros.org/tf/Errors%20explained
[WARN] [1786033157.664272361] []: TF_OLD_DATA ignoring data from the past for frame rear_left_wheel at time 1786033142.287543 according to authority Authority undetectable
Possible reasons are listed at http://wiki.ros.org/tf/Errors%20explained
[WARN] [1786033157.664281620] []: TF_OLD_DATA ignoring data from the past for frame rear_right_wheel at time 1786033142.287543 according to authority Authority undetectable
Possible reasons are listed at http://wiki.ros.org/tf/Errors%20explained
[WARN] [1786033157.664308472] []: TF_OLD_DATA ignoring data from the past for frame front_left_wheel at time 1786033142.387554 according to authority Authority undetectable
Possible reasons are listed at http://wiki.ros.org/tf/Errors%20explained
[WARN] [1786033157.664321139] []: TF_OLD_DATA ignoring data from the past for frame front_right_wheel at time 1786033142.387554 according to authority Authority undetectable
Possible reasons are listed at http://wiki.ros.org/tf/Errors%20explained
[WARN] [1786033157.664332158] []: TF_OLD_DATA ignoring data from the past for frame rear_left_wheel at time 1786033142.387554 according to authority Authority undetectable
Possible reasons are listed at http://wiki.ros.org/tf/Errors%20explained
[WARN] [1786033157.664341750] []: TF_OLD_DATA ignoring data from the past for frame rear_right_wheel at time 1786033142.387554 according to authority Authority undetectable
Possible reasons are listed at http://wiki.ros.org/tf/Errors%20explained
[WARN] [1786033157.664369047] []: TF_OLD_DATA ignoring data from the past for frame front_left_wheel at time 1786033142.487536 according to authority Authority undetectable
Possible reasons are listed at http://wiki.ros.org/tf/Errors%20explained
[WARN] [1786033157.664383639] []: TF_OLD_DATA ignoring data from the past for frame front_right_wheel at time 1786033142.487536 according to authority Authority undetectable
Possible reasons are listed at http://wiki.ros.org/tf/Errors%20explained
[WARN] [1786033157.664394195] []: TF_OLD_DATA ignoring data from the past for frame rear_left_wheel at time 1786033142.487536 according to authority Authority undetectable
Possible reasons are listed at http://wiki.ros.org/tf/Errors%20explained
[WARN] [1786033157.664403732] []: TF_OLD_DATA ignoring data from the past for frame rear_right_wheel at time 1786033142.487536 according to authority Authority undetectable
Possible reasons are listed at http://wiki.ros.org/tf/Errors%20explained
[WARN] [1786033157.671601828] []: TF_OLD_DATA ignoring data from the past for frame front_left_wheel at time 1786033142.587782 according to authority Authority undetectable
Possible reasons are listed at http://wiki.ros.org/tf/Errors%20explained
[WARN] [1786033157.671712717] []: TF_OLD_DATA ignoring data from the past for frame front_right_wheel at time 1786033142.587782 according to authority Authority undetectable
Possible reasons are listed at http://wiki.ros.org/tf/Errors%20explained
[WARN] [1786033157.671731754] []: TF_OLD_DATA ignoring data from the past for frame rear_left_wheel at time 1786033142.587782 according to authority Authority undetectable
Possible reasons are listed at http://wiki.ros.org/tf/Errors%20explained
[WARN] [1786033157.671743476] []: TF_OLD_DATA ignoring data from the past for frame rear_right_wheel at time 1786033142.587782 according to authority Authority undetectable
Possible reasons are listed at http://wiki.ros.org/tf/Errors%20explained
[WARN] [1786033157.671801292] []: TF_OLD_DATA ignoring data from the past for frame front_left_wheel at time 1786033142.687589 according to authority Authority undetectable
Possible reasons are listed at http://wiki.ros.org/tf/Errors%20explained
[WARN] [1786033157.671816884] []: TF_OLD_DATA ignoring data from the past for frame front_right_wheel at time 1786033142.687589 according to authority Authority undetectable
Possible reasons are listed at http://wiki.ros.org/tf/Errors%20explained
[WARN] [1786033157.671864810] []: TF_OLD_DATA ignoring data from the past for frame rear_left_wheel at time 1786033142.687589 according to authority Authority undetectable
Possible reasons are listed at http://wiki.ros.org/tf/Errors%20explained
[WARN] [1786033157.671876014] []: TF_OLD_DATA ignoring data from the past for frame rear_right_wheel at time 1786033142.687589 according to authority Authority undetectable
Possible reasons are listed at http://wiki.ros.org/tf/Errors%20explained
[WARN] [1786033157.971371510] []: TF_OLD_DATA ignoring data from the past for frame front_left_wheel at time 1786033142.787589 according to authority Authority undetectable
Possible reasons are listed at http://wiki.ros.org/tf/Errors%20explained
[WARN] [1786033157.971422992] []: TF_OLD_DATA ignoring data from the past for frame front_right_wheel at time 1786033142.787589 according to authority Authority undetectable
Possible reasons are listed at http://wiki.ros.org/tf/Errors%20explained
[WARN] [1786033157.971437899] []: TF_OLD_DATA ignoring data from the past for frame rear_left_wheel at time 1786033142.787589 according to authority Authority undetectable
Possible reasons are listed at http://wiki.ros.org/tf/Errors%20explained
[WARN] [1786033157.971450344] []: TF_OLD_DATA ignoring data from the past for frame rear_right_wheel at time 1786033142.787589 according to authority Authority undetectable
Possible reasons are listed at http://wiki.ros.org/tf/Errors%20explained
[WARN] [1786033157.971500974] []: TF_OLD_DATA ignoring data from the past for frame front_left_wheel at time 1786033142.887557 according to authority Authority undetectable
Possible reasons are listed at http://wiki.ros.org/tf/Errors%20explained
[WARN] [1786033157.971516678] []: TF_OLD_DATA ignoring data from the past for frame front_right_wheel at time 1786033142.887557 according to authority Authority undetectable
Possible reasons are listed at http://wiki.ros.org/tf/Errors%20explained
[WARN] [1786033157.971528567] []: TF_OLD_DATA ignoring data from the past for frame rear_left_wheel at time 1786033142.887557 according to authority Authority undetectable
Possible reasons are listed at http://wiki.ros.org/tf/Errors%20explained
[WARN] [1786033157.971539215] []: TF_OLD_DATA ignoring data from the past for frame rear_right_wheel at time 1786033142.887557 according to authority Authority undetectable
Possible reasons are listed at http://wiki.ros.org/tf/Errors%20explained
[WARN] [1786033157.971567863] []: TF_OLD_DATA ignoring data from the past for frame front_left_wheel at time 1786033142.987566 according to authority Authority undetectable
Possible reasons are listed at http://wiki.ros.org/tf/Errors%20explained
[WARN] [1786033157.971581067] []: TF_OLD_DATA ignoring data from the past for frame front_right_wheel at time 1786033142.987566 according to authority Authority undetectable
Possible reasons are listed at http://wiki.ros.org/tf/Errors%20explained
[WARN] [1786033157.971649882] []: TF_OLD_DATA ignoring data from the past for frame rear_left_wheel at time 1786033142.987566 according to authority Authority undetectable
Possible reasons are listed at http://wiki.ros.org/tf/Errors%20explained
[WARN] [1786033157.971663271] []: TF_OLD_DATA ignoring data from the past for frame rear_right_wheel at time 1786033142.987566 according to authority Authority undetectable
Possible reasons are listed at http://wiki.ros.org/tf/Errors%20explained
[WARN] [1786033157.971704586] []: TF_OLD_DATA ignoring data from the past for frame front_left_wheel at time 1786033143.087549 according to authority Authority undetectable
Possible reasons are listed at http://wiki.ros.org/tf/Errors%20explained
[WARN] [1786033157.971719771] []: TF_OLD_DATA ignoring data from the past for frame front_right_wheel at time 1786033143.087549 according to authority Authority undetectable
Possible reasons are listed at http://wiki.ros.org/tf/Errors%20explained
[WARN] [1786033157.971731586] []: TF_OLD_DATA ignoring data from the past for frame rear_left_wheel at time 1786033143.087549 according to authority Authority undetectable
Possible reasons are listed at http://wiki.ros.org/tf/Errors%20explained
[WARN] [1786033157.971741883] []: TF_OLD_DATA ignoring data from the past for frame rear_right_wheel at time 1786033143.087549 according to authority Authority undetectable
Possible reasons are listed at http://wiki.ros.org/tf/Errors%20explained
[WARN] [1786033157.971774568] []: TF_OLD_DATA ignoring data from the past for frame front_left_wheel at time 1786033143.187545 according to authority Authority undetectable
Possible reasons are listed at http://wiki.ros.org/tf/Errors%20explained
[WARN] [1786033157.971788642] []: TF_OLD_DATA ignoring data from the past for frame front_right_wheel at time 1786033143.187545 according to authority Authority undetectable
Possible reasons are listed at http://wiki.ros.org/tf/Errors%20explained
[WARN] [1786033157.971800827] []: TF_OLD_DATA ignoring data from the past for frame rear_left_wheel at time 1786033143.187545 according to authority Authority undetectable
Possible reasons are listed at http://wiki.ros.org/tf/Errors%20explained
[WARN] [1786033157.971811124] []: TF_OLD_DATA ignoring data from the past for frame rear_right_wheel at time 1786033143.187545 according to authority Authority undetectable
Possible reasons are listed at http://wiki.ros.org/tf/Errors%20explained
[WARN] [1786033157.971838716] []: TF_OLD_DATA ignoring data from the past for frame front_left_wheel at time 1786033143.287570 according to authority Authority undetectable
Possible reasons are listed at http://wiki.ros.org/tf/Errors%20explained
[WARN] [1786033157.971852883] []: TF_OLD_DATA ignoring data from the past for frame front_right_wheel at time 1786033143.287570 according to authority Authority undetectable
Possible reasons are listed at http://wiki.ros.org/tf/Errors%20explained
[WARN] [1786033157.971865309] []: TF_OLD_DATA ignoring data from the past for frame rear_left_wheel at time 1786033143.287570 according to authority Authority undetectable
Possible reasons are listed at http://wiki.ros.org/tf/Errors%20explained
[WARN] [1786033157.971875754] []: TF_OLD_DATA ignoring data from the past for frame rear_right_wheel at time 1786033143.287570 according to authority Authority undetectable
Possible reasons are listed at http://wiki.ros.org/tf/Errors%20explained
[WARN] [1786033157.971903013] []: TF_OLD_DATA ignoring data from the past for frame front_left_wheel at time 1786033143.387723 according to authority Authority undetectable
Possible reasons are listed at http://wiki.ros.org/tf/Errors%20explained
[WARN] [1786033157.971915791] []: TF_OLD_DATA ignoring data from the past for frame front_right_wheel at time 1786033143.387723 according to authority Authority undetectable
Possible reasons are listed at http://wiki.ros.org/tf/Errors%20explained
[WARN] [1786033157.971989328] []: TF_OLD_DATA ignoring data from the past for frame rear_left_wheel at time 1786033143.387723 according to authority Authority undetectable
Possible reasons are listed at http://wiki.ros.org/tf/Errors%20explained
[WARN] [1786033157.972004384] []: TF_OLD_DATA ignoring data from the past for frame rear_right_wheel at time 1786033143.387723 according to authority Authority undetectable
Possible reasons are listed at http://wiki.ros.org/tf/Errors%20explained
[WARN] [1786033158.553504130] []: TF_OLD_DATA ignoring data from the past for frame front_left_wheel at time 1786033143.487548 according to authority Authority undetectable
Possible reasons are listed at http://wiki.ros.org/tf/Errors%20explained
[WARN] [1786033158.553544964] []: TF_OLD_DATA ignoring data from the past for frame front_right_wheel at time 1786033143.487548 according to authority Authority undetectable
Possible reasons are listed at http://wiki.ros.org/tf/Errors%20explained
[WARN] [1786033158.553556983] []: TF_OLD_DATA ignoring data from the past for frame rear_left_wheel at time 1786033143.487548 according to authority Authority undetectable
Possible reasons are listed at http://wiki.ros.org/tf/Errors%20explained
[WARN] [1786033158.553566557] []: TF_OLD_DATA ignoring data from the past for frame rear_right_wheel at time 1786033143.487548 according to authority Authority undetectable
Possible reasons are listed at http://wiki.ros.org/tf/Errors%20explained
[WARN] [1786033158.553618187] []: TF_OLD_DATA ignoring data from the past for frame front_left_wheel at time 1786033143.587548 according to authority Authority undetectable
Possible reasons are listed at http://wiki.ros.org/tf/Errors%20explained
[WARN] [1786033158.553659798] []: TF_OLD_DATA ignoring data from the past for frame front_right_wheel at time 1786033143.587548 according to authority Authority undetectable
Possible reasons are listed at http://wiki.ros.org/tf/Errors%20explained
[WARN] [1786033158.553676002] []: TF_OLD_DATA ignoring data from the past for frame rear_left_wheel at time 1786033143.587548 according to authority Authority undetectable
Possible reasons are listed at http://wiki.ros.org/tf/Errors%20explained
[WARN] [1786033158.553685965] []: TF_OLD_DATA ignoring data from the past for frame rear_right_wheel at time 1786033143.587548 according to authority Authority undetectable
Possible reasons are listed at http://wiki.ros.org/tf/Errors%20explained
[WARN] [1786033158.560226538] []: TF_OLD_DATA ignoring data from the past for frame front_left_wheel at time 1786033143.687510 according to authority Authority undetectable
Possible reasons are listed at http://wiki.ros.org/tf/Errors%20explained
[WARN] [1786033158.560367669] []: TF_OLD_DATA ignoring data from the past for frame front_right_wheel at time 1786033143.687510 according to authority Authority undetectable
Possible reasons are listed at http://wiki.ros.org/tf/Errors%20explained
[WARN] [1786033158.560400669] []: TF_OLD_DATA ignoring data from the past for frame rear_left_wheel at time 1786033143.687510 according to authority Authority undetectable
Possible reasons are listed at http://wiki.ros.org/tf/Errors%20explained
[WARN] [1786033158.560410335] []: TF_OLD_DATA ignoring data from the past for frame rear_right_wheel at time 1786033143.687510 according to authority Authority undetectable
Possible reasons are listed at http://wiki.ros.org/tf/Errors%20explained
[WARN] [1786033158.560505688] []: TF_OLD_DATA ignoring data from the past for frame front_left_wheel at time 1786033143.787549 according to authority Authority undetectable
Possible reasons are listed at http://wiki.ros.org/tf/Errors%20explained
[WARN] [1786033158.560532503] []: TF_OLD_DATA ignoring data from the past for frame front_right_wheel at time 1786033143.787549 according to authority Authority undetectable
Possible reasons are listed at http://wiki.ros.org/tf/Errors%20explained
[WARN] [1786033158.560592873] []: TF_OLD_DATA ignoring data from the past for frame rear_left_wheel at time 1786033143.787549 according to authority Authority undetectable
Possible reasons are listed at http://wiki.ros.org/tf/Errors%20explained
[WARN] [1786033158.560653929] []: TF_OLD_DATA ignoring data from the past for frame rear_right_wheel at time 1786033143.787549 according to authority Authority undetectable
Possible reasons are listed at http://wiki.ros.org/tf/Errors%20explained
[WARN] [1786033158.560709393] []: TF_OLD_DATA ignoring data from the past for frame front_left_wheel at time 1786033143.887576 according to authority Authority undetectable
Possible reasons are listed at http://wiki.ros.org/tf/Errors%20explained
[WARN] [1786033158.560727856] []: TF_OLD_DATA ignoring data from the past for frame front_right_wheel at time 1786033143.887576 according to authority Authority undetectable
Possible reasons are listed at http://wiki.ros.org/tf/Errors%20explained
[WARN] [1786033158.560738948] []: TF_OLD_DATA ignoring data from the past for frame rear_left_wheel at time 1786033143.887576 according to authority Authority undetectable
Possible reasons are listed at http://wiki.ros.org/tf/Errors%20explained
[WARN] [1786033158.560747522] []: TF_OLD_DATA ignoring data from the past for frame rear_right_wheel at time 1786033143.887576 according to authority Authority undetectable
Possible reasons are listed at http://wiki.ros.org/tf/Errors%20explained
[WARN] [1786033158.565404178] []: TF_OLD_DATA ignoring data from the past for frame front_left_wheel at time 1786033143.987540 according to authority Authority undetectable
Possible reasons are listed at http://wiki.ros.org/tf/Errors%20explained
[WARN] [1786033158.565447586] []: TF_OLD_DATA ignoring data from the past for frame front_right_wheel at time 1786033143.987540 according to authority Authority undetectable
Possible reasons are listed at http://wiki.ros.org/tf/Errors%20explained
[WARN] [1786033158.565460160] []: TF_OLD_DATA ignoring data from the past for frame rear_left_wheel at time 1786033143.987540 according to authority Authority undetectable
Possible reasons are listed at http://wiki.ros.org/tf/Errors%20explained
[WARN] [1786033158.565469660] []: TF_OLD_DATA ignoring data from the past for frame rear_right_wheel at time 1786033143.987540 according to authority Authority undetectable
Possible reasons are listed at http://wiki.ros.org/tf/Errors%20explained
[WARN] [1786033158.573302222] []: TF_OLD_DATA ignoring data from the past for frame front_left_wheel at time 1786033144.087566 according to authority Authority undetectable
Possible reasons are listed at http://wiki.ros.org/tf/Errors%20explained
[WARN] [1786033158.573336296] []: TF_OLD_DATA ignoring data from the past for frame front_right_wheel at time 1786033144.087566 according to authority Authority undetectable
Possible reasons are listed at http://wiki.ros.org/tf/Errors%20explained
[WARN] [1786033158.573347574] []: TF_OLD_DATA ignoring data from the past for frame rear_left_wheel at time 1786033144.087566 according to authority Authority undetectable
Possible reasons are listed at http://wiki.ros.org/tf/Errors%20explained
[WARN] [1786033158.573356555] []: TF_OLD_DATA ignoring data from the past for frame rear_right_wheel at time 1786033144.087566 according to authority Authority undetectable
Possible reasons are listed at http://wiki.ros.org/tf/Errors%20explained
[WARN] [1786033158.573395204] []: TF_OLD_DATA ignoring data from the past for frame front_left_wheel at time 1786033144.187633 according to authority Authority undetectable
Possible reasons are listed at http://wiki.ros.org/tf/Errors%20explained
[WARN] [1786033158.573406185] []: TF_OLD_DATA ignoring data from the past for frame front_right_wheel at time 1786033144.187633 according to authority Authority undetectable
Possible reasons are listed at http://wiki.ros.org/tf/Errors%20explained
[WARN] [1786033158.573414611] []: TF_OLD_DATA ignoring data from the past for frame rear_left_wheel at time 1786033144.187633 according to authority Authority undetectable
Possible reasons are listed at http://wiki.ros.org/tf/Errors%20explained
[WARN] [1786033158.573422185] []: TF_OLD_DATA ignoring data from the past for frame rear_right_wheel at time 1786033144.187633 according to authority Authority undetectable
Possible reasons are listed at http://wiki.ros.org/tf/Errors%20explained
[WARN] [1786033158.573485686] []: TF_OLD_DATA ignoring data from the past for frame front_left_wheel at time 1786033144.287689 according to authority Authority undetectable
Possible reasons are listed at http://wiki.ros.org/tf/Errors%20explained
[WARN] [1786033158.573500204] []: TF_OLD_DATA ignoring data from the past for frame front_right_wheel at time 1786033144.287689 according to authority Authority undetectable
Possible reasons are listed at http://wiki.ros.org/tf/Errors%20explained
[WARN] [1786033158.573510223] []: TF_OLD_DATA ignoring data from the past for frame rear_left_wheel at time 1786033144.287689 according to authority Authority undetectable
Possible reasons are listed at http://wiki.ros.org/tf/Errors%20explained
[WARN] [1786033158.573518149] []: TF_OLD_DATA ignoring data from the past for frame rear_right_wheel at time 1786033144.287689 according to authority Authority undetectable
Possible reasons are listed at http://wiki.ros.org/tf/Errors%20explained
[WARN] [1786033158.573542149] []: TF_OLD_DATA ignoring data from the past for frame front_left_wheel at time 1786033144.387547 according to authority Authority undetectable
Possible reasons are listed at http://wiki.ros.org/tf/Errors%20explained
[WARN] [1786033158.573551631] []: TF_OLD_DATA ignoring data from the past for frame front_right_wheel at time 1786033144.387547 according to authority Authority undetectable
Possible reasons are listed at http://wiki.ros.org/tf/Errors%20explained
[WARN] [1786033158.573560427] []: TF_OLD_DATA ignoring data from the past for frame rear_left_wheel at time 1786033144.387547 according to authority Authority undetectable
Possible reasons are listed at http://wiki.ros.org/tf/Errors%20explained
[WARN] [1786033158.573567946] []: TF_OLD_DATA ignoring data from the past for frame rear_right_wheel at time 1786033144.387547 according to authority Authority undetectable
Possible reasons are listed at http://wiki.ros.org/tf/Errors%20explained
[WARN] [1786033158.573588816] []: TF_OLD_DATA ignoring data from the past for frame front_left_wheel at time 1786033144.487539 according to authority Authority undetectable
Possible reasons are listed at http://wiki.ros.org/tf/Errors%20explained
[WARN] [1786033158.573600464] []: TF_OLD_DATA ignoring data from the past for frame front_right_wheel at time 1786033144.487539 according to authority Authority undetectable
Possible reasons are listed at http://wiki.ros.org/tf/Errors%20explained
[WARN] [1786033158.573608816] []: TF_OLD_DATA ignoring data from the past for frame rear_left_wheel at time 1786033144.487539 according to authority Authority undetectable
Possible reasons are listed at http://wiki.ros.org/tf/Errors%20explained
[WARN] [1786033158.573615983] []: TF_OLD_DATA ignoring data from the past for frame rear_right_wheel at time 1786033144.487539 according to authority Authority undetectable
Possible reasons are listed at http://wiki.ros.org/tf/Errors%20explained
[WARN] [1786033158.573635001] []: TF_OLD_DATA ignoring data from the past for frame front_left_wheel at time 1786033144.587573 according to authority Authority undetectable
Possible reasons are listed at http://wiki.ros.org/tf/Errors%20explained
[WARN] [1786033158.573644427] []: TF_OLD_DATA ignoring data from the past for frame front_right_wheel at time 1786033144.587573 according to authority Authority undetectable
Possible reasons are listed at http://wiki.ros.org/tf/Errors%20explained
[WARN] [1786033158.573652798] []: TF_OLD_DATA ignoring data from the past for frame rear_left_wheel at time 1786033144.587573 according to authority Authority undetectable
Possible reasons are listed at http://wiki.ros.org/tf/Errors%20explained
[WARN] [1786033158.573660131] []: TF_OLD_DATA ignoring data from the past for frame rear_right_wheel at time 1786033144.587573 according to authority Authority undetectable
Possible reasons are listed at http://wiki.ros.org/tf/Errors%20explained
[WARN] [1786033158.573696298] []: TF_OLD_DATA ignoring data from the past for frame front_left_wheel at time 1786033144.687532 according to authority Authority undetectable
Possible reasons are listed at http://wiki.ros.org/tf/Errors%20explained
[WARN] [1786033158.573707650] []: TF_OLD_DATA ignoring data from the past for frame front_right_wheel at time 1786033144.687532 according to authority Authority undetectable
Possible reasons are listed at http://wiki.ros.org/tf/Errors%20explained
[WARN] [1786033158.573716632] []: TF_OLD_DATA ignoring data from the past for frame rear_left_wheel at time 1786033144.687532 according to authority Authority undetectable
Possible reasons are listed at http://wiki.ros.org/tf/Errors%20explained
[WARN] [1786033158.573724057] []: TF_OLD_DATA ignoring data from the past for frame rear_right_wheel at time 1786033144.687532 according to authority Authority undetectable
Possible reasons are listed at http://wiki.ros.org/tf/Errors%20explained
[WARN] [1786033158.573746446] []: TF_OLD_DATA ignoring data from the past for frame front_left_wheel at time 1786033144.787561 according to authority Authority undetectable
Possible reasons are listed at http://wiki.ros.org/tf/Errors%20explained
[WARN] [1786033158.573756113] []: TF_OLD_DATA ignoring data from the past for frame front_right_wheel at time 1786033144.787561 according to authority Authority undetectable
Possible reasons are listed at http://wiki.ros.org/tf/Errors%20explained
[WARN] [1786033158.573764280] []: TF_OLD_DATA ignoring data from the past for frame rear_left_wheel at time 1786033144.787561 according to authority Authority undetectable
Possible reasons are listed at http://wiki.ros.org/tf/Errors%20explained
[WARN] [1786033158.573771687] []: TF_OLD_DATA ignoring data from the past for frame rear_right_wheel at time 1786033144.787561 according to authority Authority undetectable
Possible reasons are listed at http://wiki.ros.org/tf/Errors%20explained
[WARN] [1786033158.573791410] []: TF_OLD_DATA ignoring data from the past for frame front_left_wheel at time 1786033144.887516 according to authority Authority undetectable
Possible reasons are listed at http://wiki.ros.org/tf/Errors%20explained
[WARN] [1786033158.573800799] []: TF_OLD_DATA ignoring data from the past for frame front_right_wheel at time 1786033144.887516 according to authority Authority undetectable
Possible reasons are listed at http://wiki.ros.org/tf/Errors%20explained
[WARN] [1786033158.573812114] []: TF_OLD_DATA ignoring data from the past for frame rear_left_wheel at time 1786033144.887516 according to authority Authority undetectable
Possible reasons are listed at http://wiki.ros.org/tf/Errors%20explained
[WARN] [1786033158.573819743] []: TF_OLD_DATA ignoring data from the past for frame rear_right_wheel at time 1786033144.887516 according to authority Authority undetectable
Possible reasons are listed at http://wiki.ros.org/tf/Errors%20explained
[WARN] [1786033158.573839484] []: TF_OLD_DATA ignoring data from the past for frame front_left_wheel at time 1786033144.987651 according to authority Authority undetectable
Possible reasons are listed at http://wiki.ros.org/tf/Errors%20explained
[WARN] [1786033158.573848706] []: TF_OLD_DATA ignoring data from the past for frame front_right_wheel at time 1786033144.987651 according to authority Authority undetectable
Possible reasons are listed at http://wiki.ros.org/tf/Errors%20explained
[WARN] [1786033158.573856743] []: TF_OLD_DATA ignoring data from the past for frame rear_left_wheel at time 1786033144.987651 according to authority Authority undetectable
Possible reasons are listed at http://wiki.ros.org/tf/Errors%20explained
[WARN] [1786033158.573863929] []: TF_OLD_DATA ignoring data from the past for frame rear_right_wheel at time 1786033144.987651 according to authority Authority undetectable
Possible reasons are listed at http://wiki.ros.org/tf/Errors%20explained
[WARN] [1786033158.573882725] []: TF_OLD_DATA ignoring data from the past for frame front_left_wheel at time 1786033145.087544 according to authority Authority undetectable
Possible reasons are listed at http://wiki.ros.org/tf/Errors%20explained
[WARN] [1786033158.573905392] []: TF_OLD_DATA ignoring data from the past for frame front_right_wheel at time 1786033145.087544 according to authority Authority undetectable
Possible reasons are listed at http://wiki.ros.org/tf/Errors%20explained
[WARN] [1786033158.573914633] []: TF_OLD_DATA ignoring data from the past for frame rear_left_wheel at time 1786033145.087544 according to authority Authority undetectable
Possible reasons are listed at http://wiki.ros.org/tf/Errors%20explained
[WARN] [1786033158.573923410] []: TF_OLD_DATA ignoring data from the past for frame rear_right_wheel at time 1786033145.087544 according to authority Authority undetectable
Possible reasons are listed at http://wiki.ros.org/tf/Errors%20explained
[WARN] [1786033158.573945262] []: TF_OLD_DATA ignoring data from the past for frame front_left_wheel at time 1786033145.187571 according to authority Authority undetectable
Possible reasons are listed at http://wiki.ros.org/tf/Errors%20explained
[WARN] [1786033158.573954929] []: TF_OLD_DATA ignoring data from the past for frame front_right_wheel at time 1786033145.187571 according to authority Authority undetectable
Possible reasons are listed at http://wiki.ros.org/tf/Errors%20explained
[WARN] [1786033158.573963670] []: TF_OLD_DATA ignoring data from the past for frame rear_left_wheel at time 1786033145.187571 according to authority Authority undetectable
Possible reasons are listed at http://wiki.ros.org/tf/Errors%20explained
[WARN] [1786033158.573971133] []: TF_OLD_DATA ignoring data from the past for frame rear_right_wheel at time 1786033145.187571 according to authority Authority undetectable
Possible reasons are listed at http://wiki.ros.org/tf/Errors%20explained
[WARN] [1786033158.573989892] []: TF_OLD_DATA ignoring data from the past for frame front_left_wheel at time 1786033145.287563 according to authority Authority undetectable
Possible reasons are listed at http://wiki.ros.org/tf/Errors%20explained
[WARN] [1786033158.573999003] []: TF_OLD_DATA ignoring data from the past for frame front_right_wheel at time 1786033145.287563 according to authority Authority undetectable
Possible reasons are listed at http://wiki.ros.org/tf/Errors%20explained
[WARN] [1786033158.574009115] []: TF_OLD_DATA ignoring data from the past for frame rear_left_wheel at time 1786033145.287563 according to authority Authority undetectable
Possible reasons are listed at http://wiki.ros.org/tf/Errors%20explained
[WARN] [1786033158.574016652] []: TF_OLD_DATA ignoring data from the past for frame rear_right_wheel at time 1786033145.287563 according to authority Authority undetectable
Possible reasons are listed at http://wiki.ros.org/tf/Errors%20explained
[WARN] [1786033158.574034633] []: TF_OLD_DATA ignoring data from the past for frame front_left_wheel at time 1786033145.387581 according to authority Authority undetectable
Possible reasons are listed at http://wiki.ros.org/tf/Errors%20explained
[WARN] [1786033158.574043948] []: TF_OLD_DATA ignoring data from the past for frame front_right_wheel at time 1786033145.387581 according to authority Authority undetectable
Possible reasons are listed at http://wiki.ros.org/tf/Errors%20explained
[WARN] [1786033158.574052133] []: TF_OLD_DATA ignoring data from the past for frame rear_left_wheel at time 1786033145.387581 according to authority Authority undetectable
Possible reasons are listed at http://wiki.ros.org/tf/Errors%20explained
[WARN] [1786033158.574075022] []: TF_OLD_DATA ignoring data from the past for frame rear_right_wheel at time 1786033145.387581 according to authority Authority undetectable
Possible reasons are listed at http://wiki.ros.org/tf/Errors%20explained
[WARN] [1786033158.577417597] []: TF_OLD_DATA ignoring data from the past for frame front_left_wheel at time 1786033145.487562 according to authority Authority undetectable
Possible reasons are listed at http://wiki.ros.org/tf/Errors%20explained
[WARN] [1786033158.577452652] []: TF_OLD_DATA ignoring data from the past for frame front_right_wheel at time 1786033145.487562 according to authority Authority undetectable
Possible reasons are listed at http://wiki.ros.org/tf/Errors%20explained
[WARN] [1786033158.577494023] []: TF_OLD_DATA ignoring data from the past for frame rear_left_wheel at time 1786033145.487562 according to authority Authority undetectable
Possible reasons are listed at http://wiki.ros.org/tf/Errors%20explained
[WARN] [1786033158.577503393] []: TF_OLD_DATA ignoring data from the past for frame rear_right_wheel at time 1786033145.487562 according to authority Authority undetectable
Possible reasons are listed at http://wiki.ros.org/tf/Errors%20explained
[WARN] [1786033158.577543468] []: TF_OLD_DATA ignoring data from the past for frame front_left_wheel at time 1786033145.587871 according to authority Authority undetectable
Possible reasons are listed at http://wiki.ros.org/tf/Errors%20explained
[WARN] [1786033158.577552912] []: TF_OLD_DATA ignoring data from the past for frame front_right_wheel at time 1786033145.587871 according to authority Authority undetectable
Possible reasons are listed at http://wiki.ros.org/tf/Errors%20explained
[WARN] [1786033158.577561023] []: TF_OLD_DATA ignoring data from the past for frame rear_left_wheel at time 1786033145.587871 according to authority Authority undetectable
Possible reasons are listed at http://wiki.ros.org/tf/Errors%20explained
[WARN] [1786033158.577568449] []: TF_OLD_DATA ignoring data from the past for frame rear_right_wheel at time 1786033145.587871 according to authority Authority undetectable
Possible reasons are listed at http://wiki.ros.org/tf/Errors%20explained
[WARN] [1786033158.577587560] []: TF_OLD_DATA ignoring data from the past for frame front_left_wheel at time 1786033145.687537 according to authority Authority undetectable
Possible reasons are listed at http://wiki.ros.org/tf/Errors%20explained
[WARN] [1786033158.577596597] []: TF_OLD_DATA ignoring data from the past for frame front_right_wheel at time 1786033145.687537 according to authority Authority undetectable
Possible reasons are listed at http://wiki.ros.org/tf/Errors%20explained
[WARN] [1786033158.577604709] []: TF_OLD_DATA ignoring data from the past for frame rear_left_wheel at time 1786033145.687537 according to authority Authority undetectable
Possible reasons are listed at http://wiki.ros.org/tf/Errors%20explained
[WARN] [1786033158.577613857] []: TF_OLD_DATA ignoring data from the past for frame rear_right_wheel at time 1786033145.687537 according to authority Authority undetectable
Possible reasons are listed at http://wiki.ros.org/tf/Errors%20explained
[WARN] [1786033158.577632524] []: TF_OLD_DATA ignoring data from the past for frame front_left_wheel at time 1786033145.787563 according to authority Authority undetectable
Possible reasons are listed at http://wiki.ros.org/tf/Errors%20explained
[WARN] [1786033158.577641357] []: TF_OLD_DATA ignoring data from the past for frame front_right_wheel at time 1786033145.787563 according to authority Authority undetectable
Possible reasons are listed at http://wiki.ros.org/tf/Errors%20explained
[WARN] [1786033158.577649672] []: TF_OLD_DATA ignoring data from the past for frame rear_left_wheel at time 1786033145.787563 according to authority Authority undetectable
Possible reasons are listed at http://wiki.ros.org/tf/Errors%20explained
[WARN] [1786033158.577656950] []: TF_OLD_DATA ignoring data from the past for frame rear_right_wheel at time 1786033145.787563 according to authority Authority undetectable
Possible reasons are listed at http://wiki.ros.org/tf/Errors%20explained
[WARN] [1786033158.577674894] []: TF_OLD_DATA ignoring data from the past for frame front_left_wheel at time 1786033145.887562 according to authority Authority undetectable
Possible reasons are listed at http://wiki.ros.org/tf/Errors%20explained
[WARN] [1786033158.577683931] []: TF_OLD_DATA ignoring data from the past for frame front_right_wheel at time 1786033145.887562 according to authority Authority undetectable
Possible reasons are listed at http://wiki.ros.org/tf/Errors%20explained
[WARN] [1786033158.577707302] []: TF_OLD_DATA ignoring data from the past for frame rear_left_wheel at time 1786033145.887562 according to authority Authority undetectable
Possible reasons are listed at http://wiki.ros.org/tf/Errors%20explained
[WARN] [1786033158.577715802] []: TF_OLD_DATA ignoring data from the past for frame rear_right_wheel at time 1786033145.887562 according to authority Authority undetectable
Possible reasons are listed at http://wiki.ros.org/tf/Errors%20explained
[WARN] [1786033158.577735376] []: TF_OLD_DATA ignoring data from the past for frame front_left_wheel at time 1786033145.987556 according to authority Authority undetectable
Possible reasons are listed at http://wiki.ros.org/tf/Errors%20explained
[WARN] [1786033158.577744654] []: TF_OLD_DATA ignoring data from the past for frame front_right_wheel at time 1786033145.987556 according to authority Authority undetectable
Possible reasons are listed at http://wiki.ros.org/tf/Errors%20explained
[WARN] [1786033158.577752821] []: TF_OLD_DATA ignoring data from the past for frame rear_left_wheel at time 1786033145.987556 according to authority Authority undetectable
Possible reasons are listed at http://wiki.ros.org/tf/Errors%20explained
[WARN] [1786033158.577760043] []: TF_OLD_DATA ignoring data from the past for frame rear_right_wheel at time 1786033145.987556 according to authority Authority undetectable
Possible reasons are listed at http://wiki.ros.org/tf/Errors%20explained
[WARN] [1786033158.577777543] []: TF_OLD_DATA ignoring data from the past for frame front_left_wheel at time 1786033146.087565 according to authority Authority undetectable
Possible reasons are listed at http://wiki.ros.org/tf/Errors%20explained
[WARN] [1786033158.577786487] []: TF_OLD_DATA ignoring data from the past for frame front_right_wheel at time 1786033146.087565 according to authority Authority undetectable
Possible reasons are listed at http://wiki.ros.org/tf/Errors%20explained
[WARN] [1786033158.577794580] []: TF_OLD_DATA ignoring data from the past for frame rear_left_wheel at time 1786033146.087565 according to authority Authority undetectable
Possible reasons are listed at http://wiki.ros.org/tf/Errors%20explained
[WARN] [1786033158.577803765] []: TF_OLD_DATA ignoring data from the past for frame rear_right_wheel at time 1786033146.087565 according to authority Authority undetectable
Possible reasons are listed at http://wiki.ros.org/tf/Errors%20explained
[WARN] [1786033158.577821617] []: TF_OLD_DATA ignoring data from the past for frame front_left_wheel at time 1786033146.187547 according to authority Authority undetectable
Possible reasons are listed at http://wiki.ros.org/tf/Errors%20explained
[WARN] [1786033158.577830840] []: TF_OLD_DATA ignoring data from the past for frame front_right_wheel at time 1786033146.187547 according to authority Authority undetectable
Possible reasons are listed at http://wiki.ros.org/tf/Errors%20explained
[WARN] [1786033158.577839006] []: TF_OLD_DATA ignoring data from the past for frame rear_left_wheel at time 1786033146.187547 according to authority Authority undetectable
Possible reasons are listed at http://wiki.ros.org/tf/Errors%20explained
[WARN] [1786033158.577846321] []: TF_OLD_DATA ignoring data from the past for frame rear_right_wheel at time 1786033146.187547 according to authority Authority undetectable
Possible reasons are listed at http://wiki.ros.org/tf/Errors%20explained
[WARN] [1786033158.577864062] []: TF_OLD_DATA ignoring data from the past for frame front_left_wheel at time 1786033146.287555 according to authority Authority undetectable
Possible reasons are listed at http://wiki.ros.org/tf/Errors%20explained
[WARN] [1786033158.577872877] []: TF_OLD_DATA ignoring data from the past for frame front_right_wheel at time 1786033146.287555 according to authority Authority undetectable
Possible reasons are listed at http://wiki.ros.org/tf/Errors%20explained
[WARN] [1786033158.577881006] []: TF_OLD_DATA ignoring data from the past for frame rear_left_wheel at time 1786033146.287555 according to authority Authority undetectable
Possible reasons are listed at http://wiki.ros.org/tf/Errors%20explained
[WARN] [1786033158.577902025] []: TF_OLD_DATA ignoring data from the past for frame rear_right_wheel at time 1786033146.287555 according to authority Authority undetectable
Possible reasons are listed at http://wiki.ros.org/tf/Errors%20explained
[WARN] [1786033158.577924766] []: TF_OLD_DATA ignoring data from the past for frame front_left_wheel at time 1786033146.387612 according to authority Authority undetectable
Possible reasons are listed at http://wiki.ros.org/tf/Errors%20explained
[WARN] [1786033158.577934118] []: TF_OLD_DATA ignoring data from the past for frame front_right_wheel at time 1786033146.387612 according to authority Authority undetectable
Possible reasons are listed at http://wiki.ros.org/tf/Errors%20explained
[WARN] [1786033158.577942711] []: TF_OLD_DATA ignoring data from the past for frame rear_left_wheel at time 1786033146.387612 according to authority Authority undetectable
Possible reasons are listed at http://wiki.ros.org/tf/Errors%20explained
[WARN] [1786033158.577950155] []: TF_OLD_DATA ignoring data from the past for frame rear_right_wheel at time 1786033146.387612 according to authority Authority undetectable
Possible reasons are listed at http://wiki.ros.org/tf/Errors%20explained
[WARN] [1786033158.577968211] []: TF_OLD_DATA ignoring data from the past for frame front_left_wheel at time 1786033146.487558 according to authority Authority undetectable
Possible reasons are listed at http://wiki.ros.org/tf/Errors%20explained
[WARN] [1786033158.577977026] []: TF_OLD_DATA ignoring data from the past for frame front_right_wheel at time 1786033146.487558 according to authority Authority undetectable
Possible reasons are listed at http://wiki.ros.org/tf/Errors%20explained
[WARN] [1786033158.577985155] []: TF_OLD_DATA ignoring data from the past for frame rear_left_wheel at time 1786033146.487558 according to authority Authority undetectable
Possible reasons are listed at http://wiki.ros.org/tf/Errors%20explained
[WARN] [1786033158.577992415] []: TF_OLD_DATA ignoring data from the past for frame rear_right_wheel at time 1786033146.487558 according to authority Authority undetectable
Possible reasons are listed at http://wiki.ros.org/tf/Errors%20explained
[WARN] [1786033158.578012229] []: TF_OLD_DATA ignoring data from the past for frame front_left_wheel at time 1786033146.587565 according to authority Authority undetectable
Possible reasons are listed at http://wiki.ros.org/tf/Errors%20explained
[WARN] [1786033158.578021155] []: TF_OLD_DATA ignoring data from the past for frame front_right_wheel at time 1786033146.587565 according to authority Authority undetectable
Possible reasons are listed at http://wiki.ros.org/tf/Errors%20explained
[WARN] [1786033158.578029785] []: TF_OLD_DATA ignoring data from the past for frame rear_left_wheel at time 1786033146.587565 according to authority Authority undetectable
Possible reasons are listed at http://wiki.ros.org/tf/Errors%20explained
[WARN] [1786033158.578037044] []: TF_OLD_DATA ignoring data from the past for frame rear_right_wheel at time 1786033146.587565 according to authority Authority undetectable
Possible reasons are listed at http://wiki.ros.org/tf/Errors%20explained
[WARN] [1786033158.579226940] []: TF_OLD_DATA ignoring data from the past for frame front_left_wheel at time 1786033146.687564 according to authority Authority undetectable
Possible reasons are listed at http://wiki.ros.org/tf/Errors%20explained
[WARN] [1786033158.579304163] []: TF_OLD_DATA ignoring data from the past for frame front_right_wheel at time 1786033146.687564 according to authority Authority undetectable
Possible reasons are listed at http://wiki.ros.org/tf/Errors%20explained
[WARN] [1786033158.579320292] []: TF_OLD_DATA ignoring data from the past for frame rear_left_wheel at time 1786033146.687564 according to authority Authority undetectable
Possible reasons are listed at http://wiki.ros.org/tf/Errors%20explained
[WARN] [1786033158.579331755] []: TF_OLD_DATA ignoring data from the past for frame rear_right_wheel at time 1786033146.687564 according to authority Authority undetectable
Possible reasons are listed at http://wiki.ros.org/tf/Errors%20explained
[WARN] [1786033158.579506830] []: TF_OLD_DATA ignoring data from the past for frame front_left_wheel at time 1786033146.787556 according to authority Authority undetectable
Possible reasons are listed at http://wiki.ros.org/tf/Errors%20explained
[WARN] [1786033158.579525867] []: TF_OLD_DATA ignoring data from the past for frame front_right_wheel at time 1786033146.787556 according to authority Authority undetectable
Possible reasons are listed at http://wiki.ros.org/tf/Errors%20explained
[WARN] [1786033158.580712707] []: TF_OLD_DATA ignoring data from the past for frame rear_left_wheel at time 1786033146.787556 according to authority Authority undetectable
Possible reasons are listed at http://wiki.ros.org/tf/Errors%20explained
[WARN] [1786033158.580736356] []: TF_OLD_DATA ignoring data from the past for frame rear_right_wheel at time 1786033146.787556 according to authority Authority undetectable
Possible reasons are listed at http://wiki.ros.org/tf/Errors%20explained
[WARN] [1786033158.580845930] []: TF_OLD_DATA ignoring data from the past for frame front_left_wheel at time 1786033146.887554 according to authority Authority undetectable
Possible reasons are listed at http://wiki.ros.org/tf/Errors%20explained
[WARN] [1786033158.580862838] []: TF_OLD_DATA ignoring data from the past for frame front_right_wheel at time 1786033146.887554 according to authority Authority undetectable
Possible reasons are listed at http://wiki.ros.org/tf/Errors%20explained
[WARN] [1786033158.580872282] []: TF_OLD_DATA ignoring data from the past for frame rear_left_wheel at time 1786033146.887554 according to authority Authority undetectable
Possible reasons are listed at http://wiki.ros.org/tf/Errors%20explained
[WARN] [1786033158.580880431] []: TF_OLD_DATA ignoring data from the past for frame rear_right_wheel at time 1786033146.887554 according to authority Authority undetectable
Possible reasons are listed at http://wiki.ros.org/tf/Errors%20explained
[WARN] [1786033158.580920746] []: TF_OLD_DATA ignoring data from the past for frame front_left_wheel at time 1786033146.987546 according to authority Authority undetectable
Possible reasons are listed at http://wiki.ros.org/tf/Errors%20explained
[WARN] [1786033158.580933060] []: TF_OLD_DATA ignoring data from the past for frame front_right_wheel at time 1786033146.987546 according to authority Authority undetectable
Possible reasons are listed at http://wiki.ros.org/tf/Errors%20explained
[WARN] [1786033158.580942357] []: TF_OLD_DATA ignoring data from the past for frame rear_left_wheel at time 1786033146.987546 according to authority Authority undetectable
Possible reasons are listed at http://wiki.ros.org/tf/Errors%20explained
[WARN] [1786033158.580950375] []: TF_OLD_DATA ignoring data from the past for frame rear_right_wheel at time 1786033146.987546 according to authority Authority undetectable
Possible reasons are listed at http://wiki.ros.org/tf/Errors%20explained
[WARN] [1786033158.581987140] []: TF_OLD_DATA ignoring data from the past for frame front_left_wheel at time 1786033147.087523 according to authority Authority undetectable
Possible reasons are listed at http://wiki.ros.org/tf/Errors%20explained
[WARN] [1786033158.582011215] []: TF_OLD_DATA ignoring data from the past for frame front_right_wheel at time 1786033147.087523 according to authority Authority undetectable
Possible reasons are listed at http://wiki.ros.org/tf/Errors%20explained
[WARN] [1786033158.582020159] []: TF_OLD_DATA ignoring data from the past for frame rear_left_wheel at time 1786033147.087523 according to authority Authority undetectable
Possible reasons are listed at http://wiki.ros.org/tf/Errors%20explained
[WARN] [1786033158.582027604] []: TF_OLD_DATA ignoring data from the past for frame rear_right_wheel at time 1786033147.087523 according to authority Authority undetectable
Possible reasons are listed at http://wiki.ros.org/tf/Errors%20explained
[WARN] [1786033158.582097660] []: TF_OLD_DATA ignoring data from the past for frame front_left_wheel at time 1786033147.187648 according to authority Authority undetectable
Possible reasons are listed at http://wiki.ros.org/tf/Errors%20explained
[WARN] [1786033158.582108974] []: TF_OLD_DATA ignoring data from the past for frame front_right_wheel at time 1786033147.187648 according to authority Authority undetectable
Possible reasons are listed at http://wiki.ros.org/tf/Errors%20explained
[WARN] [1786033158.582117400] []: TF_OLD_DATA ignoring data from the past for frame rear_left_wheel at time 1786033147.187648 according to authority Authority undetectable
Possible reasons are listed at http://wiki.ros.org/tf/Errors%20explained
[WARN] [1786033158.582125419] []: TF_OLD_DATA ignoring data from the past for frame rear_right_wheel at time 1786033147.187648 according to authority Authority undetectable
Possible reasons are listed at http://wiki.ros.org/tf/Errors%20explained
[WARN] [1786033158.582649292] []: TF_OLD_DATA ignoring data from the past for frame front_left_wheel at time 1786033147.287521 according to authority Authority undetectable
Possible reasons are listed at http://wiki.ros.org/tf/Errors%20explained
[WARN] [1786033158.582669107] []: TF_OLD_DATA ignoring data from the past for frame front_right_wheel at time 1786033147.287521 according to authority Authority undetectable
Possible reasons are listed at http://wiki.ros.org/tf/Errors%20explained
[WARN] [1786033158.582677903] []: TF_OLD_DATA ignoring data from the past for frame rear_left_wheel at time 1786033147.287521 according to authority Authority undetectable
Possible reasons are listed at http://wiki.ros.org/tf/Errors%20explained
[WARN] [1786033158.582686311] []: TF_OLD_DATA ignoring data from the past for frame rear_right_wheel at time 1786033147.287521 according to authority Authority undetectable
Possible reasons are listed at http://wiki.ros.org/tf/Errors%20explained
[WARN] [1786033158.582726737] []: TF_OLD_DATA ignoring data from the past for frame front_left_wheel at time 1786033147.387550 according to authority Authority undetectable
Possible reasons are listed at http://wiki.ros.org/tf/Errors%20explained
[WARN] [1786033158.582739885] []: TF_OLD_DATA ignoring data from the past for frame front_right_wheel at time 1786033147.387550 according to authority Authority undetectable
Possible reasons are listed at http://wiki.ros.org/tf/Errors%20explained
[WARN] [1786033158.582748385] []: TF_OLD_DATA ignoring data from the past for frame rear_left_wheel at time 1786033147.387550 according to authority Authority undetectable
Possible reasons are listed at http://wiki.ros.org/tf/Errors%20explained
[WARN] [1786033158.582755830] []: TF_OLD_DATA ignoring data from the past for frame rear_right_wheel at time 1786033147.387550 according to authority Authority undetectable
Possible reasons are listed at http://wiki.ros.org/tf/Errors%20explained
[WARN] [1786033158.582777386] []: TF_OLD_DATA ignoring data from the past for frame front_left_wheel at time 1786033147.487871 according to authority Authority undetectable
Possible reasons are listed at http://wiki.ros.org/tf/Errors%20explained
[WARN] [1786033158.582786589] []: TF_OLD_DATA ignoring data from the past for frame front_right_wheel at time 1786033147.487871 according to authority Authority undetectable
Possible reasons are listed at http://wiki.ros.org/tf/Errors%20explained
[WARN] [1786033158.582794682] []: TF_OLD_DATA ignoring data from the past for frame rear_left_wheel at time 1786033147.487871 according to authority Authority undetectable
Possible reasons are listed at http://wiki.ros.org/tf/Errors%20explained
[WARN] [1786033158.582802071] []: TF_OLD_DATA ignoring data from the past for frame rear_right_wheel at time 1786033147.487871 according to authority Authority undetectable
Possible reasons are listed at http://wiki.ros.org/tf/Errors%20explained
[WARN] [1786033158.582824367] []: TF_OLD_DATA ignoring data from the past for frame front_left_wheel at time 1786033147.587581 according to authority Authority undetectable
Possible reasons are listed at http://wiki.ros.org/tf/Errors%20explained
[WARN] [1786033158.582869053] []: TF_OLD_DATA ignoring data from the past for frame front_right_wheel at time 1786033147.587581 according to authority Authority undetectable
Possible reasons are listed at http://wiki.ros.org/tf/Errors%20explained
[WARN] [1786033158.582881127] []: TF_OLD_DATA ignoring data from the past for frame rear_left_wheel at time 1786033147.587581 according to authority Authority undetectable
Possible reasons are listed at http://wiki.ros.org/tf/Errors%20explained
[WARN] [1786033158.582892182] []: TF_OLD_DATA ignoring data from the past for frame rear_right_wheel at time 1786033147.587581 according to authority Authority undetectable
Possible reasons are listed at http://wiki.ros.org/tf/Errors%20explained
[WARN] [1786033158.585099713] []: TF_OLD_DATA ignoring data from the past for frame front_left_wheel at time 1786033147.687538 according to authority Authority undetectable
Possible reasons are listed at http://wiki.ros.org/tf/Errors%20explained
[WARN] [1786033158.585383178] []: TF_OLD_DATA ignoring data from the past for frame front_right_wheel at time 1786033147.687538 according to authority Authority undetectable
Possible reasons are listed at http://wiki.ros.org/tf/Errors%20explained
[WARN] [1786033158.585400826] []: TF_OLD_DATA ignoring data from the past for frame rear_left_wheel at time 1786033147.687538 according to authority Authority undetectable
Possible reasons are listed at http://wiki.ros.org/tf/Errors%20explained
[WARN] [1786033158.585410993] []: TF_OLD_DATA ignoring data from the past for frame rear_right_wheel at time 1786033147.687538 according to authority Authority undetectable
Possible reasons are listed at http://wiki.ros.org/tf/Errors%20explained
[WARN] [1786033158.585476049] []: TF_OLD_DATA ignoring data from the past for frame front_left_wheel at time 1786033147.787621 according to authority Authority undetectable
Possible reasons are listed at http://wiki.ros.org/tf/Errors%20explained
[WARN] [1786033158.585489567] []: TF_OLD_DATA ignoring data from the past for frame front_right_wheel at time 1786033147.787621 according to authority Authority undetectable
Possible reasons are listed at http://wiki.ros.org/tf/Errors%20explained
[WARN] [1786033158.585498641] []: TF_OLD_DATA ignoring data from the past for frame rear_left_wheel at time 1786033147.787621 according to authority Authority undetectable
Possible reasons are listed at http://wiki.ros.org/tf/Errors%20explained
[WARN] [1786033158.585506086] []: TF_OLD_DATA ignoring data from the past for frame rear_right_wheel at time 1786033147.787621 according to authority Authority undetectable
Possible reasons are listed at http://wiki.ros.org/tf/Errors%20explained
[WARN] [1786033158.585529734] []: TF_OLD_DATA ignoring data from the past for frame front_left_wheel at time 1786033147.887525 according to authority Authority undetectable
Possible reasons are listed at http://wiki.ros.org/tf/Errors%20explained
[WARN] [1786033158.585539012] []: TF_OLD_DATA ignoring data from the past for frame front_right_wheel at time 1786033147.887525 according to authority Authority undetectable
Possible reasons are listed at http://wiki.ros.org/tf/Errors%20explained
[WARN] [1786033158.585547327] []: TF_OLD_DATA ignoring data from the past for frame rear_left_wheel at time 1786033147.887525 according to authority Authority undetectable
Possible reasons are listed at http://wiki.ros.org/tf/Errors%20explained
[WARN] [1786033158.585554697] []: TF_OLD_DATA ignoring data from the past for frame rear_right_wheel at time 1786033147.887525 according to authority Authority undetectable
Possible reasons are listed at http://wiki.ros.org/tf/Errors%20explained
[WARN] [1786033158.585573234] []: TF_OLD_DATA ignoring data from the past for frame front_left_wheel at time 1786033147.987563 according to authority Authority undetectable
Possible reasons are listed at http://wiki.ros.org/tf/Errors%20explained
[WARN] [1786033158.585582531] []: TF_OLD_DATA ignoring data from the past for frame front_right_wheel at time 1786033147.987563 according to authority Authority undetectable
Possible reasons are listed at http://wiki.ros.org/tf/Errors%20explained
[WARN] [1786033158.585611716] []: TF_OLD_DATA ignoring data from the past for frame rear_left_wheel at time 1786033147.987563 according to authority Authority undetectable
Possible reasons are listed at http://wiki.ros.org/tf/Errors%20explained
[WARN] [1786033158.585620753] []: TF_OLD_DATA ignoring data from the past for frame rear_right_wheel at time 1786033147.987563 according to authority Authority undetectable
Possible reasons are listed at http://wiki.ros.org/tf/Errors%20explained
[WARN] [1786033158.585645827] []: TF_OLD_DATA ignoring data from the past for frame front_left_wheel at time 1786033148.087531 according to authority Authority undetectable
Possible reasons are listed at http://wiki.ros.org/tf/Errors%20explained
[WARN] [1786033158.585655290] []: TF_OLD_DATA ignoring data from the past for frame front_right_wheel at time 1786033148.087531 according to authority Authority undetectable
Possible reasons are listed at http://wiki.ros.org/tf/Errors%20explained
[WARN] [1786033158.585663327] []: TF_OLD_DATA ignoring data from the past for frame rear_left_wheel at time 1786033148.087531 according to authority Authority undetectable
Possible reasons are listed at http://wiki.ros.org/tf/Errors%20explained
[WARN] [1786033158.585670494] []: TF_OLD_DATA ignoring data from the past for frame rear_right_wheel at time 1786033148.087531 according to authority Authority undetectable
Possible reasons are listed at http://wiki.ros.org/tf/Errors%20explained
[WARN] [1786033158.585689513] []: TF_OLD_DATA ignoring data from the past for frame front_left_wheel at time 1786033148.187571 according to authority Authority undetectable
Possible reasons are listed at http://wiki.ros.org/tf/Errors%20explained
[WARN] [1786033158.585698291] []: TF_OLD_DATA ignoring data from the past for frame front_right_wheel at time 1786033148.187571 according to authority Authority undetectable
Possible reasons are listed at http://wiki.ros.org/tf/Errors%20explained
[WARN] [1786033158.585708198] []: TF_OLD_DATA ignoring data from the past for frame rear_left_wheel at time 1786033148.187571 according to authority Authority undetectable
Possible reasons are listed at http://wiki.ros.org/tf/Errors%20explained
[WARN] [1786033158.585715846] []: TF_OLD_DATA ignoring data from the past for frame rear_right_wheel at time 1786033148.187571 according to authority Authority undetectable
Possible reasons are listed at http://wiki.ros.org/tf/Errors%20explained
[WARN] [1786033158.585733772] []: TF_OLD_DATA ignoring data from the past for frame front_left_wheel at time 1786033148.287555 according to authority Authority undetectable
Possible reasons are listed at http://wiki.ros.org/tf/Errors%20explained
[WARN] [1786033158.585742809] []: TF_OLD_DATA ignoring data from the past for frame front_right_wheel at time 1786033148.287555 according to authority Authority undetectable
Possible reasons are listed at http://wiki.ros.org/tf/Errors%20explained
[WARN] [1786033158.585750846] []: TF_OLD_DATA ignoring data from the past for frame rear_left_wheel at time 1786033148.287555 according to authority Authority undetectable
Possible reasons are listed at http://wiki.ros.org/tf/Errors%20explained
[WARN] [1786033158.585758254] []: TF_OLD_DATA ignoring data from the past for frame rear_right_wheel at time 1786033148.287555 according to authority Authority undetectable
Possible reasons are listed at http://wiki.ros.org/tf/Errors%20explained
[WARN] [1786033158.585776050] []: TF_OLD_DATA ignoring data from the past for frame front_left_wheel at time 1786033148.387570 according to authority Authority undetectable
Possible reasons are listed at http://wiki.ros.org/tf/Errors%20explained
[WARN] [1786033158.585784939] []: TF_OLD_DATA ignoring data from the past for frame front_right_wheel at time 1786033148.387570 according to authority Authority undetectable
Possible reasons are listed at http://wiki.ros.org/tf/Errors%20explained
[WARN] [1786033158.585806773] []: TF_OLD_DATA ignoring data from the past for frame rear_left_wheel at time 1786033148.387570 according to authority Authority undetectable
Possible reasons are listed at http://wiki.ros.org/tf/Errors%20explained
[WARN] [1786033158.585815236] []: TF_OLD_DATA ignoring data from the past for frame rear_right_wheel at time 1786033148.387570 according to authority Authority undetectable
Possible reasons are listed at http://wiki.ros.org/tf/Errors%20explained
[WARN] [1786033161.528599534] []: TF_OLD_DATA ignoring data from the past for frame front_left_wheel at time 1786033148.687546 according to authority Authority undetectable
Possible reasons are listed at http://wiki.ros.org/tf/Errors%20explained
[WARN] [1786033161.528644497] []: TF_OLD_DATA ignoring data from the past for frame front_right_wheel at time 1786033148.687546 according to authority Authority undetectable
Possible reasons are listed at http://wiki.ros.org/tf/Errors%20explained
[WARN] [1786033161.528656146] []: TF_OLD_DATA ignoring data from the past for frame rear_left_wheel at time 1786033148.687546 according to authority Authority undetectable
Possible reasons are listed at http://wiki.ros.org/tf/Errors%20explained
[WARN] [1786033161.528670053] []: TF_OLD_DATA ignoring data from the past for frame rear_right_wheel at time 1786033148.687546 according to authority Authority undetectable
Possible reasons are listed at http://wiki.ros.org/tf/Errors%20explained
[WARN] [1786033161.528712294] []: TF_OLD_DATA ignoring data from the past for frame front_left_wheel at time 1786033148.787848 according to authority Authority undetectable
Possible reasons are listed at http://wiki.ros.org/tf/Errors%20explained
[WARN] [1786033161.528725368] []: TF_OLD_DATA ignoring data from the past for frame front_right_wheel at time 1786033148.787848 according to authority Authority undetectable
Possible reasons are listed at http://wiki.ros.org/tf/Errors%20explained
[WARN] [1786033161.528736239] []: TF_OLD_DATA ignoring data from the past for frame rear_left_wheel at time 1786033148.787848 according to authority Authority undetectable
Possible reasons are listed at http://wiki.ros.org/tf/Errors%20explained
[WARN] [1786033161.528745498] []: TF_OLD_DATA ignoring data from the past for frame rear_right_wheel at time 1786033148.787848 according to authority Authority undetectable
Possible reasons are listed at http://wiki.ros.org/tf/Errors%20explained
[WARN] [1786033161.528770665] []: TF_OLD_DATA ignoring data from the past for frame front_left_wheel at time 1786033148.887552 according to authority Authority undetectable
Possible reasons are listed at http://wiki.ros.org/tf/Errors%20explained
[WARN] [1786033161.528782757] []: TF_OLD_DATA ignoring data from the past for frame front_right_wheel at time 1786033148.887552 according to authority Authority undetectable
Possible reasons are listed at http://wiki.ros.org/tf/Errors%20explained
[WARN] [1786033161.528793183] []: TF_OLD_DATA ignoring data from the past for frame rear_left_wheel at time 1786033148.887552 according to authority Authority undetectable
Possible reasons are listed at http://wiki.ros.org/tf/Errors%20explained
[WARN] [1786033161.528802517] []: TF_OLD_DATA ignoring data from the past for frame rear_right_wheel at time 1786033148.887552 according to authority Authority undetectable
Possible reasons are listed at http://wiki.ros.org/tf/Errors%20explained
[WARN] [1786033161.528826424] []: TF_OLD_DATA ignoring data from the past for frame front_left_wheel at time 1786033148.987573 according to authority Authority undetectable
Possible reasons are listed at http://wiki.ros.org/tf/Errors%20explained
[WARN] [1786033161.528837832] []: TF_OLD_DATA ignoring data from the past for frame front_right_wheel at time 1786033148.987573 according to authority Authority undetectable
Possible reasons are listed at http://wiki.ros.org/tf/Errors%20explained
[WARN] [1786033161.528848610] []: TF_OLD_DATA ignoring data from the past for frame rear_left_wheel at time 1786033148.987573 according to authority Authority undetectable
Possible reasons are listed at http://wiki.ros.org/tf/Errors%20explained
[WARN] [1786033161.528858073] []: TF_OLD_DATA ignoring data from the past for frame rear_right_wheel at time 1786033148.987573 according to authority Authority undetectable
Possible reasons are listed at http://wiki.ros.org/tf/Errors%20explained
[WARN] [1786033161.528882721] []: TF_OLD_DATA ignoring data from the past for frame front_left_wheel at time 1786033149.087573 according to authority Authority undetectable
Possible reasons are listed at http://wiki.ros.org/tf/Errors%20explained
[WARN] [1786033161.530282562] []: TF_OLD_DATA ignoring data from the past for frame front_right_wheel at time 1786033149.087573 according to authority Authority undetectable
Possible reasons are listed at http://wiki.ros.org/tf/Errors%20explained
[WARN] [1786033161.530340581] []: TF_OLD_DATA ignoring data from the past for frame rear_left_wheel at time 1786033149.087573 according to authority Authority undetectable
Possible reasons are listed at http://wiki.ros.org/tf/Errors%20explained
[WARN] [1786033161.530355396] []: TF_OLD_DATA ignoring data from the past for frame rear_right_wheel at time 1786033149.087573 according to authority Authority undetectable
Possible reasons are listed at http://wiki.ros.org/tf/Errors%20explained
[WARN] [1786033161.530559323] []: TF_OLD_DATA ignoring data from the past for frame front_left_wheel at time 1786033149.187571 according to authority Authority undetectable
Possible reasons are listed at http://wiki.ros.org/tf/Errors%20explained
[WARN] [1786033161.530582897] []: TF_OLD_DATA ignoring data from the past for frame front_right_wheel at time 1786033149.187571 according to authority Authority undetectable
Possible reasons are listed at http://wiki.ros.org/tf/Errors%20explained
[WARN] [1786033161.530595119] []: TF_OLD_DATA ignoring data from the past for frame rear_left_wheel at time 1786033149.187571 according to authority Authority undetectable
Possible reasons are listed at http://wiki.ros.org/tf/Errors%20explained
[WARN] [1786033161.530746194] []: TF_OLD_DATA ignoring data from the past for frame rear_right_wheel at time 1786033149.187571 according to authority Authority undetectable
Possible reasons are listed at http://wiki.ros.org/tf/Errors%20explained
[WARN] [1786033161.530828991] []: TF_OLD_DATA ignoring data from the past for frame front_left_wheel at time 1786033149.287575 according to authority Authority undetectable
Possible reasons are listed at http://wiki.ros.org/tf/Errors%20explained
[WARN] [1786033161.530850954] []: TF_OLD_DATA ignoring data from the past for frame front_right_wheel at time 1786033149.287575 according to authority Authority undetectable
Possible reasons are listed at http://wiki.ros.org/tf/Errors%20explained
[WARN] [1786033161.530863102] []: TF_OLD_DATA ignoring data from the past for frame rear_left_wheel at time 1786033149.287575 according to authority Authority undetectable
Possible reasons are listed at http://wiki.ros.org/tf/Errors%20explained
[WARN] [1786033161.530874251] []: TF_OLD_DATA ignoring data from the past for frame rear_right_wheel at time 1786033149.287575 according to authority Authority undetectable
Possible reasons are listed at http://wiki.ros.org/tf/Errors%20explained
[WARN] [1786033161.530937343] []: TF_OLD_DATA ignoring data from the past for frame front_left_wheel at time 1786033149.387548 according to authority Authority undetectable
Possible reasons are listed at http://wiki.ros.org/tf/Errors%20explained
[WARN] [1786033161.530955029] []: TF_OLD_DATA ignoring data from the past for frame front_right_wheel at time 1786033149.387548 according to authority Authority undetectable
Possible reasons are listed at http://wiki.ros.org/tf/Errors%20explained
[WARN] [1786033161.530965158] []: TF_OLD_DATA ignoring data from the past for frame rear_left_wheel at time 1786033149.387548 according to authority Authority undetectable
Possible reasons are listed at http://wiki.ros.org/tf/Errors%20explained
[WARN] [1786033161.530974492] []: TF_OLD_DATA ignoring data from the past for frame rear_right_wheel at time 1786033149.387548 according to authority Authority undetectable
Possible reasons are listed at http://wiki.ros.org/tf/Errors%20explained
[WARN] [1786033163.552588714] []: TF_OLD_DATA ignoring data from the past for frame front_left_wheel at time 1786033149.487566 according to authority Authority undetectable
Possible reasons are listed at http://wiki.ros.org/tf/Errors%20explained
[WARN] [1786033163.552624233] []: TF_OLD_DATA ignoring data from the past for frame front_right_wheel at time 1786033149.487566 according to authority Authority undetectable
Possible reasons are listed at http://wiki.ros.org/tf/Errors%20explained
[WARN] [1786033163.552692270] []: TF_OLD_DATA ignoring data from the past for frame rear_left_wheel at time 1786033149.487566 according to authority Authority undetectable
Possible reasons are listed at http://wiki.ros.org/tf/Errors%20explained
[WARN] [1786033163.552704085] []: TF_OLD_DATA ignoring data from the past for frame rear_right_wheel at time 1786033149.487566 according to authority Authority undetectable
Possible reasons are listed at http://wiki.ros.org/tf/Errors%20explained
[WARN] [1786033163.650245274] []: TF_OLD_DATA ignoring data from the past for frame front_left_wheel at time 1786033149.587534 according to authority Authority undetectable
Possible reasons are listed at http://wiki.ros.org/tf/Errors%20explained
[WARN] [1786033163.650289756] []: TF_OLD_DATA ignoring data from the past for frame front_right_wheel at time 1786033149.587534 according to authority Authority undetectable
Possible reasons are listed at http://wiki.ros.org/tf/Errors%20explained
[WARN] [1786033163.650301312] []: TF_OLD_DATA ignoring data from the past for frame rear_left_wheel at time 1786033149.587534 according to authority Authority undetectable
Possible reasons are listed at http://wiki.ros.org/tf/Errors%20explained
[WARN] [1786033163.650312719] []: TF_OLD_DATA ignoring data from the past for frame rear_right_wheel at time 1786033149.587534 according to authority Authority undetectable
Possible reasons are listed at http://wiki.ros.org/tf/Errors%20explained
[WARN] [1786033163.650354627] []: TF_OLD_DATA ignoring data from the past for frame front_left_wheel at time 1786033149.687553 according to authority Authority undetectable
Possible reasons are listed at http://wiki.ros.org/tf/Errors%20explained
[WARN] [1786033163.650367312] []: TF_OLD_DATA ignoring data from the past for frame front_right_wheel at time 1786033149.687553 according to authority Authority undetectable
Possible reasons are listed at http://wiki.ros.org/tf/Errors%20explained
[WARN] [1786033163.650377386] []: TF_OLD_DATA ignoring data from the past for frame rear_left_wheel at time 1786033149.687553 according to authority Authority undetectable
Possible reasons are listed at http://wiki.ros.org/tf/Errors%20explained
[WARN] [1786033163.650386257] []: TF_OLD_DATA ignoring data from the past for frame rear_right_wheel at time 1786033149.687553 according to authority Authority undetectable
Possible reasons are listed at http://wiki.ros.org/tf/Errors%20explained
[WARN] [1786033163.650410498] []: TF_OLD_DATA ignoring data from the past for frame front_left_wheel at time 1786033149.787555 according to authority Authority undetectable
Possible reasons are listed at http://wiki.ros.org/tf/Errors%20explained
[WARN] [1786033163.650422035] []: TF_OLD_DATA ignoring data from the past for frame front_right_wheel at time 1786033149.787555 according to authority Authority undetectable
Possible reasons are listed at http://wiki.ros.org/tf/Errors%20explained
[WARN] [1786033163.650432090] []: TF_OLD_DATA ignoring data from the past for frame rear_left_wheel at time 1786033149.787555 according to authority Authority undetectable
Possible reasons are listed at http://wiki.ros.org/tf/Errors%20explained
[WARN] [1786033163.650440961] []: TF_OLD_DATA ignoring data from the past for frame rear_right_wheel at time 1786033149.787555 according to authority Authority undetectable
Possible reasons are listed at http://wiki.ros.org/tf/Errors%20explained
[WARN] [1786033163.650463405] []: TF_OLD_DATA ignoring data from the past for frame front_left_wheel at time 1786033149.887548 according to authority Authority undetectable
Possible reasons are listed at http://wiki.ros.org/tf/Errors%20explained
[WARN] [1786033163.650474424] []: TF_OLD_DATA ignoring data from the past for frame front_right_wheel at time 1786033149.887548 according to authority Authority undetectable
Possible reasons are listed at http://wiki.ros.org/tf/Errors%20explained
[WARN] [1786033163.650543572] []: TF_OLD_DATA ignoring data from the past for frame rear_left_wheel at time 1786033149.887548 according to authority Authority undetectable
Possible reasons are listed at http://wiki.ros.org/tf/Errors%20explained
[WARN] [1786033163.650554961] []: TF_OLD_DATA ignoring data from the past for frame rear_right_wheel at time 1786033149.887548 according to authority Authority undetectable
Possible reasons are listed at http://wiki.ros.org/tf/Errors%20explained
[WARN] [1786033163.650587350] []: TF_OLD_DATA ignoring data from the past for frame front_left_wheel at time 1786033149.987529 according to authority Authority undetectable
Possible reasons are listed at http://wiki.ros.org/tf/Errors%20explained
[WARN] [1786033163.650599462] []: TF_OLD_DATA ignoring data from the past for frame front_right_wheel at time 1786033149.987529 according to authority Authority undetectable
Possible reasons are listed at http://wiki.ros.org/tf/Errors%20explained
[WARN] [1786033163.650609073] []: TF_OLD_DATA ignoring data from the past for frame rear_left_wheel at time 1786033149.987529 according to authority Authority undetectable
Possible reasons are listed at http://wiki.ros.org/tf/Errors%20explained
[WARN] [1786033163.650617888] []: TF_OLD_DATA ignoring data from the past for frame rear_right_wheel at time 1786033149.987529 according to authority Authority undetectable
Possible reasons are listed at http://wiki.ros.org/tf/Errors%20explained
[WARN] [1786033163.650642351] []: TF_OLD_DATA ignoring data from the past for frame front_left_wheel at time 1786033150.087542 according to authority Authority undetectable
Possible reasons are listed at http://wiki.ros.org/tf/Errors%20explained
[WARN] [1786033163.650653758] []: TF_OLD_DATA ignoring data from the past for frame front_right_wheel at time 1786033150.087542 according to authority Authority undetectable
Possible reasons are listed at http://wiki.ros.org/tf/Errors%20explained
[WARN] [1786033163.650664351] []: TF_OLD_DATA ignoring data from the past for frame rear_left_wheel at time 1786033150.087542 according to authority Authority undetectable
Possible reasons are listed at http://wiki.ros.org/tf/Errors%20explained
[WARN] [1786033163.650676925] []: TF_OLD_DATA ignoring data from the past for frame rear_right_wheel at time 1786033150.087542 according to authority Authority undetectable
Possible reasons are listed at http://wiki.ros.org/tf/Errors%20explained
[WARN] [1786033163.897735556] []: TF_OLD_DATA ignoring data from the past for frame front_left_wheel at time 1786033150.187907 according to authority Authority undetectable
Possible reasons are listed at http://wiki.ros.org/tf/Errors%20explained
[WARN] [1786033163.897771519] []: TF_OLD_DATA ignoring data from the past for frame front_right_wheel at time 1786033150.187907 according to authority Authority undetectable
Possible reasons are listed at http://wiki.ros.org/tf/Errors%20explained
[WARN] [1786033163.897785889] []: TF_OLD_DATA ignoring data from the past for frame rear_left_wheel at time 1786033150.187907 according to authority Authority undetectable
Possible reasons are listed at http://wiki.ros.org/tf/Errors%20explained
[WARN] [1786033163.897799223] []: TF_OLD_DATA ignoring data from the past for frame rear_right_wheel at time 1786033150.187907 according to authority Authority undetectable
Possible reasons are listed at http://wiki.ros.org/tf/Errors%20explained
[WARN] [1786033163.897846908] []: TF_OLD_DATA ignoring data from the past for frame front_left_wheel at time 1786033150.287529 according to authority Authority undetectable
Possible reasons are listed at http://wiki.ros.org/tf/Errors%20explained
[WARN] [1786033163.897861408] []: TF_OLD_DATA ignoring data from the past for frame front_right_wheel at time 1786033150.287529 according to authority Authority undetectable
Possible reasons are listed at http://wiki.ros.org/tf/Errors%20explained
[WARN] [1786033163.897874038] []: TF_OLD_DATA ignoring data from the past for frame rear_left_wheel at time 1786033150.287529 according to authority Authority undetectable
Possible reasons are listed at http://wiki.ros.org/tf/Errors%20explained
[WARN] [1786033163.897942224] []: TF_OLD_DATA ignoring data from the past for frame rear_right_wheel at time 1786033150.287529 according to authority Authority undetectable
Possible reasons are listed at http://wiki.ros.org/tf/Errors%20explained
[WARN] [1786033164.191542927] []: TF_OLD_DATA ignoring data from the past for frame front_left_wheel at time 1786033150.387546 according to authority Authority undetectable
Possible reasons are listed at http://wiki.ros.org/tf/Errors%20explained
[WARN] [1786033164.191581779] []: TF_OLD_DATA ignoring data from the past for frame front_right_wheel at time 1786033150.387546 according to authority Authority undetectable
Possible reasons are listed at http://wiki.ros.org/tf/Errors%20explained
[WARN] [1786033164.191595891] []: TF_OLD_DATA ignoring data from the past for frame rear_left_wheel at time 1786033150.387546 according to authority Authority undetectable
Possible reasons are listed at http://wiki.ros.org/tf/Errors%20explained
[WARN] [1786033164.191607650] []: TF_OLD_DATA ignoring data from the past for frame rear_right_wheel at time 1786033150.387546 according to authority Authority undetectable
Possible reasons are listed at http://wiki.ros.org/tf/Errors%20explained
[WARN] [1786033164.191641039] []: TF_OLD_DATA ignoring data from the past for frame front_left_wheel at time 1786033150.487538 according to authority Authority undetectable
Possible reasons are listed at http://wiki.ros.org/tf/Errors%20explained
[WARN] [1786033164.191655410] []: TF_OLD_DATA ignoring data from the past for frame front_right_wheel at time 1786033150.487538 according to authority Authority undetectable
Possible reasons are listed at http://wiki.ros.org/tf/Errors%20explained
[WARN] [1786033164.191668391] []: TF_OLD_DATA ignoring data from the past for frame rear_left_wheel at time 1786033150.487538 according to authority Authority undetectable
Possible reasons are listed at http://wiki.ros.org/tf/Errors%20explained
[WARN] [1786033164.191679354] []: TF_OLD_DATA ignoring data from the past for frame rear_right_wheel at time 1786033150.487538 according to authority Authority undetectable
Possible reasons are listed at http://wiki.ros.org/tf/Errors%20explained
[WARN] [1786033164.191705058] []: TF_OLD_DATA ignoring data from the past for frame front_left_wheel at time 1786033150.587586 according to authority Authority undetectable
Possible reasons are listed at http://wiki.ros.org/tf/Errors%20explained
[WARN] [1786033164.191718595] []: TF_OLD_DATA ignoring data from the past for frame front_right_wheel at time 1786033150.587586 according to authority Authority undetectable
Possible reasons are listed at http://wiki.ros.org/tf/Errors%20explained
[WARN] [1786033164.191730799] []: TF_OLD_DATA ignoring data from the past for frame rear_left_wheel at time 1786033150.587586 according to authority Authority undetectable
Possible reasons are listed at http://wiki.ros.org/tf/Errors%20explained
[WARN] [1786033164.191741595] []: TF_OLD_DATA ignoring data from the past for frame rear_right_wheel at time 1786033150.587586 according to authority Authority undetectable
Possible reasons are listed at http://wiki.ros.org/tf/Errors%20explained
[WARN] [1786033164.203437382] []: TF_OLD_DATA ignoring data from the past for frame front_left_wheel at time 1786033150.687549 according to authority Authority undetectable
Possible reasons are listed at http://wiki.ros.org/tf/Errors%20explained
[WARN] [1786033164.203471697] []: TF_OLD_DATA ignoring data from the past for frame front_right_wheel at time 1786033150.687549 according to authority Authority undetectable
Possible reasons are listed at http://wiki.ros.org/tf/Errors%20explained
[WARN] [1786033164.203485142] []: TF_OLD_DATA ignoring data from the past for frame rear_left_wheel at time 1786033150.687549 according to authority Authority undetectable
Possible reasons are listed at http://wiki.ros.org/tf/Errors%20explained
[WARN] [1786033164.203499327] []: TF_OLD_DATA ignoring data from the past for frame rear_right_wheel at time 1786033150.687549 according to authority Authority undetectable
Possible reasons are listed at http://wiki.ros.org/tf/Errors%20explained
[WARN] [1786033164.307522830] []: TF_OLD_DATA ignoring data from the past for frame front_left_wheel at time 1786033150.787549 according to authority Authority undetectable
Possible reasons are listed at http://wiki.ros.org/tf/Errors%20explained
[WARN] [1786033164.307565220] []: TF_OLD_DATA ignoring data from the past for frame front_right_wheel at time 1786033150.787549 according to authority Authority undetectable
Possible reasons are listed at http://wiki.ros.org/tf/Errors%20explained
[WARN] [1786033164.307583516] []: TF_OLD_DATA ignoring data from the past for frame rear_left_wheel at time 1786033150.787549 according to authority Authority undetectable
Possible reasons are listed at http://wiki.ros.org/tf/Errors%20explained
[WARN] [1786033164.307596868] []: TF_OLD_DATA ignoring data from the past for frame rear_right_wheel at time 1786033150.787549 according to authority Authority undetectable
Possible reasons are listed at http://wiki.ros.org/tf/Errors%20explained
[WARN] [1786033164.393650012] []: TF_OLD_DATA ignoring data from the past for frame front_left_wheel at time 1786033150.887556 according to authority Authority undetectable
Possible reasons are listed at http://wiki.ros.org/tf/Errors%20explained
[WARN] [1786033164.393686179] []: TF_OLD_DATA ignoring data from the past for frame front_right_wheel at time 1786033150.887556 according to authority Authority undetectable
Possible reasons are listed at http://wiki.ros.org/tf/Errors%20explained
[WARN] [1786033164.393698642] []: TF_OLD_DATA ignoring data from the past for frame rear_left_wheel at time 1786033150.887556 according to authority Authority undetectable
Possible reasons are listed at http://wiki.ros.org/tf/Errors%20explained
[WARN] [1786033164.393709346] []: TF_OLD_DATA ignoring data from the past for frame rear_right_wheel at time 1786033150.887556 according to authority Authority undetectable
Possible reasons are listed at http://wiki.ros.org/tf/Errors%20explained
[WARN] [1786033164.393743994] []: TF_OLD_DATA ignoring data from the past for frame front_left_wheel at time 1786033150.987549 according to authority Authority undetectable
Possible reasons are listed at http://wiki.ros.org/tf/Errors%20explained
[WARN] [1786033164.393757439] []: TF_OLD_DATA ignoring data from the past for frame front_right_wheel at time 1786033150.987549 according to authority Authority undetectable
Possible reasons are listed at http://wiki.ros.org/tf/Errors%20explained
[WARN] [1786033164.393769735] []: TF_OLD_DATA ignoring data from the past for frame rear_left_wheel at time 1786033150.987549 according to authority Authority undetectable
Possible reasons are listed at http://wiki.ros.org/tf/Errors%20explained
[WARN] [1786033164.393780254] []: TF_OLD_DATA ignoring data from the past for frame rear_right_wheel at time 1786033150.987549 according to authority Authority undetectable
Possible reasons are listed at http://wiki.ros.org/tf/Errors%20explained
[WARN] [1786033164.843554213] []: TF_OLD_DATA ignoring data from the past for frame front_left_wheel at time 1786033151.087543 according to authority Authority undetectable
Possible reasons are listed at http://wiki.ros.org/tf/Errors%20explained
[WARN] [1786033164.843590936] []: TF_OLD_DATA ignoring data from the past for frame front_right_wheel at time 1786033151.087543 according to authority Authority undetectable
Possible reasons are listed at http://wiki.ros.org/tf/Errors%20explained
[WARN] [1786033164.843601677] []: TF_OLD_DATA ignoring data from the past for frame rear_left_wheel at time 1786033151.087543 according to authority Authority undetectable
Possible reasons are listed at http://wiki.ros.org/tf/Errors%20explained
[WARN] [1786033164.843611732] []: TF_OLD_DATA ignoring data from the past for frame rear_right_wheel at time 1786033151.087543 according to authority Authority undetectable
Possible reasons are listed at http://wiki.ros.org/tf/Errors%20explained
[WARN] [1786033164.843695085] []: TF_OLD_DATA ignoring data from the past for frame front_left_wheel at time 1786033151.187718 according to authority Authority undetectable
Possible reasons are listed at http://wiki.ros.org/tf/Errors%20explained
[WARN] [1786033164.843708344] []: TF_OLD_DATA ignoring data from the past for frame front_right_wheel at time 1786033151.187718 according to authority Authority undetectable
Possible reasons are listed at http://wiki.ros.org/tf/Errors%20explained
[WARN] [1786033164.843718233] []: TF_OLD_DATA ignoring data from the past for frame rear_left_wheel at time 1786033151.187718 according to authority Authority undetectable
Possible reasons are listed at http://wiki.ros.org/tf/Errors%20explained
[WARN] [1786033164.843726900] []: TF_OLD_DATA ignoring data from the past for frame rear_right_wheel at time 1786033151.187718 according to authority Authority undetectable
Possible reasons are listed at http://wiki.ros.org/tf/Errors%20explained
[WARN] [1786033164.843748029] []: TF_OLD_DATA ignoring data from the past for frame front_left_wheel at time 1786033151.287523 according to authority Authority undetectable
Possible reasons are listed at http://wiki.ros.org/tf/Errors%20explained
[WARN] [1786033164.843758955] []: TF_OLD_DATA ignoring data from the past for frame front_right_wheel at time 1786033151.287523 according to authority Authority undetectable
Possible reasons are listed at http://wiki.ros.org/tf/Errors%20explained
[WARN] [1786033164.843768678] []: TF_OLD_DATA ignoring data from the past for frame rear_left_wheel at time 1786033151.287523 according to authority Authority undetectable
Possible reasons are listed at http://wiki.ros.org/tf/Errors%20explained
[WARN] [1786033164.843777566] []: TF_OLD_DATA ignoring data from the past for frame rear_right_wheel at time 1786033151.287523 according to authority Authority undetectable
Possible reasons are listed at http://wiki.ros.org/tf/Errors%20explained
[WARN] [1786033164.843798215] []: TF_OLD_DATA ignoring data from the past for frame front_left_wheel at time 1786033151.387514 according to authority Authority undetectable
Possible reasons are listed at http://wiki.ros.org/tf/Errors%20explained
[WARN] [1786033164.843809196] []: TF_OLD_DATA ignoring data from the past for frame front_right_wheel at time 1786033151.387514 according to authority Authority undetectable
Possible reasons are listed at http://wiki.ros.org/tf/Errors%20explained
[WARN] [1786033164.843818882] []: TF_OLD_DATA ignoring data from the past for frame rear_left_wheel at time 1786033151.387514 according to authority Authority undetectable
Possible reasons are listed at http://wiki.ros.org/tf/Errors%20explained
[WARN] [1786033164.843827511] []: TF_OLD_DATA ignoring data from the past for frame rear_right_wheel at time 1786033151.387514 according to authority Authority undetectable
Possible reasons are listed at http://wiki.ros.org/tf/Errors%20explained
[WARN] [1786033164.843847900] []: TF_OLD_DATA ignoring data from the past for frame front_left_wheel at time 1786033151.487553 according to authority Authority undetectable
Possible reasons are listed at http://wiki.ros.org/tf/Errors%20explained
[WARN] [1786033164.843858493] []: TF_OLD_DATA ignoring data from the past for frame front_right_wheel at time 1786033151.487553 according to authority Authority undetectable
Possible reasons are listed at http://wiki.ros.org/tf/Errors%20explained
[WARN] [1786033164.843868234] []: TF_OLD_DATA ignoring data from the past for frame rear_left_wheel at time 1786033151.487553 according to authority Authority undetectable
Possible reasons are listed at http://wiki.ros.org/tf/Errors%20explained
[WARN] [1786033164.843877104] []: TF_OLD_DATA ignoring data from the past for frame rear_right_wheel at time 1786033151.487553 according to authority Authority undetectable
Possible reasons are listed at http://wiki.ros.org/tf/Errors%20explained
[WARN] [1786033164.843900401] []: TF_OLD_DATA ignoring data from the past for frame front_left_wheel at time 1786033151.587582 according to authority Authority undetectable
Possible reasons are listed at http://wiki.ros.org/tf/Errors%20explained
[WARN] [1786033164.843923938] []: TF_OLD_DATA ignoring data from the past for frame front_right_wheel at time 1786033151.587582 according to authority Authority undetectable
Possible reasons are listed at http://wiki.ros.org/tf/Errors%20explained
[WARN] [1786033164.843934253] []: TF_OLD_DATA ignoring data from the past for frame rear_left_wheel at time 1786033151.587582 according to authority Authority undetectable
Possible reasons are listed at http://wiki.ros.org/tf/Errors%20explained
[WARN] [1786033164.843944512] []: TF_OLD_DATA ignoring data from the past for frame rear_right_wheel at time 1786033151.587582 according to authority Authority undetectable
Possible reasons are listed at http://wiki.ros.org/tf/Errors%20explained
[WARN] [1786033164.929847322] []: TF_OLD_DATA ignoring data from the past for frame front_left_wheel at time 1786033151.687567 according to authority Authority undetectable
Possible reasons are listed at http://wiki.ros.org/tf/Errors%20explained
[WARN] [1786033164.930453233] []: TF_OLD_DATA ignoring data from the past for frame front_right_wheel at time 1786033151.687567 according to authority Authority undetectable
Possible reasons are listed at http://wiki.ros.org/tf/Errors%20explained
[WARN] [1786033164.930464733] []: TF_OLD_DATA ignoring data from the past for frame rear_left_wheel at time 1786033151.687567 according to authority Authority undetectable
Possible reasons are listed at http://wiki.ros.org/tf/Errors%20explained
[WARN] [1786033164.930474733] []: TF_OLD_DATA ignoring data from the past for frame rear_right_wheel at time 1786033151.687567 according to authority Authority undetectable
Possible reasons are listed at http://wiki.ros.org/tf/Errors%20explained
[WARN] [1786033164.930531048] []: TF_OLD_DATA ignoring data from the past for frame front_left_wheel at time 1786033151.787534 according to authority Authority undetectable
Possible reasons are listed at http://wiki.ros.org/tf/Errors%20explained
[WARN] [1786033164.930545807] []: TF_OLD_DATA ignoring data from the past for frame front_right_wheel at time 1786033151.787534 according to authority Authority undetectable
Possible reasons are listed at http://wiki.ros.org/tf/Errors%20explained
[WARN] [1786033164.930556382] []: TF_OLD_DATA ignoring data from the past for frame rear_left_wheel at time 1786033151.787534 according to authority Authority undetectable
Possible reasons are listed at http://wiki.ros.org/tf/Errors%20explained
[WARN] [1786033164.930565567] []: TF_OLD_DATA ignoring data from the past for frame rear_right_wheel at time 1786033151.787534 according to authority Authority undetectable
Possible reasons are listed at http://wiki.ros.org/tf/Errors%20explained
[WARN] [1786033164.930596863] []: TF_OLD_DATA ignoring data from the past for frame front_left_wheel at time 1786033151.887565 according to authority Authority undetectable
Possible reasons are listed at http://wiki.ros.org/tf/Errors%20explained
[WARN] [1786033164.930608845] []: TF_OLD_DATA ignoring data from the past for frame front_right_wheel at time 1786033151.887565 according to authority Authority undetectable
Possible reasons are listed at http://wiki.ros.org/tf/Errors%20explained
[WARN] [1786033164.930618437] []: TF_OLD_DATA ignoring data from the past for frame rear_left_wheel at time 1786033151.887565 according to authority Authority undetectable
Possible reasons are listed at http://wiki.ros.org/tf/Errors%20explained
[WARN] [1786033164.930626956] []: TF_OLD_DATA ignoring data from the past for frame rear_right_wheel at time 1786033151.887565 according to authority Authority undetectable
Possible reasons are listed at http://wiki.ros.org/tf/Errors%20explained
[WARN] [1786033164.930653456] []: TF_OLD_DATA ignoring data from the past for frame front_left_wheel at time 1786033151.987547 according to authority Authority undetectable
Possible reasons are listed at http://wiki.ros.org/tf/Errors%20explained
[WARN] [1786033164.930671512] []: TF_OLD_DATA ignoring data from the past for frame front_right_wheel at time 1786033151.987547 according to authority Authority undetectable
Possible reasons are listed at http://wiki.ros.org/tf/Errors%20explained
[WARN] [1786033164.930713401] []: TF_OLD_DATA ignoring data from the past for frame rear_left_wheel at time 1786033151.987547 according to authority Authority undetectable
Possible reasons are listed at http://wiki.ros.org/tf/Errors%20explained
[WARN] [1786033164.930726697] []: TF_OLD_DATA ignoring data from the past for frame rear_right_wheel at time 1786033151.987547 according to authority Authority undetectable
Possible reasons are listed at http://wiki.ros.org/tf/Errors%20explained
[WARN] [1786033164.930763549] []: TF_OLD_DATA ignoring data from the past for frame front_left_wheel at time 1786033152.087548 according to authority Authority undetectable
Possible reasons are listed at http://wiki.ros.org/tf/Errors%20explained
[WARN] [1786033164.930777716] []: TF_OLD_DATA ignoring data from the past for frame front_right_wheel at time 1786033152.087548 according to authority Authority undetectable
Possible reasons are listed at http://wiki.ros.org/tf/Errors%20explained
[WARN] [1786033164.930787846] []: TF_OLD_DATA ignoring data from the past for frame rear_left_wheel at time 1786033152.087548 according to authority Authority undetectable
Possible reasons are listed at http://wiki.ros.org/tf/Errors%20explained
[WARN] [1786033164.930796994] []: TF_OLD_DATA ignoring data from the past for frame rear_right_wheel at time 1786033152.087548 according to authority Authority undetectable
Possible reasons are listed at http://wiki.ros.org/tf/Errors%20explained
[WARN] [1786033164.930827272] []: TF_OLD_DATA ignoring data from the past for frame front_left_wheel at time 1786033152.187558 according to authority Authority undetectable
Possible reasons are listed at http://wiki.ros.org/tf/Errors%20explained
[WARN] [1786033164.930839828] []: TF_OLD_DATA ignoring data from the past for frame front_right_wheel at time 1786033152.187558 according to authority Authority undetectable
Possible reasons are listed at http://wiki.ros.org/tf/Errors%20explained
[WARN] [1786033164.930850365] []: TF_OLD_DATA ignoring data from the past for frame rear_left_wheel at time 1786033152.187558 according to authority Authority undetectable
Possible reasons are listed at http://wiki.ros.org/tf/Errors%20explained
[WARN] [1786033164.930859735] []: TF_OLD_DATA ignoring data from the past for frame rear_right_wheel at time 1786033152.187558 according to authority Authority undetectable
Possible reasons are listed at http://wiki.ros.org/tf/Errors%20explained
[WARN] [1786033164.930888457] []: TF_OLD_DATA ignoring data from the past for frame front_left_wheel at time 1786033152.287553 according to authority Authority undetectable
Possible reasons are listed at http://wiki.ros.org/tf/Errors%20explained
[WARN] [1786033164.930901439] []: TF_OLD_DATA ignoring data from the past for frame front_right_wheel at time 1786033152.287553 according to authority Authority undetectable
Possible reasons are listed at http://wiki.ros.org/tf/Errors%20explained
[WARN] [1786033164.930911717] []: TF_OLD_DATA ignoring data from the past for frame rear_left_wheel at time 1786033152.287553 according to authority Authority undetectable
Possible reasons are listed at http://wiki.ros.org/tf/Errors%20explained
[WARN] [1786033164.931040810] []: TF_OLD_DATA ignoring data from the past for frame rear_right_wheel at time 1786033152.287553 according to authority Authority undetectable
Possible reasons are listed at http://wiki.ros.org/tf/Errors%20explained
[WARN] [1786033164.931279978] []: TF_OLD_DATA ignoring data from the past for frame front_left_wheel at time 1786033152.387552 according to authority Authority undetectable
Possible reasons are listed at http://wiki.ros.org/tf/Errors%20explained
[WARN] [1786033164.931307515] []: TF_OLD_DATA ignoring data from the past for frame front_right_wheel at time 1786033152.387552 according to authority Authority undetectable
Possible reasons are listed at http://wiki.ros.org/tf/Errors%20explained
[WARN] [1786033164.931349812] []: TF_OLD_DATA ignoring data from the past for frame rear_left_wheel at time 1786033152.387552 according to authority Authority undetectable
Possible reasons are listed at http://wiki.ros.org/tf/Errors%20explained
[WARN] [1786033164.931364590] []: TF_OLD_DATA ignoring data from the past for frame rear_right_wheel at time 1786033152.387552 according to authority Authority undetectable
Possible reasons are listed at http://wiki.ros.org/tf/Errors%20explained
[WARN] [1786033165.035776725] []: TF_OLD_DATA ignoring data from the past for frame front_left_wheel at time 1786033152.487552 according to authority Authority undetectable
Possible reasons are listed at http://wiki.ros.org/tf/Errors%20explained
[WARN] [1786033165.035809984] []: TF_OLD_DATA ignoring data from the past for frame front_right_wheel at time 1786033152.487552 according to authority Authority undetectable
Possible reasons are listed at http://wiki.ros.org/tf/Errors%20explained
[WARN] [1786033165.035823299] []: TF_OLD_DATA ignoring data from the past for frame rear_left_wheel at time 1786033152.487552 according to authority Authority undetectable
Possible reasons are listed at http://wiki.ros.org/tf/Errors%20explained
[WARN] [1786033165.035834225] []: TF_OLD_DATA ignoring data from the past for frame rear_right_wheel at time 1786033152.487552 according to authority Authority undetectable
Possible reasons are listed at http://wiki.ros.org/tf/Errors%20explained
[WARN] [1786033165.035875540] []: TF_OLD_DATA ignoring data from the past for frame front_left_wheel at time 1786033152.587576 according to authority Authority undetectable
Possible reasons are listed at http://wiki.ros.org/tf/Errors%20explained
[WARN] [1786033165.035888151] []: TF_OLD_DATA ignoring data from the past for frame front_right_wheel at time 1786033152.587576 according to authority Authority undetectable
Possible reasons are listed at http://wiki.ros.org/tf/Errors%20explained
[WARN] [1786033165.035899133] []: TF_OLD_DATA ignoring data from the past for frame rear_left_wheel at time 1786033152.587576 according to authority Authority undetectable
Possible reasons are listed at http://wiki.ros.org/tf/Errors%20explained
[WARN] [1786033165.035908837] []: TF_OLD_DATA ignoring data from the past for frame rear_right_wheel at time 1786033152.587576 according to authority Authority undetectable
Possible reasons are listed at http://wiki.ros.org/tf/Errors%20explained
[WARN] [1786033165.084238975] []: TF_OLD_DATA ignoring data from the past for frame front_left_wheel at time 1786033152.687577 according to authority Authority undetectable
Possible reasons are listed at http://wiki.ros.org/tf/Errors%20explained
[WARN] [1786033165.084270883] []: TF_OLD_DATA ignoring data from the past for frame front_right_wheel at time 1786033152.687577 according to authority Authority undetectable
Possible reasons are listed at http://wiki.ros.org/tf/Errors%20explained
[WARN] [1786033165.084282642] []: TF_OLD_DATA ignoring data from the past for frame rear_left_wheel at time 1786033152.687577 according to authority Authority undetectable
Possible reasons are listed at http://wiki.ros.org/tf/Errors%20explained
[WARN] [1786033165.084295161] []: TF_OLD_DATA ignoring data from the past for frame rear_right_wheel at time 1786033152.687577 according to authority Authority undetectable
Possible reasons are listed at http://wiki.ros.org/tf/Errors%20explained
[WARN] [1786033165.084332606] []: TF_OLD_DATA ignoring data from the past for frame front_left_wheel at time 1786033152.787519 according to authority Authority undetectable
Possible reasons are listed at http://wiki.ros.org/tf/Errors%20explained
[WARN] [1786033165.084345809] []: TF_OLD_DATA ignoring data from the past for frame front_right_wheel at time 1786033152.787519 according to authority Authority undetectable
Possible reasons are listed at http://wiki.ros.org/tf/Errors%20explained
[WARN] [1786033165.084360124] []: TF_OLD_DATA ignoring data from the past for frame rear_left_wheel at time 1786033152.787519 according to authority Authority undetectable
Possible reasons are listed at http://wiki.ros.org/tf/Errors%20explained
[WARN] [1786033165.084408717] []: TF_OLD_DATA ignoring data from the past for frame rear_right_wheel at time 1786033152.787519 according to authority Authority undetectable
Possible reasons are listed at http://wiki.ros.org/tf/Errors%20explained
[WARN] [1786033165.094557236] []: TF_OLD_DATA ignoring data from the past for frame front_left_wheel at time 1786033152.887516 according to authority Authority undetectable
Possible reasons are listed at http://wiki.ros.org/tf/Errors%20explained
[WARN] [1786033165.094588940] []: TF_OLD_DATA ignoring data from the past for frame front_right_wheel at time 1786033152.887516 according to authority Authority undetectable
Possible reasons are listed at http://wiki.ros.org/tf/Errors%20explained
[WARN] [1786033165.094603311] []: TF_OLD_DATA ignoring data from the past for frame rear_left_wheel at time 1786033152.887516 according to authority Authority undetectable
Possible reasons are listed at http://wiki.ros.org/tf/Errors%20explained
[WARN] [1786033165.094614181] []: TF_OLD_DATA ignoring data from the past for frame rear_right_wheel at time 1786033152.887516 according to authority Authority undetectable
Possible reasons are listed at http://wiki.ros.org/tf/Errors%20explained
[WARN] [1786033165.730014393] []: TF_OLD_DATA ignoring data from the past for frame front_left_wheel at time 1786033152.987544 according to authority Authority undetectable
Possible reasons are listed at http://wiki.ros.org/tf/Errors%20explained
[WARN] [1786033165.730052153] []: TF_OLD_DATA ignoring data from the past for frame front_right_wheel at time 1786033152.987544 according to authority Authority undetectable
Possible reasons are listed at http://wiki.ros.org/tf/Errors%20explained
[WARN] [1786033165.730087023] []: TF_OLD_DATA ignoring data from the past for frame rear_left_wheel at time 1786033152.987544 according to authority Authority undetectable
Possible reasons are listed at http://wiki.ros.org/tf/Errors%20explained
[WARN] [1786033165.730098838] []: TF_OLD_DATA ignoring data from the past for frame rear_right_wheel at time 1786033152.987544 according to authority Authority undetectable
Possible reasons are listed at http://wiki.ros.org/tf/Errors%20explained
[WARN] [1786033165.730138394] []: TF_OLD_DATA ignoring data from the past for frame front_left_wheel at time 1786033153.087535 according to authority Authority undetectable
Possible reasons are listed at http://wiki.ros.org/tf/Errors%20explained
[WARN] [1786033165.730152487] []: TF_OLD_DATA ignoring data from the past for frame front_right_wheel at time 1786033153.087535 according to authority Authority undetectable
Possible reasons are listed at http://wiki.ros.org/tf/Errors%20explained
[WARN] [1786033165.730164154] []: TF_OLD_DATA ignoring data from the past for frame rear_left_wheel at time 1786033153.087535 according to authority Authority undetectable
Possible reasons are listed at http://wiki.ros.org/tf/Errors%20explained
[WARN] [1786033165.730174172] []: TF_OLD_DATA ignoring data from the past for frame rear_right_wheel at time 1786033153.087535 according to authority Authority undetectable
Possible reasons are listed at http://wiki.ros.org/tf/Errors%20explained
[WARN] [1786033165.730198209] []: TF_OLD_DATA ignoring data from the past for frame front_left_wheel at time 1786033153.187803 according to authority Authority undetectable
Possible reasons are listed at http://wiki.ros.org/tf/Errors%20explained
[WARN] [1786033165.730210432] []: TF_OLD_DATA ignoring data from the past for frame front_right_wheel at time 1786033153.187803 according to authority Authority undetectable
Possible reasons are listed at http://wiki.ros.org/tf/Errors%20explained
[WARN] [1786033165.730225580] []: TF_OLD_DATA ignoring data from the past for frame rear_left_wheel at time 1786033153.187803 according to authority Authority undetectable
Possible reasons are listed at http://wiki.ros.org/tf/Errors%20explained
[WARN] [1786033165.730235524] []: TF_OLD_DATA ignoring data from the past for frame rear_right_wheel at time 1786033153.187803 according to authority Authority undetectable
Possible reasons are listed at http://wiki.ros.org/tf/Errors%20explained
[WARN] [1786033165.730260802] []: TF_OLD_DATA ignoring data from the past for frame front_left_wheel at time 1786033153.287573 according to authority Authority undetectable
Possible reasons are listed at http://wiki.ros.org/tf/Errors%20explained
[WARN] [1786033165.730273654] []: TF_OLD_DATA ignoring data from the past for frame front_right_wheel at time 1786033153.287573 according to authority Authority undetectable
Possible reasons are listed at http://wiki.ros.org/tf/Errors%20explained
[WARN] [1786033165.730284413] []: TF_OLD_DATA ignoring data from the past for frame rear_left_wheel at time 1786033153.287573 according to authority Authority undetectable
Possible reasons are listed at http://wiki.ros.org/tf/Errors%20explained
[WARN] [1786033165.730294117] []: TF_OLD_DATA ignoring data from the past for frame rear_right_wheel at time 1786033153.287573 according to authority Authority undetectable
Possible reasons are listed at http://wiki.ros.org/tf/Errors%20explained
[WARN] [1786033165.730317617] []: TF_OLD_DATA ignoring data from the past for frame front_left_wheel at time 1786033153.387532 according to authority Authority undetectable
Possible reasons are listed at http://wiki.ros.org/tf/Errors%20explained
[WARN] [1786033165.730374840] []: TF_OLD_DATA ignoring data from the past for frame front_right_wheel at time 1786033153.387532 according to authority Authority undetectable
Possible reasons are listed at http://wiki.ros.org/tf/Errors%20explained
[WARN] [1786033165.730387951] []: TF_OLD_DATA ignoring data from the past for frame rear_left_wheel at time 1786033153.387532 according to authority Authority undetectable
Possible reasons are listed at http://wiki.ros.org/tf/Errors%20explained
[WARN] [1786033165.730399210] []: TF_OLD_DATA ignoring data from the past for frame rear_right_wheel at time 1786033153.387532 according to authority Authority undetectable
Possible reasons are listed at http://wiki.ros.org/tf/Errors%20explained
[WARN] [1786033165.730429285] []: TF_OLD_DATA ignoring data from the past for frame front_left_wheel at time 1786033153.487545 according to authority Authority undetectable
Possible reasons are listed at http://wiki.ros.org/tf/Errors%20explained
[WARN] [1786033165.730443711] []: TF_OLD_DATA ignoring data from the past for frame front_right_wheel at time 1786033153.487545 according to authority Authority undetectable
Possible reasons are listed at http://wiki.ros.org/tf/Errors%20explained
[WARN] [1786033165.730455711] []: TF_OLD_DATA ignoring data from the past for frame rear_left_wheel at time 1786033153.487545 according to authority Authority undetectable
Possible reasons are listed at http://wiki.ros.org/tf/Errors%20explained
[WARN] [1786033165.730465785] []: TF_OLD_DATA ignoring data from the past for frame rear_right_wheel at time 1786033153.487545 according to authority Authority undetectable
Possible reasons are listed at http://wiki.ros.org/tf/Errors%20explained
[WARN] [1786033165.730494600] []: TF_OLD_DATA ignoring data from the past for frame front_left_wheel at time 1786033153.587522 according to authority Authority undetectable
Possible reasons are listed at http://wiki.ros.org/tf/Errors%20explained
[WARN] [1786033165.730507804] []: TF_OLD_DATA ignoring data from the past for frame front_right_wheel at time 1786033153.587522 according to authority Authority undetectable
Possible reasons are listed at http://wiki.ros.org/tf/Errors%20explained
[WARN] [1786033165.730519581] []: TF_OLD_DATA ignoring data from the past for frame rear_left_wheel at time 1786033153.587522 according to authority Authority undetectable
Possible reasons are listed at http://wiki.ros.org/tf/Errors%20explained
[WARN] [1786033165.730531507] []: TF_OLD_DATA ignoring data from the past for frame rear_right_wheel at time 1786033153.587522 according to authority Authority undetectable
Possible reasons are listed at http://wiki.ros.org/tf/Errors%20explained
[WARN] [1786033165.827653935] []: TF_OLD_DATA ignoring data from the past for frame front_left_wheel at time 1786033153.687537 according to authority Authority undetectable
Possible reasons are listed at http://wiki.ros.org/tf/Errors%20explained
[WARN] [1786033165.827686491] []: TF_OLD_DATA ignoring data from the past for frame front_right_wheel at time 1786033153.687537 according to authority Authority undetectable
Possible reasons are listed at http://wiki.ros.org/tf/Errors%20explained
[WARN] [1786033165.827699528] []: TF_OLD_DATA ignoring data from the past for frame rear_left_wheel at time 1786033153.687537 according to authority Authority undetectable
Possible reasons are listed at http://wiki.ros.org/tf/Errors%20explained
[WARN] [1786033165.827710973] []: TF_OLD_DATA ignoring data from the past for frame rear_right_wheel at time 1786033153.687537 according to authority Authority undetectable
Possible reasons are listed at http://wiki.ros.org/tf/Errors%20explained
[WARN] [1786033166.289390999] []: TF_OLD_DATA ignoring data from the past for frame front_left_wheel at time 1786033153.787563 according to authority Authority undetectable
Possible reasons are listed at http://wiki.ros.org/tf/Errors%20explained
[WARN] [1786033166.289427221] []: TF_OLD_DATA ignoring data from the past for frame front_right_wheel at time 1786033153.787563 according to authority Authority undetectable
Possible reasons are listed at http://wiki.ros.org/tf/Errors%20explained
[WARN] [1786033166.289492036] []: TF_OLD_DATA ignoring data from the past for frame rear_left_wheel at time 1786033153.787563 according to authority Authority undetectable
Possible reasons are listed at http://wiki.ros.org/tf/Errors%20explained
[WARN] [1786033166.289508925] []: TF_OLD_DATA ignoring data from the past for frame rear_right_wheel at time 1786033153.787563 according to authority Authority undetectable
Possible reasons are listed at http://wiki.ros.org/tf/Errors%20explained
[WARN] [1786033166.289564407] []: TF_OLD_DATA ignoring data from the past for frame front_left_wheel at time 1786033153.887570 according to authority Authority undetectable
Possible reasons are listed at http://wiki.ros.org/tf/Errors%20explained
[WARN] [1786033166.289580407] []: TF_OLD_DATA ignoring data from the past for frame front_right_wheel at time 1786033153.887570 according to authority Authority undetectable
Possible reasons are listed at http://wiki.ros.org/tf/Errors%20explained
[WARN] [1786033166.289593129] []: TF_OLD_DATA ignoring data from the past for frame rear_left_wheel at time 1786033153.887570 according to authority Authority undetectable
Possible reasons are listed at http://wiki.ros.org/tf/Errors%20explained
[WARN] [1786033166.289604240] []: TF_OLD_DATA ignoring data from the past for frame rear_right_wheel at time 1786033153.887570 according to authority Authority undetectable
Possible reasons are listed at http://wiki.ros.org/tf/Errors%20explained
[WARN] [1786033166.289634630] []: TF_OLD_DATA ignoring data from the past for frame front_left_wheel at time 1786033153.987544 according to authority Authority undetectable
Possible reasons are listed at http://wiki.ros.org/tf/Errors%20explained
[WARN] [1786033166.289649463] []: TF_OLD_DATA ignoring data from the past for frame front_right_wheel at time 1786033153.987544 according to authority Authority undetectable
Possible reasons are listed at http://wiki.ros.org/tf/Errors%20explained
[WARN] [1786033166.289661982] []: TF_OLD_DATA ignoring data from the past for frame rear_left_wheel at time 1786033153.987544 according to authority Authority undetectable
Possible reasons are listed at http://wiki.ros.org/tf/Errors%20explained
[WARN] [1786033166.289678074] []: TF_OLD_DATA ignoring data from the past for frame rear_right_wheel at time 1786033153.987544 according to authority Authority undetectable
Possible reasons are listed at http://wiki.ros.org/tf/Errors%20explained
[WARN] [1786033166.289707593] []: TF_OLD_DATA ignoring data from the past for frame front_left_wheel at time 1786033154.087566 according to authority Authority undetectable
Possible reasons are listed at http://wiki.ros.org/tf/Errors%20explained
[WARN] [1786033166.289721445] []: TF_OLD_DATA ignoring data from the past for frame front_right_wheel at time 1786033154.087566 according to authority Authority undetectable
Possible reasons are listed at http://wiki.ros.org/tf/Errors%20explained
[WARN] [1786033166.289734130] []: TF_OLD_DATA ignoring data from the past for frame rear_left_wheel at time 1786033154.087566 according to authority Authority undetectable
Possible reasons are listed at http://wiki.ros.org/tf/Errors%20explained
[WARN] [1786033166.289745741] []: TF_OLD_DATA ignoring data from the past for frame rear_right_wheel at time 1786033154.087566 according to authority Authority undetectable
Possible reasons are listed at http://wiki.ros.org/tf/Errors%20explained
[WARN] [1786033166.289775871] []: TF_OLD_DATA ignoring data from the past for frame front_left_wheel at time 1786033154.187466 according to authority Authority undetectable
Possible reasons are listed at http://wiki.ros.org/tf/Errors%20explained
[WARN] [1786033166.289789797] []: TF_OLD_DATA ignoring data from the past for frame front_right_wheel at time 1786033154.187466 according to authority Authority undetectable
Possible reasons are listed at http://wiki.ros.org/tf/Errors%20explained
[WARN] [1786033166.289879390] []: TF_OLD_DATA ignoring data from the past for frame rear_left_wheel at time 1786033154.187466 according to authority Authority undetectable
Possible reasons are listed at http://wiki.ros.org/tf/Errors%20explained
[WARN] [1786033166.289898501] []: TF_OLD_DATA ignoring data from the past for frame rear_right_wheel at time 1786033154.187466 according to authority Authority undetectable
Possible reasons are listed at http://wiki.ros.org/tf/Errors%20explained
[WARN] [1786033166.289944650] []: TF_OLD_DATA ignoring data from the past for frame front_left_wheel at time 1786033154.287545 according to authority Authority undetectable
Possible reasons are listed at http://wiki.ros.org/tf/Errors%20explained
[WARN] [1786033166.289962835] []: TF_OLD_DATA ignoring data from the past for frame front_right_wheel at time 1786033154.287545 according to authority Authority undetectable
Possible reasons are listed at http://wiki.ros.org/tf/Errors%20explained
[WARN] [1786033166.289975391] []: TF_OLD_DATA ignoring data from the past for frame rear_left_wheel at time 1786033154.287545 according to authority Authority undetectable
Possible reasons are listed at http://wiki.ros.org/tf/Errors%20explained
[WARN] [1786033166.289986650] []: TF_OLD_DATA ignoring data from the past for frame rear_right_wheel at time 1786033154.287545 according to authority Authority undetectable
Possible reasons are listed at http://wiki.ros.org/tf/Errors%20explained
[WARN] [1786033166.290017872] []: TF_OLD_DATA ignoring data from the past for frame front_left_wheel at time 1786033154.387558 according to authority Authority undetectable
Possible reasons are listed at http://wiki.ros.org/tf/Errors%20explained
[WARN] [1786033166.290032354] []: TF_OLD_DATA ignoring data from the past for frame front_right_wheel at time 1786033154.387558 according to authority Authority undetectable
Possible reasons are listed at http://wiki.ros.org/tf/Errors%20explained
[WARN] [1786033166.290045021] []: TF_OLD_DATA ignoring data from the past for frame rear_left_wheel at time 1786033154.387558 according to authority Authority undetectable
Possible reasons are listed at http://wiki.ros.org/tf/Errors%20explained
[WARN] [1786033166.290069447] []: TF_OLD_DATA ignoring data from the past for frame rear_right_wheel at time 1786033154.387558 according to authority Authority undetectable
Possible reasons are listed at http://wiki.ros.org/tf/Errors%20explained
[WARN] [1786033166.290111410] []: TF_OLD_DATA ignoring data from the past for frame front_left_wheel at time 1786033154.487564 according to authority Authority undetectable
Possible reasons are listed at http://wiki.ros.org/tf/Errors%20explained
[WARN] [1786033166.290126040] []: TF_OLD_DATA ignoring data from the past for frame front_right_wheel at time 1786033154.487564 according to authority Authority undetectable
Possible reasons are listed at http://wiki.ros.org/tf/Errors%20explained
[WARN] [1786033166.290138132] []: TF_OLD_DATA ignoring data from the past for frame rear_left_wheel at time 1786033154.487564 according to authority Authority undetectable
Possible reasons are listed at http://wiki.ros.org/tf/Errors%20explained
[WARN] [1786033166.290149299] []: TF_OLD_DATA ignoring data from the past for frame rear_right_wheel at time 1786033154.487564 according to authority Authority undetectable
Possible reasons are listed at http://wiki.ros.org/tf/Errors%20explained
[WARN] [1786033166.290177744] []: TF_OLD_DATA ignoring data from the past for frame front_left_wheel at time 1786033154.587581 according to authority Authority undetectable
Possible reasons are listed at http://wiki.ros.org/tf/Errors%20explained
[WARN] [1786033166.290191651] []: TF_OLD_DATA ignoring data from the past for frame front_right_wheel at time 1786033154.587581 according to authority Authority undetectable
Possible reasons are listed at http://wiki.ros.org/tf/Errors%20explained
[WARN] [1786033166.290204133] []: TF_OLD_DATA ignoring data from the past for frame rear_left_wheel at time 1786033154.587581 according to authority Authority undetectable
Possible reasons are listed at http://wiki.ros.org/tf/Errors%20explained
[WARN] [1786033166.290250874] []: TF_OLD_DATA ignoring data from the past for frame rear_right_wheel at time 1786033154.587581 according to authority Authority undetectable
Possible reasons are listed at http://wiki.ros.org/tf/Errors%20explained
[WARN] [1786033169.867772992] []: TF_OLD_DATA ignoring data from the past for frame front_left_wheel at time 1786033154.687529 according to authority Authority undetectable
Possible reasons are listed at http://wiki.ros.org/tf/Errors%20explained
[WARN] [1786033169.867805807] []: TF_OLD_DATA ignoring data from the past for frame front_right_wheel at time 1786033154.687529 according to authority Authority undetectable
Possible reasons are listed at http://wiki.ros.org/tf/Errors%20explained
[WARN] [1786033169.867815863] []: TF_OLD_DATA ignoring data from the past for frame rear_left_wheel at time 1786033154.687529 according to authority Authority undetectable
Possible reasons are listed at http://wiki.ros.org/tf/Errors%20explained
[WARN] [1786033169.867824770] []: TF_OLD_DATA ignoring data from the past for frame rear_right_wheel at time 1786033154.687529 according to authority Authority undetectable
Possible reasons are listed at http://wiki.ros.org/tf/Errors%20explained
[WARN] [1786033169.867856974] []: TF_OLD_DATA ignoring data from the past for frame front_left_wheel at time 1786033154.787560 according to authority Authority undetectable
Possible reasons are listed at http://wiki.ros.org/tf/Errors%20explained
[WARN] [1786033169.867868659] []: TF_OLD_DATA ignoring data from the past for frame front_right_wheel at time 1786033154.787560 according to authority Authority undetectable
Possible reasons are listed at http://wiki.ros.org/tf/Errors%20explained
[WARN] [1786033169.867877474] []: TF_OLD_DATA ignoring data from the past for frame rear_left_wheel at time 1786033154.787560 according to authority Authority undetectable
Possible reasons are listed at http://wiki.ros.org/tf/Errors%20explained
[WARN] [1786033169.867885326] []: TF_OLD_DATA ignoring data from the past for frame rear_right_wheel at time 1786033154.787560 according to authority Authority undetectable
Possible reasons are listed at http://wiki.ros.org/tf/Errors%20explained
[WARN] [1786033169.867910956] []: TF_OLD_DATA ignoring data from the past for frame front_left_wheel at time 1786033154.887556 according to authority Authority undetectable
Possible reasons are listed at http://wiki.ros.org/tf/Errors%20explained
[WARN] [1786033169.867920789] []: TF_OLD_DATA ignoring data from the past for frame front_right_wheel at time 1786033154.887556 according to authority Authority undetectable
Possible reasons are listed at http://wiki.ros.org/tf/Errors%20explained
[WARN] [1786033169.867929567] []: TF_OLD_DATA ignoring data from the past for frame rear_left_wheel at time 1786033154.887556 according to authority Authority undetectable
Possible reasons are listed at http://wiki.ros.org/tf/Errors%20explained
[WARN] [1786033169.867937308] []: TF_OLD_DATA ignoring data from the past for frame rear_right_wheel at time 1786033154.887556 according to authority Authority undetectable
Possible reasons are listed at http://wiki.ros.org/tf/Errors%20explained
[WARN] [1786033169.867955586] []: TF_OLD_DATA ignoring data from the past for frame front_left_wheel at time 1786033154.987544 according to authority Authority undetectable
Possible reasons are listed at http://wiki.ros.org/tf/Errors%20explained
[WARN] [1786033169.867965512] []: TF_OLD_DATA ignoring data from the past for frame front_right_wheel at time 1786033154.987544 according to authority Authority undetectable
Possible reasons are listed at http://wiki.ros.org/tf/Errors%20explained
[WARN] [1786033169.867974326] []: TF_OLD_DATA ignoring data from the past for frame rear_left_wheel at time 1786033154.987544 according to authority Authority undetectable
Possible reasons are listed at http://wiki.ros.org/tf/Errors%20explained
[WARN] [1786033169.867982160] []: TF_OLD_DATA ignoring data from the past for frame rear_right_wheel at time 1786033154.987544 according to authority Authority undetectable
Possible reasons are listed at http://wiki.ros.org/tf/Errors%20explained
[WARN] [1786033169.868047086] []: TF_OLD_DATA ignoring data from the past for frame front_left_wheel at time 1786033155.087541 according to authority Authority undetectable
Possible reasons are listed at http://wiki.ros.org/tf/Errors%20explained
[WARN] [1786033169.868071216] []: TF_OLD_DATA ignoring data from the past for frame front_right_wheel at time 1786033155.087541 according to authority Authority undetectable
Possible reasons are listed at http://wiki.ros.org/tf/Errors%20explained
[WARN] [1786033169.868081049] []: TF_OLD_DATA ignoring data from the past for frame rear_left_wheel at time 1786033155.087541 according to authority Authority undetectable
Possible reasons are listed at http://wiki.ros.org/tf/Errors%20explained
[WARN] [1786033169.868090438] []: TF_OLD_DATA ignoring data from the past for frame rear_right_wheel at time 1786033155.087541 according to authority Authority undetectable
Possible reasons are listed at http://wiki.ros.org/tf/Errors%20explained
[WARN] [1786033169.868113735] []: TF_OLD_DATA ignoring data from the past for frame front_left_wheel at time 1786033155.187545 according to authority Authority undetectable
Possible reasons are listed at http://wiki.ros.org/tf/Errors%20explained
[WARN] [1786033169.868124549] []: TF_OLD_DATA ignoring data from the past for frame front_right_wheel at time 1786033155.187545 according to authority Authority undetectable
Possible reasons are listed at http://wiki.ros.org/tf/Errors%20explained
[WARN] [1786033169.868133975] []: TF_OLD_DATA ignoring data from the past for frame rear_left_wheel at time 1786033155.187545 according to authority Authority undetectable
Possible reasons are listed at http://wiki.ros.org/tf/Errors%20explained
[WARN] [1786033169.868141957] []: TF_OLD_DATA ignoring data from the past for frame rear_right_wheel at time 1786033155.187545 according to authority Authority undetectable
Possible reasons are listed at http://wiki.ros.org/tf/Errors%20explained
[WARN] [1786033169.868161216] []: TF_OLD_DATA ignoring data from the past for frame front_left_wheel at time 1786033155.287535 according to authority Authority undetectable
Possible reasons are listed at http://wiki.ros.org/tf/Errors%20explained
[WARN] [1786033180.522387118] []: TF_OLD_DATA ignoring data from the past for frame front_right_wheel at time 1786033155.287535 according to authority Authority undetectable
Possible reasons are listed at http://wiki.ros.org/tf/Errors%20explained
[WARN] [1786033180.522401266] []: TF_OLD_DATA ignoring data from the past for frame rear_left_wheel at time 1786033155.287535 according to authority Authority undetectable
Possible reasons are listed at http://wiki.ros.org/tf/Errors%20explained
[WARN] [1786033180.522549878] []: TF_OLD_DATA ignoring data from the past for frame rear_right_wheel at time 1786033155.287535 according to authority Authority undetectable
Possible reasons are listed at http://wiki.ros.org/tf/Errors%20explained
[INFO] [1786033180.836814696] [global_costmap.global_costmap]: Message Filter dropping message: frame 'laser' at time 1786033171.713 for reason 'the timestamp on the message is earlier than all the data in the transform cache'
[WARN] [1786033181.070998441] []: TF_OLD_DATA ignoring data from the past for frame front_left_wheel at time 1786033168.987566 according to authority Authority undetectable
Possible reasons are listed at http://wiki.ros.org/tf/Errors%20explained
[WARN] [1786033181.071029793] []: TF_OLD_DATA ignoring data from the past for frame front_right_wheel at time 1786033168.987566 according to authority Authority undetectable
Possible reasons are listed at http://wiki.ros.org/tf/Errors%20explained
[WARN] [1786033181.071042256] []: TF_OLD_DATA ignoring data from the past for frame rear_left_wheel at time 1786033168.987566 according to authority Authority undetectable
Possible reasons are listed at http://wiki.ros.org/tf/Errors%20explained
[WARN] [1786033181.071052089] []: TF_OLD_DATA ignoring data from the past for frame rear_right_wheel at time 1786033168.987566 according to authority Authority undetectable
Possible reasons are listed at http://wiki.ros.org/tf/Errors%20explained
[INFO] [1786033237.797236682] [global_costmap.global_costmap]: Message Filter dropping message: frame 'laser' at time 1786033237.493 for reason 'the timestamp on the message is earlier than all the data in the transform cache'
[INFO] [1786033240.305755051] [global_costmap.global_costmap]: Message Filter dropping message: frame 'laser' at time 1786033240.002 for reason 'the timestamp on the message is earlier than all the data in the transform cache'
[INFO] [1786033240.624349024] [rclcpp]: signal_handler(SIGINT/SIGTERM)
[INFO] [1786033240.624503321] [planner_server]: Running Nav2 LifecycleNode rcl preshutdown (planner_server)
[INFO] [1786033240.624632470] [planner_server]: Deactivating
[INFO] [1786033240.624696766] [global_costmap.global_costmap]: Deactivating
[INFO] [1786033243.909895355] [planner_server]: Deactivating plugin GridBased of type NavfnPlanner
[INFO] [1786033243.909984799] [planner_server]: Destroying bond (planner_server) to lifecycle manager.
[INFO] [1786033243.920217745] [planner_server]: Cleaning up
[INFO] [1786033244.567802118] [global_costmap.global_costmap]: Cleaning up
[INFO] [1786033244.577352948] [planner_server]: Cleaning up plugin GridBased of type NavfnPlanner
[INFO] [1786033244.577610672] [planner_server]: Destroying plugin GridBased of type NavfnPlanner
[INFO] [1786033246.630526049] [planner_server]: Destroying bond (planner_server) to lifecycle manager.
