[INFO] [1783999269.975928843] [planner_server]: 
	planner_server lifecycle node launched. 
	Waiting on external lifecycle transitions to activate
	See https://design.ros2.org/articles/node_lifecycle.html for more information.
[INFO] [1783999269.979363325] [planner_server]: Creating
[INFO] [1783999271.430191768] [global_costmap.global_costmap]: 
	global_costmap lifecycle node launched. 
	Waiting on external lifecycle transitions to activate
	See https://design.ros2.org/articles/node_lifecycle.html for more information.
[INFO] [1783999271.453722012] [global_costmap.global_costmap]: Creating Costmap
[INFO] [1783999273.879107033] [planner_server]: Configuring
[INFO] [1783999273.879276775] [global_costmap.global_costmap]: Configuring
[INFO] [1783999273.926506635] [global_costmap.global_costmap]: Using plugin "static_layer"
[INFO] [1783999273.945328723] [global_costmap.global_costmap]: Subscribing to the map topic (/map) with transient local durability
[INFO] [1783999273.953948105] [global_costmap.global_costmap]: Initialized plugin "static_layer"
[INFO] [1783999273.954018809] [global_costmap.global_costmap]: Using plugin "obstacle_layer"
[INFO] [1783999273.967481293] [global_costmap.global_costmap]: Subscribed to Topics: scan
[INFO] [1783999273.986944496] [global_costmap.global_costmap]: Initialized plugin "obstacle_layer"
[INFO] [1783999273.987032941] [global_costmap.global_costmap]: Using plugin "inflation_layer"
[INFO] [1783999273.990373553] [global_costmap.global_costmap]: Initialized plugin "inflation_layer"
[INFO] [1783999274.158528302] [global_costmap.global_costmap]: StaticLayer: Resizing costmap to 514 X 677 at 0.050000 m/pix
[INFO] [1783999274.159205676] [planner_server]: Created global planner plugin GridBased of type nav2_navfn_planner::NavfnPlanner
[INFO] [1783999274.159880291] [planner_server]: Configuring plugin GridBased of type NavfnPlanner
[INFO] [1783999274.168485877] [planner_server]: Planner Server has GridBased  planners available.
[INFO] [1783999276.743478171] [planner_server]: Activating
[INFO] [1783999276.743537523] [global_costmap.global_costmap]: Activating
[INFO] [1783999276.743555023] [global_costmap.global_costmap]: Checking transform
[INFO] [1783999276.743753913] [global_costmap.global_costmap]: start
[INFO] [1783999278.802362059] [planner_server]: Activating plugin GridBased of type NavfnPlanner
[INFO] [1783999278.815834765] [planner_server]: Creating bond (planner_server) to lifecycle manager.
[ERROR] [1783999375.050341559] [transformPoseInTargetFrame]: Extrapolation Error looking up target frame: Lookup would require extrapolation into the past.  Requested time 1783999356.259424 but the earliest data is at time 1783999373.650225, when looking up transform from frame [base_footprint] to frame [map]

[ERROR] [1783999377.050929562] [transformPoseInTargetFrame]: Extrapolation Error looking up target frame: Lookup would require extrapolation into the past.  Requested time 1783999356.259424 but the earliest data is at time 1783999373.650225, when looking up transform from frame [base_footprint] to frame [map]

[ERROR] [1783999379.050904172] [transformPoseInTargetFrame]: Extrapolation Error looking up target frame: Lookup would require extrapolation into the past.  Requested time 1783999356.259424 but the earliest data is at time 1783999373.650225, when looking up transform from frame [base_footprint] to frame [map]

[ERROR] [1783999381.049024198] [transformPoseInTargetFrame]: Extrapolation Error looking up target frame: Lookup would require extrapolation into the past.  Requested time 1783999356.259424 but the earliest data is at time 1783999373.650225, when looking up transform from frame [base_footprint] to frame [map]

[ERROR] [1783999383.050941541] [transformPoseInTargetFrame]: Extrapolation Error looking up target frame: Lookup would require extrapolation into the past.  Requested time 1783999356.259424 but the earliest data is at time 1783999373.650225, when looking up transform from frame [base_footprint] to frame [map]

[ERROR] [1783999385.050277592] [transformPoseInTargetFrame]: Extrapolation Error looking up target frame: Lookup would require extrapolation into the past.  Requested time 1783999356.259424 but the earliest data is at time 1783999374.983412, when looking up transform from frame [base_footprint] to frame [map]

[ERROR] [1783999387.051646154] [transformPoseInTargetFrame]: Extrapolation Error looking up target frame: Lookup would require extrapolation into the past.  Requested time 1783999356.259424 but the earliest data is at time 1783999376.983406, when looking up transform from frame [base_footprint] to frame [map]

[ERROR] [1783999389.049289622] [transformPoseInTargetFrame]: Extrapolation Error looking up target frame: Lookup would require extrapolation into the past.  Requested time 1783999356.259424 but the earliest data is at time 1783999379.016734, when looking up transform from frame [base_footprint] to frame [map]

[ERROR] [1783999391.051724098] [transformPoseInTargetFrame]: Extrapolation Error looking up target frame: Lookup would require extrapolation into the past.  Requested time 1783999356.259424 but the earliest data is at time 1783999381.050201, when looking up transform from frame [base_footprint] to frame [map]

[ERROR] [1783999393.049128416] [transformPoseInTargetFrame]: Extrapolation Error looking up target frame: Lookup would require extrapolation into the past.  Requested time 1783999356.259424 but the earliest data is at time 1783999383.016716, when looking up transform from frame [base_footprint] to frame [map]

[ERROR] [1783999395.049275953] [transformPoseInTargetFrame]: Extrapolation Error looking up target frame: Lookup would require extrapolation into the past.  Requested time 1783999356.259424 but the earliest data is at time 1783999385.016722, when looking up transform from frame [base_footprint] to frame [map]

[ERROR] [1783999397.051095073] [transformPoseInTargetFrame]: Extrapolation Error looking up target frame: Lookup would require extrapolation into the past.  Requested time 1783999356.259424 but the earliest data is at time 1783999387.016720, when looking up transform from frame [base_footprint] to frame [map]

[ERROR] [1783999399.049402989] [transformPoseInTargetFrame]: Extrapolation Error looking up target frame: Lookup would require extrapolation into the past.  Requested time 1783999356.259424 but the earliest data is at time 1783999388.983405, when looking up transform from frame [base_footprint] to frame [map]

[ERROR] [1783999401.053701142] [transformPoseInTargetFrame]: Extrapolation Error looking up target frame: Lookup would require extrapolation into the past.  Requested time 1783999356.259424 but the earliest data is at time 1783999391.016735, when looking up transform from frame [base_footprint] to frame [map]

[ERROR] [1783999403.051804445] [transformPoseInTargetFrame]: Extrapolation Error looking up target frame: Lookup would require extrapolation into the past.  Requested time 1783999356.259424 but the earliest data is at time 1783999392.983409, when looking up transform from frame [base_footprint] to frame [map]

[ERROR] [1783999405.050954477] [transformPoseInTargetFrame]: Extrapolation Error looking up target frame: Lookup would require extrapolation into the past.  Requested time 1783999356.259424 but the earliest data is at time 1783999394.983396, when looking up transform from frame [base_footprint] to frame [map]

[ERROR] [1783999407.052154594] [transformPoseInTargetFrame]: Extrapolation Error looking up target frame: Lookup would require extrapolation into the past.  Requested time 1783999356.259424 but the earliest data is at time 1783999397.050052, when looking up transform from frame [base_footprint] to frame [map]

[ERROR] [1783999409.051833925] [transformPoseInTargetFrame]: Extrapolation Error looking up target frame: Lookup would require extrapolation into the past.  Requested time 1783999356.259424 but the earliest data is at time 1783999399.016736, when looking up transform from frame [base_footprint] to frame [map]

[ERROR] [1783999411.050080248] [transformPoseInTargetFrame]: Extrapolation Error looking up target frame: Lookup would require extrapolation into the past.  Requested time 1783999356.259424 but the earliest data is at time 1783999401.016708, when looking up transform from frame [base_footprint] to frame [map]

[ERROR] [1783999413.049658337] [transformPoseInTargetFrame]: Extrapolation Error looking up target frame: Lookup would require extrapolation into the past.  Requested time 1783999356.259424 but the earliest data is at time 1783999402.983387, when looking up transform from frame [base_footprint] to frame [map]

[ERROR] [1783999415.051296197] [transformPoseInTargetFrame]: Extrapolation Error looking up target frame: Lookup would require extrapolation into the past.  Requested time 1783999356.259424 but the earliest data is at time 1783999405.016721, when looking up transform from frame [base_footprint] to frame [map]

[ERROR] [1783999417.050968917] [transformPoseInTargetFrame]: Extrapolation Error looking up target frame: Lookup would require extrapolation into the past.  Requested time 1783999356.259424 but the earliest data is at time 1783999406.983413, when looking up transform from frame [base_footprint] to frame [map]

[ERROR] [1783999419.052006830] [transformPoseInTargetFrame]: Extrapolation Error looking up target frame: Lookup would require extrapolation into the past.  Requested time 1783999356.259424 but the earliest data is at time 1783999409.016717, when looking up transform from frame [base_footprint] to frame [map]

[ERROR] [1783999421.052531462] [transformPoseInTargetFrame]: Extrapolation Error looking up target frame: Lookup would require extrapolation into the past.  Requested time 1783999356.259424 but the earliest data is at time 1783999411.050067, when looking up transform from frame [base_footprint] to frame [map]

[ERROR] [1783999423.053662893] [transformPoseInTargetFrame]: Extrapolation Error looking up target frame: Lookup would require extrapolation into the past.  Requested time 1783999356.259424 but the earliest data is at time 1783999413.016730, when looking up transform from frame [base_footprint] to frame [map]

[ERROR] [1783999425.055093326] [transformPoseInTargetFrame]: Extrapolation Error looking up target frame: Lookup would require extrapolation into the past.  Requested time 1783999356.259424 but the earliest data is at time 1783999415.050043, when looking up transform from frame [base_footprint] to frame [map]

[INFO] [1783999425.896171629] [global_costmap.global_costmap]: Message Filter dropping message: frame 'laser' at time 1783999425.494 for reason 'the timestamp on the message is earlier than all the data in the transform cache'
[ERROR] [1783999427.050993858] [transformPoseInTargetFrame]: Extrapolation Error looking up target frame: Lookup would require extrapolation into the past.  Requested time 1783999427.016728 but the earliest data is at time 1783999427.292168, when looking up transform from frame [base_footprint] to frame [map]

[WARN] [1783999454.451833157] [planner_server]: GridBased plugin failed to plan from (-8.69, -42.60) to (-13.03, -43.36): "Failed to create plan with tolerance of: 0.800000"
[WARN] [1783999454.453108349] [planner_server]: [compute_path_to_pose] [ActionServer] Aborting handle.
[INFO] [1783999454.472062308] [global_costmap.global_costmap]: Received request to clear entirely the global_costmap
[WARN] [1783999454.774389706] [planner_server]: Planner loop missed its desired rate of 5.0000 Hz. Current loop rate is 3.3304 Hz
[INFO] [1783999528.017121815] [global_costmap.global_costmap]: Received request to clear entirely the global_costmap
[WARN] [1783999528.768593276] [planner_server]: Planner loop missed its desired rate of 5.0000 Hz. Current loop rate is 1.3385 Hz
[WARN] [1783999568.822974346] [planner_server]: GridBased plugin failed to plan from (-11.56, -42.51) to (-13.03, -43.36): "Failed to create plan with tolerance of: 0.800000"
[WARN] [1783999568.823094866] [planner_server]: [compute_path_to_pose] [ActionServer] Aborting handle.
[INFO] [1783999568.827200389] [global_costmap.global_costmap]: Received request to clear entirely the global_costmap
[WARN] [1783999569.831077233] [planner_server]: GridBased plugin failed to plan from (0.00, 0.00) to (-13.03, -43.36): "Costmap timed out waiting for update"
[WARN] [1783999569.831156733] [planner_server]: [compute_path_to_pose] [ActionServer] Aborting handle.
[INFO] [1783999569.876808990] [global_costmap.global_costmap]: Received request to clear entirely the global_costmap
[WARN] [1783999570.775509020] [planner_server]: GridBased plugin failed to plan from (-11.25, -42.54) to (-13.03, -43.36): "Failed to create plan with tolerance of: 0.800000"
[WARN] [1783999570.775613391] [planner_server]: [compute_path_to_pose] [ActionServer] Aborting handle.
[INFO] [1783999570.795243002] [global_costmap.global_costmap]: Received request to clear entirely the global_costmap
[WARN] [1783999571.797019630] [planner_server]: GridBased plugin failed to plan from (0.00, 0.00) to (-13.03, -43.36): "Costmap timed out waiting for update"
[WARN] [1783999571.797100260] [planner_server]: [compute_path_to_pose] [ActionServer] Aborting handle.
[WARN] [1783999586.001710587] [planner_server]: Planner loop missed its desired rate of 5.0000 Hz. Current loop rate is 4.0698 Hz
[WARN] [1783999587.035436692] [planner_server]: GridBased plugin failed to plan from (-11.41, -42.15) to (-13.03, -43.36): "Failed to create plan with tolerance of: 0.800000"
[WARN] [1783999587.035563118] [planner_server]: [compute_path_to_pose] [ActionServer] Aborting handle.
[INFO] [1783999587.044936893] [global_costmap.global_costmap]: Received request to clear entirely the global_costmap
[WARN] [1783999588.046170056] [planner_server]: GridBased plugin failed to plan from (0.00, 0.00) to (-13.03, -43.36): "Costmap timed out waiting for update"
[WARN] [1783999588.046259463] [planner_server]: [compute_path_to_pose] [ActionServer] Aborting handle.
[WARN] [1783999590.100643784] [planner_server]: GridBased plugin failed to plan from (-11.59, -42.23) to (-13.03, -43.36): "Failed to create plan with tolerance of: 0.800000"
[WARN] [1783999590.100768451] [planner_server]: [compute_path_to_pose] [ActionServer] Aborting handle.
[INFO] [1783999590.115148976] [global_costmap.global_costmap]: Received request to clear entirely the global_costmap
[WARN] [1783999590.776673119] [planner_server]: GridBased plugin failed to plan from (-11.66, -42.17) to (-13.03, -43.36): "Failed to create plan with tolerance of: 0.800000"
[WARN] [1783999590.776762379] [planner_server]: [compute_path_to_pose] [ActionServer] Aborting handle.
[INFO] [1783999590.796812121] [global_costmap.global_costmap]: Received request to clear entirely the global_costmap
[WARN] [1783999591.798488879] [planner_server]: GridBased plugin failed to plan from (0.00, 0.00) to (-13.03, -43.36): "Costmap timed out waiting for update"
[WARN] [1783999591.798572953] [planner_server]: [compute_path_to_pose] [ActionServer] Aborting handle.
[INFO] [1783999591.815055046] [global_costmap.global_costmap]: Received request to clear entirely the global_costmap
[WARN] [1783999592.771599420] [planner_server]: GridBased plugin failed to plan from (-11.61, -42.29) to (-13.03, -43.36): "Failed to create plan with tolerance of: 0.800000"
[WARN] [1783999592.772787149] [planner_server]: [compute_path_to_pose] [ActionServer] Aborting handle.
[ERROR] [1783999671.054045120] [transformPoseInTargetFrame]: Extrapolation Error looking up target frame: Lookup would require extrapolation into the past.  Requested time 1783999660.337767 but the earliest data is at time 1783999661.016720, when looking up transform from frame [base_footprint] to frame [map]

[ERROR] [1783999673.069776297] [transformPoseInTargetFrame]: Extrapolation Error looking up target frame: Lookup would require extrapolation into the past.  Requested time 1783999660.337767 but the earliest data is at time 1783999663.050087, when looking up transform from frame [base_footprint] to frame [map]

[ERROR] [1783999675.050956780] [transformPoseInTargetFrame]: Extrapolation Error looking up target frame: Lookup would require extrapolation into the past.  Requested time 1783999660.337767 but the earliest data is at time 1783999665.016694, when looking up transform from frame [base_footprint] to frame [map]

[ERROR] [1783999677.052436285] [transformPoseInTargetFrame]: Extrapolation Error looking up target frame: Lookup would require extrapolation into the past.  Requested time 1783999660.337767 but the earliest data is at time 1783999667.016712, when looking up transform from frame [base_footprint] to frame [map]

[ERROR] [1783999679.051895630] [transformPoseInTargetFrame]: Extrapolation Error looking up target frame: Lookup would require extrapolation into the past.  Requested time 1783999660.337767 but the earliest data is at time 1783999669.050546, when looking up transform from frame [base_footprint] to frame [map]

[ERROR] [1783999681.049447149] [transformPoseInTargetFrame]: Extrapolation Error looking up target frame: Lookup would require extrapolation into the past.  Requested time 1783999660.337767 but the earliest data is at time 1783999670.983379, when looking up transform from frame [base_footprint] to frame [map]

[ERROR] [1783999683.050663875] [transformPoseInTargetFrame]: Extrapolation Error looking up target frame: Lookup would require extrapolation into the past.  Requested time 1783999660.337767 but the earliest data is at time 1783999672.984005, when looking up transform from frame [base_footprint] to frame [map]

[ERROR] [1783999685.052025212] [transformPoseInTargetFrame]: Extrapolation Error looking up target frame: Lookup would require extrapolation into the past.  Requested time 1783999660.337767 but the earliest data is at time 1783999674.983390, when looking up transform from frame [base_footprint] to frame [map]

[ERROR] [1783999687.055050040] [transformPoseInTargetFrame]: Extrapolation Error looking up target frame: Lookup would require extrapolation into the past.  Requested time 1783999660.337767 but the earliest data is at time 1783999677.016711, when looking up transform from frame [base_footprint] to frame [map]

[ERROR] [1783999689.048353017] [transformPoseInTargetFrame]: Extrapolation Error looking up target frame: Lookup would require extrapolation into the past.  Requested time 1783999660.337767 but the earliest data is at time 1783999679.016720, when looking up transform from frame [base_footprint] to frame [map]

[ERROR] [1783999691.052894002] [transformPoseInTargetFrame]: Extrapolation Error looking up target frame: Lookup would require extrapolation into the past.  Requested time 1783999660.337767 but the earliest data is at time 1783999681.016712, when looking up transform from frame [base_footprint] to frame [map]

[ERROR] [1783999693.050218983] [transformPoseInTargetFrame]: Extrapolation Error looking up target frame: Lookup would require extrapolation into the past.  Requested time 1783999660.337767 but the earliest data is at time 1783999682.983413, when looking up transform from frame [base_footprint] to frame [map]

[ERROR] [1783999695.050989595] [transformPoseInTargetFrame]: Extrapolation Error looking up target frame: Lookup would require extrapolation into the past.  Requested time 1783999660.337767 but the earliest data is at time 1783999685.016713, when looking up transform from frame [base_footprint] to frame [map]

[ERROR] [1783999697.049882585] [transformPoseInTargetFrame]: Extrapolation Error looking up target frame: Lookup would require extrapolation into the past.  Requested time 1783999660.337767 but the earliest data is at time 1783999686.983528, when looking up transform from frame [base_footprint] to frame [map]

[ERROR] [1783999699.051081847] [transformPoseInTargetFrame]: Extrapolation Error looking up target frame: Lookup would require extrapolation into the past.  Requested time 1783999660.337767 but the earliest data is at time 1783999688.983510, when looking up transform from frame [base_footprint] to frame [map]

[ERROR] [1783999701.051327808] [transformPoseInTargetFrame]: Extrapolation Error looking up target frame: Lookup would require extrapolation into the past.  Requested time 1783999660.337767 but the earliest data is at time 1783999691.016709, when looking up transform from frame [base_footprint] to frame [map]

[ERROR] [1783999703.052627645] [transformPoseInTargetFrame]: Extrapolation Error looking up target frame: Lookup would require extrapolation into the past.  Requested time 1783999660.337767 but the earliest data is at time 1783999693.016727, when looking up transform from frame [base_footprint] to frame [map]

[ERROR] [1783999705.049616828] [transformPoseInTargetFrame]: Extrapolation Error looking up target frame: Lookup would require extrapolation into the past.  Requested time 1783999660.337767 but the earliest data is at time 1783999695.016713, when looking up transform from frame [base_footprint] to frame [map]

[ERROR] [1783999707.049745269] [transformPoseInTargetFrame]: Extrapolation Error looking up target frame: Lookup would require extrapolation into the past.  Requested time 1783999660.337767 but the earliest data is at time 1783999697.016714, when looking up transform from frame [base_footprint] to frame [map]

[ERROR] [1783999709.052352410] [transformPoseInTargetFrame]: Extrapolation Error looking up target frame: Lookup would require extrapolation into the past.  Requested time 1783999660.337767 but the earliest data is at time 1783999699.016713, when looking up transform from frame [base_footprint] to frame [map]

[ERROR] [1783999711.052861483] [transformPoseInTargetFrame]: Extrapolation Error looking up target frame: Lookup would require extrapolation into the past.  Requested time 1783999660.337767 but the earliest data is at time 1783999701.016721, when looking up transform from frame [base_footprint] to frame [map]

[ERROR] [1783999713.051753862] [transformPoseInTargetFrame]: Extrapolation Error looking up target frame: Lookup would require extrapolation into the past.  Requested time 1783999660.337767 but the earliest data is at time 1783999702.983397, when looking up transform from frame [base_footprint] to frame [map]

[ERROR] [1783999715.051166707] [transformPoseInTargetFrame]: Extrapolation Error looking up target frame: Lookup would require extrapolation into the past.  Requested time 1783999660.337767 but the earliest data is at time 1783999704.983404, when looking up transform from frame [base_footprint] to frame [map]

[ERROR] [1783999717.052625230] [transformPoseInTargetFrame]: Extrapolation Error looking up target frame: Lookup would require extrapolation into the past.  Requested time 1783999660.337767 but the earliest data is at time 1783999707.016723, when looking up transform from frame [base_footprint] to frame [map]

[ERROR] [1783999719.051409682] [transformPoseInTargetFrame]: Extrapolation Error looking up target frame: Lookup would require extrapolation into the past.  Requested time 1783999660.337767 but the earliest data is at time 1783999708.983388, when looking up transform from frame [base_footprint] to frame [map]

[ERROR] [1783999721.051133843] [transformPoseInTargetFrame]: Extrapolation Error looking up target frame: Lookup would require extrapolation into the past.  Requested time 1783999660.337767 but the earliest data is at time 1783999711.016709, when looking up transform from frame [base_footprint] to frame [map]

[ERROR] [1783999723.044146615] [transformPoseInTargetFrame]: Extrapolation Error looking up target frame: Lookup would require extrapolation into the past.  Requested time 1783999660.337767 but the earliest data is at time 1783999713.016709, when looking up transform from frame [base_footprint] to frame [map]

[ERROR] [1783999725.051989155] [transformPoseInTargetFrame]: Extrapolation Error looking up target frame: Lookup would require extrapolation into the past.  Requested time 1783999660.337767 but the earliest data is at time 1783999714.983395, when looking up transform from frame [base_footprint] to frame [map]

[ERROR] [1783999727.051408685] [transformPoseInTargetFrame]: Extrapolation Error looking up target frame: Lookup would require extrapolation into the past.  Requested time 1783999660.337767 but the earliest data is at time 1783999717.016718, when looking up transform from frame [base_footprint] to frame [map]

[ERROR] [1783999729.052094130] [transformPoseInTargetFrame]: Extrapolation Error looking up target frame: Lookup would require extrapolation into the past.  Requested time 1783999660.337767 but the earliest data is at time 1783999719.050179, when looking up transform from frame [base_footprint] to frame [map]

[ERROR] [1783999731.058264401] [transformPoseInTargetFrame]: Extrapolation Error looking up target frame: Lookup would require extrapolation into the past.  Requested time 1783999660.337767 but the earliest data is at time 1783999721.016734, when looking up transform from frame [base_footprint] to frame [map]

[ERROR] [1783999733.046743537] [transformPoseInTargetFrame]: Extrapolation Error looking up target frame: Lookup would require extrapolation into the past.  Requested time 1783999660.337767 but the earliest data is at time 1783999723.016708, when looking up transform from frame [base_footprint] to frame [map]

[ERROR] [1783999735.052471621] [transformPoseInTargetFrame]: Extrapolation Error looking up target frame: Lookup would require extrapolation into the past.  Requested time 1783999660.337767 but the earliest data is at time 1783999725.050159, when looking up transform from frame [base_footprint] to frame [map]

[ERROR] [1783999737.052698211] [transformPoseInTargetFrame]: Extrapolation Error looking up target frame: Lookup would require extrapolation into the past.  Requested time 1783999660.337767 but the earliest data is at time 1783999726.983409, when looking up transform from frame [base_footprint] to frame [map]

[ERROR] [1783999739.050679677] [transformPoseInTargetFrame]: Extrapolation Error looking up target frame: Lookup would require extrapolation into the past.  Requested time 1783999660.337767 but the earliest data is at time 1783999728.983434, when looking up transform from frame [base_footprint] to frame [map]

[ERROR] [1783999741.053092354] [transformPoseInTargetFrame]: Extrapolation Error looking up target frame: Lookup would require extrapolation into the past.  Requested time 1783999660.337767 but the earliest data is at time 1783999731.016842, when looking up transform from frame [base_footprint] to frame [map]

[ERROR] [1783999743.051990066] [transformPoseInTargetFrame]: Extrapolation Error looking up target frame: Lookup would require extrapolation into the past.  Requested time 1783999660.337767 but the earliest data is at time 1783999732.983434, when looking up transform from frame [base_footprint] to frame [map]

[ERROR] [1783999745.051028001] [transformPoseInTargetFrame]: Extrapolation Error looking up target frame: Lookup would require extrapolation into the past.  Requested time 1783999660.337767 but the earliest data is at time 1783999734.983401, when looking up transform from frame [base_footprint] to frame [map]

[ERROR] [1783999747.049949269] [transformPoseInTargetFrame]: Extrapolation Error looking up target frame: Lookup would require extrapolation into the past.  Requested time 1783999660.337767 but the earliest data is at time 1783999736.983395, when looking up transform from frame [base_footprint] to frame [map]

[ERROR] [1783999749.050037636] [transformPoseInTargetFrame]: Extrapolation Error looking up target frame: Lookup would require extrapolation into the past.  Requested time 1783999660.337767 but the earliest data is at time 1783999739.016717, when looking up transform from frame [base_footprint] to frame [map]

[ERROR] [1783999751.051810180] [transformPoseInTargetFrame]: Extrapolation Error looking up target frame: Lookup would require extrapolation into the past.  Requested time 1783999660.337767 but the earliest data is at time 1783999740.983447, when looking up transform from frame [base_footprint] to frame [map]

[ERROR] [1783999753.050407835] [transformPoseInTargetFrame]: Extrapolation Error looking up target frame: Lookup would require extrapolation into the past.  Requested time 1783999660.337767 but the earliest data is at time 1783999742.983406, when looking up transform from frame [base_footprint] to frame [map]

[ERROR] [1783999755.051759968] [transformPoseInTargetFrame]: Extrapolation Error looking up target frame: Lookup would require extrapolation into the past.  Requested time 1783999660.337767 but the earliest data is at time 1783999745.016708, when looking up transform from frame [base_footprint] to frame [map]

[ERROR] [1783999757.052473857] [transformPoseInTargetFrame]: Extrapolation Error looking up target frame: Lookup would require extrapolation into the past.  Requested time 1783999660.337767 but the earliest data is at time 1783999747.050397, when looking up transform from frame [base_footprint] to frame [map]

[ERROR] [1783999759.051149865] [transformPoseInTargetFrame]: Extrapolation Error looking up target frame: Lookup would require extrapolation into the past.  Requested time 1783999660.337767 but the earliest data is at time 1783999749.016742, when looking up transform from frame [base_footprint] to frame [map]

[ERROR] [1783999761.051930921] [transformPoseInTargetFrame]: Extrapolation Error looking up target frame: Lookup would require extrapolation into the past.  Requested time 1783999660.337767 but the earliest data is at time 1783999751.016719, when looking up transform from frame [base_footprint] to frame [map]

[ERROR] [1783999763.052290493] [transformPoseInTargetFrame]: Extrapolation Error looking up target frame: Lookup would require extrapolation into the past.  Requested time 1783999660.337767 but the earliest data is at time 1783999753.016724, when looking up transform from frame [base_footprint] to frame [map]

[ERROR] [1783999765.051047649] [transformPoseInTargetFrame]: Extrapolation Error looking up target frame: Lookup would require extrapolation into the past.  Requested time 1783999660.337767 but the earliest data is at time 1783999754.983387, when looking up transform from frame [base_footprint] to frame [map]

[ERROR] [1783999767.051276795] [transformPoseInTargetFrame]: Extrapolation Error looking up target frame: Lookup would require extrapolation into the past.  Requested time 1783999660.337767 but the earliest data is at time 1783999756.983397, when looking up transform from frame [base_footprint] to frame [map]

[ERROR] [1783999769.053331506] [transformPoseInTargetFrame]: Extrapolation Error looking up target frame: Lookup would require extrapolation into the past.  Requested time 1783999660.337767 but the earliest data is at time 1783999759.050125, when looking up transform from frame [base_footprint] to frame [map]

[ERROR] [1783999771.050214189] [transformPoseInTargetFrame]: Extrapolation Error looking up target frame: Lookup would require extrapolation into the past.  Requested time 1783999660.337767 but the earliest data is at time 1783999760.983409, when looking up transform from frame [base_footprint] to frame [map]

[ERROR] [1783999773.051925120] [transformPoseInTargetFrame]: Extrapolation Error looking up target frame: Lookup would require extrapolation into the past.  Requested time 1783999660.337767 but the earliest data is at time 1783999762.983396, when looking up transform from frame [base_footprint] to frame [map]

[ERROR] [1783999775.052372545] [transformPoseInTargetFrame]: Extrapolation Error looking up target frame: Lookup would require extrapolation into the past.  Requested time 1783999660.337767 but the earliest data is at time 1783999765.050038, when looking up transform from frame [base_footprint] to frame [map]

[ERROR] [1783999777.052022854] [transformPoseInTargetFrame]: Extrapolation Error looking up target frame: Lookup would require extrapolation into the past.  Requested time 1783999660.337767 but the earliest data is at time 1783999767.016724, when looking up transform from frame [base_footprint] to frame [map]

[ERROR] [1783999779.052285278] [transformPoseInTargetFrame]: Extrapolation Error looking up target frame: Lookup would require extrapolation into the past.  Requested time 1783999660.337767 but the earliest data is at time 1783999769.016753, when looking up transform from frame [base_footprint] to frame [map]

[ERROR] [1783999781.052379701] [transformPoseInTargetFrame]: Extrapolation Error looking up target frame: Lookup would require extrapolation into the past.  Requested time 1783999660.337767 but the earliest data is at time 1783999771.016754, when looking up transform from frame [base_footprint] to frame [map]

[ERROR] [1783999783.050221870] [transformPoseInTargetFrame]: Extrapolation Error looking up target frame: Lookup would require extrapolation into the past.  Requested time 1783999660.337767 but the earliest data is at time 1783999773.016975, when looking up transform from frame [base_footprint] to frame [map]

[ERROR] [1783999785.052073173] [transformPoseInTargetFrame]: Extrapolation Error looking up target frame: Lookup would require extrapolation into the past.  Requested time 1783999660.337767 but the earliest data is at time 1783999775.016728, when looking up transform from frame [base_footprint] to frame [map]

[ERROR] [1783999787.051990243] [transformPoseInTargetFrame]: Extrapolation Error looking up target frame: Lookup would require extrapolation into the past.  Requested time 1783999660.337767 but the earliest data is at time 1783999777.016710, when looking up transform from frame [base_footprint] to frame [map]

[ERROR] [1783999789.052105832] [transformPoseInTargetFrame]: Extrapolation Error looking up target frame: Lookup would require extrapolation into the past.  Requested time 1783999660.337767 but the earliest data is at time 1783999779.016729, when looking up transform from frame [base_footprint] to frame [map]

[ERROR] [1783999791.052266848] [transformPoseInTargetFrame]: Extrapolation Error looking up target frame: Lookup would require extrapolation into the past.  Requested time 1783999660.337767 but the earliest data is at time 1783999781.016732, when looking up transform from frame [base_footprint] to frame [map]

[ERROR] [1783999793.050156832] [transformPoseInTargetFrame]: Extrapolation Error looking up target frame: Lookup would require extrapolation into the past.  Requested time 1783999660.337767 but the earliest data is at time 1783999782.983431, when looking up transform from frame [base_footprint] to frame [map]

[ERROR] [1783999795.052366026] [transformPoseInTargetFrame]: Extrapolation Error looking up target frame: Lookup would require extrapolation into the past.  Requested time 1783999660.337767 but the earliest data is at time 1783999785.016705, when looking up transform from frame [base_footprint] to frame [map]

[ERROR] [1783999797.051929353] [transformPoseInTargetFrame]: Extrapolation Error looking up target frame: Lookup would require extrapolation into the past.  Requested time 1783999660.337767 but the earliest data is at time 1783999787.050229, when looking up transform from frame [base_footprint] to frame [map]

[ERROR] [1783999799.052300444] [transformPoseInTargetFrame]: Extrapolation Error looking up target frame: Lookup would require extrapolation into the past.  Requested time 1783999660.337767 but the earliest data is at time 1783999789.050064, when looking up transform from frame [base_footprint] to frame [map]

[ERROR] [1783999801.044559693] [transformPoseInTargetFrame]: Extrapolation Error looking up target frame: Lookup would require extrapolation into the past.  Requested time 1783999660.337767 but the earliest data is at time 1783999790.983385, when looking up transform from frame [base_footprint] to frame [map]

[ERROR] [1783999803.052127028] [transformPoseInTargetFrame]: Extrapolation Error looking up target frame: Lookup would require extrapolation into the past.  Requested time 1783999660.337767 but the earliest data is at time 1783999792.983407, when looking up transform from frame [base_footprint] to frame [map]

[ERROR] [1783999805.052213007] [transformPoseInTargetFrame]: Extrapolation Error looking up target frame: Lookup would require extrapolation into the past.  Requested time 1783999660.337767 but the earliest data is at time 1783999795.016727, when looking up transform from frame [base_footprint] to frame [map]

[ERROR] [1783999807.051786130] [transformPoseInTargetFrame]: Extrapolation Error looking up target frame: Lookup would require extrapolation into the past.  Requested time 1783999660.337767 but the earliest data is at time 1783999796.983533, when looking up transform from frame [base_footprint] to frame [map]

[ERROR] [1783999809.049558392] [transformPoseInTargetFrame]: Extrapolation Error looking up target frame: Lookup would require extrapolation into the past.  Requested time 1783999660.337767 but the earliest data is at time 1783999799.016721, when looking up transform from frame [base_footprint] to frame [map]

[ERROR] [1783999811.052556368] [transformPoseInTargetFrame]: Extrapolation Error looking up target frame: Lookup would require extrapolation into the past.  Requested time 1783999660.337767 but the earliest data is at time 1783999801.016725, when looking up transform from frame [base_footprint] to frame [map]

[ERROR] [1783999813.053832464] [transformPoseInTargetFrame]: Extrapolation Error looking up target frame: Lookup would require extrapolation into the past.  Requested time 1783999660.337767 but the earliest data is at time 1783999803.016718, when looking up transform from frame [base_footprint] to frame [map]

[ERROR] [1783999815.052469934] [transformPoseInTargetFrame]: Extrapolation Error looking up target frame: Lookup would require extrapolation into the past.  Requested time 1783999660.337767 but the earliest data is at time 1783999805.016715, when looking up transform from frame [base_footprint] to frame [map]

[ERROR] [1783999817.052195614] [transformPoseInTargetFrame]: Extrapolation Error looking up target frame: Lookup would require extrapolation into the past.  Requested time 1783999660.337767 but the earliest data is at time 1783999806.983391, when looking up transform from frame [base_footprint] to frame [map]

[ERROR] [1783999819.052437130] [transformPoseInTargetFrame]: Extrapolation Error looking up target frame: Lookup would require extrapolation into the past.  Requested time 1783999660.337767 but the earliest data is at time 1783999809.051377, when looking up transform from frame [base_footprint] to frame [map]

[ERROR] [1783999821.051415398] [transformPoseInTargetFrame]: Extrapolation Error looking up target frame: Lookup would require extrapolation into the past.  Requested time 1783999660.337767 but the earliest data is at time 1783999810.983408, when looking up transform from frame [base_footprint] to frame [map]

[ERROR] [1783999823.052668587] [transformPoseInTargetFrame]: Extrapolation Error looking up target frame: Lookup would require extrapolation into the past.  Requested time 1783999660.337767 but the earliest data is at time 1783999813.050052, when looking up transform from frame [base_footprint] to frame [map]

[ERROR] [1783999825.052830176] [transformPoseInTargetFrame]: Extrapolation Error looking up target frame: Lookup would require extrapolation into the past.  Requested time 1783999660.337767 but the earliest data is at time 1783999815.050071, when looking up transform from frame [base_footprint] to frame [map]

[ERROR] [1783999827.050889384] [transformPoseInTargetFrame]: Extrapolation Error looking up target frame: Lookup would require extrapolation into the past.  Requested time 1783999660.337767 but the earliest data is at time 1783999817.016714, when looking up transform from frame [base_footprint] to frame [map]

[ERROR] [1783999829.051360846] [transformPoseInTargetFrame]: Extrapolation Error looking up target frame: Lookup would require extrapolation into the past.  Requested time 1783999660.337767 but the earliest data is at time 1783999818.983392, when looking up transform from frame [base_footprint] to frame [map]

[ERROR] [1783999831.051687418] [transformPoseInTargetFrame]: Extrapolation Error looking up target frame: Lookup would require extrapolation into the past.  Requested time 1783999660.337767 but the earliest data is at time 1783999820.983394, when looking up transform from frame [base_footprint] to frame [map]

[ERROR] [1783999833.053198293] [transformPoseInTargetFrame]: Extrapolation Error looking up target frame: Lookup would require extrapolation into the past.  Requested time 1783999660.337767 but the earliest data is at time 1783999823.016717, when looking up transform from frame [base_footprint] to frame [map]

[ERROR] [1783999835.050997166] [transformPoseInTargetFrame]: Extrapolation Error looking up target frame: Lookup would require extrapolation into the past.  Requested time 1783999660.337767 but the earliest data is at time 1783999824.983390, when looking up transform from frame [base_footprint] to frame [map]

[ERROR] [1783999837.050733864] [transformPoseInTargetFrame]: Extrapolation Error looking up target frame: Lookup would require extrapolation into the past.  Requested time 1783999660.337767 but the earliest data is at time 1783999826.983395, when looking up transform from frame [base_footprint] to frame [map]

[ERROR] [1783999839.051640032] [transformPoseInTargetFrame]: Extrapolation Error looking up target frame: Lookup would require extrapolation into the past.  Requested time 1783999660.337767 but the earliest data is at time 1783999829.016719, when looking up transform from frame [base_footprint] to frame [map]

[ERROR] [1783999841.050729153] [transformPoseInTargetFrame]: Extrapolation Error looking up target frame: Lookup would require extrapolation into the past.  Requested time 1783999660.337767 but the earliest data is at time 1783999831.016724, when looking up transform from frame [base_footprint] to frame [map]

[ERROR] [1783999843.051181948] [transformPoseInTargetFrame]: Extrapolation Error looking up target frame: Lookup would require extrapolation into the past.  Requested time 1783999660.337767 but the earliest data is at time 1783999833.016716, when looking up transform from frame [base_footprint] to frame [map]

[ERROR] [1783999845.051379408] [transformPoseInTargetFrame]: Extrapolation Error looking up target frame: Lookup would require extrapolation into the past.  Requested time 1783999660.337767 but the earliest data is at time 1783999834.983384, when looking up transform from frame [base_footprint] to frame [map]

[ERROR] [1783999847.049882656] [transformPoseInTargetFrame]: Extrapolation Error looking up target frame: Lookup would require extrapolation into the past.  Requested time 1783999660.337767 but the earliest data is at time 1783999836.983384, when looking up transform from frame [base_footprint] to frame [map]

[ERROR] [1783999849.053215541] [transformPoseInTargetFrame]: Extrapolation Error looking up target frame: Lookup would require extrapolation into the past.  Requested time 1783999660.337767 but the earliest data is at time 1783999839.050056, when looking up transform from frame [base_footprint] to frame [map]

[ERROR] [1783999851.053244908] [transformPoseInTargetFrame]: Extrapolation Error looking up target frame: Lookup would require extrapolation into the past.  Requested time 1783999660.337767 but the earliest data is at time 1783999841.016713, when looking up transform from frame [base_footprint] to frame [map]

[ERROR] [1783999853.051713044] [transformPoseInTargetFrame]: Extrapolation Error looking up target frame: Lookup would require extrapolation into the past.  Requested time 1783999660.337767 but the earliest data is at time 1783999842.983925, when looking up transform from frame [base_footprint] to frame [map]

[ERROR] [1783999855.052324414] [transformPoseInTargetFrame]: Extrapolation Error looking up target frame: Lookup would require extrapolation into the past.  Requested time 1783999660.337767 but the earliest data is at time 1783999845.016717, when looking up transform from frame [base_footprint] to frame [map]

[ERROR] [1783999857.051646999] [transformPoseInTargetFrame]: Extrapolation Error looking up target frame: Lookup would require extrapolation into the past.  Requested time 1783999660.337767 but the earliest data is at time 1783999846.983380, when looking up transform from frame [base_footprint] to frame [map]

[ERROR] [1783999859.053108188] [transformPoseInTargetFrame]: Extrapolation Error looking up target frame: Lookup would require extrapolation into the past.  Requested time 1783999660.337767 but the earliest data is at time 1783999849.016721, when looking up transform from frame [base_footprint] to frame [map]

[ERROR] [1783999861.052290921] [transformPoseInTargetFrame]: Extrapolation Error looking up target frame: Lookup would require extrapolation into the past.  Requested time 1783999660.337767 but the earliest data is at time 1783999851.016758, when looking up transform from frame [base_footprint] to frame [map]

[ERROR] [1783999863.051106873] [transformPoseInTargetFrame]: Extrapolation Error looking up target frame: Lookup would require extrapolation into the past.  Requested time 1783999660.337767 but the earliest data is at time 1783999852.983382, when looking up transform from frame [base_footprint] to frame [map]

[ERROR] [1783999865.049948196] [transformPoseInTargetFrame]: Extrapolation Error looking up target frame: Lookup would require extrapolation into the past.  Requested time 1783999660.337767 but the earliest data is at time 1783999855.016706, when looking up transform from frame [base_footprint] to frame [map]

[ERROR] [1783999867.051161959] [transformPoseInTargetFrame]: Extrapolation Error looking up target frame: Lookup would require extrapolation into the past.  Requested time 1783999660.337767 but the earliest data is at time 1783999857.016714, when looking up transform from frame [base_footprint] to frame [map]

[ERROR] [1783999869.052170998] [transformPoseInTargetFrame]: Extrapolation Error looking up target frame: Lookup would require extrapolation into the past.  Requested time 1783999660.337767 but the earliest data is at time 1783999859.016708, when looking up transform from frame [base_footprint] to frame [map]

[ERROR] [1783999871.051060043] [transformPoseInTargetFrame]: Extrapolation Error looking up target frame: Lookup would require extrapolation into the past.  Requested time 1783999660.337767 but the earliest data is at time 1783999861.016717, when looking up transform from frame [base_footprint] to frame [map]

[ERROR] [1783999873.049229066] [transformPoseInTargetFrame]: Extrapolation Error looking up target frame: Lookup would require extrapolation into the past.  Requested time 1783999660.337767 but the earliest data is at time 1783999863.016708, when looking up transform from frame [base_footprint] to frame [map]

[ERROR] [1783999875.051025628] [transformPoseInTargetFrame]: Extrapolation Error looking up target frame: Lookup would require extrapolation into the past.  Requested time 1783999660.337767 but the earliest data is at time 1783999864.983395, when looking up transform from frame [base_footprint] to frame [map]

[ERROR] [1783999877.045305074] [transformPoseInTargetFrame]: Extrapolation Error looking up target frame: Lookup would require extrapolation into the past.  Requested time 1783999660.337767 but the earliest data is at time 1783999866.983405, when looking up transform from frame [base_footprint] to frame [map]

[ERROR] [1783999879.048128641] [transformPoseInTargetFrame]: Extrapolation Error looking up target frame: Lookup would require extrapolation into the past.  Requested time 1783999660.337767 but the earliest data is at time 1783999869.016741, when looking up transform from frame [base_footprint] to frame [map]

[ERROR] [1783999881.051016469] [transformPoseInTargetFrame]: Extrapolation Error looking up target frame: Lookup would require extrapolation into the past.  Requested time 1783999660.337767 but the earliest data is at time 1783999870.983411, when looking up transform from frame [base_footprint] to frame [map]

[ERROR] [1783999883.052205583] [transformPoseInTargetFrame]: Extrapolation Error looking up target frame: Lookup would require extrapolation into the past.  Requested time 1783999660.337767 but the earliest data is at time 1783999873.050484, when looking up transform from frame [base_footprint] to frame [map]

[ERROR] [1783999885.051647705] [transformPoseInTargetFrame]: Extrapolation Error looking up target frame: Lookup would require extrapolation into the past.  Requested time 1783999660.337767 but the earliest data is at time 1783999875.016735, when looking up transform from frame [base_footprint] to frame [map]

[ERROR] [1783999887.049956303] [transformPoseInTargetFrame]: Extrapolation Error looking up target frame: Lookup would require extrapolation into the past.  Requested time 1783999660.337767 but the earliest data is at time 1783999876.983405, when looking up transform from frame [base_footprint] to frame [map]

[ERROR] [1783999889.051623309] [transformPoseInTargetFrame]: Extrapolation Error looking up target frame: Lookup would require extrapolation into the past.  Requested time 1783999660.337767 but the earliest data is at time 1783999878.983669, when looking up transform from frame [base_footprint] to frame [map]

[ERROR] [1783999891.051118784] [transformPoseInTargetFrame]: Extrapolation Error looking up target frame: Lookup would require extrapolation into the past.  Requested time 1783999660.337767 but the earliest data is at time 1783999880.983390, when looking up transform from frame [base_footprint] to frame [map]

[ERROR] [1783999893.052120323] [transformPoseInTargetFrame]: Extrapolation Error looking up target frame: Lookup would require extrapolation into the past.  Requested time 1783999660.337767 but the earliest data is at time 1783999882.983391, when looking up transform from frame [base_footprint] to frame [map]

[ERROR] [1783999895.051482186] [transformPoseInTargetFrame]: Extrapolation Error looking up target frame: Lookup would require extrapolation into the past.  Requested time 1783999660.337767 but the earliest data is at time 1783999884.983394, when looking up transform from frame [base_footprint] to frame [map]

[ERROR] [1783999897.052205982] [transformPoseInTargetFrame]: Extrapolation Error looking up target frame: Lookup would require extrapolation into the past.  Requested time 1783999660.337767 but the earliest data is at time 1783999887.016731, when looking up transform from frame [base_footprint] to frame [map]

[ERROR] [1783999899.051038843] [transformPoseInTargetFrame]: Extrapolation Error looking up target frame: Lookup would require extrapolation into the past.  Requested time 1783999660.337767 but the earliest data is at time 1783999888.983392, when looking up transform from frame [base_footprint] to frame [map]

[ERROR] [1783999901.052366643] [transformPoseInTargetFrame]: Extrapolation Error looking up target frame: Lookup would require extrapolation into the past.  Requested time 1783999660.337767 but the earliest data is at time 1783999891.050043, when looking up transform from frame [base_footprint] to frame [map]

[ERROR] [1783999903.051168651] [transformPoseInTargetFrame]: Extrapolation Error looking up target frame: Lookup would require extrapolation into the past.  Requested time 1783999660.337767 but the earliest data is at time 1783999893.016775, when looking up transform from frame [base_footprint] to frame [map]

[ERROR] [1783999905.049489230] [transformPoseInTargetFrame]: Extrapolation Error looking up target frame: Lookup would require extrapolation into the past.  Requested time 1783999660.337767 but the earliest data is at time 1783999895.016731, when looking up transform from frame [base_footprint] to frame [map]

[ERROR] [1783999907.051758406] [transformPoseInTargetFrame]: Extrapolation Error looking up target frame: Lookup would require extrapolation into the past.  Requested time 1783999660.337767 but the earliest data is at time 1783999896.983409, when looking up transform from frame [base_footprint] to frame [map]

[ERROR] [1783999909.052063737] [transformPoseInTargetFrame]: Extrapolation Error looking up target frame: Lookup would require extrapolation into the past.  Requested time 1783999660.337767 but the earliest data is at time 1783999898.983368, when looking up transform from frame [base_footprint] to frame [map]

[ERROR] [1783999911.051041912] [transformPoseInTargetFrame]: Extrapolation Error looking up target frame: Lookup would require extrapolation into the past.  Requested time 1783999660.337767 but the earliest data is at time 1783999901.016742, when looking up transform from frame [base_footprint] to frame [map]

[ERROR] [1783999913.049495641] [transformPoseInTargetFrame]: Extrapolation Error looking up target frame: Lookup would require extrapolation into the past.  Requested time 1783999660.337767 but the earliest data is at time 1783999902.983693, when looking up transform from frame [base_footprint] to frame [map]

[ERROR] [1783999915.052198633] [transformPoseInTargetFrame]: Extrapolation Error looking up target frame: Lookup would require extrapolation into the past.  Requested time 1783999660.337767 but the earliest data is at time 1783999905.050423, when looking up transform from frame [base_footprint] to frame [map]

[ERROR] [1783999917.051227013] [transformPoseInTargetFrame]: Extrapolation Error looking up target frame: Lookup would require extrapolation into the past.  Requested time 1783999660.337767 but the earliest data is at time 1783999907.016761, when looking up transform from frame [base_footprint] to frame [map]

[ERROR] [1783999919.050694766] [transformPoseInTargetFrame]: Extrapolation Error looking up target frame: Lookup would require extrapolation into the past.  Requested time 1783999660.337767 but the earliest data is at time 1783999909.016824, when looking up transform from frame [base_footprint] to frame [map]

[ERROR] [1783999921.051745934] [transformPoseInTargetFrame]: Extrapolation Error looking up target frame: Lookup would require extrapolation into the past.  Requested time 1783999660.337767 but the earliest data is at time 1783999910.983641, when looking up transform from frame [base_footprint] to frame [map]

[ERROR] [1783999923.050703110] [transformPoseInTargetFrame]: Extrapolation Error looking up target frame: Lookup would require extrapolation into the past.  Requested time 1783999660.337767 but the earliest data is at time 1783999912.983402, when looking up transform from frame [base_footprint] to frame [map]

[ERROR] [1783999925.050991626] [transformPoseInTargetFrame]: Extrapolation Error looking up target frame: Lookup would require extrapolation into the past.  Requested time 1783999660.337767 but the earliest data is at time 1783999915.016744, when looking up transform from frame [base_footprint] to frame [map]

[ERROR] [1783999927.051035178] [transformPoseInTargetFrame]: Extrapolation Error looking up target frame: Lookup would require extrapolation into the past.  Requested time 1783999660.337767 but the earliest data is at time 1783999917.016714, when looking up transform from frame [base_footprint] to frame [map]

[ERROR] [1783999929.051512047] [transformPoseInTargetFrame]: Extrapolation Error looking up target frame: Lookup would require extrapolation into the past.  Requested time 1783999660.337767 but the earliest data is at time 1783999918.983395, when looking up transform from frame [base_footprint] to frame [map]

[ERROR] [1783999931.050948818] [transformPoseInTargetFrame]: Extrapolation Error looking up target frame: Lookup would require extrapolation into the past.  Requested time 1783999660.337767 but the earliest data is at time 1783999920.983407, when looking up transform from frame [base_footprint] to frame [map]

[ERROR] [1783999933.050979092] [transformPoseInTargetFrame]: Extrapolation Error looking up target frame: Lookup would require extrapolation into the past.  Requested time 1783999660.337767 but the earliest data is at time 1783999923.016761, when looking up transform from frame [base_footprint] to frame [map]

[ERROR] [1783999935.051096423] [transformPoseInTargetFrame]: Extrapolation Error looking up target frame: Lookup would require extrapolation into the past.  Requested time 1783999660.337767 but the earliest data is at time 1783999924.983430, when looking up transform from frame [base_footprint] to frame [map]

[ERROR] [1783999937.051330198] [transformPoseInTargetFrame]: Extrapolation Error looking up target frame: Lookup would require extrapolation into the past.  Requested time 1783999660.337767 but the earliest data is at time 1783999926.983398, when looking up transform from frame [base_footprint] to frame [map]

[ERROR] [1783999939.050738654] [transformPoseInTargetFrame]: Extrapolation Error looking up target frame: Lookup would require extrapolation into the past.  Requested time 1783999660.337767 but the earliest data is at time 1783999928.983384, when looking up transform from frame [base_footprint] to frame [map]

[ERROR] [1783999941.050677946] [transformPoseInTargetFrame]: Extrapolation Error looking up target frame: Lookup would require extrapolation into the past.  Requested time 1783999660.337767 but the earliest data is at time 1783999930.983387, when looking up transform from frame [base_footprint] to frame [map]

[ERROR] [1783999943.051827486] [transformPoseInTargetFrame]: Extrapolation Error looking up target frame: Lookup would require extrapolation into the past.  Requested time 1783999660.337767 but the earliest data is at time 1783999932.983401, when looking up transform from frame [base_footprint] to frame [map]

[ERROR] [1783999945.051125904] [transformPoseInTargetFrame]: Extrapolation Error looking up target frame: Lookup would require extrapolation into the past.  Requested time 1783999660.337767 but the earliest data is at time 1783999935.016735, when looking up transform from frame [base_footprint] to frame [map]

[ERROR] [1783999947.050247247] [transformPoseInTargetFrame]: Extrapolation Error looking up target frame: Lookup would require extrapolation into the past.  Requested time 1783999660.337767 but the earliest data is at time 1783999936.983381, when looking up transform from frame [base_footprint] to frame [map]

[ERROR] [1783999949.049561869] [transformPoseInTargetFrame]: Extrapolation Error looking up target frame: Lookup would require extrapolation into the past.  Requested time 1783999660.337767 but the earliest data is at time 1783999939.016896, when looking up transform from frame [base_footprint] to frame [map]

[ERROR] [1783999951.050164942] [transformPoseInTargetFrame]: Extrapolation Error looking up target frame: Lookup would require extrapolation into the past.  Requested time 1783999660.337767 but the earliest data is at time 1783999941.016785, when looking up transform from frame [base_footprint] to frame [map]

[ERROR] [1783999953.049832233] [transformPoseInTargetFrame]: Extrapolation Error looking up target frame: Lookup would require extrapolation into the past.  Requested time 1783999660.337767 but the earliest data is at time 1783999943.016868, when looking up transform from frame [base_footprint] to frame [map]

[ERROR] [1783999955.050603623] [transformPoseInTargetFrame]: Extrapolation Error looking up target frame: Lookup would require extrapolation into the past.  Requested time 1783999660.337767 but the earliest data is at time 1783999945.016925, when looking up transform from frame [base_footprint] to frame [map]

[ERROR] [1783999957.052362536] [transformPoseInTargetFrame]: Extrapolation Error looking up target frame: Lookup would require extrapolation into the past.  Requested time 1783999660.337767 but the earliest data is at time 1783999947.016847, when looking up transform from frame [base_footprint] to frame [map]

[ERROR] [1783999959.049219015] [transformPoseInTargetFrame]: Extrapolation Error looking up target frame: Lookup would require extrapolation into the past.  Requested time 1783999660.337767 but the earliest data is at time 1783999948.983389, when looking up transform from frame [base_footprint] to frame [map]

[ERROR] [1783999961.049475272] [transformPoseInTargetFrame]: Extrapolation Error looking up target frame: Lookup would require extrapolation into the past.  Requested time 1783999660.337767 but the earliest data is at time 1783999951.016757, when looking up transform from frame [base_footprint] to frame [map]

[ERROR] [1783999963.051924393] [transformPoseInTargetFrame]: Extrapolation Error looking up target frame: Lookup would require extrapolation into the past.  Requested time 1783999660.337767 but the earliest data is at time 1783999953.050467, when looking up transform from frame [base_footprint] to frame [map]

[ERROR] [1783999965.049418004] [transformPoseInTargetFrame]: Extrapolation Error looking up target frame: Lookup would require extrapolation into the past.  Requested time 1783999660.337767 but the earliest data is at time 1783999954.983404, when looking up transform from frame [base_footprint] to frame [map]

[ERROR] [1783999967.051421049] [transformPoseInTargetFrame]: Extrapolation Error looking up target frame: Lookup would require extrapolation into the past.  Requested time 1783999660.337767 but the earliest data is at time 1783999956.983388, when looking up transform from frame [base_footprint] to frame [map]

[ERROR] [1783999969.049532312] [transformPoseInTargetFrame]: Extrapolation Error looking up target frame: Lookup would require extrapolation into the past.  Requested time 1783999660.337767 but the earliest data is at time 1783999959.016775, when looking up transform from frame [base_footprint] to frame [map]

[ERROR] [1783999971.049575161] [transformPoseInTargetFrame]: Extrapolation Error looking up target frame: Lookup would require extrapolation into the past.  Requested time 1783999660.337767 but the earliest data is at time 1783999960.983393, when looking up transform from frame [base_footprint] to frame [map]

[ERROR] [1783999973.050891035] [transformPoseInTargetFrame]: Extrapolation Error looking up target frame: Lookup would require extrapolation into the past.  Requested time 1783999660.337767 but the earliest data is at time 1783999962.983391, when looking up transform from frame [base_footprint] to frame [map]

[ERROR] [1783999975.049420041] [transformPoseInTargetFrame]: Extrapolation Error looking up target frame: Lookup would require extrapolation into the past.  Requested time 1783999660.337767 but the earliest data is at time 1783999965.016758, when looking up transform from frame [base_footprint] to frame [map]

[ERROR] [1783999977.051617828] [transformPoseInTargetFrame]: Extrapolation Error looking up target frame: Lookup would require extrapolation into the past.  Requested time 1783999660.337767 but the earliest data is at time 1783999967.016765, when looking up transform from frame [base_footprint] to frame [map]

[ERROR] [1783999979.050849653] [transformPoseInTargetFrame]: Extrapolation Error looking up target frame: Lookup would require extrapolation into the past.  Requested time 1783999660.337767 but the earliest data is at time 1783999969.016794, when looking up transform from frame [base_footprint] to frame [map]

[ERROR] [1783999981.049217177] [transformPoseInTargetFrame]: Extrapolation Error looking up target frame: Lookup would require extrapolation into the past.  Requested time 1783999660.337767 but the earliest data is at time 1783999971.016735, when looking up transform from frame [base_footprint] to frame [map]

[ERROR] [1783999983.051228777] [transformPoseInTargetFrame]: Extrapolation Error looking up target frame: Lookup would require extrapolation into the past.  Requested time 1783999660.337767 but the earliest data is at time 1783999973.016778, when looking up transform from frame [base_footprint] to frame [map]

[ERROR] [1783999985.049797673] [transformPoseInTargetFrame]: Extrapolation Error looking up target frame: Lookup would require extrapolation into the past.  Requested time 1783999660.337767 but the earliest data is at time 1783999974.983452, when looking up transform from frame [base_footprint] to frame [map]

[ERROR] [1783999987.049407667] [transformPoseInTargetFrame]: Extrapolation Error looking up target frame: Lookup would require extrapolation into the past.  Requested time 1783999660.337767 but the earliest data is at time 1783999977.016737, when looking up transform from frame [base_footprint] to frame [map]

[ERROR] [1783999989.050399613] [transformPoseInTargetFrame]: Extrapolation Error looking up target frame: Lookup would require extrapolation into the past.  Requested time 1783999660.337767 but the earliest data is at time 1783999979.016730, when looking up transform from frame [base_footprint] to frame [map]

[ERROR] [1783999991.049596771] [transformPoseInTargetFrame]: Extrapolation Error looking up target frame: Lookup would require extrapolation into the past.  Requested time 1783999660.337767 but the earliest data is at time 1783999980.983405, when looking up transform from frame [base_footprint] to frame [map]

[ERROR] [1783999993.053004176] [transformPoseInTargetFrame]: Extrapolation Error looking up target frame: Lookup would require extrapolation into the past.  Requested time 1783999660.337767 but the earliest data is at time 1783999983.016751, when looking up transform from frame [base_footprint] to frame [map]

[ERROR] [1783999995.048796445] [transformPoseInTargetFrame]: Extrapolation Error looking up target frame: Lookup would require extrapolation into the past.  Requested time 1783999660.337767 but the earliest data is at time 1783999984.983403, when looking up transform from frame [base_footprint] to frame [map]

[ERROR] [1783999997.051354307] [transformPoseInTargetFrame]: Extrapolation Error looking up target frame: Lookup would require extrapolation into the past.  Requested time 1783999660.337767 but the earliest data is at time 1783999986.983412, when looking up transform from frame [base_footprint] to frame [map]

[ERROR] [1783999999.051857251] [transformPoseInTargetFrame]: Extrapolation Error looking up target frame: Lookup would require extrapolation into the past.  Requested time 1783999660.337767 but the earliest data is at time 1783999989.050038, when looking up transform from frame [base_footprint] to frame [map]

[ERROR] [1784000001.052325898] [transformPoseInTargetFrame]: Extrapolation Error looking up target frame: Lookup would require extrapolation into the past.  Requested time 1783999660.337767 but the earliest data is at time 1783999991.050452, when looking up transform from frame [base_footprint] to frame [map]

[ERROR] [1784000003.051687761] [transformPoseInTargetFrame]: Extrapolation Error looking up target frame: Lookup would require extrapolation into the past.  Requested time 1783999660.337767 but the earliest data is at time 1783999993.016751, when looking up transform from frame [base_footprint] to frame [map]

[ERROR] [1784000005.049535763] [transformPoseInTargetFrame]: Extrapolation Error looking up target frame: Lookup would require extrapolation into the past.  Requested time 1783999660.337767 but the earliest data is at time 1783999994.983402, when looking up transform from frame [base_footprint] to frame [map]

[ERROR] [1784000007.051372511] [transformPoseInTargetFrame]: Extrapolation Error looking up target frame: Lookup would require extrapolation into the past.  Requested time 1783999660.337767 but the earliest data is at time 1783999996.983381, when looking up transform from frame [base_footprint] to frame [map]

[ERROR] [1784000009.051753305] [transformPoseInTargetFrame]: Extrapolation Error looking up target frame: Lookup would require extrapolation into the past.  Requested time 1783999660.337767 but the earliest data is at time 1783999999.016894, when looking up transform from frame [base_footprint] to frame [map]

[ERROR] [1784000011.050898297] [transformPoseInTargetFrame]: Extrapolation Error looking up target frame: Lookup would require extrapolation into the past.  Requested time 1783999660.337767 but the earliest data is at time 1784000001.016772, when looking up transform from frame [base_footprint] to frame [map]

[ERROR] [1784000013.053045694] [transformPoseInTargetFrame]: Extrapolation Error looking up target frame: Lookup would require extrapolation into the past.  Requested time 1783999660.337767 but the earliest data is at time 1784000003.016810, when looking up transform from frame [base_footprint] to frame [map]

[ERROR] [1784000015.053181302] [transformPoseInTargetFrame]: Extrapolation Error looking up target frame: Lookup would require extrapolation into the past.  Requested time 1783999660.337767 but the earliest data is at time 1784000005.050424, when looking up transform from frame [base_footprint] to frame [map]

[ERROR] [1784000017.049569185] [transformPoseInTargetFrame]: Extrapolation Error looking up target frame: Lookup would require extrapolation into the past.  Requested time 1783999660.337767 but the earliest data is at time 1784000007.016772, when looking up transform from frame [base_footprint] to frame [map]

[ERROR] [1784000019.052823256] [transformPoseInTargetFrame]: Extrapolation Error looking up target frame: Lookup would require extrapolation into the past.  Requested time 1783999660.337767 but the earliest data is at time 1784000009.016771, when looking up transform from frame [base_footprint] to frame [map]

[ERROR] [1784000021.051169150] [transformPoseInTargetFrame]: Extrapolation Error looking up target frame: Lookup would require extrapolation into the past.  Requested time 1783999660.337767 but the earliest data is at time 1784000010.983406, when looking up transform from frame [base_footprint] to frame [map]

[ERROR] [1784000023.049191302] [transformPoseInTargetFrame]: Extrapolation Error looking up target frame: Lookup would require extrapolation into the past.  Requested time 1783999660.337767 but the earliest data is at time 1784000012.983423, when looking up transform from frame [base_footprint] to frame [map]

[ERROR] [1784000025.049539967] [transformPoseInTargetFrame]: Extrapolation Error looking up target frame: Lookup would require extrapolation into the past.  Requested time 1783999660.337767 but the earliest data is at time 1784000014.983773, when looking up transform from frame [base_footprint] to frame [map]

[ERROR] [1784000027.049636686] [transformPoseInTargetFrame]: Extrapolation Error looking up target frame: Lookup would require extrapolation into the past.  Requested time 1783999660.337767 but the earliest data is at time 1784000016.983432, when looking up transform from frame [base_footprint] to frame [map]

[ERROR] [1784000029.052264900] [transformPoseInTargetFrame]: Extrapolation Error looking up target frame: Lookup would require extrapolation into the past.  Requested time 1783999660.337767 but the earliest data is at time 1784000019.016763, when looking up transform from frame [base_footprint] to frame [map]

[ERROR] [1784000031.051580059] [transformPoseInTargetFrame]: Extrapolation Error looking up target frame: Lookup would require extrapolation into the past.  Requested time 1783999660.337767 but the earliest data is at time 1784000020.916714, when looking up transform from frame [base_footprint] to frame [map]

[ERROR] [1784000033.049294987] [transformPoseInTargetFrame]: Extrapolation Error looking up target frame: Lookup would require extrapolation into the past.  Requested time 1783999660.337767 but the earliest data is at time 1784000020.916714, when looking up transform from frame [base_footprint] to frame [map]

[ERROR] [1784000035.051905998] [transformPoseInTargetFrame]: Extrapolation Error looking up target frame: Lookup would require extrapolation into the past.  Requested time 1783999660.337767 but the earliest data is at time 1784000020.916714, when looking up transform from frame [base_footprint] to frame [map]

[ERROR] [1784000037.052993278] [transformPoseInTargetFrame]: Extrapolation Error looking up target frame: Lookup would require extrapolation into the past.  Requested time 1783999660.337767 but the earliest data is at time 1784000020.916714, when looking up transform from frame [base_footprint] to frame [map]

[ERROR] [1784000039.049895739] [transformPoseInTargetFrame]: Extrapolation Error looking up target frame: Lookup would require extrapolation into the past.  Requested time 1783999660.337767 but the earliest data is at time 1784000020.916714, when looking up transform from frame [base_footprint] to frame [map]

[ERROR] [1784000041.050071236] [transformPoseInTargetFrame]: Extrapolation Error looking up target frame: Lookup would require extrapolation into the past.  Requested time 1783999660.337767 but the earliest data is at time 1784000020.916714, when looking up transform from frame [base_footprint] to frame [map]

[ERROR] [1784000043.049642471] [transformPoseInTargetFrame]: Extrapolation Error looking up target frame: Lookup would require extrapolation into the past.  Requested time 1783999660.337767 but the earliest data is at time 1784000020.916714, when looking up transform from frame [base_footprint] to frame [map]

[ERROR] [1784000045.050679695] [transformPoseInTargetFrame]: Extrapolation Error looking up target frame: Lookup would require extrapolation into the past.  Requested time 1783999660.337767 but the earliest data is at time 1784000020.916714, when looking up transform from frame [base_footprint] to frame [map]

[ERROR] [1784000047.049187183] [transformPoseInTargetFrame]: Extrapolation Error looking up target frame: Lookup would require extrapolation into the past.  Requested time 1783999660.337767 but the earliest data is at time 1784000020.916714, when looking up transform from frame [base_footprint] to frame [map]

[ERROR] [1784000049.048815788] [transformPoseInTargetFrame]: Extrapolation Error looking up target frame: Lookup would require extrapolation into the past.  Requested time 1783999660.337767 but the earliest data is at time 1784000020.916714, when looking up transform from frame [base_footprint] to frame [map]

[ERROR] [1784000051.051727152] [transformPoseInTargetFrame]: Extrapolation Error looking up target frame: Lookup would require extrapolation into the past.  Requested time 1783999660.337767 but the earliest data is at time 1784000020.916714, when looking up transform from frame [base_footprint] to frame [map]

[ERROR] [1784000053.054060032] [transformPoseInTargetFrame]: Extrapolation Error looking up target frame: Lookup would require extrapolation into the past.  Requested time 1783999660.337767 but the earliest data is at time 1784000020.916714, when looking up transform from frame [base_footprint] to frame [map]

[ERROR] [1784000055.050287692] [transformPoseInTargetFrame]: Extrapolation Error looking up target frame: Lookup would require extrapolation into the past.  Requested time 1783999660.337767 but the earliest data is at time 1784000020.916714, when looking up transform from frame [base_footprint] to frame [map]

[ERROR] [1784000057.051847716] [transformPoseInTargetFrame]: Extrapolation Error looking up target frame: Lookup would require extrapolation into the past.  Requested time 1783999660.337767 but the earliest data is at time 1784000020.916714, when looking up transform from frame [base_footprint] to frame [map]

[ERROR] [1784000059.049306420] [transformPoseInTargetFrame]: Extrapolation Error looking up target frame: Lookup would require extrapolation into the past.  Requested time 1783999660.337767 but the earliest data is at time 1784000020.916714, when looking up transform from frame [base_footprint] to frame [map]

[ERROR] [1784000061.050893888] [transformPoseInTargetFrame]: Extrapolation Error looking up target frame: Lookup would require extrapolation into the past.  Requested time 1783999660.337767 but the earliest data is at time 1784000020.916714, when looking up transform from frame [base_footprint] to frame [map]

[ERROR] [1784000063.051384387] [transformPoseInTargetFrame]: Extrapolation Error looking up target frame: Lookup would require extrapolation into the past.  Requested time 1783999660.337767 but the earliest data is at time 1784000020.916714, when looking up transform from frame [base_footprint] to frame [map]

[ERROR] [1784000065.049650281] [transformPoseInTargetFrame]: Extrapolation Error looking up target frame: Lookup would require extrapolation into the past.  Requested time 1783999660.337767 but the earliest data is at time 1784000020.916714, when looking up transform from frame [base_footprint] to frame [map]

[ERROR] [1784000067.050374948] [transformPoseInTargetFrame]: Extrapolation Error looking up target frame: Lookup would require extrapolation into the past.  Requested time 1783999660.337767 but the earliest data is at time 1784000020.916714, when looking up transform from frame [base_footprint] to frame [map]

[ERROR] [1784000069.052233714] [transformPoseInTargetFrame]: Extrapolation Error looking up target frame: Lookup would require extrapolation into the past.  Requested time 1783999660.337767 but the earliest data is at time 1784000020.916714, when looking up transform from frame [base_footprint] to frame [map]

[ERROR] [1784000071.049732789] [transformPoseInTargetFrame]: Extrapolation Error looking up target frame: Lookup would require extrapolation into the past.  Requested time 1783999660.337767 but the earliest data is at time 1784000020.916714, when looking up transform from frame [base_footprint] to frame [map]

[ERROR] [1784000073.051347109] [transformPoseInTargetFrame]: Extrapolation Error looking up target frame: Lookup would require extrapolation into the past.  Requested time 1783999660.337767 but the earliest data is at time 1784000020.916714, when looking up transform from frame [base_footprint] to frame [map]

[ERROR] [1784000075.051541440] [transformPoseInTargetFrame]: Extrapolation Error looking up target frame: Lookup would require extrapolation into the past.  Requested time 1783999660.337767 but the earliest data is at time 1784000020.916714, when looking up transform from frame [base_footprint] to frame [map]

[ERROR] [1784000077.049329942] [transformPoseInTargetFrame]: Extrapolation Error looking up target frame: Lookup would require extrapolation into the past.  Requested time 1783999660.337767 but the earliest data is at time 1784000020.916714, when looking up transform from frame [base_footprint] to frame [map]

[ERROR] [1784000079.050997614] [transformPoseInTargetFrame]: Extrapolation Error looking up target frame: Lookup would require extrapolation into the past.  Requested time 1783999660.337767 but the earliest data is at time 1784000020.916714, when looking up transform from frame [base_footprint] to frame [map]

[ERROR] [1784000081.051410520] [transformPoseInTargetFrame]: Extrapolation Error looking up target frame: Lookup would require extrapolation into the past.  Requested time 1783999660.337767 but the earliest data is at time 1784000020.916714, when looking up transform from frame [base_footprint] to frame [map]

[ERROR] [1784000083.050754402] [transformPoseInTargetFrame]: Extrapolation Error looking up target frame: Lookup would require extrapolation into the past.  Requested time 1783999660.337767 but the earliest data is at time 1784000020.916714, when looking up transform from frame [base_footprint] to frame [map]

[ERROR] [1784000085.051186049] [transformPoseInTargetFrame]: Extrapolation Error looking up target frame: Lookup would require extrapolation into the past.  Requested time 1783999660.337767 but the earliest data is at time 1784000020.916714, when looking up transform from frame [base_footprint] to frame [map]

[ERROR] [1784000087.051217693] [transformPoseInTargetFrame]: Extrapolation Error looking up target frame: Lookup would require extrapolation into the past.  Requested time 1783999660.337767 but the earliest data is at time 1784000020.916714, when looking up transform from frame [base_footprint] to frame [map]

[ERROR] [1784000089.050134943] [transformPoseInTargetFrame]: Extrapolation Error looking up target frame: Lookup would require extrapolation into the past.  Requested time 1783999660.337767 but the earliest data is at time 1784000020.916714, when looking up transform from frame [base_footprint] to frame [map]

[ERROR] [1784000091.050694164] [transformPoseInTargetFrame]: Extrapolation Error looking up target frame: Lookup would require extrapolation into the past.  Requested time 1783999660.337767 but the earliest data is at time 1784000020.916714, when looking up transform from frame [base_footprint] to frame [map]

[ERROR] [1784000093.050979014] [transformPoseInTargetFrame]: Extrapolation Error looking up target frame: Lookup would require extrapolation into the past.  Requested time 1783999660.337767 but the earliest data is at time 1784000020.916714, when looking up transform from frame [base_footprint] to frame [map]

[ERROR] [1784000095.049341982] [transformPoseInTargetFrame]: Extrapolation Error looking up target frame: Lookup would require extrapolation into the past.  Requested time 1783999660.337767 but the earliest data is at time 1784000020.916714, when looking up transform from frame [base_footprint] to frame [map]

[ERROR] [1784000097.049951797] [transformPoseInTargetFrame]: Extrapolation Error looking up target frame: Lookup would require extrapolation into the past.  Requested time 1783999660.337767 but the earliest data is at time 1784000020.916714, when looking up transform from frame [base_footprint] to frame [map]

[ERROR] [1784000099.050535722] [transformPoseInTargetFrame]: Extrapolation Error looking up target frame: Lookup would require extrapolation into the past.  Requested time 1783999660.337767 but the earliest data is at time 1784000020.916714, when looking up transform from frame [base_footprint] to frame [map]

[ERROR] [1784000101.044982835] [transformPoseInTargetFrame]: Extrapolation Error looking up target frame: Lookup would require extrapolation into the past.  Requested time 1783999660.337767 but the earliest data is at time 1784000020.916714, when looking up transform from frame [base_footprint] to frame [map]

[ERROR] [1784000103.048608185] [transformPoseInTargetFrame]: Extrapolation Error looking up target frame: Lookup would require extrapolation into the past.  Requested time 1783999660.337767 but the earliest data is at time 1784000020.916714, when looking up transform from frame [base_footprint] to frame [map]

[ERROR] [1784000105.052862224] [transformPoseInTargetFrame]: Extrapolation Error looking up target frame: Lookup would require extrapolation into the past.  Requested time 1783999660.337767 but the earliest data is at time 1784000020.916714, when looking up transform from frame [base_footprint] to frame [map]

[ERROR] [1784000107.050355428] [transformPoseInTargetFrame]: Extrapolation Error looking up target frame: Lookup would require extrapolation into the past.  Requested time 1783999660.337767 but the earliest data is at time 1784000020.916714, when looking up transform from frame [base_footprint] to frame [map]

[ERROR] [1784000109.049990608] [transformPoseInTargetFrame]: Extrapolation Error looking up target frame: Lookup would require extrapolation into the past.  Requested time 1783999660.337767 but the earliest data is at time 1784000020.916714, when looking up transform from frame [base_footprint] to frame [map]

[ERROR] [1784000111.050185790] [transformPoseInTargetFrame]: Extrapolation Error looking up target frame: Lookup would require extrapolation into the past.  Requested time 1783999660.337767 but the earliest data is at time 1784000020.916714, when looking up transform from frame [base_footprint] to frame [map]

[ERROR] [1784000113.049256670] [transformPoseInTargetFrame]: Extrapolation Error looking up target frame: Lookup would require extrapolation into the past.  Requested time 1783999660.337767 but the earliest data is at time 1784000020.916714, when looking up transform from frame [base_footprint] to frame [map]

[ERROR] [1784000115.049798521] [transformPoseInTargetFrame]: Extrapolation Error looking up target frame: Lookup would require extrapolation into the past.  Requested time 1783999660.337767 but the earliest data is at time 1784000020.916714, when looking up transform from frame [base_footprint] to frame [map]

[ERROR] [1784000117.049405701] [transformPoseInTargetFrame]: Extrapolation Error looking up target frame: Lookup would require extrapolation into the past.  Requested time 1783999660.337767 but the earliest data is at time 1784000020.916714, when looking up transform from frame [base_footprint] to frame [map]

[ERROR] [1784000119.052457992] [transformPoseInTargetFrame]: Extrapolation Error looking up target frame: Lookup would require extrapolation into the past.  Requested time 1783999660.337767 but the earliest data is at time 1784000020.916714, when looking up transform from frame [base_footprint] to frame [map]

[ERROR] [1784000121.049593342] [transformPoseInTargetFrame]: Extrapolation Error looking up target frame: Lookup would require extrapolation into the past.  Requested time 1783999660.337767 but the earliest data is at time 1784000020.916714, when looking up transform from frame [base_footprint] to frame [map]

[ERROR] [1784000123.051707702] [transformPoseInTargetFrame]: Extrapolation Error looking up target frame: Lookup would require extrapolation into the past.  Requested time 1783999660.337767 but the earliest data is at time 1784000020.916714, when looking up transform from frame [base_footprint] to frame [map]

[ERROR] [1784000125.049439075] [transformPoseInTargetFrame]: Extrapolation Error looking up target frame: Lookup would require extrapolation into the past.  Requested time 1783999660.337767 but the earliest data is at time 1784000020.916714, when looking up transform from frame [base_footprint] to frame [map]

[ERROR] [1784000127.051043413] [transformPoseInTargetFrame]: Extrapolation Error looking up target frame: Lookup would require extrapolation into the past.  Requested time 1783999660.337767 but the earliest data is at time 1784000020.916714, when looking up transform from frame [base_footprint] to frame [map]

[ERROR] [1784000129.051820488] [transformPoseInTargetFrame]: Extrapolation Error looking up target frame: Lookup would require extrapolation into the past.  Requested time 1783999660.337767 but the earliest data is at time 1784000020.916714, when looking up transform from frame [base_footprint] to frame [map]

[ERROR] [1784000131.052220079] [transformPoseInTargetFrame]: Extrapolation Error looking up target frame: Lookup would require extrapolation into the past.  Requested time 1783999660.337767 but the earliest data is at time 1784000020.916714, when looking up transform from frame [base_footprint] to frame [map]

[ERROR] [1784000133.051865629] [transformPoseInTargetFrame]: Extrapolation Error looking up target frame: Lookup would require extrapolation into the past.  Requested time 1783999660.337767 but the earliest data is at time 1784000020.916714, when looking up transform from frame [base_footprint] to frame [map]

[ERROR] [1784000135.049177314] [transformPoseInTargetFrame]: Extrapolation Error looking up target frame: Lookup would require extrapolation into the past.  Requested time 1783999660.337767 but the earliest data is at time 1784000020.916714, when looking up transform from frame [base_footprint] to frame [map]

[ERROR] [1784000137.050745078] [transformPoseInTargetFrame]: Extrapolation Error looking up target frame: Lookup would require extrapolation into the past.  Requested time 1783999660.337767 but the earliest data is at time 1784000020.916714, when looking up transform from frame [base_footprint] to frame [map]

[ERROR] [1784000139.049047713] [transformPoseInTargetFrame]: Extrapolation Error looking up target frame: Lookup would require extrapolation into the past.  Requested time 1783999660.337767 but the earliest data is at time 1784000020.916714, when looking up transform from frame [base_footprint] to frame [map]

[ERROR] [1784000141.050825571] [transformPoseInTargetFrame]: Extrapolation Error looking up target frame: Lookup would require extrapolation into the past.  Requested time 1783999660.337767 but the earliest data is at time 1784000020.916714, when looking up transform from frame [base_footprint] to frame [map]

[ERROR] [1784000143.049759246] [transformPoseInTargetFrame]: Extrapolation Error looking up target frame: Lookup would require extrapolation into the past.  Requested time 1783999660.337767 but the earliest data is at time 1784000020.916714, when looking up transform from frame [base_footprint] to frame [map]

[ERROR] [1784000145.051142325] [transformPoseInTargetFrame]: Extrapolation Error looking up target frame: Lookup would require extrapolation into the past.  Requested time 1783999660.337767 but the earliest data is at time 1784000020.916714, when looking up transform from frame [base_footprint] to frame [map]

[ERROR] [1784000147.049284199] [transformPoseInTargetFrame]: Extrapolation Error looking up target frame: Lookup would require extrapolation into the past.  Requested time 1783999660.337767 but the earliest data is at time 1784000020.916714, when looking up transform from frame [base_footprint] to frame [map]

[ERROR] [1784000149.051971063] [transformPoseInTargetFrame]: Extrapolation Error looking up target frame: Lookup would require extrapolation into the past.  Requested time 1783999660.337767 but the earliest data is at time 1784000020.916714, when looking up transform from frame [base_footprint] to frame [map]

[ERROR] [1784000151.048586818] [transformPoseInTargetFrame]: Extrapolation Error looking up target frame: Lookup would require extrapolation into the past.  Requested time 1783999660.337767 but the earliest data is at time 1784000020.916714, when looking up transform from frame [base_footprint] to frame [map]

[ERROR] [1784000153.049452615] [transformPoseInTargetFrame]: Extrapolation Error looking up target frame: Lookup would require extrapolation into the past.  Requested time 1783999660.337767 but the earliest data is at time 1784000020.916714, when looking up transform from frame [base_footprint] to frame [map]

[ERROR] [1784000155.050961157] [transformPoseInTargetFrame]: Extrapolation Error looking up target frame: Lookup would require extrapolation into the past.  Requested time 1783999660.337767 but the earliest data is at time 1784000020.916714, when looking up transform from frame [base_footprint] to frame [map]

[ERROR] [1784000157.049413533] [transformPoseInTargetFrame]: Extrapolation Error looking up target frame: Lookup would require extrapolation into the past.  Requested time 1783999660.337767 but the earliest data is at time 1784000020.916714, when looking up transform from frame [base_footprint] to frame [map]

[ERROR] [1784000159.050098107] [transformPoseInTargetFrame]: Extrapolation Error looking up target frame: Lookup would require extrapolation into the past.  Requested time 1783999660.337767 but the earliest data is at time 1784000020.916714, when looking up transform from frame [base_footprint] to frame [map]

[ERROR] [1784000161.050758570] [transformPoseInTargetFrame]: Extrapolation Error looking up target frame: Lookup would require extrapolation into the past.  Requested time 1783999660.337767 but the earliest data is at time 1784000020.916714, when looking up transform from frame [base_footprint] to frame [map]

[ERROR] [1784000163.049193039] [transformPoseInTargetFrame]: Extrapolation Error looking up target frame: Lookup would require extrapolation into the past.  Requested time 1783999660.337767 but the earliest data is at time 1784000020.916714, when looking up transform from frame [base_footprint] to frame [map]

[ERROR] [1784000165.051957977] [transformPoseInTargetFrame]: Extrapolation Error looking up target frame: Lookup would require extrapolation into the past.  Requested time 1783999660.337767 but the earliest data is at time 1784000020.916714, when looking up transform from frame [base_footprint] to frame [map]

[ERROR] [1784000167.052591255] [transformPoseInTargetFrame]: Extrapolation Error looking up target frame: Lookup would require extrapolation into the past.  Requested time 1783999660.337767 but the earliest data is at time 1784000020.916714, when looking up transform from frame [base_footprint] to frame [map]

[ERROR] [1784000169.051643320] [transformPoseInTargetFrame]: Extrapolation Error looking up target frame: Lookup would require extrapolation into the past.  Requested time 1783999660.337767 but the earliest data is at time 1784000020.916714, when looking up transform from frame [base_footprint] to frame [map]

[ERROR] [1784000171.049278395] [transformPoseInTargetFrame]: Extrapolation Error looking up target frame: Lookup would require extrapolation into the past.  Requested time 1783999660.337767 but the earliest data is at time 1784000020.916714, when looking up transform from frame [base_footprint] to frame [map]

[ERROR] [1784000173.050592917] [transformPoseInTargetFrame]: Extrapolation Error looking up target frame: Lookup would require extrapolation into the past.  Requested time 1783999660.337767 but the earliest data is at time 1784000020.916714, when looking up transform from frame [base_footprint] to frame [map]

[ERROR] [1784000175.052395831] [transformPoseInTargetFrame]: Extrapolation Error looking up target frame: Lookup would require extrapolation into the past.  Requested time 1783999660.337767 but the earliest data is at time 1784000020.916714, when looking up transform from frame [base_footprint] to frame [map]

[ERROR] [1784000177.046399201] [transformPoseInTargetFrame]: Extrapolation Error looking up target frame: Lookup would require extrapolation into the past.  Requested time 1783999660.337767 but the earliest data is at time 1784000020.916714, when looking up transform from frame [base_footprint] to frame [map]

[ERROR] [1784000179.052444787] [transformPoseInTargetFrame]: Extrapolation Error looking up target frame: Lookup would require extrapolation into the past.  Requested time 1783999660.337767 but the earliest data is at time 1784000177.433393, when looking up transform from frame [base_footprint] to frame [map]

[ERROR] [1784000181.054816667] [transformPoseInTargetFrame]: Extrapolation Error looking up target frame: Lookup would require extrapolation into the past.  Requested time 1783999660.337767 but the earliest data is at time 1784000177.433393, when looking up transform from frame [base_footprint] to frame [map]

[ERROR] [1784000183.045440684] [transformPoseInTargetFrame]: Extrapolation Error looking up target frame: Lookup would require extrapolation into the past.  Requested time 1783999660.337767 but the earliest data is at time 1784000177.433393, when looking up transform from frame [base_footprint] to frame [map]

[ERROR] [1784000185.044412323] [transformPoseInTargetFrame]: Extrapolation Error looking up target frame: Lookup would require extrapolation into the past.  Requested time 1783999660.337767 but the earliest data is at time 1784000177.433393, when looking up transform from frame [base_footprint] to frame [map]

[ERROR] [1784000187.044075632] [transformPoseInTargetFrame]: Extrapolation Error looking up target frame: Lookup would require extrapolation into the past.  Requested time 1783999660.337767 but the earliest data is at time 1784000177.433393, when looking up transform from frame [base_footprint] to frame [map]

[ERROR] [1784000189.044760762] [transformPoseInTargetFrame]: Extrapolation Error looking up target frame: Lookup would require extrapolation into the past.  Requested time 1783999660.337767 but the earliest data is at time 1784000179.032866, when looking up transform from frame [base_footprint] to frame [map]

[ERROR] [1784000191.045121094] [transformPoseInTargetFrame]: Extrapolation Error looking up target frame: Lookup would require extrapolation into the past.  Requested time 1783999660.337767 but the earliest data is at time 1784000181.032847, when looking up transform from frame [base_footprint] to frame [map]

[ERROR] [1784000193.045091812] [transformPoseInTargetFrame]: Extrapolation Error looking up target frame: Lookup would require extrapolation into the past.  Requested time 1783999660.337767 but the earliest data is at time 1784000183.000045, when looking up transform from frame [base_footprint] to frame [map]

[ERROR] [1784000195.044383193] [transformPoseInTargetFrame]: Extrapolation Error looking up target frame: Lookup would require extrapolation into the past.  Requested time 1783999660.337767 but the earliest data is at time 1784000185.032837, when looking up transform from frame [base_footprint] to frame [map]

[ERROR] [1784000197.051061819] [transformPoseInTargetFrame]: Extrapolation Error looking up target frame: Lookup would require extrapolation into the past.  Requested time 1783999660.337767 but the earliest data is at time 1784000187.032857, when looking up transform from frame [base_footprint] to frame [map]

[ERROR] [1784000199.052799177] [transformPoseInTargetFrame]: Extrapolation Error looking up target frame: Lookup would require extrapolation into the past.  Requested time 1783999660.337767 but the earliest data is at time 1784000189.000177, when looking up transform from frame [base_footprint] to frame [map]

[ERROR] [1784000201.052060669] [transformPoseInTargetFrame]: Extrapolation Error looking up target frame: Lookup would require extrapolation into the past.  Requested time 1783999660.337767 but the earliest data is at time 1784000191.032843, when looking up transform from frame [base_footprint] to frame [map]

[ERROR] [1784000203.049518355] [transformPoseInTargetFrame]: Extrapolation Error looking up target frame: Lookup would require extrapolation into the past.  Requested time 1783999660.337767 but the earliest data is at time 1784000193.000035, when looking up transform from frame [base_footprint] to frame [map]

[ERROR] [1784000205.051640345] [transformPoseInTargetFrame]: Extrapolation Error looking up target frame: Lookup would require extrapolation into the past.  Requested time 1783999660.337767 but the earliest data is at time 1784000194.999875, when looking up transform from frame [base_footprint] to frame [map]

[ERROR] [1784000207.051337802] [transformPoseInTargetFrame]: Extrapolation Error looking up target frame: Lookup would require extrapolation into the past.  Requested time 1783999660.337767 but the earliest data is at time 1784000197.000321, when looking up transform from frame [base_footprint] to frame [map]

[ERROR] [1784000209.052349600] [transformPoseInTargetFrame]: Extrapolation Error looking up target frame: Lookup would require extrapolation into the past.  Requested time 1783999660.337767 but the earliest data is at time 1784000199.000170, when looking up transform from frame [base_footprint] to frame [map]

[ERROR] [1784000211.051081886] [transformPoseInTargetFrame]: Extrapolation Error looking up target frame: Lookup would require extrapolation into the past.  Requested time 1783999660.337767 but the earliest data is at time 1784000200.999872, when looking up transform from frame [base_footprint] to frame [map]

[ERROR] [1784000213.054913755] [transformPoseInTargetFrame]: Extrapolation Error looking up target frame: Lookup would require extrapolation into the past.  Requested time 1783999660.337767 but the earliest data is at time 1784000203.032932, when looking up transform from frame [base_footprint] to frame [map]

[ERROR] [1784000215.044183488] [transformPoseInTargetFrame]: Extrapolation Error looking up target frame: Lookup would require extrapolation into the past.  Requested time 1783999660.337767 but the earliest data is at time 1784000205.032880, when looking up transform from frame [base_footprint] to frame [map]

[ERROR] [1784000217.050277037] [transformPoseInTargetFrame]: Extrapolation Error looking up target frame: Lookup would require extrapolation into the past.  Requested time 1783999660.337767 but the earliest data is at time 1784000206.999941, when looking up transform from frame [base_footprint] to frame [map]

[ERROR] [1784000219.048706469] [transformPoseInTargetFrame]: Extrapolation Error looking up target frame: Lookup would require extrapolation into the past.  Requested time 1783999660.337767 but the earliest data is at time 1784000209.032887, when looking up transform from frame [base_footprint] to frame [map]

[ERROR] [1784000221.055631670] [transformPoseInTargetFrame]: Extrapolation Error looking up target frame: Lookup would require extrapolation into the past.  Requested time 1783999660.337767 but the earliest data is at time 1784000211.033304, when looking up transform from frame [base_footprint] to frame [map]

[ERROR] [1784000223.048066920] [transformPoseInTargetFrame]: Extrapolation Error looking up target frame: Lookup would require extrapolation into the past.  Requested time 1783999660.337767 but the earliest data is at time 1784000213.000068, when looking up transform from frame [base_footprint] to frame [map]

[ERROR] [1784000225.054676861] [transformPoseInTargetFrame]: Extrapolation Error looking up target frame: Lookup would require extrapolation into the past.  Requested time 1783999660.337767 but the earliest data is at time 1784000215.032887, when looking up transform from frame [base_footprint] to frame [map]

[ERROR] [1784000227.049577255] [transformPoseInTargetFrame]: Extrapolation Error looking up target frame: Lookup would require extrapolation into the past.  Requested time 1783999660.337767 but the earliest data is at time 1784000216.999738, when looking up transform from frame [base_footprint] to frame [map]

[ERROR] [1784000229.049996216] [transformPoseInTargetFrame]: Extrapolation Error looking up target frame: Lookup would require extrapolation into the past.  Requested time 1783999660.337767 but the earliest data is at time 1784000218.999970, when looking up transform from frame [base_footprint] to frame [map]

[ERROR] [1784000231.052818080] [transformPoseInTargetFrame]: Extrapolation Error looking up target frame: Lookup would require extrapolation into the past.  Requested time 1783999660.337767 but the earliest data is at time 1784000220.999766, when looking up transform from frame [base_footprint] to frame [map]

[ERROR] [1784000233.052069628] [transformPoseInTargetFrame]: Extrapolation Error looking up target frame: Lookup would require extrapolation into the past.  Requested time 1783999660.337767 but the earliest data is at time 1784000223.032811, when looking up transform from frame [base_footprint] to frame [map]

[ERROR] [1784000235.050117595] [transformPoseInTargetFrame]: Extrapolation Error looking up target frame: Lookup would require extrapolation into the past.  Requested time 1783999660.337767 but the earliest data is at time 1784000225.000496, when looking up transform from frame [base_footprint] to frame [map]

[ERROR] [1784000237.054034094] [transformPoseInTargetFrame]: Extrapolation Error looking up target frame: Lookup would require extrapolation into the past.  Requested time 1783999660.337767 but the earliest data is at time 1784000227.032898, when looking up transform from frame [base_footprint] to frame [map]

[ERROR] [1784000239.045979657] [transformPoseInTargetFrame]: Extrapolation Error looking up target frame: Lookup would require extrapolation into the past.  Requested time 1783999660.337767 but the earliest data is at time 1784000229.032878, when looking up transform from frame [base_footprint] to frame [map]

[ERROR] [1784000241.050726772] [transformPoseInTargetFrame]: Extrapolation Error looking up target frame: Lookup would require extrapolation into the past.  Requested time 1783999660.337767 but the earliest data is at time 1784000231.032906, when looking up transform from frame [base_footprint] to frame [map]

[ERROR] [1784000243.049470261] [transformPoseInTargetFrame]: Extrapolation Error looking up target frame: Lookup would require extrapolation into the past.  Requested time 1783999660.337767 but the earliest data is at time 1784000233.032853, when looking up transform from frame [base_footprint] to frame [map]

[ERROR] [1784000245.044527952] [transformPoseInTargetFrame]: Extrapolation Error looking up target frame: Lookup would require extrapolation into the past.  Requested time 1783999660.337767 but the earliest data is at time 1784000235.032853, when looking up transform from frame [base_footprint] to frame [map]

[ERROR] [1784000247.050562408] [transformPoseInTargetFrame]: Extrapolation Error looking up target frame: Lookup would require extrapolation into the past.  Requested time 1783999660.337767 but the earliest data is at time 1784000237.032839, when looking up transform from frame [base_footprint] to frame [map]

[ERROR] [1784000249.052193821] [transformPoseInTargetFrame]: Extrapolation Error looking up target frame: Lookup would require extrapolation into the past.  Requested time 1783999660.337767 but the earliest data is at time 1784000239.032852, when looking up transform from frame [base_footprint] to frame [map]

[ERROR] [1784000251.052207910] [transformPoseInTargetFrame]: Extrapolation Error looking up target frame: Lookup would require extrapolation into the past.  Requested time 1783999660.337767 but the earliest data is at time 1784000241.000107, when looking up transform from frame [base_footprint] to frame [map]

[ERROR] [1784000253.050066413] [transformPoseInTargetFrame]: Extrapolation Error looking up target frame: Lookup would require extrapolation into the past.  Requested time 1783999660.337767 but the earliest data is at time 1784000243.001091, when looking up transform from frame [base_footprint] to frame [map]

[ERROR] [1784000255.051381120] [transformPoseInTargetFrame]: Extrapolation Error looking up target frame: Lookup would require extrapolation into the past.  Requested time 1783999660.337767 but the earliest data is at time 1784000245.032877, when looking up transform from frame [base_footprint] to frame [map]

[ERROR] [1784000257.053261479] [transformPoseInTargetFrame]: Extrapolation Error looking up target frame: Lookup would require extrapolation into the past.  Requested time 1783999660.337767 but the earliest data is at time 1784000247.000006, when looking up transform from frame [base_footprint] to frame [map]

[ERROR] [1784000259.051567854] [transformPoseInTargetFrame]: Extrapolation Error looking up target frame: Lookup would require extrapolation into the past.  Requested time 1783999660.337767 but the earliest data is at time 1784000249.000222, when looking up transform from frame [base_footprint] to frame [map]

[ERROR] [1784000261.051398775] [transformPoseInTargetFrame]: Extrapolation Error looking up target frame: Lookup would require extrapolation into the past.  Requested time 1783999660.337767 but the earliest data is at time 1784000250.999802, when looking up transform from frame [base_footprint] to frame [map]

[ERROR] [1784000263.053278856] [transformPoseInTargetFrame]: Extrapolation Error looking up target frame: Lookup would require extrapolation into the past.  Requested time 1783999660.337767 but the earliest data is at time 1784000252.999794, when looking up transform from frame [base_footprint] to frame [map]

[ERROR] [1784000265.044297543] [transformPoseInTargetFrame]: Extrapolation Error looking up target frame: Lookup would require extrapolation into the past.  Requested time 1783999660.337767 but the earliest data is at time 1784000255.000039, when looking up transform from frame [base_footprint] to frame [map]

[ERROR] [1784000267.052338362] [transformPoseInTargetFrame]: Extrapolation Error looking up target frame: Lookup would require extrapolation into the past.  Requested time 1783999660.337767 but the earliest data is at time 1784000257.032886, when looking up transform from frame [base_footprint] to frame [map]

[ERROR] [1784000269.044247813] [transformPoseInTargetFrame]: Extrapolation Error looking up target frame: Lookup would require extrapolation into the past.  Requested time 1783999660.337767 but the earliest data is at time 1784000259.032892, when looking up transform from frame [base_footprint] to frame [map]

[ERROR] [1784000271.049615728] [transformPoseInTargetFrame]: Extrapolation Error looking up target frame: Lookup would require extrapolation into the past.  Requested time 1783999660.337767 but the earliest data is at time 1784000261.032894, when looking up transform from frame [base_footprint] to frame [map]

[ERROR] [1784000273.051038658] [transformPoseInTargetFrame]: Extrapolation Error looking up target frame: Lookup would require extrapolation into the past.  Requested time 1783999660.337767 but the earliest data is at time 1784000263.032833, when looking up transform from frame [base_footprint] to frame [map]

[ERROR] [1784000275.052955387] [transformPoseInTargetFrame]: Extrapolation Error looking up target frame: Lookup would require extrapolation into the past.  Requested time 1783999660.337767 but the earliest data is at time 1784000265.032935, when looking up transform from frame [base_footprint] to frame [map]

[ERROR] [1784000277.052100342] [transformPoseInTargetFrame]: Extrapolation Error looking up target frame: Lookup would require extrapolation into the past.  Requested time 1783999660.337767 but the earliest data is at time 1784000267.000008, when looking up transform from frame [base_footprint] to frame [map]

[ERROR] [1784000279.052744712] [transformPoseInTargetFrame]: Extrapolation Error looking up target frame: Lookup would require extrapolation into the past.  Requested time 1783999660.337767 but the earliest data is at time 1784000269.000411, when looking up transform from frame [base_footprint] to frame [map]

[ERROR] [1784000281.049330004] [transformPoseInTargetFrame]: Extrapolation Error looking up target frame: Lookup would require extrapolation into the past.  Requested time 1783999660.337767 but the earliest data is at time 1784000271.032878, when looking up transform from frame [base_footprint] to frame [map]

[ERROR] [1784000283.052581074] [transformPoseInTargetFrame]: Extrapolation Error looking up target frame: Lookup would require extrapolation into the past.  Requested time 1783999660.337767 but the earliest data is at time 1784000272.999929, when looking up transform from frame [base_footprint] to frame [map]

[ERROR] [1784000285.050039482] [transformPoseInTargetFrame]: Extrapolation Error looking up target frame: Lookup would require extrapolation into the past.  Requested time 1783999660.337767 but the earliest data is at time 1784000275.032923, when looking up transform from frame [base_footprint] to frame [map]

[ERROR] [1784000287.050923539] [transformPoseInTargetFrame]: Extrapolation Error looking up target frame: Lookup would require extrapolation into the past.  Requested time 1783999660.337767 but the earliest data is at time 1784000277.032966, when looking up transform from frame [base_footprint] to frame [map]

[ERROR] [1784000289.052726434] [transformPoseInTargetFrame]: Extrapolation Error looking up target frame: Lookup would require extrapolation into the past.  Requested time 1783999660.337767 but the earliest data is at time 1784000278.999653, when looking up transform from frame [base_footprint] to frame [map]

[ERROR] [1784000291.044550310] [transformPoseInTargetFrame]: Extrapolation Error looking up target frame: Lookup would require extrapolation into the past.  Requested time 1783999660.337767 but the earliest data is at time 1784000281.032964, when looking up transform from frame [base_footprint] to frame [map]

[ERROR] [1784000293.052131794] [transformPoseInTargetFrame]: Extrapolation Error looking up target frame: Lookup would require extrapolation into the past.  Requested time 1783999660.337767 but the earliest data is at time 1784000283.032896, when looking up transform from frame [base_footprint] to frame [map]

[ERROR] [1784000295.052580070] [transformPoseInTargetFrame]: Extrapolation Error looking up target frame: Lookup would require extrapolation into the past.  Requested time 1783999660.337767 but the earliest data is at time 1784000284.999922, when looking up transform from frame [base_footprint] to frame [map]

[ERROR] [1784000297.052276342] [transformPoseInTargetFrame]: Extrapolation Error looking up target frame: Lookup would require extrapolation into the past.  Requested time 1783999660.337767 but the earliest data is at time 1784000286.999947, when looking up transform from frame [base_footprint] to frame [map]

[ERROR] [1784000299.052610211] [transformPoseInTargetFrame]: Extrapolation Error looking up target frame: Lookup would require extrapolation into the past.  Requested time 1783999660.337767 but the earliest data is at time 1784000288.999646, when looking up transform from frame [base_footprint] to frame [map]

[ERROR] [1784000301.052550670] [transformPoseInTargetFrame]: Extrapolation Error looking up target frame: Lookup would require extrapolation into the past.  Requested time 1783999660.337767 but the earliest data is at time 1784000291.000250, when looking up transform from frame [base_footprint] to frame [map]

[ERROR] [1784000303.051432808] [transformPoseInTargetFrame]: Extrapolation Error looking up target frame: Lookup would require extrapolation into the past.  Requested time 1783999660.337767 but the earliest data is at time 1784000293.000056, when looking up transform from frame [base_footprint] to frame [map]

[ERROR] [1784000305.051841529] [transformPoseInTargetFrame]: Extrapolation Error looking up target frame: Lookup would require extrapolation into the past.  Requested time 1783999660.337767 but the earliest data is at time 1784000295.032899, when looking up transform from frame [base_footprint] to frame [map]

[ERROR] [1784000307.052161175] [transformPoseInTargetFrame]: Extrapolation Error looking up target frame: Lookup would require extrapolation into the past.  Requested time 1783999660.337767 but the earliest data is at time 1784000297.032942, when looking up transform from frame [base_footprint] to frame [map]

[ERROR] [1784000309.052114708] [transformPoseInTargetFrame]: Extrapolation Error looking up target frame: Lookup would require extrapolation into the past.  Requested time 1783999660.337767 but the earliest data is at time 1784000299.032888, when looking up transform from frame [base_footprint] to frame [map]

[ERROR] [1784000311.053135025] [transformPoseInTargetFrame]: Extrapolation Error looking up target frame: Lookup would require extrapolation into the past.  Requested time 1783999660.337767 but the earliest data is at time 1784000301.000147, when looking up transform from frame [base_footprint] to frame [map]

[ERROR] [1784000313.051640346] [transformPoseInTargetFrame]: Extrapolation Error looking up target frame: Lookup would require extrapolation into the past.  Requested time 1783999660.337767 but the earliest data is at time 1784000303.032886, when looking up transform from frame [base_footprint] to frame [map]

[ERROR] [1784000315.052174382] [transformPoseInTargetFrame]: Extrapolation Error looking up target frame: Lookup would require extrapolation into the past.  Requested time 1783999660.337767 but the earliest data is at time 1784000305.000076, when looking up transform from frame [base_footprint] to frame [map]

[ERROR] [1784000317.052103563] [transformPoseInTargetFrame]: Extrapolation Error looking up target frame: Lookup would require extrapolation into the past.  Requested time 1783999660.337767 but the earliest data is at time 1784000307.000557, when looking up transform from frame [base_footprint] to frame [map]

[ERROR] [1784000319.051094887] [transformPoseInTargetFrame]: Extrapolation Error looking up target frame: Lookup would require extrapolation into the past.  Requested time 1783999660.337767 but the earliest data is at time 1784000309.032895, when looking up transform from frame [base_footprint] to frame [map]

[ERROR] [1784000321.052457687] [transformPoseInTargetFrame]: Extrapolation Error looking up target frame: Lookup would require extrapolation into the past.  Requested time 1783999660.337767 but the earliest data is at time 1784000311.032905, when looking up transform from frame [base_footprint] to frame [map]

[ERROR] [1784000323.052189293] [transformPoseInTargetFrame]: Extrapolation Error looking up target frame: Lookup would require extrapolation into the past.  Requested time 1783999660.337767 but the earliest data is at time 1784000312.999794, when looking up transform from frame [base_footprint] to frame [map]

[ERROR] [1784000325.049212939] [transformPoseInTargetFrame]: Extrapolation Error looking up target frame: Lookup would require extrapolation into the past.  Requested time 1783999660.337767 but the earliest data is at time 1784000315.032911, when looking up transform from frame [base_footprint] to frame [map]

[ERROR] [1784000327.049522419] [transformPoseInTargetFrame]: Extrapolation Error looking up target frame: Lookup would require extrapolation into the past.  Requested time 1783999660.337767 but the earliest data is at time 1784000317.032906, when looking up transform from frame [base_footprint] to frame [map]

[ERROR] [1784000329.049827491] [transformPoseInTargetFrame]: Extrapolation Error looking up target frame: Lookup would require extrapolation into the past.  Requested time 1783999660.337767 but the earliest data is at time 1784000319.033088, when looking up transform from frame [base_footprint] to frame [map]

[ERROR] [1784000331.052151129] [transformPoseInTargetFrame]: Extrapolation Error looking up target frame: Lookup would require extrapolation into the past.  Requested time 1783999660.337767 but the earliest data is at time 1784000321.000040, when looking up transform from frame [base_footprint] to frame [map]

[ERROR] [1784000333.051168120] [transformPoseInTargetFrame]: Extrapolation Error looking up target frame: Lookup would require extrapolation into the past.  Requested time 1783999660.337767 but the earliest data is at time 1784000322.132885, when looking up transform from frame [base_footprint] to frame [map]

[ERROR] [1784000335.051810176] [transformPoseInTargetFrame]: Extrapolation Error looking up target frame: Lookup would require extrapolation into the past.  Requested time 1783999660.337767 but the earliest data is at time 1784000322.132885, when looking up transform from frame [base_footprint] to frame [map]

[ERROR] [1784000337.049098175] [transformPoseInTargetFrame]: Extrapolation Error looking up target frame: Lookup would require extrapolation into the past.  Requested time 1783999660.337767 but the earliest data is at time 1784000322.132885, when looking up transform from frame [base_footprint] to frame [map]

[ERROR] [1784000339.049150690] [transformPoseInTargetFrame]: Extrapolation Error looking up target frame: Lookup would require extrapolation into the past.  Requested time 1783999660.337767 but the earliest data is at time 1784000322.132885, when looking up transform from frame [base_footprint] to frame [map]

[ERROR] [1784000341.050410712] [transformPoseInTargetFrame]: Extrapolation Error looking up target frame: Lookup would require extrapolation into the past.  Requested time 1783999660.337767 but the earliest data is at time 1784000322.132885, when looking up transform from frame [base_footprint] to frame [map]

[ERROR] [1784000343.050138688] [transformPoseInTargetFrame]: Extrapolation Error looking up target frame: Lookup would require extrapolation into the past.  Requested time 1783999660.337767 but the earliest data is at time 1784000341.692749, when looking up transform from frame [base_footprint] to frame [map]

[ERROR] [1784000345.050887355] [transformPoseInTargetFrame]: Extrapolation Error looking up target frame: Lookup would require extrapolation into the past.  Requested time 1783999660.337767 but the earliest data is at time 1784000341.692749, when looking up transform from frame [base_footprint] to frame [map]

[ERROR] [1784000347.051672800] [transformPoseInTargetFrame]: Extrapolation Error looking up target frame: Lookup would require extrapolation into the past.  Requested time 1783999660.337767 but the earliest data is at time 1784000341.692749, when looking up transform from frame [base_footprint] to frame [map]

[ERROR] [1784000349.051937039] [transformPoseInTargetFrame]: Extrapolation Error looking up target frame: Lookup would require extrapolation into the past.  Requested time 1783999660.337767 but the earliest data is at time 1784000341.692749, when looking up transform from frame [base_footprint] to frame [map]

[ERROR] [1784000351.051563440] [transformPoseInTargetFrame]: Extrapolation Error looking up target frame: Lookup would require extrapolation into the past.  Requested time 1783999660.337767 but the earliest data is at time 1784000341.692749, when looking up transform from frame [base_footprint] to frame [map]

[ERROR] [1784000353.049652926] [transformPoseInTargetFrame]: Extrapolation Error looking up target frame: Lookup would require extrapolation into the past.  Requested time 1783999660.337767 but the earliest data is at time 1784000343.026086, when looking up transform from frame [base_footprint] to frame [map]

[ERROR] [1784000355.051830101] [transformPoseInTargetFrame]: Extrapolation Error looking up target frame: Lookup would require extrapolation into the past.  Requested time 1783999660.337767 but the earliest data is at time 1784000345.026050, when looking up transform from frame [base_footprint] to frame [map]

[ERROR] [1784000357.050618646] [transformPoseInTargetFrame]: Extrapolation Error looking up target frame: Lookup would require extrapolation into the past.  Requested time 1783999660.337767 but the earliest data is at time 1784000346.993404, when looking up transform from frame [base_footprint] to frame [map]

[ERROR] [1784000359.050866514] [transformPoseInTargetFrame]: Extrapolation Error looking up target frame: Lookup would require extrapolation into the past.  Requested time 1783999660.337767 but the earliest data is at time 1784000348.993173, when looking up transform from frame [base_footprint] to frame [map]

[ERROR] [1784000361.050547768] [transformPoseInTargetFrame]: Extrapolation Error looking up target frame: Lookup would require extrapolation into the past.  Requested time 1783999660.337767 but the earliest data is at time 1784000350.992871, when looking up transform from frame [base_footprint] to frame [map]

[ERROR] [1784000363.052206218] [transformPoseInTargetFrame]: Extrapolation Error looking up target frame: Lookup would require extrapolation into the past.  Requested time 1783999660.337767 but the earliest data is at time 1784000352.993056, when looking up transform from frame [base_footprint] to frame [map]

[ERROR] [1784000365.049912127] [transformPoseInTargetFrame]: Extrapolation Error looking up target frame: Lookup would require extrapolation into the past.  Requested time 1783999660.337767 but the earliest data is at time 1784000354.993763, when looking up transform from frame [base_footprint] to frame [map]

[ERROR] [1784000367.050689702] [transformPoseInTargetFrame]: Extrapolation Error looking up target frame: Lookup would require extrapolation into the past.  Requested time 1783999660.337767 but the earliest data is at time 1784000357.026012, when looking up transform from frame [base_footprint] to frame [map]

[ERROR] [1784000369.052029132] [transformPoseInTargetFrame]: Extrapolation Error looking up target frame: Lookup would require extrapolation into the past.  Requested time 1783999660.337767 but the earliest data is at time 1784000359.026101, when looking up transform from frame [base_footprint] to frame [map]

[ERROR] [1784000371.051619792] [transformPoseInTargetFrame]: Extrapolation Error looking up target frame: Lookup would require extrapolation into the past.  Requested time 1783999660.337767 but the earliest data is at time 1784000361.026090, when looking up transform from frame [base_footprint] to frame [map]

[ERROR] [1784000373.050342911] [transformPoseInTargetFrame]: Extrapolation Error looking up target frame: Lookup would require extrapolation into the past.  Requested time 1783999660.337767 but the earliest data is at time 1784000363.026042, when looking up transform from frame [base_footprint] to frame [map]

[ERROR] [1784000375.051005485] [transformPoseInTargetFrame]: Extrapolation Error looking up target frame: Lookup would require extrapolation into the past.  Requested time 1783999660.337767 but the earliest data is at time 1784000364.993172, when looking up transform from frame [base_footprint] to frame [map]

[ERROR] [1784000377.051658411] [transformPoseInTargetFrame]: Extrapolation Error looking up target frame: Lookup would require extrapolation into the past.  Requested time 1783999660.337767 but the earliest data is at time 1784000366.992953, when looking up transform from frame [base_footprint] to frame [map]

[ERROR] [1784000379.049880897] [transformPoseInTargetFrame]: Extrapolation Error looking up target frame: Lookup would require extrapolation into the past.  Requested time 1783999660.337767 but the earliest data is at time 1784000369.026153, when looking up transform from frame [base_footprint] to frame [map]

[ERROR] [1784000381.049458687] [transformPoseInTargetFrame]: Extrapolation Error looking up target frame: Lookup would require extrapolation into the past.  Requested time 1783999660.337767 but the earliest data is at time 1784000370.992821, when looking up transform from frame [base_footprint] to frame [map]

[ERROR] [1784000383.051259249] [transformPoseInTargetFrame]: Extrapolation Error looking up target frame: Lookup would require extrapolation into the past.  Requested time 1783999660.337767 but the earliest data is at time 1784000372.993171, when looking up transform from frame [base_footprint] to frame [map]

[ERROR] [1784000385.049340401] [transformPoseInTargetFrame]: Extrapolation Error looking up target frame: Lookup would require extrapolation into the past.  Requested time 1783999660.337767 but the earliest data is at time 1784000375.026156, when looking up transform from frame [base_footprint] to frame [map]

[ERROR] [1784000387.051946542] [transformPoseInTargetFrame]: Extrapolation Error looking up target frame: Lookup would require extrapolation into the past.  Requested time 1783999660.337767 but the earliest data is at time 1784000376.992835, when looking up transform from frame [base_footprint] to frame [map]

[ERROR] [1784000389.050925440] [transformPoseInTargetFrame]: Extrapolation Error looking up target frame: Lookup would require extrapolation into the past.  Requested time 1783999660.337767 but the earliest data is at time 1784000378.992881, when looking up transform from frame [base_footprint] to frame [map]

[ERROR] [1784000391.050256229] [transformPoseInTargetFrame]: Extrapolation Error looking up target frame: Lookup would require extrapolation into the past.  Requested time 1783999660.337767 but the earliest data is at time 1784000381.026084, when looking up transform from frame [base_footprint] to frame [map]

[ERROR] [1784000393.051348101] [transformPoseInTargetFrame]: Extrapolation Error looking up target frame: Lookup would require extrapolation into the past.  Requested time 1783999660.337767 but the earliest data is at time 1784000383.026239, when looking up transform from frame [base_footprint] to frame [map]

[ERROR] [1784000395.052003101] [transformPoseInTargetFrame]: Extrapolation Error looking up target frame: Lookup would require extrapolation into the past.  Requested time 1783999660.337767 but the earliest data is at time 1784000384.992892, when looking up transform from frame [base_footprint] to frame [map]

[ERROR] [1784000397.050778517] [transformPoseInTargetFrame]: Extrapolation Error looking up target frame: Lookup would require extrapolation into the past.  Requested time 1783999660.337767 but the earliest data is at time 1784000387.026292, when looking up transform from frame [base_footprint] to frame [map]

[ERROR] [1784000399.051745833] [transformPoseInTargetFrame]: Extrapolation Error looking up target frame: Lookup would require extrapolation into the past.  Requested time 1783999660.337767 but the earliest data is at time 1784000388.992818, when looking up transform from frame [base_footprint] to frame [map]

[ERROR] [1784000401.050266784] [transformPoseInTargetFrame]: Extrapolation Error looking up target frame: Lookup would require extrapolation into the past.  Requested time 1783999660.337767 but the earliest data is at time 1784000391.026167, when looking up transform from frame [base_footprint] to frame [map]

[ERROR] [1784000403.049728018] [transformPoseInTargetFrame]: Extrapolation Error looking up target frame: Lookup would require extrapolation into the past.  Requested time 1783999660.337767 but the earliest data is at time 1784000392.993308, when looking up transform from frame [base_footprint] to frame [map]

[ERROR] [1784000405.050727094] [transformPoseInTargetFrame]: Extrapolation Error looking up target frame: Lookup would require extrapolation into the past.  Requested time 1783999660.337767 but the earliest data is at time 1784000395.026336, when looking up transform from frame [base_footprint] to frame [map]

[ERROR] [1784000407.051105166] [transformPoseInTargetFrame]: Extrapolation Error looking up target frame: Lookup would require extrapolation into the past.  Requested time 1783999660.337767 but the earliest data is at time 1784000396.992959, when looking up transform from frame [base_footprint] to frame [map]

[ERROR] [1784000409.050778994] [transformPoseInTargetFrame]: Extrapolation Error looking up target frame: Lookup would require extrapolation into the past.  Requested time 1783999660.337767 but the earliest data is at time 1784000399.026078, when looking up transform from frame [base_footprint] to frame [map]

[ERROR] [1784000411.052172091] [transformPoseInTargetFrame]: Extrapolation Error looking up target frame: Lookup would require extrapolation into the past.  Requested time 1783999660.337767 but the earliest data is at time 1784000400.993003, when looking up transform from frame [base_footprint] to frame [map]

[ERROR] [1784000413.051661029] [transformPoseInTargetFrame]: Extrapolation Error looking up target frame: Lookup would require extrapolation into the past.  Requested time 1783999660.337767 but the earliest data is at time 1784000403.026130, when looking up transform from frame [base_footprint] to frame [map]

[ERROR] [1784000415.047232222] [transformPoseInTargetFrame]: Extrapolation Error looking up target frame: Lookup would require extrapolation into the past.  Requested time 1783999660.337767 but the earliest data is at time 1784000404.993174, when looking up transform from frame [base_footprint] to frame [map]

[ERROR] [1784000417.045666765] [transformPoseInTargetFrame]: Extrapolation Error looking up target frame: Lookup would require extrapolation into the past.  Requested time 1783999660.337767 but the earliest data is at time 1784000407.026082, when looking up transform from frame [base_footprint] to frame [map]

[ERROR] [1784000419.051401997] [transformPoseInTargetFrame]: Extrapolation Error looking up target frame: Lookup would require extrapolation into the past.  Requested time 1783999660.337767 but the earliest data is at time 1784000408.993232, when looking up transform from frame [base_footprint] to frame [map]

[ERROR] [1784000421.051662717] [transformPoseInTargetFrame]: Extrapolation Error looking up target frame: Lookup would require extrapolation into the past.  Requested time 1783999660.337767 but the earliest data is at time 1784000411.026104, when looking up transform from frame [base_footprint] to frame [map]

[ERROR] [1784000423.051929882] [transformPoseInTargetFrame]: Extrapolation Error looking up target frame: Lookup would require extrapolation into the past.  Requested time 1783999660.337767 but the earliest data is at time 1784000412.992923, when looking up transform from frame [base_footprint] to frame [map]

[ERROR] [1784000425.051619913] [transformPoseInTargetFrame]: Extrapolation Error looking up target frame: Lookup would require extrapolation into the past.  Requested time 1783999660.337767 but the earliest data is at time 1784000414.992882, when looking up transform from frame [base_footprint] to frame [map]

[ERROR] [1784000427.049926604] [transformPoseInTargetFrame]: Extrapolation Error looking up target frame: Lookup would require extrapolation into the past.  Requested time 1783999660.337767 but the earliest data is at time 1784000416.993029, when looking up transform from frame [base_footprint] to frame [map]

[ERROR] [1784000429.052495633] [transformPoseInTargetFrame]: Extrapolation Error looking up target frame: Lookup would require extrapolation into the past.  Requested time 1783999660.337767 but the earliest data is at time 1784000418.992834, when looking up transform from frame [base_footprint] to frame [map]

[ERROR] [1784000431.053237522] [transformPoseInTargetFrame]: Extrapolation Error looking up target frame: Lookup would require extrapolation into the past.  Requested time 1783999660.337767 but the earliest data is at time 1784000420.992971, when looking up transform from frame [base_footprint] to frame [map]

[ERROR] [1784000433.053399408] [transformPoseInTargetFrame]: Extrapolation Error looking up target frame: Lookup would require extrapolation into the past.  Requested time 1783999660.337767 but the earliest data is at time 1784000422.992772, when looking up transform from frame [base_footprint] to frame [map]

[ERROR] [1784000435.045632176] [transformPoseInTargetFrame]: Extrapolation Error looking up target frame: Lookup would require extrapolation into the past.  Requested time 1783999660.337767 but the earliest data is at time 1784000425.026066, when looking up transform from frame [base_footprint] to frame [map]

[ERROR] [1784000437.052105097] [transformPoseInTargetFrame]: Extrapolation Error looking up target frame: Lookup would require extrapolation into the past.  Requested time 1783999660.337767 but the earliest data is at time 1784000427.027218, when looking up transform from frame [base_footprint] to frame [map]

[ERROR] [1784000439.049503783] [transformPoseInTargetFrame]: Extrapolation Error looking up target frame: Lookup would require extrapolation into the past.  Requested time 1783999660.337767 but the earliest data is at time 1784000428.992801, when looking up transform from frame [base_footprint] to frame [map]

[ERROR] [1784000441.052442554] [transformPoseInTargetFrame]: Extrapolation Error looking up target frame: Lookup would require extrapolation into the past.  Requested time 1783999660.337767 but the earliest data is at time 1784000431.026229, when looking up transform from frame [base_footprint] to frame [map]

[ERROR] [1784000443.050673689] [transformPoseInTargetFrame]: Extrapolation Error looking up target frame: Lookup would require extrapolation into the past.  Requested time 1783999660.337767 but the earliest data is at time 1784000433.026457, when looking up transform from frame [base_footprint] to frame [map]

[ERROR] [1784000445.051876396] [transformPoseInTargetFrame]: Extrapolation Error looking up target frame: Lookup would require extrapolation into the past.  Requested time 1783999660.337767 but the earliest data is at time 1784000435.027604, when looking up transform from frame [base_footprint] to frame [map]

[ERROR] [1784000447.048804300] [transformPoseInTargetFrame]: Extrapolation Error looking up target frame: Lookup would require extrapolation into the past.  Requested time 1783999660.337767 but the earliest data is at time 1784000437.026071, when looking up transform from frame [base_footprint] to frame [map]

[ERROR] [1784000449.052530151] [transformPoseInTargetFrame]: Extrapolation Error looking up target frame: Lookup would require extrapolation into the past.  Requested time 1783999660.337767 but the earliest data is at time 1784000439.026268, when looking up transform from frame [base_footprint] to frame [map]

[ERROR] [1784000451.052275072] [transformPoseInTargetFrame]: Extrapolation Error looking up target frame: Lookup would require extrapolation into the past.  Requested time 1783999660.337767 but the earliest data is at time 1784000441.026122, when looking up transform from frame [base_footprint] to frame [map]

[ERROR] [1784000453.044666877] [transformPoseInTargetFrame]: Extrapolation Error looking up target frame: Lookup would require extrapolation into the past.  Requested time 1783999660.337767 but the earliest data is at time 1784000442.993267, when looking up transform from frame [base_footprint] to frame [map]

[ERROR] [1784000455.051976729] [transformPoseInTargetFrame]: Extrapolation Error looking up target frame: Lookup would require extrapolation into the past.  Requested time 1783999660.337767 but the earliest data is at time 1784000444.993969, when looking up transform from frame [base_footprint] to frame [map]

[ERROR] [1784000457.052930712] [transformPoseInTargetFrame]: Extrapolation Error looking up target frame: Lookup would require extrapolation into the past.  Requested time 1783999660.337767 but the earliest data is at time 1784000446.993179, when looking up transform from frame [base_footprint] to frame [map]

[ERROR] [1784000459.052531466] [transformPoseInTargetFrame]: Extrapolation Error looking up target frame: Lookup would require extrapolation into the past.  Requested time 1783999660.337767 but the earliest data is at time 1784000448.993632, when looking up transform from frame [base_footprint] to frame [map]

[ERROR] [1784000461.052015422] [transformPoseInTargetFrame]: Extrapolation Error looking up target frame: Lookup would require extrapolation into the past.  Requested time 1783999660.337767 but the earliest data is at time 1784000450.992995, when looking up transform from frame [base_footprint] to frame [map]

[ERROR] [1784000463.049179236] [transformPoseInTargetFrame]: Extrapolation Error looking up target frame: Lookup would require extrapolation into the past.  Requested time 1783999660.337767 but the earliest data is at time 1784000452.993258, when looking up transform from frame [base_footprint] to frame [map]

[ERROR] [1784000465.053407941] [transformPoseInTargetFrame]: Extrapolation Error looking up target frame: Lookup would require extrapolation into the past.  Requested time 1783999660.337767 but the earliest data is at time 1784000455.026099, when looking up transform from frame [base_footprint] to frame [map]

[ERROR] [1784000467.050860775] [transformPoseInTargetFrame]: Extrapolation Error looking up target frame: Lookup would require extrapolation into the past.  Requested time 1783999660.337767 but the earliest data is at time 1784000456.992872, when looking up transform from frame [base_footprint] to frame [map]

[ERROR] [1784000469.052639447] [transformPoseInTargetFrame]: Extrapolation Error looking up target frame: Lookup would require extrapolation into the past.  Requested time 1783999660.337767 but the earliest data is at time 1784000459.026115, when looking up transform from frame [base_footprint] to frame [map]

[ERROR] [1784000471.052293294] [transformPoseInTargetFrame]: Extrapolation Error looking up target frame: Lookup would require extrapolation into the past.  Requested time 1783999660.337767 but the earliest data is at time 1784000461.026147, when looking up transform from frame [base_footprint] to frame [map]

[ERROR] [1784000473.052667366] [transformPoseInTargetFrame]: Extrapolation Error looking up target frame: Lookup would require extrapolation into the past.  Requested time 1783999660.337767 but the earliest data is at time 1784000462.992781, when looking up transform from frame [base_footprint] to frame [map]

[ERROR] [1784000475.051727283] [transformPoseInTargetFrame]: Extrapolation Error looking up target frame: Lookup would require extrapolation into the past.  Requested time 1783999660.337767 but the earliest data is at time 1784000464.992978, when looking up transform from frame [base_footprint] to frame [map]

[ERROR] [1784000477.051377648] [transformPoseInTargetFrame]: Extrapolation Error looking up target frame: Lookup would require extrapolation into the past.  Requested time 1783999660.337767 but the earliest data is at time 1784000466.992806, when looking up transform from frame [base_footprint] to frame [map]

[ERROR] [1784000479.051851147] [transformPoseInTargetFrame]: Extrapolation Error looking up target frame: Lookup would require extrapolation into the past.  Requested time 1783999660.337767 but the earliest data is at time 1784000468.992919, when looking up transform from frame [base_footprint] to frame [map]

[ERROR] [1784000481.052498776] [transformPoseInTargetFrame]: Extrapolation Error looking up target frame: Lookup would require extrapolation into the past.  Requested time 1783999660.337767 but the earliest data is at time 1784000470.992914, when looking up transform from frame [base_footprint] to frame [map]

[ERROR] [1784000483.051432840] [transformPoseInTargetFrame]: Extrapolation Error looking up target frame: Lookup would require extrapolation into the past.  Requested time 1783999660.337767 but the earliest data is at time 1784000472.992767, when looking up transform from frame [base_footprint] to frame [map]

[ERROR] [1784000485.045619360] [transformPoseInTargetFrame]: Extrapolation Error looking up target frame: Lookup would require extrapolation into the past.  Requested time 1783999660.337767 but the earliest data is at time 1784000474.992776, when looking up transform from frame [base_footprint] to frame [map]

[ERROR] [1784000487.051592593] [transformPoseInTargetFrame]: Extrapolation Error looking up target frame: Lookup would require extrapolation into the past.  Requested time 1783999660.337767 but the earliest data is at time 1784000477.026048, when looking up transform from frame [base_footprint] to frame [map]

[ERROR] [1784000489.052719281] [transformPoseInTargetFrame]: Extrapolation Error looking up target frame: Lookup would require extrapolation into the past.  Requested time 1783999660.337767 but the earliest data is at time 1784000478.992857, when looking up transform from frame [base_footprint] to frame [map]

[ERROR] [1784000491.051569030] [transformPoseInTargetFrame]: Extrapolation Error looking up target frame: Lookup would require extrapolation into the past.  Requested time 1783999660.337767 but the earliest data is at time 1784000480.992879, when looking up transform from frame [base_footprint] to frame [map]

[ERROR] [1784000493.050766948] [transformPoseInTargetFrame]: Extrapolation Error looking up target frame: Lookup would require extrapolation into the past.  Requested time 1783999660.337767 but the earliest data is at time 1784000483.026091, when looking up transform from frame [base_footprint] to frame [map]

[ERROR] [1784000495.051943858] [transformPoseInTargetFrame]: Extrapolation Error looking up target frame: Lookup would require extrapolation into the past.  Requested time 1783999660.337767 but the earliest data is at time 1784000485.026211, when looking up transform from frame [base_footprint] to frame [map]

[ERROR] [1784000497.053814309] [transformPoseInTargetFrame]: Extrapolation Error looking up target frame: Lookup would require extrapolation into the past.  Requested time 1783999660.337767 but the earliest data is at time 1784000487.026016, when looking up transform from frame [base_footprint] to frame [map]

[ERROR] [1784000499.051868035] [transformPoseInTargetFrame]: Extrapolation Error looking up target frame: Lookup would require extrapolation into the past.  Requested time 1783999660.337767 but the earliest data is at time 1784000489.026111, when looking up transform from frame [base_footprint] to frame [map]

[ERROR] [1784000501.051864476] [transformPoseInTargetFrame]: Extrapolation Error looking up target frame: Lookup would require extrapolation into the past.  Requested time 1783999660.337767 but the earliest data is at time 1784000490.992762, when looking up transform from frame [base_footprint] to frame [map]

[ERROR] [1784000503.052048232] [transformPoseInTargetFrame]: Extrapolation Error looking up target frame: Lookup would require extrapolation into the past.  Requested time 1783999660.337767 but the earliest data is at time 1784000493.026201, when looking up transform from frame [base_footprint] to frame [map]

[ERROR] [1784000505.050056384] [transformPoseInTargetFrame]: Extrapolation Error looking up target frame: Lookup would require extrapolation into the past.  Requested time 1783999660.337767 but the earliest data is at time 1784000494.992880, when looking up transform from frame [base_footprint] to frame [map]

[ERROR] [1784000507.051568037] [transformPoseInTargetFrame]: Extrapolation Error looking up target frame: Lookup would require extrapolation into the past.  Requested time 1783999660.337767 but the earliest data is at time 1784000496.993205, when looking up transform from frame [base_footprint] to frame [map]

[ERROR] [1784000509.048834722] [transformPoseInTargetFrame]: Extrapolation Error looking up target frame: Lookup would require extrapolation into the past.  Requested time 1783999660.337767 but the earliest data is at time 1784000499.026354, when looking up transform from frame [base_footprint] to frame [map]

[ERROR] [1784000511.051550103] [transformPoseInTargetFrame]: Extrapolation Error looking up target frame: Lookup would require extrapolation into the past.  Requested time 1783999660.337767 but the earliest data is at time 1784000501.026073, when looking up transform from frame [base_footprint] to frame [map]

[ERROR] [1784000513.052982700] [transformPoseInTargetFrame]: Extrapolation Error looking up target frame: Lookup would require extrapolation into the past.  Requested time 1783999660.337767 but the earliest data is at time 1784000503.026111, when looking up transform from frame [base_footprint] to frame [map]

[ERROR] [1784000515.051999821] [transformPoseInTargetFrame]: Extrapolation Error looking up target frame: Lookup would require extrapolation into the past.  Requested time 1783999660.337767 but the earliest data is at time 1784000505.026067, when looking up transform from frame [base_footprint] to frame [map]

[ERROR] [1784000517.057579126] [transformPoseInTargetFrame]: Extrapolation Error looking up target frame: Lookup would require extrapolation into the past.  Requested time 1783999660.337767 but the earliest data is at time 1784000506.992767, when looking up transform from frame [base_footprint] to frame [map]

[INFO] [1784000517.910408010] [global_costmap.global_costmap]: Message Filter dropping message: frame 'laser' at time 1784000517.503 for reason 'the timestamp on the message is earlier than all the data in the transform cache'
[ERROR] [1784000519.051067067] [transformPoseInTargetFrame]: Extrapolation Error looking up target frame: Lookup would require extrapolation into the past.  Requested time 1784000519.026345 but the earliest data is at time 1784000519.303057, when looking up transform from frame [base_footprint] to frame [map]

[INFO] [1784000560.472642887] [global_costmap.global_costmap]: Received request to clear entirely the global_costmap
[WARN] [1784000560.772621813] [planner_server]: Planner loop missed its desired rate of 5.0000 Hz. Current loop rate is 3.3919 Hz
[INFO] [1784000581.515694580] [global_costmap.global_costmap]: Received request to clear entirely the global_costmap
[WARN] [1784000582.516923335] [planner_server]: GridBased plugin failed to plan from (0.00, 0.00) to (-12.93, -43.32): "Costmap timed out waiting for update"
[WARN] [1784000582.517019317] [planner_server]: [compute_path_to_pose] [ActionServer] Aborting handle.
[INFO] [1784000582.536504297] [global_costmap.global_costmap]: Received request to clear entirely the global_costmap
[WARN] [1784000582.767387335] [planner_server]: Planner loop missed its desired rate of 5.0000 Hz. Current loop rate is 4.3818 Hz
[ERROR] [1784002307.051752466] [transformPoseInTargetFrame]: Extrapolation Error looking up target frame: Lookup would require extrapolation into the past.  Requested time 1784001963.713481 but the earliest data is at time 1784002305.967122, when looking up transform from frame [base_footprint] to frame [map]

[ERROR] [1784002309.050958736] [transformPoseInTargetFrame]: Extrapolation Error looking up target frame: Lookup would require extrapolation into the past.  Requested time 1784001963.713481 but the earliest data is at time 1784002305.967122, when looking up transform from frame [base_footprint] to frame [map]

[ERROR] [1784002311.051407957] [transformPoseInTargetFrame]: Extrapolation Error looking up target frame: Lookup would require extrapolation into the past.  Requested time 1784001963.713481 but the earliest data is at time 1784002305.967122, when looking up transform from frame [base_footprint] to frame [map]

[ERROR] [1784002313.050977266] [transformPoseInTargetFrame]: Extrapolation Error looking up target frame: Lookup would require extrapolation into the past.  Requested time 1784001963.713481 but the earliest data is at time 1784002305.967122, when looking up transform from frame [base_footprint] to frame [map]

[ERROR] [1784002315.053086181] [transformPoseInTargetFrame]: Extrapolation Error looking up target frame: Lookup would require extrapolation into the past.  Requested time 1784001963.713481 but the earliest data is at time 1784002305.967122, when looking up transform from frame [base_footprint] to frame [map]

[ERROR] [1784002317.058185280] [transformPoseInTargetFrame]: Extrapolation Error looking up target frame: Lookup would require extrapolation into the past.  Requested time 1784001963.713481 but the earliest data is at time 1784002307.000562, when looking up transform from frame [base_footprint] to frame [map]

[ERROR] [1784002319.052506745] [transformPoseInTargetFrame]: Extrapolation Error looking up target frame: Lookup would require extrapolation into the past.  Requested time 1784001963.713481 but the earliest data is at time 1784002309.033460, when looking up transform from frame [base_footprint] to frame [map]

[ERROR] [1784002321.047699511] [transformPoseInTargetFrame]: Extrapolation Error looking up target frame: Lookup would require extrapolation into the past.  Requested time 1784001963.713481 but the earliest data is at time 1784002311.033494, when looking up transform from frame [base_footprint] to frame [map]

[ERROR] [1784002323.052223810] [transformPoseInTargetFrame]: Extrapolation Error looking up target frame: Lookup would require extrapolation into the past.  Requested time 1784001963.713481 but the earliest data is at time 1784002313.000468, when looking up transform from frame [base_footprint] to frame [map]

[INFO] [1784002324.079744444] [global_costmap.global_costmap]: Message Filter dropping message: frame 'laser' at time 1784002323.672 for reason 'the timestamp on the message is earlier than all the data in the transform cache'
[ERROR] [1784002325.054298725] [transformPoseInTargetFrame]: Extrapolation Error looking up target frame: Lookup would require extrapolation into the past.  Requested time 1784002325.033455 but the earliest data is at time 1784002325.370178, when looking up transform from frame [base_footprint] to frame [map]

[INFO] [1784004175.399813257] [rclcpp]: signal_handler(SIGINT/SIGTERM)
[INFO] [1784004175.401615971] [planner_server]: Running Nav2 LifecycleNode rcl preshutdown (planner_server)
[INFO] [1784004175.401717212] [planner_server]: Deactivating
[INFO] [1784004175.401772231] [global_costmap.global_costmap]: Deactivating
[INFO] [1784004176.744989735] [planner_server]: Deactivating plugin GridBased of type NavfnPlanner
[INFO] [1784004176.745849610] [planner_server]: Destroying bond (planner_server) to lifecycle manager.
[INFO] [1784004176.759720892] [planner_server]: Cleaning up
[INFO] [1784004176.882467105] [global_costmap.global_costmap]: Cleaning up
[INFO] [1784004176.938732775] [planner_server]: Cleaning up plugin GridBased of type NavfnPlanner
[INFO] [1784004176.938989313] [planner_server]: Destroying plugin GridBased of type NavfnPlanner
[INFO] [1784004177.130745027] [planner_server]: Destroying bond (planner_server) to lifecycle manager.
