[INFO] [1785296761.429624340] [planner_server]: 
	planner_server lifecycle node launched. 
	Waiting on external lifecycle transitions to activate
	See https://design.ros2.org/articles/node_lifecycle.html for more information.
[INFO] [1785296761.489017041] [planner_server]: Creating
[INFO] [1785296761.593798848] [global_costmap.global_costmap]: 
	global_costmap lifecycle node launched. 
	Waiting on external lifecycle transitions to activate
	See https://design.ros2.org/articles/node_lifecycle.html for more information.
[INFO] [1785296761.599466157] [global_costmap.global_costmap]: Creating Costmap
[INFO] [1785296765.397741359] [planner_server]: Configuring
[INFO] [1785296765.397905267] [global_costmap.global_costmap]: Configuring
[INFO] [1785296766.143969039] [global_costmap.global_costmap]: Using plugin "static_layer"
[INFO] [1785296766.149561237] [global_costmap.global_costmap]: Subscribing to the map topic (/map) with transient local durability
[INFO] [1785296766.154154059] [global_costmap.global_costmap]: Initialized plugin "static_layer"
[INFO] [1785296766.154236615] [global_costmap.global_costmap]: Using plugin "obstacle_layer"
[INFO] [1785296766.155034915] [global_costmap.global_costmap]: Subscribed to Topics: scan
[INFO] [1785296766.167104983] [global_costmap.global_costmap]: Initialized plugin "obstacle_layer"
[INFO] [1785296766.167167205] [global_costmap.global_costmap]: Using plugin "inflation_layer"
[INFO] [1785296766.168882455] [global_costmap.global_costmap]: Initialized plugin "inflation_layer"
[INFO] [1785296776.380629073] [planner_server]: Created global planner plugin GridBased of type nav2_navfn_planner::NavfnPlanner
[INFO] [1785296776.380801000] [planner_server]: Configuring plugin GridBased of type NavfnPlanner
[INFO] [1785296776.382563676] [planner_server]: Planner Server has GridBased  planners available.
[INFO] [1785296776.836798117] [global_costmap.global_costmap]: StaticLayer: Resizing costmap to 1552 X 2299 at 0.050000 m/pix
[INFO] [1785296778.261695378] [planner_server]: Activating
[INFO] [1785296778.261936805] [global_costmap.global_costmap]: Activating
[INFO] [1785296778.262090899] [global_costmap.global_costmap]: Checking transform
[INFO] [1785296778.262176325] [global_costmap.global_costmap]: Timed out waiting for transform from base_footprint to map to become available, tf error: Invalid frame ID "map" passed to canTransform argument target_frame - frame does not exist
[INFO] [1785296778.762272577] [global_costmap.global_costmap]: Timed out waiting for transform from base_footprint to map to become available, tf error: Invalid frame ID "map" passed to canTransform argument target_frame - frame does not exist
[INFO] [1785296779.262299607] [global_costmap.global_costmap]: Timed out waiting for transform from base_footprint to map to become available, tf error: Lookup would require extrapolation into the past.  Requested time 1785296779.230459 but the earliest data is at time 1785296780.722812, when looking up transform from frame [base_footprint] to frame [map]
[INFO] [1785296779.762272210] [global_costmap.global_costmap]: Timed out waiting for transform from base_footprint to map to become available, tf error: Lookup would require extrapolation into the past.  Requested time 1785296779.730402 but the earliest data is at time 1785296780.722812, when looking up transform from frame [base_footprint] to frame [map]
[INFO] [1785296780.262286202] [global_costmap.global_costmap]: Timed out waiting for transform from base_footprint to map to become available, tf error: Lookup would require extrapolation into the past.  Requested time 1785296780.230408 but the earliest data is at time 1785296780.722812, when looking up transform from frame [base_footprint] to frame [map]
[INFO] [1785296780.762262916] [global_costmap.global_costmap]: Timed out waiting for transform from base_footprint to map to become available, tf error: Lookup would require extrapolation into the past.  Requested time 1785296780.297090 but the earliest data is at time 1785296780.722812, when looking up transform from frame [base_footprint] to frame [map]
[INFO] [1785296781.262253945] [global_costmap.global_costmap]: Timed out waiting for transform from base_footprint to map to become available, tf error: Lookup would require extrapolation into the past.  Requested time 1785296780.297090 but the earliest data is at time 1785296780.722812, when looking up transform from frame [base_footprint] to frame [map]
[INFO] [1785296781.762222234] [global_costmap.global_costmap]: Timed out waiting for transform from base_footprint to map to become available, tf error: Lookup would require extrapolation into the past.  Requested time 1785296780.297090 but the earliest data is at time 1785296780.722812, when looking up transform from frame [base_footprint] to frame [map]
[INFO] [1785296782.262260856] [global_costmap.global_costmap]: Timed out waiting for transform from base_footprint to map to become available, tf error: Lookup would require extrapolation into the past.  Requested time 1785296780.297090 but the earliest data is at time 1785296780.722812, when looking up transform from frame [base_footprint] to frame [map]
[INFO] [1785296782.762261755] [global_costmap.global_costmap]: Timed out waiting for transform from base_footprint to map to become available, tf error: Lookup would require extrapolation into the past.  Requested time 1785296780.297090 but the earliest data is at time 1785296780.722812, when looking up transform from frame [base_footprint] to frame [map]
[INFO] [1785296783.262259951] [global_costmap.global_costmap]: Timed out waiting for transform from base_footprint to map to become available, tf error: Lookup would require extrapolation into the past.  Requested time 1785296780.297090 but the earliest data is at time 1785296780.722812, when looking up transform from frame [base_footprint] to frame [map]
[INFO] [1785296783.762229814] [global_costmap.global_costmap]: Timed out waiting for transform from base_footprint to map to become available, tf error: Lookup would require extrapolation into the past.  Requested time 1785296780.297090 but the earliest data is at time 1785296780.722812, when looking up transform from frame [base_footprint] to frame [map]
[INFO] [1785296784.262221787] [global_costmap.global_costmap]: Timed out waiting for transform from base_footprint to map to become available, tf error: Lookup would require extrapolation into the past.  Requested time 1785296780.297090 but the earliest data is at time 1785296780.722812, when looking up transform from frame [base_footprint] to frame [map]
[INFO] [1785296784.762247946] [global_costmap.global_costmap]: Timed out waiting for transform from base_footprint to map to become available, tf error: Lookup would require extrapolation into the past.  Requested time 1785296780.297090 but the earliest data is at time 1785296780.722812, when looking up transform from frame [base_footprint] to frame [map]
[INFO] [1785296785.262259790] [global_costmap.global_costmap]: Timed out waiting for transform from base_footprint to map to become available, tf error: Lookup would require extrapolation into the past.  Requested time 1785296780.297090 but the earliest data is at time 1785296780.722812, when looking up transform from frame [base_footprint] to frame [map]
[INFO] [1785296785.762259357] [global_costmap.global_costmap]: Timed out waiting for transform from base_footprint to map to become available, tf error: Lookup would require extrapolation into the past.  Requested time 1785296780.297090 but the earliest data is at time 1785296780.722812, when looking up transform from frame [base_footprint] to frame [map]
[INFO] [1785296786.262278367] [global_costmap.global_costmap]: Timed out waiting for transform from base_footprint to map to become available, tf error: Lookup would require extrapolation into the past.  Requested time 1785296780.297090 but the earliest data is at time 1785296780.722812, when looking up transform from frame [base_footprint] to frame [map]
[INFO] [1785296786.762232119] [global_costmap.global_costmap]: Timed out waiting for transform from base_footprint to map to become available, tf error: Lookup would require extrapolation into the past.  Requested time 1785296780.297090 but the earliest data is at time 1785296780.722812, when looking up transform from frame [base_footprint] to frame [map]
[INFO] [1785296787.262220592] [global_costmap.global_costmap]: Timed out waiting for transform from base_footprint to map to become available, tf error: Lookup would require extrapolation into the past.  Requested time 1785296780.297090 but the earliest data is at time 1785296780.722812, when looking up transform from frame [base_footprint] to frame [map]
[INFO] [1785296787.762217733] [global_costmap.global_costmap]: Timed out waiting for transform from base_footprint to map to become available, tf error: Lookup would require extrapolation into the past.  Requested time 1785296780.297090 but the earliest data is at time 1785296780.722812, when looking up transform from frame [base_footprint] to frame [map]
[INFO] [1785296788.262264058] [global_costmap.global_costmap]: Timed out waiting for transform from base_footprint to map to become available, tf error: Lookup would require extrapolation into the past.  Requested time 1785296780.297090 but the earliest data is at time 1785296780.722812, when looking up transform from frame [base_footprint] to frame [map]
[INFO] [1785296788.762221921] [global_costmap.global_costmap]: Timed out waiting for transform from base_footprint to map to become available, tf error: Lookup would require extrapolation into the past.  Requested time 1785296780.297090 but the earliest data is at time 1785296780.722812, when looking up transform from frame [base_footprint] to frame [map]
[INFO] [1785296789.262258987] [global_costmap.global_costmap]: Timed out waiting for transform from base_footprint to map to become available, tf error: Lookup would require extrapolation into the past.  Requested time 1785296780.297090 but the earliest data is at time 1785296780.722812, when looking up transform from frame [base_footprint] to frame [map]
[INFO] [1785296789.762395702] [global_costmap.global_costmap]: start
[INFO] [1785296794.066461224] [planner_server]: Activating plugin GridBased of type NavfnPlanner
[INFO] [1785296794.353913198] [global_costmap.global_costmap]: Message Filter dropping message: frame 'laser' at time 1785296794.042 for reason 'the timestamp on the message is earlier than all the data in the transform cache'
[INFO] [1785296797.183042568] [planner_server]: Creating bond (planner_server) to lifecycle manager.
[WARN] [1785296797.336243386] []: TF_OLD_DATA ignoring data from the past for frame front_left_wheel at time 1785296780.492071 according to authority Authority undetectable
Possible reasons are listed at http://wiki.ros.org/tf/Errors%20explained
[WARN] [1785296797.336284812] []: TF_OLD_DATA ignoring data from the past for frame front_right_wheel at time 1785296780.492071 according to authority Authority undetectable
Possible reasons are listed at http://wiki.ros.org/tf/Errors%20explained
[WARN] [1785296797.336296201] []: TF_OLD_DATA ignoring data from the past for frame rear_left_wheel at time 1785296780.492071 according to authority Authority undetectable
Possible reasons are listed at http://wiki.ros.org/tf/Errors%20explained
[WARN] [1785296797.336305979] []: TF_OLD_DATA ignoring data from the past for frame rear_right_wheel at time 1785296780.492071 according to authority Authority undetectable
Possible reasons are listed at http://wiki.ros.org/tf/Errors%20explained
[WARN] [1785296797.336354664] []: TF_OLD_DATA ignoring data from the past for frame front_left_wheel at time 1785296780.592081 according to authority Authority undetectable
Possible reasons are listed at http://wiki.ros.org/tf/Errors%20explained
[WARN] [1785296797.336368961] []: TF_OLD_DATA ignoring data from the past for frame front_right_wheel at time 1785296780.592081 according to authority Authority undetectable
Possible reasons are listed at http://wiki.ros.org/tf/Errors%20explained
[WARN] [1785296797.336378942] []: TF_OLD_DATA ignoring data from the past for frame rear_left_wheel at time 1785296780.592081 according to authority Authority undetectable
Possible reasons are listed at http://wiki.ros.org/tf/Errors%20explained
[WARN] [1785296797.336388016] []: TF_OLD_DATA ignoring data from the past for frame rear_right_wheel at time 1785296780.592081 according to authority Authority undetectable
Possible reasons are listed at http://wiki.ros.org/tf/Errors%20explained
[WARN] [1785296797.336413757] []: TF_OLD_DATA ignoring data from the past for frame front_left_wheel at time 1785296780.692098 according to authority Authority undetectable
Possible reasons are listed at http://wiki.ros.org/tf/Errors%20explained
[WARN] [1785296797.336427202] []: TF_OLD_DATA ignoring data from the past for frame front_right_wheel at time 1785296780.692098 according to authority Authority undetectable
Possible reasons are listed at http://wiki.ros.org/tf/Errors%20explained
[WARN] [1785296797.336436276] []: TF_OLD_DATA ignoring data from the past for frame rear_left_wheel at time 1785296780.692098 according to authority Authority undetectable
Possible reasons are listed at http://wiki.ros.org/tf/Errors%20explained
[WARN] [1785296797.336445220] []: TF_OLD_DATA ignoring data from the past for frame rear_right_wheel at time 1785296780.692098 according to authority Authority undetectable
Possible reasons are listed at http://wiki.ros.org/tf/Errors%20explained
[WARN] [1785296797.336473054] []: TF_OLD_DATA ignoring data from the past for frame front_left_wheel at time 1785296780.792036 according to authority Authority undetectable
Possible reasons are listed at http://wiki.ros.org/tf/Errors%20explained
[WARN] [1785296797.336486628] []: TF_OLD_DATA ignoring data from the past for frame front_right_wheel at time 1785296780.792036 according to authority Authority undetectable
Possible reasons are listed at http://wiki.ros.org/tf/Errors%20explained
[WARN] [1785296797.336496146] []: TF_OLD_DATA ignoring data from the past for frame rear_left_wheel at time 1785296780.792036 according to authority Authority undetectable
Possible reasons are listed at http://wiki.ros.org/tf/Errors%20explained
[WARN] [1785296797.336504702] []: TF_OLD_DATA ignoring data from the past for frame rear_right_wheel at time 1785296780.792036 according to authority Authority undetectable
Possible reasons are listed at http://wiki.ros.org/tf/Errors%20explained
[WARN] [1785296797.336529165] []: TF_OLD_DATA ignoring data from the past for frame front_left_wheel at time 1785296780.892058 according to authority Authority undetectable
Possible reasons are listed at http://wiki.ros.org/tf/Errors%20explained
[WARN] [1785296797.336596869] []: TF_OLD_DATA ignoring data from the past for frame front_right_wheel at time 1785296780.892058 according to authority Authority undetectable
Possible reasons are listed at http://wiki.ros.org/tf/Errors%20explained
[WARN] [1785296797.336609499] []: TF_OLD_DATA ignoring data from the past for frame rear_left_wheel at time 1785296780.892058 according to authority Authority undetectable
Possible reasons are listed at http://wiki.ros.org/tf/Errors%20explained
[WARN] [1785296797.336618443] []: TF_OLD_DATA ignoring data from the past for frame rear_right_wheel at time 1785296780.892058 according to authority Authority undetectable
Possible reasons are listed at http://wiki.ros.org/tf/Errors%20explained
[INFO] [1785296802.019169113] [global_costmap.global_costmap]: Message Filter dropping message: frame 'laser' at time 1785296801.302 for reason 'the timestamp on the message is earlier than all the data in the transform cache'
[INFO] [1785296805.018060468] [global_costmap.global_costmap]: Message Filter dropping message: frame 'laser' at time 1785296804.714 for reason 'the timestamp on the message is earlier than all the data in the transform cache'
[WARN] [1785296805.110026610] []: TF_OLD_DATA ignoring data from the past for frame front_left_wheel at time 1785296780.992076 according to authority Authority undetectable
Possible reasons are listed at http://wiki.ros.org/tf/Errors%20explained
[WARN] [1785296805.110064573] []: TF_OLD_DATA ignoring data from the past for frame front_right_wheel at time 1785296780.992076 according to authority Authority undetectable
Possible reasons are listed at http://wiki.ros.org/tf/Errors%20explained
[WARN] [1785296805.110074203] []: TF_OLD_DATA ignoring data from the past for frame rear_left_wheel at time 1785296780.992076 according to authority Authority undetectable
Possible reasons are listed at http://wiki.ros.org/tf/Errors%20explained
[WARN] [1785296805.110082666] []: TF_OLD_DATA ignoring data from the past for frame rear_right_wheel at time 1785296780.992076 according to authority Authority undetectable
Possible reasons are listed at http://wiki.ros.org/tf/Errors%20explained
[WARN] [1785296805.110129481] []: TF_OLD_DATA ignoring data from the past for frame front_left_wheel at time 1785296781.092082 according to authority Authority undetectable
Possible reasons are listed at http://wiki.ros.org/tf/Errors%20explained
[WARN] [1785296805.110143648] []: TF_OLD_DATA ignoring data from the past for frame front_right_wheel at time 1785296781.092082 according to authority Authority undetectable
Possible reasons are listed at http://wiki.ros.org/tf/Errors%20explained
[WARN] [1785296805.110151944] []: TF_OLD_DATA ignoring data from the past for frame rear_left_wheel at time 1785296781.092082 according to authority Authority undetectable
Possible reasons are listed at http://wiki.ros.org/tf/Errors%20explained
[WARN] [1785296805.110159130] []: TF_OLD_DATA ignoring data from the past for frame rear_right_wheel at time 1785296781.092082 according to authority Authority undetectable
Possible reasons are listed at http://wiki.ros.org/tf/Errors%20explained
[WARN] [1785296805.110182833] []: TF_OLD_DATA ignoring data from the past for frame front_left_wheel at time 1785296781.192076 according to authority Authority undetectable
Possible reasons are listed at http://wiki.ros.org/tf/Errors%20explained
[WARN] [1785296805.110203093] []: TF_OLD_DATA ignoring data from the past for frame front_right_wheel at time 1785296781.192076 according to authority Authority undetectable
Possible reasons are listed at http://wiki.ros.org/tf/Errors%20explained
[WARN] [1785296805.110212278] []: TF_OLD_DATA ignoring data from the past for frame rear_left_wheel at time 1785296781.192076 according to authority Authority undetectable
Possible reasons are listed at http://wiki.ros.org/tf/Errors%20explained
[WARN] [1785296805.110219278] []: TF_OLD_DATA ignoring data from the past for frame rear_right_wheel at time 1785296781.192076 according to authority Authority undetectable
Possible reasons are listed at http://wiki.ros.org/tf/Errors%20explained
[WARN] [1785296805.110248519] []: TF_OLD_DATA ignoring data from the past for frame front_left_wheel at time 1785296781.292074 according to authority Authority undetectable
Possible reasons are listed at http://wiki.ros.org/tf/Errors%20explained
[WARN] [1785296805.110259908] []: TF_OLD_DATA ignoring data from the past for frame front_right_wheel at time 1785296781.292074 according to authority Authority undetectable
Possible reasons are listed at http://wiki.ros.org/tf/Errors%20explained
[WARN] [1785296805.110267408] []: TF_OLD_DATA ignoring data from the past for frame rear_left_wheel at time 1785296781.292074 according to authority Authority undetectable
Possible reasons are listed at http://wiki.ros.org/tf/Errors%20explained
[WARN] [1785296805.110325908] []: TF_OLD_DATA ignoring data from the past for frame rear_right_wheel at time 1785296781.292074 according to authority Authority undetectable
Possible reasons are listed at http://wiki.ros.org/tf/Errors%20explained
[WARN] [1785296805.110362927] []: TF_OLD_DATA ignoring data from the past for frame front_left_wheel at time 1785296781.492071 according to authority Authority undetectable
Possible reasons are listed at http://wiki.ros.org/tf/Errors%20explained
[WARN] [1785296805.110373705] []: TF_OLD_DATA ignoring data from the past for frame front_right_wheel at time 1785296781.492071 according to authority Authority undetectable
Possible reasons are listed at http://wiki.ros.org/tf/Errors%20explained
[WARN] [1785296805.110381075] []: TF_OLD_DATA ignoring data from the past for frame rear_left_wheel at time 1785296781.492071 according to authority Authority undetectable
Possible reasons are listed at http://wiki.ros.org/tf/Errors%20explained
[WARN] [1785296805.110388501] []: TF_OLD_DATA ignoring data from the past for frame rear_right_wheel at time 1785296781.492071 according to authority Authority undetectable
Possible reasons are listed at http://wiki.ros.org/tf/Errors%20explained
[WARN] [1785296805.110415427] []: TF_OLD_DATA ignoring data from the past for frame front_left_wheel at time 1785296781.592055 according to authority Authority undetectable
Possible reasons are listed at http://wiki.ros.org/tf/Errors%20explained
[WARN] [1785296805.110427576] []: TF_OLD_DATA ignoring data from the past for frame front_right_wheel at time 1785296781.592055 according to authority Authority undetectable
Possible reasons are listed at http://wiki.ros.org/tf/Errors%20explained
[WARN] [1785296805.110434835] []: TF_OLD_DATA ignoring data from the past for frame rear_left_wheel at time 1785296781.592055 according to authority Authority undetectable
Possible reasons are listed at http://wiki.ros.org/tf/Errors%20explained
[WARN] [1785296805.110441835] []: TF_OLD_DATA ignoring data from the past for frame rear_right_wheel at time 1785296781.592055 according to authority Authority undetectable
Possible reasons are listed at http://wiki.ros.org/tf/Errors%20explained
[WARN] [1785296805.110470150] []: TF_OLD_DATA ignoring data from the past for frame front_left_wheel at time 1785296781.692074 according to authority Authority undetectable
Possible reasons are listed at http://wiki.ros.org/tf/Errors%20explained
[WARN] [1785296805.110481668] []: TF_OLD_DATA ignoring data from the past for frame front_right_wheel at time 1785296781.692074 according to authority Authority undetectable
Possible reasons are listed at http://wiki.ros.org/tf/Errors%20explained
[WARN] [1785296805.110489724] []: TF_OLD_DATA ignoring data from the past for frame rear_left_wheel at time 1785296781.692074 according to authority Authority undetectable
Possible reasons are listed at http://wiki.ros.org/tf/Errors%20explained
[WARN] [1785296805.110497020] []: TF_OLD_DATA ignoring data from the past for frame rear_right_wheel at time 1785296781.692074 according to authority Authority undetectable
Possible reasons are listed at http://wiki.ros.org/tf/Errors%20explained
[WARN] [1785296805.110521150] []: TF_OLD_DATA ignoring data from the past for frame front_left_wheel at time 1785296781.792076 according to authority Authority undetectable
Possible reasons are listed at http://wiki.ros.org/tf/Errors%20explained
[WARN] [1785296805.110538280] []: TF_OLD_DATA ignoring data from the past for frame front_right_wheel at time 1785296781.792076 according to authority Authority undetectable
Possible reasons are listed at http://wiki.ros.org/tf/Errors%20explained
[WARN] [1785296805.110546261] []: TF_OLD_DATA ignoring data from the past for frame rear_left_wheel at time 1785296781.792076 according to authority Authority undetectable
Possible reasons are listed at http://wiki.ros.org/tf/Errors%20explained
[WARN] [1785296805.110553891] []: TF_OLD_DATA ignoring data from the past for frame rear_right_wheel at time 1785296781.792076 according to authority Authority undetectable
Possible reasons are listed at http://wiki.ros.org/tf/Errors%20explained
[WARN] [1785296805.110617188] []: TF_OLD_DATA ignoring data from the past for frame front_left_wheel at time 1785296781.992085 according to authority Authority undetectable
Possible reasons are listed at http://wiki.ros.org/tf/Errors%20explained
[WARN] [1785296805.110630743] []: TF_OLD_DATA ignoring data from the past for frame front_right_wheel at time 1785296781.992085 according to authority Authority undetectable
Possible reasons are listed at http://wiki.ros.org/tf/Errors%20explained
[WARN] [1785296805.110638040] []: TF_OLD_DATA ignoring data from the past for frame rear_left_wheel at time 1785296781.992085 according to authority Authority undetectable
Possible reasons are listed at http://wiki.ros.org/tf/Errors%20explained
[WARN] [1785296805.110645132] []: TF_OLD_DATA ignoring data from the past for frame rear_right_wheel at time 1785296781.992085 according to authority Authority undetectable
Possible reasons are listed at http://wiki.ros.org/tf/Errors%20explained
[WARN] [1785296805.110675577] []: TF_OLD_DATA ignoring data from the past for frame front_left_wheel at time 1785296782.092055 according to authority Authority undetectable
Possible reasons are listed at http://wiki.ros.org/tf/Errors%20explained
[WARN] [1785296805.110686410] []: TF_OLD_DATA ignoring data from the past for frame front_right_wheel at time 1785296782.092055 according to authority Authority undetectable
Possible reasons are listed at http://wiki.ros.org/tf/Errors%20explained
[WARN] [1785296805.110693984] []: TF_OLD_DATA ignoring data from the past for frame rear_left_wheel at time 1785296782.092055 according to authority Authority undetectable
Possible reasons are listed at http://wiki.ros.org/tf/Errors%20explained
[WARN] [1785296805.110701447] []: TF_OLD_DATA ignoring data from the past for frame rear_right_wheel at time 1785296782.092055 according to authority Authority undetectable
Possible reasons are listed at http://wiki.ros.org/tf/Errors%20explained
[WARN] [1785296805.110724707] []: TF_OLD_DATA ignoring data from the past for frame front_left_wheel at time 1785296782.192093 according to authority Authority undetectable
Possible reasons are listed at http://wiki.ros.org/tf/Errors%20explained
[WARN] [1785296805.110735059] []: TF_OLD_DATA ignoring data from the past for frame front_right_wheel at time 1785296782.192093 according to authority Authority undetectable
Possible reasons are listed at http://wiki.ros.org/tf/Errors%20explained
[WARN] [1785296805.110742225] []: TF_OLD_DATA ignoring data from the past for frame rear_left_wheel at time 1785296782.192093 according to authority Authority undetectable
Possible reasons are listed at http://wiki.ros.org/tf/Errors%20explained
[WARN] [1785296805.110749262] []: TF_OLD_DATA ignoring data from the past for frame rear_right_wheel at time 1785296782.192093 according to authority Authority undetectable
Possible reasons are listed at http://wiki.ros.org/tf/Errors%20explained
[WARN] [1785296805.110771874] []: TF_OLD_DATA ignoring data from the past for frame front_left_wheel at time 1785296782.292090 according to authority Authority undetectable
Possible reasons are listed at http://wiki.ros.org/tf/Errors%20explained
[WARN] [1785296805.110786540] []: TF_OLD_DATA ignoring data from the past for frame front_right_wheel at time 1785296782.292090 according to authority Authority undetectable
Possible reasons are listed at http://wiki.ros.org/tf/Errors%20explained
[WARN] [1785296805.110794855] []: TF_OLD_DATA ignoring data from the past for frame rear_left_wheel at time 1785296782.292090 according to authority Authority undetectable
Possible reasons are listed at http://wiki.ros.org/tf/Errors%20explained
[WARN] [1785296805.110802115] []: TF_OLD_DATA ignoring data from the past for frame rear_right_wheel at time 1785296782.292090 according to authority Authority undetectable
Possible reasons are listed at http://wiki.ros.org/tf/Errors%20explained
[WARN] [1785296805.110826559] []: TF_OLD_DATA ignoring data from the past for frame front_left_wheel at time 1785296782.392078 according to authority Authority undetectable
Possible reasons are listed at http://wiki.ros.org/tf/Errors%20explained
[WARN] [1785296805.110859633] []: TF_OLD_DATA ignoring data from the past for frame front_right_wheel at time 1785296782.392078 according to authority Authority undetectable
Possible reasons are listed at http://wiki.ros.org/tf/Errors%20explained
[WARN] [1785296805.110870356] []: TF_OLD_DATA ignoring data from the past for frame rear_left_wheel at time 1785296782.392078 according to authority Authority undetectable
Possible reasons are listed at http://wiki.ros.org/tf/Errors%20explained
[WARN] [1785296805.110877708] []: TF_OLD_DATA ignoring data from the past for frame rear_right_wheel at time 1785296782.392078 according to authority Authority undetectable
Possible reasons are listed at http://wiki.ros.org/tf/Errors%20explained
[WARN] [1785296805.110912078] []: TF_OLD_DATA ignoring data from the past for frame front_left_wheel at time 1785296782.492077 according to authority Authority undetectable
Possible reasons are listed at http://wiki.ros.org/tf/Errors%20explained
[WARN] [1785296805.110924430] []: TF_OLD_DATA ignoring data from the past for frame front_right_wheel at time 1785296782.492077 according to authority Authority undetectable
Possible reasons are listed at http://wiki.ros.org/tf/Errors%20explained
[WARN] [1785296805.110932282] []: TF_OLD_DATA ignoring data from the past for frame rear_left_wheel at time 1785296782.492077 according to authority Authority undetectable
Possible reasons are listed at http://wiki.ros.org/tf/Errors%20explained
[WARN] [1785296805.110939393] []: TF_OLD_DATA ignoring data from the past for frame rear_right_wheel at time 1785296782.492077 according to authority Authority undetectable
Possible reasons are listed at http://wiki.ros.org/tf/Errors%20explained
[WARN] [1785296805.110963116] []: TF_OLD_DATA ignoring data from the past for frame front_left_wheel at time 1785296782.592106 according to authority Authority undetectable
Possible reasons are listed at http://wiki.ros.org/tf/Errors%20explained
[WARN] [1785296805.110974097] []: TF_OLD_DATA ignoring data from the past for frame front_right_wheel at time 1785296782.592106 according to authority Authority undetectable
Possible reasons are listed at http://wiki.ros.org/tf/Errors%20explained
[WARN] [1785296805.110982690] []: TF_OLD_DATA ignoring data from the past for frame rear_left_wheel at time 1785296782.592106 according to authority Authority undetectable
Possible reasons are listed at http://wiki.ros.org/tf/Errors%20explained
[WARN] [1785296805.111001153] []: TF_OLD_DATA ignoring data from the past for frame rear_right_wheel at time 1785296782.592106 according to authority Authority undetectable
Possible reasons are listed at http://wiki.ros.org/tf/Errors%20explained
[WARN] [1785296805.111033227] []: TF_OLD_DATA ignoring data from the past for frame front_left_wheel at time 1785296782.692059 according to authority Authority undetectable
Possible reasons are listed at http://wiki.ros.org/tf/Errors%20explained
[WARN] [1785296805.111046560] []: TF_OLD_DATA ignoring data from the past for frame front_right_wheel at time 1785296782.692059 according to authority Authority undetectable
Possible reasons are listed at http://wiki.ros.org/tf/Errors%20explained
[WARN] [1785296805.111054412] []: TF_OLD_DATA ignoring data from the past for frame rear_left_wheel at time 1785296782.692059 according to authority Authority undetectable
Possible reasons are listed at http://wiki.ros.org/tf/Errors%20explained
[WARN] [1785296805.111062005] []: TF_OLD_DATA ignoring data from the past for frame rear_right_wheel at time 1785296782.692059 according to authority Authority undetectable
Possible reasons are listed at http://wiki.ros.org/tf/Errors%20explained
[WARN] [1785296805.111090209] []: TF_OLD_DATA ignoring data from the past for frame front_left_wheel at time 1785296782.792058 according to authority Authority undetectable
Possible reasons are listed at http://wiki.ros.org/tf/Errors%20explained
[WARN] [1785296805.111121746] []: TF_OLD_DATA ignoring data from the past for frame front_right_wheel at time 1785296782.792058 according to authority Authority undetectable
Possible reasons are listed at http://wiki.ros.org/tf/Errors%20explained
[WARN] [1785296805.111133172] []: TF_OLD_DATA ignoring data from the past for frame rear_left_wheel at time 1785296782.792058 according to authority Authority undetectable
Possible reasons are listed at http://wiki.ros.org/tf/Errors%20explained
[WARN] [1785296805.111140857] []: TF_OLD_DATA ignoring data from the past for frame rear_right_wheel at time 1785296782.792058 according to authority Authority undetectable
Possible reasons are listed at http://wiki.ros.org/tf/Errors%20explained
[WARN] [1785296805.111179728] []: TF_OLD_DATA ignoring data from the past for frame front_left_wheel at time 1785296782.892067 according to authority Authority undetectable
Possible reasons are listed at http://wiki.ros.org/tf/Errors%20explained
[WARN] [1785296805.111207932] []: TF_OLD_DATA ignoring data from the past for frame front_right_wheel at time 1785296782.892067 according to authority Authority undetectable
Possible reasons are listed at http://wiki.ros.org/tf/Errors%20explained
[WARN] [1785296805.111218691] []: TF_OLD_DATA ignoring data from the past for frame rear_left_wheel at time 1785296782.892067 according to authority Authority undetectable
Possible reasons are listed at http://wiki.ros.org/tf/Errors%20explained
[WARN] [1785296805.111225821] []: TF_OLD_DATA ignoring data from the past for frame rear_right_wheel at time 1785296782.892067 according to authority Authority undetectable
Possible reasons are listed at http://wiki.ros.org/tf/Errors%20explained
[WARN] [1785296809.218188558] []: TF_OLD_DATA ignoring data from the past for frame front_left_wheel at time 1785296783.992078 according to authority Authority undetectable
Possible reasons are listed at http://wiki.ros.org/tf/Errors%20explained
[WARN] [1785296809.218249355] []: TF_OLD_DATA ignoring data from the past for frame front_right_wheel at time 1785296783.992078 according to authority Authority undetectable
Possible reasons are listed at http://wiki.ros.org/tf/Errors%20explained
[WARN] [1785296809.218260003] []: TF_OLD_DATA ignoring data from the past for frame rear_left_wheel at time 1785296783.992078 according to authority Authority undetectable
Possible reasons are listed at http://wiki.ros.org/tf/Errors%20explained
[WARN] [1785296809.218269411] []: TF_OLD_DATA ignoring data from the past for frame rear_right_wheel at time 1785296783.992078 according to authority Authority undetectable
Possible reasons are listed at http://wiki.ros.org/tf/Errors%20explained
[WARN] [1785296809.218317355] []: TF_OLD_DATA ignoring data from the past for frame front_left_wheel at time 1785296784.092069 according to authority Authority undetectable
Possible reasons are listed at http://wiki.ros.org/tf/Errors%20explained
[WARN] [1785296809.218332578] []: TF_OLD_DATA ignoring data from the past for frame front_right_wheel at time 1785296784.092069 according to authority Authority undetectable
Possible reasons are listed at http://wiki.ros.org/tf/Errors%20explained
[WARN] [1785296809.218342930] []: TF_OLD_DATA ignoring data from the past for frame rear_left_wheel at time 1785296784.092069 according to authority Authority undetectable
Possible reasons are listed at http://wiki.ros.org/tf/Errors%20explained
[WARN] [1785296809.218351541] []: TF_OLD_DATA ignoring data from the past for frame rear_right_wheel at time 1785296784.092069 according to authority Authority undetectable
Possible reasons are listed at http://wiki.ros.org/tf/Errors%20explained
[WARN] [1785296809.218384411] []: TF_OLD_DATA ignoring data from the past for frame front_left_wheel at time 1785296784.192070 according to authority Authority undetectable
Possible reasons are listed at http://wiki.ros.org/tf/Errors%20explained
[WARN] [1785296809.218398189] []: TF_OLD_DATA ignoring data from the past for frame front_right_wheel at time 1785296784.192070 according to authority Authority undetectable
Possible reasons are listed at http://wiki.ros.org/tf/Errors%20explained
[WARN] [1785296809.218407208] []: TF_OLD_DATA ignoring data from the past for frame rear_left_wheel at time 1785296784.192070 according to authority Authority undetectable
Possible reasons are listed at http://wiki.ros.org/tf/Errors%20explained
[WARN] [1785296809.218415652] []: TF_OLD_DATA ignoring data from the past for frame rear_right_wheel at time 1785296784.192070 according to authority Authority undetectable
Possible reasons are listed at http://wiki.ros.org/tf/Errors%20explained
[WARN] [1785296809.218453486] []: TF_OLD_DATA ignoring data from the past for frame front_left_wheel at time 1785296785.392078 according to authority Authority undetectable
Possible reasons are listed at http://wiki.ros.org/tf/Errors%20explained
[WARN] [1785296809.218466616] []: TF_OLD_DATA ignoring data from the past for frame front_right_wheel at time 1785296785.392078 according to authority Authority undetectable
Possible reasons are listed at http://wiki.ros.org/tf/Errors%20explained
[WARN] [1785296809.218477097] []: TF_OLD_DATA ignoring data from the past for frame rear_left_wheel at time 1785296785.392078 according to authority Authority undetectable
Possible reasons are listed at http://wiki.ros.org/tf/Errors%20explained
[WARN] [1785296809.218485486] []: TF_OLD_DATA ignoring data from the past for frame rear_right_wheel at time 1785296785.392078 according to authority Authority undetectable
Possible reasons are listed at http://wiki.ros.org/tf/Errors%20explained
[WARN] [1785296809.218518671] []: TF_OLD_DATA ignoring data from the past for frame front_left_wheel at time 1785296785.492114 according to authority Authority undetectable
Possible reasons are listed at http://wiki.ros.org/tf/Errors%20explained
[WARN] [1785296809.219859660] []: TF_OLD_DATA ignoring data from the past for frame front_right_wheel at time 1785296785.492114 according to authority Authority undetectable
Possible reasons are listed at http://wiki.ros.org/tf/Errors%20explained
[WARN] [1785296809.219892105] []: TF_OLD_DATA ignoring data from the past for frame rear_left_wheel at time 1785296785.492114 according to authority Authority undetectable
Possible reasons are listed at http://wiki.ros.org/tf/Errors%20explained
[WARN] [1785296809.219903753] []: TF_OLD_DATA ignoring data from the past for frame rear_right_wheel at time 1785296785.492114 according to authority Authority undetectable
Possible reasons are listed at http://wiki.ros.org/tf/Errors%20explained
[WARN] [1785296809.219986254] []: TF_OLD_DATA ignoring data from the past for frame front_left_wheel at time 1785296785.592041 according to authority Authority undetectable
Possible reasons are listed at http://wiki.ros.org/tf/Errors%20explained
[WARN] [1785296809.220004309] []: TF_OLD_DATA ignoring data from the past for frame front_right_wheel at time 1785296785.592041 according to authority Authority undetectable
Possible reasons are listed at http://wiki.ros.org/tf/Errors%20explained
[WARN] [1785296809.220015050] []: TF_OLD_DATA ignoring data from the past for frame rear_left_wheel at time 1785296785.592041 according to authority Authority undetectable
Possible reasons are listed at http://wiki.ros.org/tf/Errors%20explained
[WARN] [1785296809.220024087] []: TF_OLD_DATA ignoring data from the past for frame rear_right_wheel at time 1785296785.592041 according to authority Authority undetectable
Possible reasons are listed at http://wiki.ros.org/tf/Errors%20explained
[WARN] [1785296809.220055476] []: TF_OLD_DATA ignoring data from the past for frame front_left_wheel at time 1785296785.692036 according to authority Authority undetectable
Possible reasons are listed at http://wiki.ros.org/tf/Errors%20explained
[WARN] [1785296809.220072291] []: TF_OLD_DATA ignoring data from the past for frame front_right_wheel at time 1785296785.692036 according to authority Authority undetectable
Possible reasons are listed at http://wiki.ros.org/tf/Errors%20explained
[WARN] [1785296809.220082217] []: TF_OLD_DATA ignoring data from the past for frame rear_left_wheel at time 1785296785.692036 according to authority Authority undetectable
Possible reasons are listed at http://wiki.ros.org/tf/Errors%20explained
[WARN] [1785296809.220090699] []: TF_OLD_DATA ignoring data from the past for frame rear_right_wheel at time 1785296785.692036 according to authority Authority undetectable
Possible reasons are listed at http://wiki.ros.org/tf/Errors%20explained
[WARN] [1785296809.220119903] []: TF_OLD_DATA ignoring data from the past for frame front_left_wheel at time 1785296785.792121 according to authority Authority undetectable
Possible reasons are listed at http://wiki.ros.org/tf/Errors%20explained
[WARN] [1785296809.220132366] []: TF_OLD_DATA ignoring data from the past for frame front_right_wheel at time 1785296785.792121 according to authority Authority undetectable
Possible reasons are listed at http://wiki.ros.org/tf/Errors%20explained
[WARN] [1785296809.220142292] []: TF_OLD_DATA ignoring data from the past for frame rear_left_wheel at time 1785296785.792121 according to authority Authority undetectable
Possible reasons are listed at http://wiki.ros.org/tf/Errors%20explained
[WARN] [1785296809.220150829] []: TF_OLD_DATA ignoring data from the past for frame rear_right_wheel at time 1785296785.792121 according to authority Authority undetectable
Possible reasons are listed at http://wiki.ros.org/tf/Errors%20explained
[WARN] [1785296809.220174829] []: TF_OLD_DATA ignoring data from the past for frame front_left_wheel at time 1785296785.892143 according to authority Authority undetectable
Possible reasons are listed at http://wiki.ros.org/tf/Errors%20explained
[WARN] [1785296809.220186440] []: TF_OLD_DATA ignoring data from the past for frame front_right_wheel at time 1785296785.892143 according to authority Authority undetectable
Possible reasons are listed at http://wiki.ros.org/tf/Errors%20explained
[WARN] [1785296809.220246477] []: TF_OLD_DATA ignoring data from the past for frame rear_left_wheel at time 1785296785.892143 according to authority Authority undetectable
Possible reasons are listed at http://wiki.ros.org/tf/Errors%20explained
[WARN] [1785296809.220258866] []: TF_OLD_DATA ignoring data from the past for frame rear_right_wheel at time 1785296785.892143 according to authority Authority undetectable
Possible reasons are listed at http://wiki.ros.org/tf/Errors%20explained
[WARN] [1785296809.220294533] []: TF_OLD_DATA ignoring data from the past for frame front_left_wheel at time 1785296785.992068 according to authority Authority undetectable
Possible reasons are listed at http://wiki.ros.org/tf/Errors%20explained
[WARN] [1785296809.220308422] []: TF_OLD_DATA ignoring data from the past for frame front_right_wheel at time 1785296785.992068 according to authority Authority undetectable
Possible reasons are listed at http://wiki.ros.org/tf/Errors%20explained
[WARN] [1785296809.220317218] []: TF_OLD_DATA ignoring data from the past for frame rear_left_wheel at time 1785296785.992068 according to authority Authority undetectable
Possible reasons are listed at http://wiki.ros.org/tf/Errors%20explained
[WARN] [1785296809.220325663] []: TF_OLD_DATA ignoring data from the past for frame rear_right_wheel at time 1785296785.992068 according to authority Authority undetectable
Possible reasons are listed at http://wiki.ros.org/tf/Errors%20explained
[WARN] [1785296809.221502392] []: TF_OLD_DATA ignoring data from the past for frame front_left_wheel at time 1785296789.892047 according to authority Authority undetectable
Possible reasons are listed at http://wiki.ros.org/tf/Errors%20explained
[WARN] [1785296809.221543373] []: TF_OLD_DATA ignoring data from the past for frame front_right_wheel at time 1785296789.892047 according to authority Authority undetectable
Possible reasons are listed at http://wiki.ros.org/tf/Errors%20explained
[WARN] [1785296809.221554948] []: TF_OLD_DATA ignoring data from the past for frame rear_left_wheel at time 1785296789.892047 according to authority Authority undetectable
Possible reasons are listed at http://wiki.ros.org/tf/Errors%20explained
[WARN] [1785296809.222281044] []: TF_OLD_DATA ignoring data from the past for frame rear_right_wheel at time 1785296789.892047 according to authority Authority undetectable
Possible reasons are listed at http://wiki.ros.org/tf/Errors%20explained
[WARN] [1785296809.222360174] []: TF_OLD_DATA ignoring data from the past for frame front_left_wheel at time 1785296789.992068 according to authority Authority undetectable
Possible reasons are listed at http://wiki.ros.org/tf/Errors%20explained
[WARN] [1785296809.222375971] []: TF_OLD_DATA ignoring data from the past for frame front_right_wheel at time 1785296789.992068 according to authority Authority undetectable
Possible reasons are listed at http://wiki.ros.org/tf/Errors%20explained
[WARN] [1785296809.222385489] []: TF_OLD_DATA ignoring data from the past for frame rear_left_wheel at time 1785296789.992068 according to authority Authority undetectable
Possible reasons are listed at http://wiki.ros.org/tf/Errors%20explained
[WARN] [1785296809.222394711] []: TF_OLD_DATA ignoring data from the past for frame rear_right_wheel at time 1785296789.992068 according to authority Authority undetectable
Possible reasons are listed at http://wiki.ros.org/tf/Errors%20explained
[WARN] [1785296809.222434249] []: TF_OLD_DATA ignoring data from the past for frame front_left_wheel at time 1785296790.092123 according to authority Authority undetectable
Possible reasons are listed at http://wiki.ros.org/tf/Errors%20explained
[WARN] [1785296809.222447730] []: TF_OLD_DATA ignoring data from the past for frame front_right_wheel at time 1785296790.092123 according to authority Authority undetectable
Possible reasons are listed at http://wiki.ros.org/tf/Errors%20explained
[WARN] [1785296809.222507860] []: TF_OLD_DATA ignoring data from the past for frame rear_left_wheel at time 1785296790.092123 according to authority Authority undetectable
Possible reasons are listed at http://wiki.ros.org/tf/Errors%20explained
[WARN] [1785296809.222518638] []: TF_OLD_DATA ignoring data from the past for frame rear_right_wheel at time 1785296790.092123 according to authority Authority undetectable
Possible reasons are listed at http://wiki.ros.org/tf/Errors%20explained
[WARN] [1785296809.222554157] []: TF_OLD_DATA ignoring data from the past for frame front_left_wheel at time 1785296791.192181 according to authority Authority undetectable
Possible reasons are listed at http://wiki.ros.org/tf/Errors%20explained
[WARN] [1785296809.222568712] []: TF_OLD_DATA ignoring data from the past for frame front_right_wheel at time 1785296791.192181 according to authority Authority undetectable
Possible reasons are listed at http://wiki.ros.org/tf/Errors%20explained
[WARN] [1785296809.222577787] []: TF_OLD_DATA ignoring data from the past for frame rear_left_wheel at time 1785296791.192181 according to authority Authority undetectable
Possible reasons are listed at http://wiki.ros.org/tf/Errors%20explained
[WARN] [1785296809.222586435] []: TF_OLD_DATA ignoring data from the past for frame rear_right_wheel at time 1785296791.192181 according to authority Authority undetectable
Possible reasons are listed at http://wiki.ros.org/tf/Errors%20explained
[WARN] [1785296809.222615435] []: TF_OLD_DATA ignoring data from the past for frame front_left_wheel at time 1785296791.292041 according to authority Authority undetectable
Possible reasons are listed at http://wiki.ros.org/tf/Errors%20explained
[WARN] [1785296809.222627731] []: TF_OLD_DATA ignoring data from the past for frame front_right_wheel at time 1785296791.292041 according to authority Authority undetectable
Possible reasons are listed at http://wiki.ros.org/tf/Errors%20explained
[WARN] [1785296809.222637009] []: TF_OLD_DATA ignoring data from the past for frame rear_left_wheel at time 1785296791.292041 according to authority Authority undetectable
Possible reasons are listed at http://wiki.ros.org/tf/Errors%20explained
[WARN] [1785296809.222645361] []: TF_OLD_DATA ignoring data from the past for frame rear_right_wheel at time 1785296791.292041 according to authority Authority undetectable
Possible reasons are listed at http://wiki.ros.org/tf/Errors%20explained
[WARN] [1785296809.222668602] []: TF_OLD_DATA ignoring data from the past for frame front_left_wheel at time 1785296791.392025 according to authority Authority undetectable
Possible reasons are listed at http://wiki.ros.org/tf/Errors%20explained
[WARN] [1785296809.222680491] []: TF_OLD_DATA ignoring data from the past for frame front_right_wheel at time 1785296791.392025 according to authority Authority undetectable
Possible reasons are listed at http://wiki.ros.org/tf/Errors%20explained
[WARN] [1785296809.222688972] []: TF_OLD_DATA ignoring data from the past for frame rear_left_wheel at time 1785296791.392025 according to authority Authority undetectable
Possible reasons are listed at http://wiki.ros.org/tf/Errors%20explained
[WARN] [1785296809.222697306] []: TF_OLD_DATA ignoring data from the past for frame rear_right_wheel at time 1785296791.392025 according to authority Authority undetectable
Possible reasons are listed at http://wiki.ros.org/tf/Errors%20explained
[WARN] [1785296809.222723547] []: TF_OLD_DATA ignoring data from the past for frame front_left_wheel at time 1785296791.492079 according to authority Authority undetectable
Possible reasons are listed at http://wiki.ros.org/tf/Errors%20explained
[WARN] [1785296809.222738676] []: TF_OLD_DATA ignoring data from the past for frame front_right_wheel at time 1785296791.492079 according to authority Authority undetectable
Possible reasons are listed at http://wiki.ros.org/tf/Errors%20explained
[WARN] [1785296809.222751121] []: TF_OLD_DATA ignoring data from the past for frame rear_left_wheel at time 1785296791.492079 according to authority Authority undetectable
Possible reasons are listed at http://wiki.ros.org/tf/Errors%20explained
[WARN] [1785296809.222779510] []: TF_OLD_DATA ignoring data from the past for frame rear_right_wheel at time 1785296791.492079 according to authority Authority undetectable
Possible reasons are listed at http://wiki.ros.org/tf/Errors%20explained
[WARN] [1785296809.222810455] []: TF_OLD_DATA ignoring data from the past for frame front_left_wheel at time 1785296791.592074 according to authority Authority undetectable
Possible reasons are listed at http://wiki.ros.org/tf/Errors%20explained
[WARN] [1785296809.222822862] []: TF_OLD_DATA ignoring data from the past for frame front_right_wheel at time 1785296791.592074 according to authority Authority undetectable
Possible reasons are listed at http://wiki.ros.org/tf/Errors%20explained
[WARN] [1785296809.222831047] []: TF_OLD_DATA ignoring data from the past for frame rear_left_wheel at time 1785296791.592074 according to authority Authority undetectable
Possible reasons are listed at http://wiki.ros.org/tf/Errors%20explained
[WARN] [1785296809.222839047] []: TF_OLD_DATA ignoring data from the past for frame rear_right_wheel at time 1785296791.592074 according to authority Authority undetectable
Possible reasons are listed at http://wiki.ros.org/tf/Errors%20explained
[INFO] [1785296809.521779140] [global_costmap.global_costmap]: Message Filter dropping message: frame 'laser' at time 1785296806.897 for reason 'the timestamp on the message is earlier than all the data in the transform cache'
[INFO] [1785296812.025289047] [global_costmap.global_costmap]: Message Filter dropping message: frame 'laser' at time 1785296811.721 for reason 'the timestamp on the message is earlier than all the data in the transform cache'
[ERROR] [1785296813.399209987] [transformPoseInTargetFrame]: Extrapolation Error looking up target frame: Lookup would require extrapolation into the past.  Requested time 1785296799.468328 but the earliest data is at time 1785296800.597100, when looking up transform from frame [base_footprint] to frame [map]

[WARN] [1785296814.415879842] []: TF_OLD_DATA ignoring data from the past for frame front_left_wheel at time 1785296791.692081 according to authority Authority undetectable
Possible reasons are listed at http://wiki.ros.org/tf/Errors%20explained
[WARN] [1785296814.415912213] []: TF_OLD_DATA ignoring data from the past for frame front_right_wheel at time 1785296791.692081 according to authority Authority undetectable
Possible reasons are listed at http://wiki.ros.org/tf/Errors%20explained
[WARN] [1785296814.416304530] []: TF_OLD_DATA ignoring data from the past for frame rear_left_wheel at time 1785296791.692081 according to authority Authority undetectable
Possible reasons are listed at http://wiki.ros.org/tf/Errors%20explained
[WARN] [1785296814.416328474] []: TF_OLD_DATA ignoring data from the past for frame rear_right_wheel at time 1785296791.692081 according to authority Authority undetectable
Possible reasons are listed at http://wiki.ros.org/tf/Errors%20explained
[WARN] [1785296814.416704773] []: TF_OLD_DATA ignoring data from the past for frame front_left_wheel at time 1785296791.792085 according to authority Authority undetectable
Possible reasons are listed at http://wiki.ros.org/tf/Errors%20explained
[WARN] [1785296814.416730865] []: TF_OLD_DATA ignoring data from the past for frame front_right_wheel at time 1785296791.792085 according to authority Authority undetectable
Possible reasons are listed at http://wiki.ros.org/tf/Errors%20explained
[WARN] [1785296814.416975089] []: TF_OLD_DATA ignoring data from the past for frame rear_left_wheel at time 1785296791.792085 according to authority Authority undetectable
Possible reasons are listed at http://wiki.ros.org/tf/Errors%20explained
[WARN] [1785296814.416989996] []: TF_OLD_DATA ignoring data from the past for frame rear_right_wheel at time 1785296791.792085 according to authority Authority undetectable
Possible reasons are listed at http://wiki.ros.org/tf/Errors%20explained
[WARN] [1785296814.417318961] []: TF_OLD_DATA ignoring data from the past for frame front_left_wheel at time 1785296791.992059 according to authority Authority undetectable
Possible reasons are listed at http://wiki.ros.org/tf/Errors%20explained
[WARN] [1785296814.417344091] []: TF_OLD_DATA ignoring data from the past for frame front_right_wheel at time 1785296791.992059 according to authority Authority undetectable
Possible reasons are listed at http://wiki.ros.org/tf/Errors%20explained
[WARN] [1785296814.417355072] []: TF_OLD_DATA ignoring data from the past for frame rear_left_wheel at time 1785296791.992059 according to authority Authority undetectable
Possible reasons are listed at http://wiki.ros.org/tf/Errors%20explained
[WARN] [1785296814.417364202] []: TF_OLD_DATA ignoring data from the past for frame rear_right_wheel at time 1785296791.992059 according to authority Authority undetectable
Possible reasons are listed at http://wiki.ros.org/tf/Errors%20explained
[WARN] [1785296814.417486277] []: TF_OLD_DATA ignoring data from the past for frame front_left_wheel at time 1785296792.092071 according to authority Authority undetectable
Possible reasons are listed at http://wiki.ros.org/tf/Errors%20explained
[WARN] [1785296814.417509814] []: TF_OLD_DATA ignoring data from the past for frame front_right_wheel at time 1785296792.092071 according to authority Authority undetectable
Possible reasons are listed at http://wiki.ros.org/tf/Errors%20explained
[WARN] [1785296814.417521481] []: TF_OLD_DATA ignoring data from the past for frame rear_left_wheel at time 1785296792.092071 according to authority Authority undetectable
Possible reasons are listed at http://wiki.ros.org/tf/Errors%20explained
[WARN] [1785296814.417530814] []: TF_OLD_DATA ignoring data from the past for frame rear_right_wheel at time 1785296792.092071 according to authority Authority undetectable
Possible reasons are listed at http://wiki.ros.org/tf/Errors%20explained
[WARN] [1785296814.417565851] []: TF_OLD_DATA ignoring data from the past for frame front_left_wheel at time 1785296792.192031 according to authority Authority undetectable
Possible reasons are listed at http://wiki.ros.org/tf/Errors%20explained
[WARN] [1785296814.417811297] []: TF_OLD_DATA ignoring data from the past for frame front_right_wheel at time 1785296792.192031 according to authority Authority undetectable
Possible reasons are listed at http://wiki.ros.org/tf/Errors%20explained
[WARN] [1785296814.417830964] []: TF_OLD_DATA ignoring data from the past for frame rear_left_wheel at time 1785296792.192031 according to authority Authority undetectable
Possible reasons are listed at http://wiki.ros.org/tf/Errors%20explained
[WARN] [1785296814.417841983] []: TF_OLD_DATA ignoring data from the past for frame rear_right_wheel at time 1785296792.192031 according to authority Authority undetectable
Possible reasons are listed at http://wiki.ros.org/tf/Errors%20explained
[WARN] [1785296814.417888575] []: TF_OLD_DATA ignoring data from the past for frame front_left_wheel at time 1785296792.292016 according to authority Authority undetectable
Possible reasons are listed at http://wiki.ros.org/tf/Errors%20explained
[WARN] [1785296814.417905520] []: TF_OLD_DATA ignoring data from the past for frame front_right_wheel at time 1785296792.292016 according to authority Authority undetectable
Possible reasons are listed at http://wiki.ros.org/tf/Errors%20explained
[WARN] [1785296814.417915316] []: TF_OLD_DATA ignoring data from the past for frame rear_left_wheel at time 1785296792.292016 according to authority Authority undetectable
Possible reasons are listed at http://wiki.ros.org/tf/Errors%20explained
[WARN] [1785296814.417929224] []: TF_OLD_DATA ignoring data from the past for frame rear_right_wheel at time 1785296792.292016 according to authority Authority undetectable
Possible reasons are listed at http://wiki.ros.org/tf/Errors%20explained
[WARN] [1785296814.417960428] []: TF_OLD_DATA ignoring data from the past for frame front_left_wheel at time 1785296792.492059 according to authority Authority undetectable
Possible reasons are listed at http://wiki.ros.org/tf/Errors%20explained
[WARN] [1785296814.417976650] []: TF_OLD_DATA ignoring data from the past for frame front_right_wheel at time 1785296792.492059 according to authority Authority undetectable
Possible reasons are listed at http://wiki.ros.org/tf/Errors%20explained
[WARN] [1785296814.417986669] []: TF_OLD_DATA ignoring data from the past for frame rear_left_wheel at time 1785296792.492059 according to authority Authority undetectable
Possible reasons are listed at http://wiki.ros.org/tf/Errors%20explained
[WARN] [1785296814.417996780] []: TF_OLD_DATA ignoring data from the past for frame rear_right_wheel at time 1785296792.492059 according to authority Authority undetectable
Possible reasons are listed at http://wiki.ros.org/tf/Errors%20explained
[WARN] [1785296814.418313152] []: TF_OLD_DATA ignoring data from the past for frame front_left_wheel at time 1785296792.592064 according to authority Authority undetectable
Possible reasons are listed at http://wiki.ros.org/tf/Errors%20explained
[WARN] [1785296814.418335652] []: TF_OLD_DATA ignoring data from the past for frame front_right_wheel at time 1785296792.592064 according to authority Authority undetectable
Possible reasons are listed at http://wiki.ros.org/tf/Errors%20explained
[WARN] [1785296814.418345782] []: TF_OLD_DATA ignoring data from the past for frame rear_left_wheel at time 1785296792.592064 according to authority Authority undetectable
Possible reasons are listed at http://wiki.ros.org/tf/Errors%20explained
[WARN] [1785296814.418354541] []: TF_OLD_DATA ignoring data from the past for frame rear_right_wheel at time 1785296792.592064 according to authority Authority undetectable
Possible reasons are listed at http://wiki.ros.org/tf/Errors%20explained
[WARN] [1785296814.418391708] []: TF_OLD_DATA ignoring data from the past for frame front_left_wheel at time 1785296792.692074 according to authority Authority undetectable
Possible reasons are listed at http://wiki.ros.org/tf/Errors%20explained
[WARN] [1785296814.418405615] []: TF_OLD_DATA ignoring data from the past for frame front_right_wheel at time 1785296792.692074 according to authority Authority undetectable
Possible reasons are listed at http://wiki.ros.org/tf/Errors%20explained
[WARN] [1785296814.418454023] []: TF_OLD_DATA ignoring data from the past for frame rear_left_wheel at time 1785296792.692074 according to authority Authority undetectable
Possible reasons are listed at http://wiki.ros.org/tf/Errors%20explained
[WARN] [1785296814.418464968] []: TF_OLD_DATA ignoring data from the past for frame rear_right_wheel at time 1785296792.692074 according to authority Authority undetectable
Possible reasons are listed at http://wiki.ros.org/tf/Errors%20explained
[WARN] [1785296814.418690321] []: TF_OLD_DATA ignoring data from the past for frame front_left_wheel at time 1785296792.792049 according to authority Authority undetectable
Possible reasons are listed at http://wiki.ros.org/tf/Errors%20explained
[WARN] [1785296814.418751488] []: TF_OLD_DATA ignoring data from the past for frame front_right_wheel at time 1785296792.792049 according to authority Authority undetectable
Possible reasons are listed at http://wiki.ros.org/tf/Errors%20explained
[WARN] [1785296814.418768914] []: TF_OLD_DATA ignoring data from the past for frame rear_left_wheel at time 1785296792.792049 according to authority Authority undetectable
Possible reasons are listed at http://wiki.ros.org/tf/Errors%20explained
[WARN] [1785296814.418845136] []: TF_OLD_DATA ignoring data from the past for frame rear_right_wheel at time 1785296792.792049 according to authority Authority undetectable
Possible reasons are listed at http://wiki.ros.org/tf/Errors%20explained
[WARN] [1785296814.421150223] []: TF_OLD_DATA ignoring data from the past for frame front_left_wheel at time 1785296792.892063 according to authority Authority undetectable
Possible reasons are listed at http://wiki.ros.org/tf/Errors%20explained
[WARN] [1785296814.421180631] []: TF_OLD_DATA ignoring data from the past for frame front_right_wheel at time 1785296792.892063 according to authority Authority undetectable
Possible reasons are listed at http://wiki.ros.org/tf/Errors%20explained
[WARN] [1785296814.421206427] []: TF_OLD_DATA ignoring data from the past for frame rear_left_wheel at time 1785296792.892063 according to authority Authority undetectable
Possible reasons are listed at http://wiki.ros.org/tf/Errors%20explained
[WARN] [1785296814.421219576] []: TF_OLD_DATA ignoring data from the past for frame rear_right_wheel at time 1785296792.892063 according to authority Authority undetectable
Possible reasons are listed at http://wiki.ros.org/tf/Errors%20explained
[WARN] [1785296816.164137351] []: TF_OLD_DATA ignoring data from the past for frame front_left_wheel at time 1785296796.892068 according to authority Authority undetectable
Possible reasons are listed at http://wiki.ros.org/tf/Errors%20explained
[WARN] [1785296816.164174814] []: TF_OLD_DATA ignoring data from the past for frame front_right_wheel at time 1785296796.892068 according to authority Authority undetectable
Possible reasons are listed at http://wiki.ros.org/tf/Errors%20explained
[WARN] [1785296816.164186166] []: TF_OLD_DATA ignoring data from the past for frame rear_left_wheel at time 1785296796.892068 according to authority Authority undetectable
Possible reasons are listed at http://wiki.ros.org/tf/Errors%20explained
[WARN] [1785296816.164208481] []: TF_OLD_DATA ignoring data from the past for frame rear_right_wheel at time 1785296796.892068 according to authority Authority undetectable
Possible reasons are listed at http://wiki.ros.org/tf/Errors%20explained
[WARN] [1785296816.164253130] []: TF_OLD_DATA ignoring data from the past for frame front_left_wheel at time 1785296796.992087 according to authority Authority undetectable
Possible reasons are listed at http://wiki.ros.org/tf/Errors%20explained
[WARN] [1785296816.164265685] []: TF_OLD_DATA ignoring data from the past for frame front_right_wheel at time 1785296796.992087 according to authority Authority undetectable
Possible reasons are listed at http://wiki.ros.org/tf/Errors%20explained
[WARN] [1785296816.164274926] []: TF_OLD_DATA ignoring data from the past for frame rear_left_wheel at time 1785296796.992087 according to authority Authority undetectable
Possible reasons are listed at http://wiki.ros.org/tf/Errors%20explained
[WARN] [1785296816.164283334] []: TF_OLD_DATA ignoring data from the past for frame rear_right_wheel at time 1785296796.992087 according to authority Authority undetectable
Possible reasons are listed at http://wiki.ros.org/tf/Errors%20explained
[WARN] [1785296816.164308204] []: TF_OLD_DATA ignoring data from the past for frame front_left_wheel at time 1785296797.192272 according to authority Authority undetectable
Possible reasons are listed at http://wiki.ros.org/tf/Errors%20explained
[WARN] [1785296816.164320537] []: TF_OLD_DATA ignoring data from the past for frame front_right_wheel at time 1785296797.192272 according to authority Authority undetectable
Possible reasons are listed at http://wiki.ros.org/tf/Errors%20explained
[WARN] [1785296816.164330686] []: TF_OLD_DATA ignoring data from the past for frame rear_left_wheel at time 1785296797.192272 according to authority Authority undetectable
Possible reasons are listed at http://wiki.ros.org/tf/Errors%20explained
[WARN] [1785296816.164339186] []: TF_OLD_DATA ignoring data from the past for frame rear_right_wheel at time 1785296797.192272 according to authority Authority undetectable
Possible reasons are listed at http://wiki.ros.org/tf/Errors%20explained
[WARN] [1785296816.164365408] []: TF_OLD_DATA ignoring data from the past for frame front_left_wheel at time 1785296797.292066 according to authority Authority undetectable
Possible reasons are listed at http://wiki.ros.org/tf/Errors%20explained
[WARN] [1785296816.164377260] []: TF_OLD_DATA ignoring data from the past for frame front_right_wheel at time 1785296797.292066 according to authority Authority undetectable
Possible reasons are listed at http://wiki.ros.org/tf/Errors%20explained
[WARN] [1785296816.164386075] []: TF_OLD_DATA ignoring data from the past for frame rear_left_wheel at time 1785296797.292066 according to authority Authority undetectable
Possible reasons are listed at http://wiki.ros.org/tf/Errors%20explained
[WARN] [1785296816.164394575] []: TF_OLD_DATA ignoring data from the past for frame rear_right_wheel at time 1785296797.292066 according to authority Authority undetectable
Possible reasons are listed at http://wiki.ros.org/tf/Errors%20explained
[WARN] [1785296816.164426520] []: TF_OLD_DATA ignoring data from the past for frame front_left_wheel at time 1785296797.392065 according to authority Authority undetectable
Possible reasons are listed at http://wiki.ros.org/tf/Errors%20explained
[WARN] [1785296816.164482372] []: TF_OLD_DATA ignoring data from the past for frame front_right_wheel at time 1785296797.392065 according to authority Authority undetectable
Possible reasons are listed at http://wiki.ros.org/tf/Errors%20explained
[WARN] [1785296816.164494668] []: TF_OLD_DATA ignoring data from the past for frame rear_left_wheel at time 1785296797.392065 according to authority Authority undetectable
Possible reasons are listed at http://wiki.ros.org/tf/Errors%20explained
[WARN] [1785296816.164503131] []: TF_OLD_DATA ignoring data from the past for frame rear_right_wheel at time 1785296797.392065 according to authority Authority undetectable
Possible reasons are listed at http://wiki.ros.org/tf/Errors%20explained
[WARN] [1785296816.304182410] []: TF_OLD_DATA ignoring data from the past for frame front_left_wheel at time 1785296797.792117 according to authority Authority undetectable
Possible reasons are listed at http://wiki.ros.org/tf/Errors%20explained
[WARN] [1785296816.304238133] []: TF_OLD_DATA ignoring data from the past for frame front_right_wheel at time 1785296797.792117 according to authority Authority undetectable
Possible reasons are listed at http://wiki.ros.org/tf/Errors%20explained
[WARN] [1785296816.304250670] []: TF_OLD_DATA ignoring data from the past for frame rear_left_wheel at time 1785296797.792117 according to authority Authority undetectable
Possible reasons are listed at http://wiki.ros.org/tf/Errors%20explained
[WARN] [1785296816.304260762] []: TF_OLD_DATA ignoring data from the past for frame rear_right_wheel at time 1785296797.792117 according to authority Authority undetectable
Possible reasons are listed at http://wiki.ros.org/tf/Errors%20explained
[WARN] [1785296816.304309374] []: TF_OLD_DATA ignoring data from the past for frame front_left_wheel at time 1785296797.892097 according to authority Authority undetectable
Possible reasons are listed at http://wiki.ros.org/tf/Errors%20explained
[WARN] [1785296816.304324152] []: TF_OLD_DATA ignoring data from the past for frame front_right_wheel at time 1785296797.892097 according to authority Authority undetectable
Possible reasons are listed at http://wiki.ros.org/tf/Errors%20explained
[WARN] [1785296816.304333429] []: TF_OLD_DATA ignoring data from the past for frame rear_left_wheel at time 1785296797.892097 according to authority Authority undetectable
Possible reasons are listed at http://wiki.ros.org/tf/Errors%20explained
[WARN] [1785296816.304372893] []: TF_OLD_DATA ignoring data from the past for frame rear_right_wheel at time 1785296797.892097 according to authority Authority undetectable
Possible reasons are listed at http://wiki.ros.org/tf/Errors%20explained
[WARN] [1785296816.304411893] []: TF_OLD_DATA ignoring data from the past for frame front_left_wheel at time 1785296797.992121 according to authority Authority undetectable
Possible reasons are listed at http://wiki.ros.org/tf/Errors%20explained
[WARN] [1785296816.304429041] []: TF_OLD_DATA ignoring data from the past for frame front_right_wheel at time 1785296797.992121 according to authority Authority undetectable
Possible reasons are listed at http://wiki.ros.org/tf/Errors%20explained
[WARN] [1785296816.304439319] []: TF_OLD_DATA ignoring data from the past for frame rear_left_wheel at time 1785296797.992121 according to authority Authority undetectable
Possible reasons are listed at http://wiki.ros.org/tf/Errors%20explained
[WARN] [1785296816.304448115] []: TF_OLD_DATA ignoring data from the past for frame rear_right_wheel at time 1785296797.992121 according to authority Authority undetectable
Possible reasons are listed at http://wiki.ros.org/tf/Errors%20explained
[WARN] [1785296816.304478986] []: TF_OLD_DATA ignoring data from the past for frame front_left_wheel at time 1785296798.092079 according to authority Authority undetectable
Possible reasons are listed at http://wiki.ros.org/tf/Errors%20explained
[WARN] [1785296816.304491875] []: TF_OLD_DATA ignoring data from the past for frame front_right_wheel at time 1785296798.092079 according to authority Authority undetectable
Possible reasons are listed at http://wiki.ros.org/tf/Errors%20explained
[WARN] [1785296816.304550505] []: TF_OLD_DATA ignoring data from the past for frame rear_left_wheel at time 1785296798.092079 according to authority Authority undetectable
Possible reasons are listed at http://wiki.ros.org/tf/Errors%20explained
[WARN] [1785296816.304561301] []: TF_OLD_DATA ignoring data from the past for frame rear_right_wheel at time 1785296798.092079 according to authority Authority undetectable
Possible reasons are listed at http://wiki.ros.org/tf/Errors%20explained
[INFO] [1785296816.613518728] [global_costmap.global_costmap]: Message Filter dropping message: frame 'laser' at time 1785296816.309 for reason 'the timestamp on the message is earlier than all the data in the transform cache'
[ERROR] [1785296816.732874505] [transformPoseInTargetFrame]: Extrapolation Error looking up target frame: Lookup would require extrapolation into the past.  Requested time 1785296799.468328 but the earliest data is at time 1785296804.097155, when looking up transform from frame [base_footprint] to frame [map]

[WARN] [1785296817.227376151] []: TF_OLD_DATA ignoring data from the past for frame front_left_wheel at time 1785296799.092046 according to authority Authority undetectable
Possible reasons are listed at http://wiki.ros.org/tf/Errors%20explained
[WARN] [1785296817.227413003] []: TF_OLD_DATA ignoring data from the past for frame front_right_wheel at time 1785296799.092046 according to authority Authority undetectable
Possible reasons are listed at http://wiki.ros.org/tf/Errors%20explained
[WARN] [1785296817.227424040] []: TF_OLD_DATA ignoring data from the past for frame rear_left_wheel at time 1785296799.092046 according to authority Authority undetectable
Possible reasons are listed at http://wiki.ros.org/tf/Errors%20explained
[WARN] [1785296817.227433170] []: TF_OLD_DATA ignoring data from the past for frame rear_right_wheel at time 1785296799.092046 according to authority Authority undetectable
Possible reasons are listed at http://wiki.ros.org/tf/Errors%20explained
[WARN] [1785296817.229162439] []: TF_OLD_DATA ignoring data from the past for frame front_left_wheel at time 1785296799.192090 according to authority Authority undetectable
Possible reasons are listed at http://wiki.ros.org/tf/Errors%20explained
[WARN] [1785296817.229204161] []: TF_OLD_DATA ignoring data from the past for frame front_right_wheel at time 1785296799.192090 according to authority Authority undetectable
Possible reasons are listed at http://wiki.ros.org/tf/Errors%20explained
[WARN] [1785296817.229217532] []: TF_OLD_DATA ignoring data from the past for frame rear_left_wheel at time 1785296799.192090 according to authority Authority undetectable
Possible reasons are listed at http://wiki.ros.org/tf/Errors%20explained
[WARN] [1785296817.229226810] []: TF_OLD_DATA ignoring data from the past for frame rear_right_wheel at time 1785296799.192090 according to authority Authority undetectable
Possible reasons are listed at http://wiki.ros.org/tf/Errors%20explained
[WARN] [1785296817.240524502] []: TF_OLD_DATA ignoring data from the past for frame front_left_wheel at time 1785296799.292221 according to authority Authority undetectable
Possible reasons are listed at http://wiki.ros.org/tf/Errors%20explained
[WARN] [1785296817.240568892] []: TF_OLD_DATA ignoring data from the past for frame front_right_wheel at time 1785296799.292221 according to authority Authority undetectable
Possible reasons are listed at http://wiki.ros.org/tf/Errors%20explained
[WARN] [1785296817.240579243] []: TF_OLD_DATA ignoring data from the past for frame rear_left_wheel at time 1785296799.292221 according to authority Authority undetectable
Possible reasons are listed at http://wiki.ros.org/tf/Errors%20explained
[WARN] [1785296817.240588169] []: TF_OLD_DATA ignoring data from the past for frame rear_right_wheel at time 1785296799.292221 according to authority Authority undetectable
Possible reasons are listed at http://wiki.ros.org/tf/Errors%20explained
[WARN] [1785296817.243366315] []: TF_OLD_DATA ignoring data from the past for frame front_left_wheel at time 1785296799.392101 according to authority Authority undetectable
Possible reasons are listed at http://wiki.ros.org/tf/Errors%20explained
[WARN] [1785296817.243403759] []: TF_OLD_DATA ignoring data from the past for frame front_right_wheel at time 1785296799.392101 according to authority Authority undetectable
Possible reasons are listed at http://wiki.ros.org/tf/Errors%20explained
[WARN] [1785296817.243414481] []: TF_OLD_DATA ignoring data from the past for frame rear_left_wheel at time 1785296799.392101 according to authority Authority undetectable
Possible reasons are listed at http://wiki.ros.org/tf/Errors%20explained
[WARN] [1785296817.243423148] []: TF_OLD_DATA ignoring data from the past for frame rear_right_wheel at time 1785296799.392101 according to authority Authority undetectable
Possible reasons are listed at http://wiki.ros.org/tf/Errors%20explained
[WARN] [1785296817.247215132] []: TF_OLD_DATA ignoring data from the past for frame front_left_wheel at time 1785296799.492035 according to authority Authority undetectable
Possible reasons are listed at http://wiki.ros.org/tf/Errors%20explained
[WARN] [1785296817.247295873] []: TF_OLD_DATA ignoring data from the past for frame front_right_wheel at time 1785296799.492035 according to authority Authority undetectable
Possible reasons are listed at http://wiki.ros.org/tf/Errors%20explained
[WARN] [1785296817.247308688] []: TF_OLD_DATA ignoring data from the past for frame rear_left_wheel at time 1785296799.492035 according to authority Authority undetectable
Possible reasons are listed at http://wiki.ros.org/tf/Errors%20explained
[WARN] [1785296817.247317800] []: TF_OLD_DATA ignoring data from the past for frame rear_right_wheel at time 1785296799.492035 according to authority Authority undetectable
Possible reasons are listed at http://wiki.ros.org/tf/Errors%20explained
[WARN] [1785296817.248964549] []: TF_OLD_DATA ignoring data from the past for frame front_left_wheel at time 1785296799.592116 according to authority Authority undetectable
Possible reasons are listed at http://wiki.ros.org/tf/Errors%20explained
[WARN] [1785296817.248997290] []: TF_OLD_DATA ignoring data from the past for frame front_right_wheel at time 1785296799.592116 according to authority Authority undetectable
Possible reasons are listed at http://wiki.ros.org/tf/Errors%20explained
[WARN] [1785296817.249007031] []: TF_OLD_DATA ignoring data from the past for frame rear_left_wheel at time 1785296799.592116 according to authority Authority undetectable
Possible reasons are listed at http://wiki.ros.org/tf/Errors%20explained
[WARN] [1785296817.249020624] []: TF_OLD_DATA ignoring data from the past for frame rear_right_wheel at time 1785296799.592116 according to authority Authority undetectable
Possible reasons are listed at http://wiki.ros.org/tf/Errors%20explained
[WARN] [1785296817.250163075] []: TF_OLD_DATA ignoring data from the past for frame front_left_wheel at time 1785296799.692104 according to authority Authority undetectable
Possible reasons are listed at http://wiki.ros.org/tf/Errors%20explained
[WARN] [1785296817.250199593] []: TF_OLD_DATA ignoring data from the past for frame front_right_wheel at time 1785296799.692104 according to authority Authority undetectable
Possible reasons are listed at http://wiki.ros.org/tf/Errors%20explained
[WARN] [1785296817.250211871] []: TF_OLD_DATA ignoring data from the past for frame rear_left_wheel at time 1785296799.692104 according to authority Authority undetectable
Possible reasons are listed at http://wiki.ros.org/tf/Errors%20explained
[WARN] [1785296817.250219927] []: TF_OLD_DATA ignoring data from the past for frame rear_right_wheel at time 1785296799.692104 according to authority Authority undetectable
Possible reasons are listed at http://wiki.ros.org/tf/Errors%20explained
[WARN] [1785296817.252715256] []: TF_OLD_DATA ignoring data from the past for frame front_left_wheel at time 1785296799.792090 according to authority Authority undetectable
Possible reasons are listed at http://wiki.ros.org/tf/Errors%20explained
[WARN] [1785296817.252745126] []: TF_OLD_DATA ignoring data from the past for frame front_right_wheel at time 1785296799.792090 according to authority Authority undetectable
Possible reasons are listed at http://wiki.ros.org/tf/Errors%20explained
[WARN] [1785296817.252754404] []: TF_OLD_DATA ignoring data from the past for frame rear_left_wheel at time 1785296799.792090 according to authority Authority undetectable
Possible reasons are listed at http://wiki.ros.org/tf/Errors%20explained
[WARN] [1785296817.252764071] []: TF_OLD_DATA ignoring data from the past for frame rear_right_wheel at time 1785296799.792090 according to authority Authority undetectable
Possible reasons are listed at http://wiki.ros.org/tf/Errors%20explained
[WARN] [1785296817.253846206] []: TF_OLD_DATA ignoring data from the past for frame front_left_wheel at time 1785296799.892043 according to authority Authority undetectable
Possible reasons are listed at http://wiki.ros.org/tf/Errors%20explained
[WARN] [1785296817.253875873] []: TF_OLD_DATA ignoring data from the past for frame front_right_wheel at time 1785296799.892043 according to authority Authority undetectable
Possible reasons are listed at http://wiki.ros.org/tf/Errors%20explained
[WARN] [1785296817.254375931] []: TF_OLD_DATA ignoring data from the past for frame rear_left_wheel at time 1785296799.892043 according to authority Authority undetectable
Possible reasons are listed at http://wiki.ros.org/tf/Errors%20explained
[WARN] [1785296817.254399821] []: TF_OLD_DATA ignoring data from the past for frame rear_right_wheel at time 1785296799.892043 according to authority Authority undetectable
Possible reasons are listed at http://wiki.ros.org/tf/Errors%20explained
[WARN] [1785296817.254469802] []: TF_OLD_DATA ignoring data from the past for frame front_left_wheel at time 1785296799.992067 according to authority Authority undetectable
Possible reasons are listed at http://wiki.ros.org/tf/Errors%20explained
[WARN] [1785296817.254486006] []: TF_OLD_DATA ignoring data from the past for frame front_right_wheel at time 1785296799.992067 according to authority Authority undetectable
Possible reasons are listed at http://wiki.ros.org/tf/Errors%20explained
[WARN] [1785296817.254494840] []: TF_OLD_DATA ignoring data from the past for frame rear_left_wheel at time 1785296799.992067 according to authority Authority undetectable
Possible reasons are listed at http://wiki.ros.org/tf/Errors%20explained
[WARN] [1785296817.254502710] []: TF_OLD_DATA ignoring data from the past for frame rear_right_wheel at time 1785296799.992067 according to authority Authority undetectable
Possible reasons are listed at http://wiki.ros.org/tf/Errors%20explained
[WARN] [1785296817.257344744] []: TF_OLD_DATA ignoring data from the past for frame front_left_wheel at time 1785296800.092108 according to authority Authority undetectable
Possible reasons are listed at http://wiki.ros.org/tf/Errors%20explained
[WARN] [1785296817.257375615] []: TF_OLD_DATA ignoring data from the past for frame front_right_wheel at time 1785296800.092108 according to authority Authority undetectable
Possible reasons are listed at http://wiki.ros.org/tf/Errors%20explained
[WARN] [1785296817.257385022] []: TF_OLD_DATA ignoring data from the past for frame rear_left_wheel at time 1785296800.092108 according to authority Authority undetectable
Possible reasons are listed at http://wiki.ros.org/tf/Errors%20explained
[WARN] [1785296817.257392356] []: TF_OLD_DATA ignoring data from the past for frame rear_right_wheel at time 1785296800.092108 according to authority Authority undetectable
Possible reasons are listed at http://wiki.ros.org/tf/Errors%20explained
[WARN] [1785296817.260798338] []: TF_OLD_DATA ignoring data from the past for frame front_left_wheel at time 1785296800.192175 according to authority Authority undetectable
Possible reasons are listed at http://wiki.ros.org/tf/Errors%20explained
[WARN] [1785296817.260835856] []: TF_OLD_DATA ignoring data from the past for frame front_right_wheel at time 1785296800.192175 according to authority Authority undetectable
Possible reasons are listed at http://wiki.ros.org/tf/Errors%20explained
[WARN] [1785296817.260845060] []: TF_OLD_DATA ignoring data from the past for frame rear_left_wheel at time 1785296800.192175 according to authority Authority undetectable
Possible reasons are listed at http://wiki.ros.org/tf/Errors%20explained
[WARN] [1785296817.260852597] []: TF_OLD_DATA ignoring data from the past for frame rear_right_wheel at time 1785296800.192175 according to authority Authority undetectable
Possible reasons are listed at http://wiki.ros.org/tf/Errors%20explained
[WARN] [1785296817.312033809] []: TF_OLD_DATA ignoring data from the past for frame front_left_wheel at time 1785296800.292079 according to authority Authority undetectable
Possible reasons are listed at http://wiki.ros.org/tf/Errors%20explained
[WARN] [1785296817.312080327] []: TF_OLD_DATA ignoring data from the past for frame front_right_wheel at time 1785296800.292079 according to authority Authority undetectable
Possible reasons are listed at http://wiki.ros.org/tf/Errors%20explained
[WARN] [1785296817.312142254] []: TF_OLD_DATA ignoring data from the past for frame rear_left_wheel at time 1785296800.292079 according to authority Authority undetectable
Possible reasons are listed at http://wiki.ros.org/tf/Errors%20explained
[WARN] [1785296817.312153587] []: TF_OLD_DATA ignoring data from the past for frame rear_right_wheel at time 1785296800.292079 according to authority Authority undetectable
Possible reasons are listed at http://wiki.ros.org/tf/Errors%20explained
[WARN] [1785296817.316024349] []: TF_OLD_DATA ignoring data from the past for frame front_left_wheel at time 1785296800.392119 according to authority Authority undetectable
Possible reasons are listed at http://wiki.ros.org/tf/Errors%20explained
[WARN] [1785296817.316062646] []: TF_OLD_DATA ignoring data from the past for frame front_right_wheel at time 1785296800.392119 according to authority Authority undetectable
Possible reasons are listed at http://wiki.ros.org/tf/Errors%20explained
[WARN] [1785296817.316076850] []: TF_OLD_DATA ignoring data from the past for frame rear_left_wheel at time 1785296800.392119 according to authority Authority undetectable
Possible reasons are listed at http://wiki.ros.org/tf/Errors%20explained
[WARN] [1785296817.316086850] []: TF_OLD_DATA ignoring data from the past for frame rear_right_wheel at time 1785296800.392119 according to authority Authority undetectable
Possible reasons are listed at http://wiki.ros.org/tf/Errors%20explained
[WARN] [1785296817.320963988] []: TF_OLD_DATA ignoring data from the past for frame front_left_wheel at time 1785296800.492102 according to authority Authority undetectable
Possible reasons are listed at http://wiki.ros.org/tf/Errors%20explained
[WARN] [1785296817.320995062] []: TF_OLD_DATA ignoring data from the past for frame front_right_wheel at time 1785296800.492102 according to authority Authority undetectable
Possible reasons are listed at http://wiki.ros.org/tf/Errors%20explained
[WARN] [1785296817.321004988] []: TF_OLD_DATA ignoring data from the past for frame rear_left_wheel at time 1785296800.492102 according to authority Authority undetectable
Possible reasons are listed at http://wiki.ros.org/tf/Errors%20explained
[WARN] [1785296817.321012914] []: TF_OLD_DATA ignoring data from the past for frame rear_right_wheel at time 1785296800.492102 according to authority Authority undetectable
Possible reasons are listed at http://wiki.ros.org/tf/Errors%20explained
[WARN] [1785296817.323594929] []: TF_OLD_DATA ignoring data from the past for frame front_left_wheel at time 1785296800.592067 according to authority Authority undetectable
Possible reasons are listed at http://wiki.ros.org/tf/Errors%20explained
[WARN] [1785296817.323625744] []: TF_OLD_DATA ignoring data from the past for frame front_right_wheel at time 1785296800.592067 according to authority Authority undetectable
Possible reasons are listed at http://wiki.ros.org/tf/Errors%20explained
[WARN] [1785296817.323635188] []: TF_OLD_DATA ignoring data from the past for frame rear_left_wheel at time 1785296800.592067 according to authority Authority undetectable
Possible reasons are listed at http://wiki.ros.org/tf/Errors%20explained
[WARN] [1785296817.323649151] []: TF_OLD_DATA ignoring data from the past for frame rear_right_wheel at time 1785296800.592067 according to authority Authority undetectable
Possible reasons are listed at http://wiki.ros.org/tf/Errors%20explained
[WARN] [1785296817.325769682] []: TF_OLD_DATA ignoring data from the past for frame front_left_wheel at time 1785296800.692117 according to authority Authority undetectable
Possible reasons are listed at http://wiki.ros.org/tf/Errors%20explained
[WARN] [1785296817.325800885] []: TF_OLD_DATA ignoring data from the past for frame front_right_wheel at time 1785296800.692117 according to authority Authority undetectable
Possible reasons are listed at http://wiki.ros.org/tf/Errors%20explained
[WARN] [1785296817.325811867] []: TF_OLD_DATA ignoring data from the past for frame rear_left_wheel at time 1785296800.692117 according to authority Authority undetectable
Possible reasons are listed at http://wiki.ros.org/tf/Errors%20explained
[WARN] [1785296817.325869608] []: TF_OLD_DATA ignoring data from the past for frame rear_right_wheel at time 1785296800.692117 according to authority Authority undetectable
Possible reasons are listed at http://wiki.ros.org/tf/Errors%20explained
[WARN] [1785296817.328077231] []: TF_OLD_DATA ignoring data from the past for frame front_left_wheel at time 1785296800.792107 according to authority Authority undetectable
Possible reasons are listed at http://wiki.ros.org/tf/Errors%20explained
[WARN] [1785296817.328105361] []: TF_OLD_DATA ignoring data from the past for frame front_right_wheel at time 1785296800.792107 according to authority Authority undetectable
Possible reasons are listed at http://wiki.ros.org/tf/Errors%20explained
[WARN] [1785296817.328115658] []: TF_OLD_DATA ignoring data from the past for frame rear_left_wheel at time 1785296800.792107 according to authority Authority undetectable
Possible reasons are listed at http://wiki.ros.org/tf/Errors%20explained
[WARN] [1785296817.328123806] []: TF_OLD_DATA ignoring data from the past for frame rear_right_wheel at time 1785296800.792107 according to authority Authority undetectable
Possible reasons are listed at http://wiki.ros.org/tf/Errors%20explained
[WARN] [1785296817.330063780] []: TF_OLD_DATA ignoring data from the past for frame front_left_wheel at time 1785296800.892086 according to authority Authority undetectable
Possible reasons are listed at http://wiki.ros.org/tf/Errors%20explained
[WARN] [1785296817.330093706] []: TF_OLD_DATA ignoring data from the past for frame front_right_wheel at time 1785296800.892086 according to authority Authority undetectable
Possible reasons are listed at http://wiki.ros.org/tf/Errors%20explained
[WARN] [1785296817.330103687] []: TF_OLD_DATA ignoring data from the past for frame rear_left_wheel at time 1785296800.892086 according to authority Authority undetectable
Possible reasons are listed at http://wiki.ros.org/tf/Errors%20explained
[WARN] [1785296817.330111428] []: TF_OLD_DATA ignoring data from the past for frame rear_right_wheel at time 1785296800.892086 according to authority Authority undetectable
Possible reasons are listed at http://wiki.ros.org/tf/Errors%20explained
[WARN] [1785296817.364937974] []: TF_OLD_DATA ignoring data from the past for frame front_left_wheel at time 1785296800.992087 according to authority Authority undetectable
Possible reasons are listed at http://wiki.ros.org/tf/Errors%20explained
[WARN] [1785296817.364982622] []: TF_OLD_DATA ignoring data from the past for frame front_right_wheel at time 1785296800.992087 according to authority Authority undetectable
Possible reasons are listed at http://wiki.ros.org/tf/Errors%20explained
[WARN] [1785296817.364994085] []: TF_OLD_DATA ignoring data from the past for frame rear_left_wheel at time 1785296800.992087 according to authority Authority undetectable
Possible reasons are listed at http://wiki.ros.org/tf/Errors%20explained
[WARN] [1785296817.365003808] []: TF_OLD_DATA ignoring data from the past for frame rear_right_wheel at time 1785296800.992087 according to authority Authority undetectable
Possible reasons are listed at http://wiki.ros.org/tf/Errors%20explained
[WARN] [1785296817.367475155] []: TF_OLD_DATA ignoring data from the past for frame front_left_wheel at time 1785296801.092113 according to authority Authority undetectable
Possible reasons are listed at http://wiki.ros.org/tf/Errors%20explained
[WARN] [1785296817.367509340] []: TF_OLD_DATA ignoring data from the past for frame front_right_wheel at time 1785296801.092113 according to authority Authority undetectable
Possible reasons are listed at http://wiki.ros.org/tf/Errors%20explained
[WARN] [1785296817.367520081] []: TF_OLD_DATA ignoring data from the past for frame rear_left_wheel at time 1785296801.092113 according to authority Authority undetectable
Possible reasons are listed at http://wiki.ros.org/tf/Errors%20explained
[WARN] [1785296817.367529303] []: TF_OLD_DATA ignoring data from the past for frame rear_right_wheel at time 1785296801.092113 according to authority Authority undetectable
Possible reasons are listed at http://wiki.ros.org/tf/Errors%20explained
[WARN] [1785296817.401572549] []: TF_OLD_DATA ignoring data from the past for frame front_left_wheel at time 1785296801.192077 according to authority Authority undetectable
Possible reasons are listed at http://wiki.ros.org/tf/Errors%20explained
[WARN] [1785296817.401612623] []: TF_OLD_DATA ignoring data from the past for frame front_right_wheel at time 1785296801.192077 according to authority Authority undetectable
Possible reasons are listed at http://wiki.ros.org/tf/Errors%20explained
[WARN] [1785296817.401625364] []: TF_OLD_DATA ignoring data from the past for frame rear_left_wheel at time 1785296801.192077 according to authority Authority undetectable
Possible reasons are listed at http://wiki.ros.org/tf/Errors%20explained
[WARN] [1785296817.401635253] []: TF_OLD_DATA ignoring data from the past for frame rear_right_wheel at time 1785296801.192077 according to authority Authority undetectable
Possible reasons are listed at http://wiki.ros.org/tf/Errors%20explained
[WARN] [1785296817.402032570] []: TF_OLD_DATA ignoring data from the past for frame front_left_wheel at time 1785296801.292043 according to authority Authority undetectable
Possible reasons are listed at http://wiki.ros.org/tf/Errors%20explained
[WARN] [1785296817.402063274] []: TF_OLD_DATA ignoring data from the past for frame front_right_wheel at time 1785296801.292043 according to authority Authority undetectable
Possible reasons are listed at http://wiki.ros.org/tf/Errors%20explained
[WARN] [1785296817.402074626] []: TF_OLD_DATA ignoring data from the past for frame rear_left_wheel at time 1785296801.292043 according to authority Authority undetectable
Possible reasons are listed at http://wiki.ros.org/tf/Errors%20explained
[WARN] [1785296817.402084144] []: TF_OLD_DATA ignoring data from the past for frame rear_right_wheel at time 1785296801.292043 according to authority Authority undetectable
Possible reasons are listed at http://wiki.ros.org/tf/Errors%20explained
[WARN] [1785296817.403333799] []: TF_OLD_DATA ignoring data from the past for frame front_left_wheel at time 1785296801.392094 according to authority Authority undetectable
Possible reasons are listed at http://wiki.ros.org/tf/Errors%20explained
[WARN] [1785296817.403369614] []: TF_OLD_DATA ignoring data from the past for frame front_right_wheel at time 1785296801.392094 according to authority Authority undetectable
Possible reasons are listed at http://wiki.ros.org/tf/Errors%20explained
[WARN] [1785296817.403379429] []: TF_OLD_DATA ignoring data from the past for frame rear_left_wheel at time 1785296801.392094 according to authority Authority undetectable
Possible reasons are listed at http://wiki.ros.org/tf/Errors%20explained
[WARN] [1785296817.403388707] []: TF_OLD_DATA ignoring data from the past for frame rear_right_wheel at time 1785296801.392094 according to authority Authority undetectable
Possible reasons are listed at http://wiki.ros.org/tf/Errors%20explained
[WARN] [1785296817.405954758] []: TF_OLD_DATA ignoring data from the past for frame front_left_wheel at time 1785296801.492092 according to authority Authority undetectable
Possible reasons are listed at http://wiki.ros.org/tf/Errors%20explained
[WARN] [1785296817.405997740] []: TF_OLD_DATA ignoring data from the past for frame front_right_wheel at time 1785296801.492092 according to authority Authority undetectable
Possible reasons are listed at http://wiki.ros.org/tf/Errors%20explained
[WARN] [1785296817.406009129] []: TF_OLD_DATA ignoring data from the past for frame rear_left_wheel at time 1785296801.492092 according to authority Authority undetectable
Possible reasons are listed at http://wiki.ros.org/tf/Errors%20explained
[WARN] [1785296817.406019166] []: TF_OLD_DATA ignoring data from the past for frame rear_right_wheel at time 1785296801.492092 according to authority Authority undetectable
Possible reasons are listed at http://wiki.ros.org/tf/Errors%20explained
[WARN] [1785296817.420764785] []: TF_OLD_DATA ignoring data from the past for frame front_left_wheel at time 1785296801.592074 according to authority Authority undetectable
Possible reasons are listed at http://wiki.ros.org/tf/Errors%20explained
[WARN] [1785296817.420800100] []: TF_OLD_DATA ignoring data from the past for frame front_right_wheel at time 1785296801.592074 according to authority Authority undetectable
Possible reasons are listed at http://wiki.ros.org/tf/Errors%20explained
[WARN] [1785296817.420809304] []: TF_OLD_DATA ignoring data from the past for frame rear_left_wheel at time 1785296801.592074 according to authority Authority undetectable
Possible reasons are listed at http://wiki.ros.org/tf/Errors%20explained
[WARN] [1785296817.420816434] []: TF_OLD_DATA ignoring data from the past for frame rear_right_wheel at time 1785296801.592074 according to authority Authority undetectable
Possible reasons are listed at http://wiki.ros.org/tf/Errors%20explained
[WARN] [1785296817.426465280] []: TF_OLD_DATA ignoring data from the past for frame front_left_wheel at time 1785296801.692084 according to authority Authority undetectable
Possible reasons are listed at http://wiki.ros.org/tf/Errors%20explained
[WARN] [1785296817.426502206] []: TF_OLD_DATA ignoring data from the past for frame front_right_wheel at time 1785296801.692084 according to authority Authority undetectable
Possible reasons are listed at http://wiki.ros.org/tf/Errors%20explained
[WARN] [1785296817.426512243] []: TF_OLD_DATA ignoring data from the past for frame rear_left_wheel at time 1785296801.692084 according to authority Authority undetectable
Possible reasons are listed at http://wiki.ros.org/tf/Errors%20explained
[WARN] [1785296817.426520058] []: TF_OLD_DATA ignoring data from the past for frame rear_right_wheel at time 1785296801.692084 according to authority Authority undetectable
Possible reasons are listed at http://wiki.ros.org/tf/Errors%20explained
[WARN] [1785296817.429248925] []: TF_OLD_DATA ignoring data from the past for frame front_left_wheel at time 1785296801.792070 according to authority Authority undetectable
Possible reasons are listed at http://wiki.ros.org/tf/Errors%20explained
[WARN] [1785296817.429277925] []: TF_OLD_DATA ignoring data from the past for frame front_right_wheel at time 1785296801.792070 according to authority Authority undetectable
Possible reasons are listed at http://wiki.ros.org/tf/Errors%20explained
[WARN] [1785296817.429285796] []: TF_OLD_DATA ignoring data from the past for frame rear_left_wheel at time 1785296801.792070 according to authority Authority undetectable
Possible reasons are listed at http://wiki.ros.org/tf/Errors%20explained
[WARN] [1785296817.429293129] []: TF_OLD_DATA ignoring data from the past for frame rear_right_wheel at time 1785296801.792070 according to authority Authority undetectable
Possible reasons are listed at http://wiki.ros.org/tf/Errors%20explained
[WARN] [1785296817.432761945] []: TF_OLD_DATA ignoring data from the past for frame front_left_wheel at time 1785296801.892080 according to authority Authority undetectable
Possible reasons are listed at http://wiki.ros.org/tf/Errors%20explained
[WARN] [1785296817.432794593] []: TF_OLD_DATA ignoring data from the past for frame front_right_wheel at time 1785296801.892080 according to authority Authority undetectable
Possible reasons are listed at http://wiki.ros.org/tf/Errors%20explained
[WARN] [1785296817.432803519] []: TF_OLD_DATA ignoring data from the past for frame rear_left_wheel at time 1785296801.892080 according to authority Authority undetectable
Possible reasons are listed at http://wiki.ros.org/tf/Errors%20explained
[WARN] [1785296817.432819149] []: TF_OLD_DATA ignoring data from the past for frame rear_right_wheel at time 1785296801.892080 according to authority Authority undetectable
Possible reasons are listed at http://wiki.ros.org/tf/Errors%20explained
[WARN] [1785296817.435578942] []: TF_OLD_DATA ignoring data from the past for frame front_left_wheel at time 1785296801.992153 according to authority Authority undetectable
Possible reasons are listed at http://wiki.ros.org/tf/Errors%20explained
[WARN] [1785296817.435663257] []: TF_OLD_DATA ignoring data from the past for frame front_right_wheel at time 1785296801.992153 according to authority Authority undetectable
Possible reasons are listed at http://wiki.ros.org/tf/Errors%20explained
[WARN] [1785296817.435676535] []: TF_OLD_DATA ignoring data from the past for frame rear_left_wheel at time 1785296801.992153 according to authority Authority undetectable
Possible reasons are listed at http://wiki.ros.org/tf/Errors%20explained
[WARN] [1785296817.435685128] []: TF_OLD_DATA ignoring data from the past for frame rear_right_wheel at time 1785296801.992153 according to authority Authority undetectable
Possible reasons are listed at http://wiki.ros.org/tf/Errors%20explained
[WARN] [1785296817.444905550] []: TF_OLD_DATA ignoring data from the past for frame front_left_wheel at time 1785296802.092090 according to authority Authority undetectable
Possible reasons are listed at http://wiki.ros.org/tf/Errors%20explained
[WARN] [1785296817.444939587] []: TF_OLD_DATA ignoring data from the past for frame front_right_wheel at time 1785296802.092090 according to authority Authority undetectable
Possible reasons are listed at http://wiki.ros.org/tf/Errors%20explained
[WARN] [1785296817.444949531] []: TF_OLD_DATA ignoring data from the past for frame rear_left_wheel at time 1785296802.092090 according to authority Authority undetectable
Possible reasons are listed at http://wiki.ros.org/tf/Errors%20explained
[WARN] [1785296817.444957957] []: TF_OLD_DATA ignoring data from the past for frame rear_right_wheel at time 1785296802.092090 according to authority Authority undetectable
Possible reasons are listed at http://wiki.ros.org/tf/Errors%20explained
[WARN] [1785296817.447571657] []: TF_OLD_DATA ignoring data from the past for frame front_left_wheel at time 1785296802.192093 according to authority Authority undetectable
Possible reasons are listed at http://wiki.ros.org/tf/Errors%20explained
[WARN] [1785296817.447606231] []: TF_OLD_DATA ignoring data from the past for frame front_right_wheel at time 1785296802.192093 according to authority Authority undetectable
Possible reasons are listed at http://wiki.ros.org/tf/Errors%20explained
[WARN] [1785296817.447616083] []: TF_OLD_DATA ignoring data from the past for frame rear_left_wheel at time 1785296802.192093 according to authority Authority undetectable
Possible reasons are listed at http://wiki.ros.org/tf/Errors%20explained
[WARN] [1785296817.447624935] []: TF_OLD_DATA ignoring data from the past for frame rear_right_wheel at time 1785296802.192093 according to authority Authority undetectable
Possible reasons are listed at http://wiki.ros.org/tf/Errors%20explained
[WARN] [1785296817.451576013] []: TF_OLD_DATA ignoring data from the past for frame front_left_wheel at time 1785296802.292093 according to authority Authority undetectable
Possible reasons are listed at http://wiki.ros.org/tf/Errors%20explained
[WARN] [1785296817.451609883] []: TF_OLD_DATA ignoring data from the past for frame front_right_wheel at time 1785296802.292093 according to authority Authority undetectable
Possible reasons are listed at http://wiki.ros.org/tf/Errors%20explained
[WARN] [1785296817.451624828] []: TF_OLD_DATA ignoring data from the past for frame rear_left_wheel at time 1785296802.292093 according to authority Authority undetectable
Possible reasons are listed at http://wiki.ros.org/tf/Errors%20explained
[WARN] [1785296817.451636198] []: TF_OLD_DATA ignoring data from the past for frame rear_right_wheel at time 1785296802.292093 according to authority Authority undetectable
Possible reasons are listed at http://wiki.ros.org/tf/Errors%20explained
[WARN] [1785296817.454242676] []: TF_OLD_DATA ignoring data from the past for frame front_left_wheel at time 1785296802.392047 according to authority Authority undetectable
Possible reasons are listed at http://wiki.ros.org/tf/Errors%20explained
[WARN] [1785296817.454273583] []: TF_OLD_DATA ignoring data from the past for frame front_right_wheel at time 1785296802.392047 according to authority Authority undetectable
Possible reasons are listed at http://wiki.ros.org/tf/Errors%20explained
[WARN] [1785296817.454332158] []: TF_OLD_DATA ignoring data from the past for frame rear_left_wheel at time 1785296802.392047 according to authority Authority undetectable
Possible reasons are listed at http://wiki.ros.org/tf/Errors%20explained
[WARN] [1785296817.454342269] []: TF_OLD_DATA ignoring data from the past for frame rear_right_wheel at time 1785296802.392047 according to authority Authority undetectable
Possible reasons are listed at http://wiki.ros.org/tf/Errors%20explained
[WARN] [1785296817.535211090] []: TF_OLD_DATA ignoring data from the past for frame front_left_wheel at time 1785296802.492089 according to authority Authority undetectable
Possible reasons are listed at http://wiki.ros.org/tf/Errors%20explained
[WARN] [1785296817.535252905] []: TF_OLD_DATA ignoring data from the past for frame front_right_wheel at time 1785296802.492089 according to authority Authority undetectable
Possible reasons are listed at http://wiki.ros.org/tf/Errors%20explained
[WARN] [1785296817.535264554] []: TF_OLD_DATA ignoring data from the past for frame rear_left_wheel at time 1785296802.492089 according to authority Authority undetectable
Possible reasons are listed at http://wiki.ros.org/tf/Errors%20explained
[WARN] [1785296817.535274313] []: TF_OLD_DATA ignoring data from the past for frame rear_right_wheel at time 1785296802.492089 according to authority Authority undetectable
Possible reasons are listed at http://wiki.ros.org/tf/Errors%20explained
[WARN] [1785296817.535318535] []: TF_OLD_DATA ignoring data from the past for frame front_left_wheel at time 1785296802.592079 according to authority Authority undetectable
Possible reasons are listed at http://wiki.ros.org/tf/Errors%20explained
[WARN] [1785296817.535332887] []: TF_OLD_DATA ignoring data from the past for frame front_right_wheel at time 1785296802.592079 according to authority Authority undetectable
Possible reasons are listed at http://wiki.ros.org/tf/Errors%20explained
[WARN] [1785296817.535350498] []: TF_OLD_DATA ignoring data from the past for frame rear_left_wheel at time 1785296802.592079 according to authority Authority undetectable
Possible reasons are listed at http://wiki.ros.org/tf/Errors%20explained
[WARN] [1785296817.535360832] []: TF_OLD_DATA ignoring data from the past for frame rear_right_wheel at time 1785296802.592079 according to authority Authority undetectable
Possible reasons are listed at http://wiki.ros.org/tf/Errors%20explained
[WARN] [1785296817.536619302] []: TF_OLD_DATA ignoring data from the past for frame front_left_wheel at time 1785296802.692093 according to authority Authority undetectable
Possible reasons are listed at http://wiki.ros.org/tf/Errors%20explained
[WARN] [1785296817.536655228] []: TF_OLD_DATA ignoring data from the past for frame front_right_wheel at time 1785296802.692093 according to authority Authority undetectable
Possible reasons are listed at http://wiki.ros.org/tf/Errors%20explained
[WARN] [1785296817.536666228] []: TF_OLD_DATA ignoring data from the past for frame rear_left_wheel at time 1785296802.692093 according to authority Authority undetectable
Possible reasons are listed at http://wiki.ros.org/tf/Errors%20explained
[WARN] [1785296817.536675802] []: TF_OLD_DATA ignoring data from the past for frame rear_right_wheel at time 1785296802.692093 according to authority Authority undetectable
Possible reasons are listed at http://wiki.ros.org/tf/Errors%20explained
[WARN] [1785296817.536724932] []: TF_OLD_DATA ignoring data from the past for frame front_left_wheel at time 1785296802.792044 according to authority Authority undetectable
Possible reasons are listed at http://wiki.ros.org/tf/Errors%20explained
[WARN] [1785296817.536740747] []: TF_OLD_DATA ignoring data from the past for frame front_right_wheel at time 1785296802.792044 according to authority Authority undetectable
Possible reasons are listed at http://wiki.ros.org/tf/Errors%20explained
[WARN] [1785296817.536805340] []: TF_OLD_DATA ignoring data from the past for frame rear_left_wheel at time 1785296802.792044 according to authority Authority undetectable
Possible reasons are listed at http://wiki.ros.org/tf/Errors%20explained
[WARN] [1785296817.536819136] []: TF_OLD_DATA ignoring data from the past for frame rear_right_wheel at time 1785296802.792044 according to authority Authority undetectable
Possible reasons are listed at http://wiki.ros.org/tf/Errors%20explained
[WARN] [1785296817.536862859] []: TF_OLD_DATA ignoring data from the past for frame front_left_wheel at time 1785296802.892059 according to authority Authority undetectable
Possible reasons are listed at http://wiki.ros.org/tf/Errors%20explained
[WARN] [1785296817.536878118] []: TF_OLD_DATA ignoring data from the past for frame front_right_wheel at time 1785296802.892059 according to authority Authority undetectable
Possible reasons are listed at http://wiki.ros.org/tf/Errors%20explained
[WARN] [1785296817.536887711] []: TF_OLD_DATA ignoring data from the past for frame rear_left_wheel at time 1785296802.892059 according to authority Authority undetectable
Possible reasons are listed at http://wiki.ros.org/tf/Errors%20explained
[WARN] [1785296817.536896822] []: TF_OLD_DATA ignoring data from the past for frame rear_right_wheel at time 1785296802.892059 according to authority Authority undetectable
Possible reasons are listed at http://wiki.ros.org/tf/Errors%20explained
[WARN] [1785296817.536929137] []: TF_OLD_DATA ignoring data from the past for frame front_left_wheel at time 1785296802.992272 according to authority Authority undetectable
Possible reasons are listed at http://wiki.ros.org/tf/Errors%20explained
[WARN] [1785296817.536945452] []: TF_OLD_DATA ignoring data from the past for frame front_right_wheel at time 1785296802.992272 according to authority Authority undetectable
Possible reasons are listed at http://wiki.ros.org/tf/Errors%20explained
[WARN] [1785296817.536956674] []: TF_OLD_DATA ignoring data from the past for frame rear_left_wheel at time 1785296802.992272 according to authority Authority undetectable
Possible reasons are listed at http://wiki.ros.org/tf/Errors%20explained
[WARN] [1785296817.536966841] []: TF_OLD_DATA ignoring data from the past for frame rear_right_wheel at time 1785296802.992272 according to authority Authority undetectable
Possible reasons are listed at http://wiki.ros.org/tf/Errors%20explained
[WARN] [1785296817.537353806] []: TF_OLD_DATA ignoring data from the past for frame front_left_wheel at time 1785296803.092105 according to authority Authority undetectable
Possible reasons are listed at http://wiki.ros.org/tf/Errors%20explained
[WARN] [1785296817.537381065] []: TF_OLD_DATA ignoring data from the past for frame front_right_wheel at time 1785296803.092105 according to authority Authority undetectable
Possible reasons are listed at http://wiki.ros.org/tf/Errors%20explained
[WARN] [1785296817.537391232] []: TF_OLD_DATA ignoring data from the past for frame rear_left_wheel at time 1785296803.092105 according to authority Authority undetectable
Possible reasons are listed at http://wiki.ros.org/tf/Errors%20explained
[WARN] [1785296817.537400251] []: TF_OLD_DATA ignoring data from the past for frame rear_right_wheel at time 1785296803.092105 according to authority Authority undetectable
Possible reasons are listed at http://wiki.ros.org/tf/Errors%20explained
[WARN] [1785296817.537443195] []: TF_OLD_DATA ignoring data from the past for frame front_left_wheel at time 1785296803.192083 according to authority Authority undetectable
Possible reasons are listed at http://wiki.ros.org/tf/Errors%20explained
[WARN] [1785296817.537460844] []: TF_OLD_DATA ignoring data from the past for frame front_right_wheel at time 1785296803.192083 according to authority Authority undetectable
Possible reasons are listed at http://wiki.ros.org/tf/Errors%20explained
[WARN] [1785296817.537470066] []: TF_OLD_DATA ignoring data from the past for frame rear_left_wheel at time 1785296803.192083 according to authority Authority undetectable
Possible reasons are listed at http://wiki.ros.org/tf/Errors%20explained
[WARN] [1785296817.537824105] []: TF_OLD_DATA ignoring data from the past for frame rear_right_wheel at time 1785296803.192083 according to authority Authority undetectable
Possible reasons are listed at http://wiki.ros.org/tf/Errors%20explained
[WARN] [1785296817.538013161] []: TF_OLD_DATA ignoring data from the past for frame front_left_wheel at time 1785296803.292381 according to authority Authority undetectable
Possible reasons are listed at http://wiki.ros.org/tf/Errors%20explained
[WARN] [1785296817.538034828] []: TF_OLD_DATA ignoring data from the past for frame front_right_wheel at time 1785296803.292381 according to authority Authority undetectable
Possible reasons are listed at http://wiki.ros.org/tf/Errors%20explained
[WARN] [1785296817.538045162] []: TF_OLD_DATA ignoring data from the past for frame rear_left_wheel at time 1785296803.292381 according to authority Authority undetectable
Possible reasons are listed at http://wiki.ros.org/tf/Errors%20explained
[WARN] [1785296817.538054069] []: TF_OLD_DATA ignoring data from the past for frame rear_right_wheel at time 1785296803.292381 according to authority Authority undetectable
Possible reasons are listed at http://wiki.ros.org/tf/Errors%20explained
[WARN] [1785296817.538085569] []: TF_OLD_DATA ignoring data from the past for frame front_left_wheel at time 1785296803.392078 according to authority Authority undetectable
Possible reasons are listed at http://wiki.ros.org/tf/Errors%20explained
[WARN] [1785296817.538100051] []: TF_OLD_DATA ignoring data from the past for frame front_right_wheel at time 1785296803.392078 according to authority Authority undetectable
Possible reasons are listed at http://wiki.ros.org/tf/Errors%20explained
[WARN] [1785296817.538110366] []: TF_OLD_DATA ignoring data from the past for frame rear_left_wheel at time 1785296803.392078 according to authority Authority undetectable
Possible reasons are listed at http://wiki.ros.org/tf/Errors%20explained
[WARN] [1785296817.538119125] []: TF_OLD_DATA ignoring data from the past for frame rear_right_wheel at time 1785296803.392078 according to authority Authority undetectable
Possible reasons are listed at http://wiki.ros.org/tf/Errors%20explained
[WARN] [1785296817.538440071] []: TF_OLD_DATA ignoring data from the past for frame front_left_wheel at time 1785296803.492383 according to authority Authority undetectable
Possible reasons are listed at http://wiki.ros.org/tf/Errors%20explained
[WARN] [1785296817.538729962] []: TF_OLD_DATA ignoring data from the past for frame front_right_wheel at time 1785296803.492383 according to authority Authority undetectable
Possible reasons are listed at http://wiki.ros.org/tf/Errors%20explained
[WARN] [1785296817.538755888] []: TF_OLD_DATA ignoring data from the past for frame rear_left_wheel at time 1785296803.492383 according to authority Authority undetectable
Possible reasons are listed at http://wiki.ros.org/tf/Errors%20explained
[WARN] [1785296817.538767832] []: TF_OLD_DATA ignoring data from the past for frame rear_right_wheel at time 1785296803.492383 according to authority Authority undetectable
Possible reasons are listed at http://wiki.ros.org/tf/Errors%20explained
[WARN] [1785296817.539431299] []: TF_OLD_DATA ignoring data from the past for frame front_left_wheel at time 1785296803.592261 according to authority Authority undetectable
Possible reasons are listed at http://wiki.ros.org/tf/Errors%20explained
[WARN] [1785296817.539461577] []: TF_OLD_DATA ignoring data from the past for frame front_right_wheel at time 1785296803.592261 according to authority Authority undetectable
Possible reasons are listed at http://wiki.ros.org/tf/Errors%20explained
[WARN] [1785296817.539473188] []: TF_OLD_DATA ignoring data from the past for frame rear_left_wheel at time 1785296803.592261 according to authority Authority undetectable
Possible reasons are listed at http://wiki.ros.org/tf/Errors%20explained
[WARN] [1785296817.539514392] []: TF_OLD_DATA ignoring data from the past for frame rear_right_wheel at time 1785296803.592261 according to authority Authority undetectable
Possible reasons are listed at http://wiki.ros.org/tf/Errors%20explained
[WARN] [1785296817.539894116] []: TF_OLD_DATA ignoring data from the past for frame front_left_wheel at time 1785296803.692083 according to authority Authority undetectable
Possible reasons are listed at http://wiki.ros.org/tf/Errors%20explained
[WARN] [1785296817.539920172] []: TF_OLD_DATA ignoring data from the past for frame front_right_wheel at time 1785296803.692083 according to authority Authority undetectable
Possible reasons are listed at http://wiki.ros.org/tf/Errors%20explained
[WARN] [1785296817.539930154] []: TF_OLD_DATA ignoring data from the past for frame rear_left_wheel at time 1785296803.692083 according to authority Authority undetectable
Possible reasons are listed at http://wiki.ros.org/tf/Errors%20explained
[WARN] [1785296817.539939617] []: TF_OLD_DATA ignoring data from the past for frame rear_right_wheel at time 1785296803.692083 according to authority Authority undetectable
Possible reasons are listed at http://wiki.ros.org/tf/Errors%20explained
[WARN] [1785296817.539979376] []: TF_OLD_DATA ignoring data from the past for frame front_left_wheel at time 1785296803.792105 according to authority Authority undetectable
Possible reasons are listed at http://wiki.ros.org/tf/Errors%20explained
[WARN] [1785296817.539995247] []: TF_OLD_DATA ignoring data from the past for frame front_right_wheel at time 1785296803.792105 according to authority Authority undetectable
Possible reasons are listed at http://wiki.ros.org/tf/Errors%20explained
[WARN] [1785296817.540004617] []: TF_OLD_DATA ignoring data from the past for frame rear_left_wheel at time 1785296803.792105 according to authority Authority undetectable
Possible reasons are listed at http://wiki.ros.org/tf/Errors%20explained
[WARN] [1785296817.540013173] []: TF_OLD_DATA ignoring data from the past for frame rear_right_wheel at time 1785296803.792105 according to authority Authority undetectable
Possible reasons are listed at http://wiki.ros.org/tf/Errors%20explained
[WARN] [1785296817.540040562] []: TF_OLD_DATA ignoring data from the past for frame front_left_wheel at time 1785296803.892043 according to authority Authority undetectable
Possible reasons are listed at http://wiki.ros.org/tf/Errors%20explained
[WARN] [1785296817.540058228] []: TF_OLD_DATA ignoring data from the past for frame front_right_wheel at time 1785296803.892043 according to authority Authority undetectable
Possible reasons are listed at http://wiki.ros.org/tf/Errors%20explained
[WARN] [1785296817.540067136] []: TF_OLD_DATA ignoring data from the past for frame rear_left_wheel at time 1785296803.892043 according to authority Authority undetectable
Possible reasons are listed at http://wiki.ros.org/tf/Errors%20explained
[WARN] [1785296817.540075766] []: TF_OLD_DATA ignoring data from the past for frame rear_right_wheel at time 1785296803.892043 according to authority Authority undetectable
Possible reasons are listed at http://wiki.ros.org/tf/Errors%20explained
[WARN] [1785296817.552241685] []: TF_OLD_DATA ignoring data from the past for frame front_left_wheel at time 1785296803.992088 according to authority Authority undetectable
Possible reasons are listed at http://wiki.ros.org/tf/Errors%20explained
[WARN] [1785296817.552277741] []: TF_OLD_DATA ignoring data from the past for frame front_right_wheel at time 1785296803.992088 according to authority Authority undetectable
Possible reasons are listed at http://wiki.ros.org/tf/Errors%20explained
[WARN] [1785296817.552287241] []: TF_OLD_DATA ignoring data from the past for frame rear_left_wheel at time 1785296803.992088 according to authority Authority undetectable
Possible reasons are listed at http://wiki.ros.org/tf/Errors%20explained
[WARN] [1785296817.552294945] []: TF_OLD_DATA ignoring data from the past for frame rear_right_wheel at time 1785296803.992088 according to authority Authority undetectable
Possible reasons are listed at http://wiki.ros.org/tf/Errors%20explained
[WARN] [1785296817.552429760] []: TF_OLD_DATA ignoring data from the past for frame front_left_wheel at time 1785296804.092098 according to authority Authority undetectable
Possible reasons are listed at http://wiki.ros.org/tf/Errors%20explained
[WARN] [1785296817.552444946] []: TF_OLD_DATA ignoring data from the past for frame front_right_wheel at time 1785296804.092098 according to authority Authority undetectable
Possible reasons are listed at http://wiki.ros.org/tf/Errors%20explained
[WARN] [1785296817.552452964] []: TF_OLD_DATA ignoring data from the past for frame rear_left_wheel at time 1785296804.092098 according to authority Authority undetectable
Possible reasons are listed at http://wiki.ros.org/tf/Errors%20explained
[WARN] [1785296817.552460075] []: TF_OLD_DATA ignoring data from the past for frame rear_right_wheel at time 1785296804.092098 according to authority Authority undetectable
Possible reasons are listed at http://wiki.ros.org/tf/Errors%20explained
[WARN] [1785296817.552489761] []: TF_OLD_DATA ignoring data from the past for frame front_left_wheel at time 1785296804.192059 according to authority Authority undetectable
Possible reasons are listed at http://wiki.ros.org/tf/Errors%20explained
[WARN] [1785296817.552500261] []: TF_OLD_DATA ignoring data from the past for frame front_right_wheel at time 1785296804.192059 according to authority Authority undetectable
Possible reasons are listed at http://wiki.ros.org/tf/Errors%20explained
[WARN] [1785296817.552508539] []: TF_OLD_DATA ignoring data from the past for frame rear_left_wheel at time 1785296804.192059 according to authority Authority undetectable
Possible reasons are listed at http://wiki.ros.org/tf/Errors%20explained
[WARN] [1785296817.552515539] []: TF_OLD_DATA ignoring data from the past for frame rear_right_wheel at time 1785296804.192059 according to authority Authority undetectable
Possible reasons are listed at http://wiki.ros.org/tf/Errors%20explained
[WARN] [1785296817.552534909] []: TF_OLD_DATA ignoring data from the past for frame front_left_wheel at time 1785296804.292084 according to authority Authority undetectable
Possible reasons are listed at http://wiki.ros.org/tf/Errors%20explained
[WARN] [1785296817.552545835] []: TF_OLD_DATA ignoring data from the past for frame front_right_wheel at time 1785296804.292084 according to authority Authority undetectable
Possible reasons are listed at http://wiki.ros.org/tf/Errors%20explained
[WARN] [1785296817.552553039] []: TF_OLD_DATA ignoring data from the past for frame rear_left_wheel at time 1785296804.292084 according to authority Authority undetectable
Possible reasons are listed at http://wiki.ros.org/tf/Errors%20explained
[WARN] [1785296817.552560020] []: TF_OLD_DATA ignoring data from the past for frame rear_right_wheel at time 1785296804.292084 according to authority Authority undetectable
Possible reasons are listed at http://wiki.ros.org/tf/Errors%20explained
[WARN] [1785296817.552580113] []: TF_OLD_DATA ignoring data from the past for frame front_left_wheel at time 1785296804.392084 according to authority Authority undetectable
Possible reasons are listed at http://wiki.ros.org/tf/Errors%20explained
[WARN] [1785296817.552589984] []: TF_OLD_DATA ignoring data from the past for frame front_right_wheel at time 1785296804.392084 according to authority Authority undetectable
Possible reasons are listed at http://wiki.ros.org/tf/Errors%20explained
[WARN] [1785296817.552597650] []: TF_OLD_DATA ignoring data from the past for frame rear_left_wheel at time 1785296804.392084 according to authority Authority undetectable
Possible reasons are listed at http://wiki.ros.org/tf/Errors%20explained
[WARN] [1785296817.552604632] []: TF_OLD_DATA ignoring data from the past for frame rear_right_wheel at time 1785296804.392084 according to authority Authority undetectable
Possible reasons are listed at http://wiki.ros.org/tf/Errors%20explained
[WARN] [1785296817.552623391] []: TF_OLD_DATA ignoring data from the past for frame front_left_wheel at time 1785296804.492038 according to authority Authority undetectable
Possible reasons are listed at http://wiki.ros.org/tf/Errors%20explained
[WARN] [1785296817.552677188] []: TF_OLD_DATA ignoring data from the past for frame front_right_wheel at time 1785296804.492038 according to authority Authority undetectable
Possible reasons are listed at http://wiki.ros.org/tf/Errors%20explained
[WARN] [1785296817.552690558] []: TF_OLD_DATA ignoring data from the past for frame rear_left_wheel at time 1785296804.492038 according to authority Authority undetectable
Possible reasons are listed at http://wiki.ros.org/tf/Errors%20explained
[WARN] [1785296817.552698706] []: TF_OLD_DATA ignoring data from the past for frame rear_right_wheel at time 1785296804.492038 according to authority Authority undetectable
Possible reasons are listed at http://wiki.ros.org/tf/Errors%20explained
[WARN] [1785296817.552735429] []: TF_OLD_DATA ignoring data from the past for frame front_left_wheel at time 1785296804.592066 according to authority Authority undetectable
Possible reasons are listed at http://wiki.ros.org/tf/Errors%20explained
[WARN] [1785296817.552750096] []: TF_OLD_DATA ignoring data from the past for frame front_right_wheel at time 1785296804.592066 according to authority Authority undetectable
Possible reasons are listed at http://wiki.ros.org/tf/Errors%20explained
[WARN] [1785296817.552758725] []: TF_OLD_DATA ignoring data from the past for frame rear_left_wheel at time 1785296804.592066 according to authority Authority undetectable
Possible reasons are listed at http://wiki.ros.org/tf/Errors%20explained
[WARN] [1785296817.552765855] []: TF_OLD_DATA ignoring data from the past for frame rear_right_wheel at time 1785296804.592066 according to authority Authority undetectable
Possible reasons are listed at http://wiki.ros.org/tf/Errors%20explained
[WARN] [1785296817.552792281] []: TF_OLD_DATA ignoring data from the past for frame front_left_wheel at time 1785296804.692051 according to authority Authority undetectable
Possible reasons are listed at http://wiki.ros.org/tf/Errors%20explained
[WARN] [1785296817.552804281] []: TF_OLD_DATA ignoring data from the past for frame front_right_wheel at time 1785296804.692051 according to authority Authority undetectable
Possible reasons are listed at http://wiki.ros.org/tf/Errors%20explained
[WARN] [1785296817.552812448] []: TF_OLD_DATA ignoring data from the past for frame rear_left_wheel at time 1785296804.692051 according to authority Authority undetectable
Possible reasons are listed at http://wiki.ros.org/tf/Errors%20explained
[WARN] [1785296817.552819522] []: TF_OLD_DATA ignoring data from the past for frame rear_right_wheel at time 1785296804.692051 according to authority Authority undetectable
Possible reasons are listed at http://wiki.ros.org/tf/Errors%20explained
[WARN] [1785296817.552841207] []: TF_OLD_DATA ignoring data from the past for frame front_left_wheel at time 1785296804.792103 according to authority Authority undetectable
Possible reasons are listed at http://wiki.ros.org/tf/Errors%20explained
[WARN] [1785296817.552851541] []: TF_OLD_DATA ignoring data from the past for frame front_right_wheel at time 1785296804.792103 according to authority Authority undetectable
Possible reasons are listed at http://wiki.ros.org/tf/Errors%20explained
[WARN] [1785296817.552858689] []: TF_OLD_DATA ignoring data from the past for frame rear_left_wheel at time 1785296804.792103 according to authority Authority undetectable
Possible reasons are listed at http://wiki.ros.org/tf/Errors%20explained
[WARN] [1785296817.552865541] []: TF_OLD_DATA ignoring data from the past for frame rear_right_wheel at time 1785296804.792103 according to authority Authority undetectable
Possible reasons are listed at http://wiki.ros.org/tf/Errors%20explained
[WARN] [1785296817.552886263] []: TF_OLD_DATA ignoring data from the past for frame front_left_wheel at time 1785296804.892086 according to authority Authority undetectable
Possible reasons are listed at http://wiki.ros.org/tf/Errors%20explained
[WARN] [1785296817.552898726] []: TF_OLD_DATA ignoring data from the past for frame front_right_wheel at time 1785296804.892086 according to authority Authority undetectable
Possible reasons are listed at http://wiki.ros.org/tf/Errors%20explained
[WARN] [1785296817.552924615] []: TF_OLD_DATA ignoring data from the past for frame rear_left_wheel at time 1785296804.892086 according to authority Authority undetectable
Possible reasons are listed at http://wiki.ros.org/tf/Errors%20explained
[WARN] [1785296817.552933911] []: TF_OLD_DATA ignoring data from the past for frame rear_right_wheel at time 1785296804.892086 according to authority Authority undetectable
Possible reasons are listed at http://wiki.ros.org/tf/Errors%20explained
[ERROR] [1785296820.065976001] [transformPoseInTargetFrame]: Extrapolation Error looking up target frame: Lookup would require extrapolation into the past.  Requested time 1785296799.468328 but the earliest data is at time 1785296808.593400, when looking up transform from frame [base_footprint] to frame [map]

[INFO] [1785296822.780752437] [global_costmap.global_costmap]: Message Filter dropping message: frame 'laser' at time 1785296820.339 for reason 'the timestamp on the message is earlier than all the data in the transform cache'
[WARN] [1785296823.301404507] []: TF_OLD_DATA ignoring data from the past for frame front_left_wheel at time 1785296805.092093 according to authority Authority undetectable
Possible reasons are listed at http://wiki.ros.org/tf/Errors%20explained
[WARN] [1785296823.301445304] []: TF_OLD_DATA ignoring data from the past for frame front_right_wheel at time 1785296805.092093 according to authority Authority undetectable
Possible reasons are listed at http://wiki.ros.org/tf/Errors%20explained
[WARN] [1785296823.301457063] []: TF_OLD_DATA ignoring data from the past for frame rear_left_wheel at time 1785296805.092093 according to authority Authority undetectable
Possible reasons are listed at http://wiki.ros.org/tf/Errors%20explained
[WARN] [1785296823.301469897] []: TF_OLD_DATA ignoring data from the past for frame rear_right_wheel at time 1785296805.092093 according to authority Authority undetectable
Possible reasons are listed at http://wiki.ros.org/tf/Errors%20explained
[WARN] [1785296823.301516508] []: TF_OLD_DATA ignoring data from the past for frame front_left_wheel at time 1785296805.192089 according to authority Authority undetectable
Possible reasons are listed at http://wiki.ros.org/tf/Errors%20explained
[WARN] [1785296823.301530860] []: TF_OLD_DATA ignoring data from the past for frame front_right_wheel at time 1785296805.192089 according to authority Authority undetectable
Possible reasons are listed at http://wiki.ros.org/tf/Errors%20explained
[WARN] [1785296823.301541045] []: TF_OLD_DATA ignoring data from the past for frame rear_left_wheel at time 1785296805.192089 according to authority Authority undetectable
Possible reasons are listed at http://wiki.ros.org/tf/Errors%20explained
[WARN] [1785296823.301550027] []: TF_OLD_DATA ignoring data from the past for frame rear_right_wheel at time 1785296805.192089 according to authority Authority undetectable
Possible reasons are listed at http://wiki.ros.org/tf/Errors%20explained
[WARN] [1785296823.302049141] []: TF_OLD_DATA ignoring data from the past for frame front_left_wheel at time 1785296805.292068 according to authority Authority undetectable
Possible reasons are listed at http://wiki.ros.org/tf/Errors%20explained
[WARN] [1785296823.302129993] []: TF_OLD_DATA ignoring data from the past for frame front_right_wheel at time 1785296805.292068 according to authority Authority undetectable
Possible reasons are listed at http://wiki.ros.org/tf/Errors%20explained
[WARN] [1785296823.302148715] []: TF_OLD_DATA ignoring data from the past for frame rear_left_wheel at time 1785296805.292068 according to authority Authority undetectable
Possible reasons are listed at http://wiki.ros.org/tf/Errors%20explained
[WARN] [1785296823.302159271] []: TF_OLD_DATA ignoring data from the past for frame rear_right_wheel at time 1785296805.292068 according to authority Authority undetectable
Possible reasons are listed at http://wiki.ros.org/tf/Errors%20explained
[WARN] [1785296823.304107319] []: TF_OLD_DATA ignoring data from the past for frame front_left_wheel at time 1785296805.392060 according to authority Authority undetectable
Possible reasons are listed at http://wiki.ros.org/tf/Errors%20explained
[WARN] [1785296823.304144189] []: TF_OLD_DATA ignoring data from the past for frame front_right_wheel at time 1785296805.392060 according to authority Authority undetectable
Possible reasons are listed at http://wiki.ros.org/tf/Errors%20explained
[WARN] [1785296823.304155449] []: TF_OLD_DATA ignoring data from the past for frame rear_left_wheel at time 1785296805.392060 according to authority Authority undetectable
Possible reasons are listed at http://wiki.ros.org/tf/Errors%20explained
[WARN] [1785296823.304165430] []: TF_OLD_DATA ignoring data from the past for frame rear_right_wheel at time 1785296805.392060 according to authority Authority undetectable
Possible reasons are listed at http://wiki.ros.org/tf/Errors%20explained
[WARN] [1785296823.304571470] []: TF_OLD_DATA ignoring data from the past for frame front_left_wheel at time 1785296805.492041 according to authority Authority undetectable
Possible reasons are listed at http://wiki.ros.org/tf/Errors%20explained
[WARN] [1785296823.304676581] []: TF_OLD_DATA ignoring data from the past for frame front_right_wheel at time 1785296805.492041 according to authority Authority undetectable
Possible reasons are listed at http://wiki.ros.org/tf/Errors%20explained
[WARN] [1785296823.304694600] []: TF_OLD_DATA ignoring data from the past for frame rear_left_wheel at time 1785296805.492041 according to authority Authority undetectable
Possible reasons are listed at http://wiki.ros.org/tf/Errors%20explained
[WARN] [1785296823.304705137] []: TF_OLD_DATA ignoring data from the past for frame rear_right_wheel at time 1785296805.492041 according to authority Authority undetectable
Possible reasons are listed at http://wiki.ros.org/tf/Errors%20explained
[WARN] [1785296823.304764285] []: TF_OLD_DATA ignoring data from the past for frame front_left_wheel at time 1785296805.592306 according to authority Authority undetectable
Possible reasons are listed at http://wiki.ros.org/tf/Errors%20explained
[WARN] [1785296823.304779471] []: TF_OLD_DATA ignoring data from the past for frame front_right_wheel at time 1785296805.592306 according to authority Authority undetectable
Possible reasons are listed at http://wiki.ros.org/tf/Errors%20explained
[WARN] [1785296823.304788786] []: TF_OLD_DATA ignoring data from the past for frame rear_left_wheel at time 1785296805.592306 according to authority Authority undetectable
Possible reasons are listed at http://wiki.ros.org/tf/Errors%20explained
[WARN] [1785296823.304797267] []: TF_OLD_DATA ignoring data from the past for frame rear_right_wheel at time 1785296805.592306 according to authority Authority undetectable
Possible reasons are listed at http://wiki.ros.org/tf/Errors%20explained
[WARN] [1785296823.304828193] []: TF_OLD_DATA ignoring data from the past for frame front_left_wheel at time 1785296805.692110 according to authority Authority undetectable
Possible reasons are listed at http://wiki.ros.org/tf/Errors%20explained
[WARN] [1785296823.304841897] []: TF_OLD_DATA ignoring data from the past for frame front_right_wheel at time 1785296805.692110 according to authority Authority undetectable
Possible reasons are listed at http://wiki.ros.org/tf/Errors%20explained
[WARN] [1785296823.304851693] []: TF_OLD_DATA ignoring data from the past for frame rear_left_wheel at time 1785296805.692110 according to authority Authority undetectable
Possible reasons are listed at http://wiki.ros.org/tf/Errors%20explained
[WARN] [1785296823.304860490] []: TF_OLD_DATA ignoring data from the past for frame rear_right_wheel at time 1785296805.692110 according to authority Authority undetectable
Possible reasons are listed at http://wiki.ros.org/tf/Errors%20explained
[WARN] [1785296823.304887101] []: TF_OLD_DATA ignoring data from the past for frame front_left_wheel at time 1785296805.792041 according to authority Authority undetectable
Possible reasons are listed at http://wiki.ros.org/tf/Errors%20explained
[WARN] [1785296823.305018453] []: TF_OLD_DATA ignoring data from the past for frame front_right_wheel at time 1785296805.792041 according to authority Authority undetectable
Possible reasons are listed at http://wiki.ros.org/tf/Errors%20explained
[WARN] [1785296823.305041546] []: TF_OLD_DATA ignoring data from the past for frame rear_left_wheel at time 1785296805.792041 according to authority Authority undetectable
Possible reasons are listed at http://wiki.ros.org/tf/Errors%20explained
[WARN] [1785296823.305054139] []: TF_OLD_DATA ignoring data from the past for frame rear_right_wheel at time 1785296805.792041 according to authority Authority undetectable
Possible reasons are listed at http://wiki.ros.org/tf/Errors%20explained
[WARN] [1785296823.305203843] []: TF_OLD_DATA ignoring data from the past for frame front_left_wheel at time 1785296805.992074 according to authority Authority undetectable
Possible reasons are listed at http://wiki.ros.org/tf/Errors%20explained
[WARN] [1785296823.305307085] []: TF_OLD_DATA ignoring data from the past for frame front_right_wheel at time 1785296805.992074 according to authority Authority undetectable
Possible reasons are listed at http://wiki.ros.org/tf/Errors%20explained
[WARN] [1785296823.305327103] []: TF_OLD_DATA ignoring data from the past for frame rear_left_wheel at time 1785296805.992074 according to authority Authority undetectable
Possible reasons are listed at http://wiki.ros.org/tf/Errors%20explained
[WARN] [1785296823.305343937] []: TF_OLD_DATA ignoring data from the past for frame rear_right_wheel at time 1785296805.992074 according to authority Authority undetectable
Possible reasons are listed at http://wiki.ros.org/tf/Errors%20explained
[WARN] [1785296823.305820958] []: TF_OLD_DATA ignoring data from the past for frame front_left_wheel at time 1785296806.092062 according to authority Authority undetectable
Possible reasons are listed at http://wiki.ros.org/tf/Errors%20explained
[WARN] [1785296823.305848940] []: TF_OLD_DATA ignoring data from the past for frame front_right_wheel at time 1785296806.092062 according to authority Authority undetectable
Possible reasons are listed at http://wiki.ros.org/tf/Errors%20explained
[WARN] [1785296823.305859921] []: TF_OLD_DATA ignoring data from the past for frame rear_left_wheel at time 1785296806.092062 according to authority Authority undetectable
Possible reasons are listed at http://wiki.ros.org/tf/Errors%20explained
[WARN] [1785296823.305869366] []: TF_OLD_DATA ignoring data from the past for frame rear_right_wheel at time 1785296806.092062 according to authority Authority undetectable
Possible reasons are listed at http://wiki.ros.org/tf/Errors%20explained
[WARN] [1785296823.305915755] []: TF_OLD_DATA ignoring data from the past for frame front_left_wheel at time 1785296806.192100 according to authority Authority undetectable
Possible reasons are listed at http://wiki.ros.org/tf/Errors%20explained
[WARN] [1785296823.305933570] []: TF_OLD_DATA ignoring data from the past for frame front_right_wheel at time 1785296806.192100 according to authority Authority undetectable
Possible reasons are listed at http://wiki.ros.org/tf/Errors%20explained
[WARN] [1785296823.305944644] []: TF_OLD_DATA ignoring data from the past for frame rear_left_wheel at time 1785296806.192100 according to authority Authority undetectable
Possible reasons are listed at http://wiki.ros.org/tf/Errors%20explained
[WARN] [1785296823.305953477] []: TF_OLD_DATA ignoring data from the past for frame rear_right_wheel at time 1785296806.192100 according to authority Authority undetectable
Possible reasons are listed at http://wiki.ros.org/tf/Errors%20explained
[WARN] [1785296823.306000829] []: TF_OLD_DATA ignoring data from the past for frame front_left_wheel at time 1785296806.292056 according to authority Authority undetectable
Possible reasons are listed at http://wiki.ros.org/tf/Errors%20explained
[WARN] [1785296823.306104385] []: TF_OLD_DATA ignoring data from the past for frame front_right_wheel at time 1785296806.292056 according to authority Authority undetectable
Possible reasons are listed at http://wiki.ros.org/tf/Errors%20explained
[WARN] [1785296823.306116219] []: TF_OLD_DATA ignoring data from the past for frame rear_left_wheel at time 1785296806.292056 according to authority Authority undetectable
Possible reasons are listed at http://wiki.ros.org/tf/Errors%20explained
[WARN] [1785296823.306124904] []: TF_OLD_DATA ignoring data from the past for frame rear_right_wheel at time 1785296806.292056 according to authority Authority undetectable
Possible reasons are listed at http://wiki.ros.org/tf/Errors%20explained
[WARN] [1785296823.306166164] []: TF_OLD_DATA ignoring data from the past for frame front_left_wheel at time 1785296806.392086 according to authority Authority undetectable
Possible reasons are listed at http://wiki.ros.org/tf/Errors%20explained
[WARN] [1785296823.306182738] []: TF_OLD_DATA ignoring data from the past for frame front_right_wheel at time 1785296806.392086 according to authority Authority undetectable
Possible reasons are listed at http://wiki.ros.org/tf/Errors%20explained
[WARN] [1785296823.306249368] []: TF_OLD_DATA ignoring data from the past for frame rear_left_wheel at time 1785296806.392086 according to authority Authority undetectable
Possible reasons are listed at http://wiki.ros.org/tf/Errors%20explained
[WARN] [1785296823.306262405] []: TF_OLD_DATA ignoring data from the past for frame rear_right_wheel at time 1785296806.392086 according to authority Authority undetectable
Possible reasons are listed at http://wiki.ros.org/tf/Errors%20explained
[WARN] [1785296823.306301738] []: TF_OLD_DATA ignoring data from the past for frame front_left_wheel at time 1785296806.492088 according to authority Authority undetectable
Possible reasons are listed at http://wiki.ros.org/tf/Errors%20explained
[WARN] [1785296823.306320405] []: TF_OLD_DATA ignoring data from the past for frame front_right_wheel at time 1785296806.492088 according to authority Authority undetectable
Possible reasons are listed at http://wiki.ros.org/tf/Errors%20explained
[WARN] [1785296823.306330498] []: TF_OLD_DATA ignoring data from the past for frame rear_left_wheel at time 1785296806.492088 according to authority Authority undetectable
Possible reasons are listed at http://wiki.ros.org/tf/Errors%20explained
[WARN] [1785296823.306339072] []: TF_OLD_DATA ignoring data from the past for frame rear_right_wheel at time 1785296806.492088 according to authority Authority undetectable
Possible reasons are listed at http://wiki.ros.org/tf/Errors%20explained
[WARN] [1785296823.306369628] []: TF_OLD_DATA ignoring data from the past for frame front_left_wheel at time 1785296806.692077 according to authority Authority undetectable
Possible reasons are listed at http://wiki.ros.org/tf/Errors%20explained
[WARN] [1785296823.306383943] []: TF_OLD_DATA ignoring data from the past for frame front_right_wheel at time 1785296806.692077 according to authority Authority undetectable
Possible reasons are listed at http://wiki.ros.org/tf/Errors%20explained
[WARN] [1785296823.306392924] []: TF_OLD_DATA ignoring data from the past for frame rear_left_wheel at time 1785296806.692077 according to authority Authority undetectable
Possible reasons are listed at http://wiki.ros.org/tf/Errors%20explained
[WARN] [1785296823.306401406] []: TF_OLD_DATA ignoring data from the past for frame rear_right_wheel at time 1785296806.692077 according to authority Authority undetectable
Possible reasons are listed at http://wiki.ros.org/tf/Errors%20explained
[WARN] [1785296823.306758037] []: TF_OLD_DATA ignoring data from the past for frame front_left_wheel at time 1785296806.792066 according to authority Authority undetectable
Possible reasons are listed at http://wiki.ros.org/tf/Errors%20explained
[WARN] [1785296823.306778556] []: TF_OLD_DATA ignoring data from the past for frame front_right_wheel at time 1785296806.792066 according to authority Authority undetectable
Possible reasons are listed at http://wiki.ros.org/tf/Errors%20explained
[WARN] [1785296823.306787537] []: TF_OLD_DATA ignoring data from the past for frame rear_left_wheel at time 1785296806.792066 according to authority Authority undetectable
Possible reasons are listed at http://wiki.ros.org/tf/Errors%20explained
[WARN] [1785296823.306795963] []: TF_OLD_DATA ignoring data from the past for frame rear_right_wheel at time 1785296806.792066 according to authority Authority undetectable
Possible reasons are listed at http://wiki.ros.org/tf/Errors%20explained
[WARN] [1785296823.306827464] []: TF_OLD_DATA ignoring data from the past for frame front_left_wheel at time 1785296806.892053 according to authority Authority undetectable
Possible reasons are listed at http://wiki.ros.org/tf/Errors%20explained
[WARN] [1785296823.306842667] []: TF_OLD_DATA ignoring data from the past for frame front_right_wheel at time 1785296806.892053 according to authority Authority undetectable
Possible reasons are listed at http://wiki.ros.org/tf/Errors%20explained
[WARN] [1785296823.306890223] []: TF_OLD_DATA ignoring data from the past for frame rear_left_wheel at time 1785296806.892053 according to authority Authority undetectable
Possible reasons are listed at http://wiki.ros.org/tf/Errors%20explained
[WARN] [1785296823.306901631] []: TF_OLD_DATA ignoring data from the past for frame rear_right_wheel at time 1785296806.892053 according to authority Authority undetectable
Possible reasons are listed at http://wiki.ros.org/tf/Errors%20explained
[WARN] [1785296823.310806004] []: TF_OLD_DATA ignoring data from the past for frame front_left_wheel at time 1785296806.992080 according to authority Authority undetectable
Possible reasons are listed at http://wiki.ros.org/tf/Errors%20explained
[WARN] [1785296823.310840597] []: TF_OLD_DATA ignoring data from the past for frame front_right_wheel at time 1785296806.992080 according to authority Authority undetectable
Possible reasons are listed at http://wiki.ros.org/tf/Errors%20explained
[WARN] [1785296823.310852282] []: TF_OLD_DATA ignoring data from the past for frame rear_left_wheel at time 1785296806.992080 according to authority Authority undetectable
Possible reasons are listed at http://wiki.ros.org/tf/Errors%20explained
[WARN] [1785296823.310863523] []: TF_OLD_DATA ignoring data from the past for frame rear_right_wheel at time 1785296806.992080 according to authority Authority undetectable
Possible reasons are listed at http://wiki.ros.org/tf/Errors%20explained
[WARN] [1785296823.315517790] []: TF_OLD_DATA ignoring data from the past for frame front_left_wheel at time 1785296807.092075 according to authority Authority undetectable
Possible reasons are listed at http://wiki.ros.org/tf/Errors%20explained
[WARN] [1785296823.315548938] []: TF_OLD_DATA ignoring data from the past for frame front_right_wheel at time 1785296807.092075 according to authority Authority undetectable
Possible reasons are listed at http://wiki.ros.org/tf/Errors%20explained
[WARN] [1785296823.315556827] []: TF_OLD_DATA ignoring data from the past for frame rear_left_wheel at time 1785296807.092075 according to authority Authority undetectable
Possible reasons are listed at http://wiki.ros.org/tf/Errors%20explained
[WARN] [1785296823.315563364] []: TF_OLD_DATA ignoring data from the past for frame rear_right_wheel at time 1785296807.092075 according to authority Authority undetectable
Possible reasons are listed at http://wiki.ros.org/tf/Errors%20explained
[WARN] [1785296823.315597457] []: TF_OLD_DATA ignoring data from the past for frame front_left_wheel at time 1785296807.192088 according to authority Authority undetectable
Possible reasons are listed at http://wiki.ros.org/tf/Errors%20explained
[WARN] [1785296823.315608290] []: TF_OLD_DATA ignoring data from the past for frame front_right_wheel at time 1785296807.192088 according to authority Authority undetectable
Possible reasons are listed at http://wiki.ros.org/tf/Errors%20explained
[WARN] [1785296823.315615031] []: TF_OLD_DATA ignoring data from the past for frame rear_left_wheel at time 1785296807.192088 according to authority Authority undetectable
Possible reasons are listed at http://wiki.ros.org/tf/Errors%20explained
[WARN] [1785296823.315620901] []: TF_OLD_DATA ignoring data from the past for frame rear_right_wheel at time 1785296807.192088 according to authority Authority undetectable
Possible reasons are listed at http://wiki.ros.org/tf/Errors%20explained
[WARN] [1785296823.315638865] []: TF_OLD_DATA ignoring data from the past for frame front_left_wheel at time 1785296807.292076 according to authority Authority undetectable
Possible reasons are listed at http://wiki.ros.org/tf/Errors%20explained
[WARN] [1785296823.315650883] []: TF_OLD_DATA ignoring data from the past for frame front_right_wheel at time 1785296807.292076 according to authority Authority undetectable
Possible reasons are listed at http://wiki.ros.org/tf/Errors%20explained
[WARN] [1785296823.315657772] []: TF_OLD_DATA ignoring data from the past for frame rear_left_wheel at time 1785296807.292076 according to authority Authority undetectable
Possible reasons are listed at http://wiki.ros.org/tf/Errors%20explained
[WARN] [1785296823.315705180] []: TF_OLD_DATA ignoring data from the past for frame rear_right_wheel at time 1785296807.292076 according to authority Authority undetectable
Possible reasons are listed at http://wiki.ros.org/tf/Errors%20explained
[WARN] [1785296823.315731680] []: TF_OLD_DATA ignoring data from the past for frame front_left_wheel at time 1785296807.392103 according to authority Authority undetectable
Possible reasons are listed at http://wiki.ros.org/tf/Errors%20explained
[WARN] [1785296823.315742976] []: TF_OLD_DATA ignoring data from the past for frame front_right_wheel at time 1785296807.392103 according to authority Authority undetectable
Possible reasons are listed at http://wiki.ros.org/tf/Errors%20explained
[WARN] [1785296823.315751087] []: TF_OLD_DATA ignoring data from the past for frame rear_left_wheel at time 1785296807.392103 according to authority Authority undetectable
Possible reasons are listed at http://wiki.ros.org/tf/Errors%20explained
[WARN] [1785296823.315758624] []: TF_OLD_DATA ignoring data from the past for frame rear_right_wheel at time 1785296807.392103 according to authority Authority undetectable
Possible reasons are listed at http://wiki.ros.org/tf/Errors%20explained
[WARN] [1785296823.315790439] []: TF_OLD_DATA ignoring data from the past for frame front_left_wheel at time 1785296807.492087 according to authority Authority undetectable
Possible reasons are listed at http://wiki.ros.org/tf/Errors%20explained
[WARN] [1785296823.315800940] []: TF_OLD_DATA ignoring data from the past for frame front_right_wheel at time 1785296807.492087 according to authority Authority undetectable
Possible reasons are listed at http://wiki.ros.org/tf/Errors%20explained
[WARN] [1785296823.315808143] []: TF_OLD_DATA ignoring data from the past for frame rear_left_wheel at time 1785296807.492087 according to authority Authority undetectable
Possible reasons are listed at http://wiki.ros.org/tf/Errors%20explained
[WARN] [1785296823.315813977] []: TF_OLD_DATA ignoring data from the past for frame rear_right_wheel at time 1785296807.492087 according to authority Authority undetectable
Possible reasons are listed at http://wiki.ros.org/tf/Errors%20explained
[WARN] [1785296823.315836180] []: TF_OLD_DATA ignoring data from the past for frame front_left_wheel at time 1785296807.592047 according to authority Authority undetectable
Possible reasons are listed at http://wiki.ros.org/tf/Errors%20explained
[WARN] [1785296823.315848588] []: TF_OLD_DATA ignoring data from the past for frame front_right_wheel at time 1785296807.592047 according to authority Authority undetectable
Possible reasons are listed at http://wiki.ros.org/tf/Errors%20explained
[WARN] [1785296823.315855014] []: TF_OLD_DATA ignoring data from the past for frame rear_left_wheel at time 1785296807.592047 according to authority Authority undetectable
Possible reasons are listed at http://wiki.ros.org/tf/Errors%20explained
[WARN] [1785296823.315861125] []: TF_OLD_DATA ignoring data from the past for frame rear_right_wheel at time 1785296807.592047 according to authority Authority undetectable
Possible reasons are listed at http://wiki.ros.org/tf/Errors%20explained
[WARN] [1785296823.315882218] []: TF_OLD_DATA ignoring data from the past for frame front_left_wheel at time 1785296807.692063 according to authority Authority undetectable
Possible reasons are listed at http://wiki.ros.org/tf/Errors%20explained
[WARN] [1785296823.315891218] []: TF_OLD_DATA ignoring data from the past for frame front_right_wheel at time 1785296807.692063 according to authority Authority undetectable
Possible reasons are listed at http://wiki.ros.org/tf/Errors%20explained
[WARN] [1785296823.315897385] []: TF_OLD_DATA ignoring data from the past for frame rear_left_wheel at time 1785296807.692063 according to authority Authority undetectable
Possible reasons are listed at http://wiki.ros.org/tf/Errors%20explained
[WARN] [1785296823.315917736] []: TF_OLD_DATA ignoring data from the past for frame rear_right_wheel at time 1785296807.692063 according to authority Authority undetectable
Possible reasons are listed at http://wiki.ros.org/tf/Errors%20explained
[WARN] [1785296823.315939366] []: TF_OLD_DATA ignoring data from the past for frame front_left_wheel at time 1785296807.792079 according to authority Authority undetectable
Possible reasons are listed at http://wiki.ros.org/tf/Errors%20explained
[WARN] [1785296823.315947829] []: TF_OLD_DATA ignoring data from the past for frame front_right_wheel at time 1785296807.792079 according to authority Authority undetectable
Possible reasons are listed at http://wiki.ros.org/tf/Errors%20explained
[WARN] [1785296823.315954292] []: TF_OLD_DATA ignoring data from the past for frame rear_left_wheel at time 1785296807.792079 according to authority Authority undetectable
Possible reasons are listed at http://wiki.ros.org/tf/Errors%20explained
[WARN] [1785296823.315960033] []: TF_OLD_DATA ignoring data from the past for frame rear_right_wheel at time 1785296807.792079 according to authority Authority undetectable
Possible reasons are listed at http://wiki.ros.org/tf/Errors%20explained
[WARN] [1785296823.315976644] []: TF_OLD_DATA ignoring data from the past for frame front_left_wheel at time 1785296807.892071 according to authority Authority undetectable
Possible reasons are listed at http://wiki.ros.org/tf/Errors%20explained
[WARN] [1785296823.315984811] []: TF_OLD_DATA ignoring data from the past for frame front_right_wheel at time 1785296807.892071 according to authority Authority undetectable
Possible reasons are listed at http://wiki.ros.org/tf/Errors%20explained
[WARN] [1785296823.315990626] []: TF_OLD_DATA ignoring data from the past for frame rear_left_wheel at time 1785296807.892071 according to authority Authority undetectable
Possible reasons are listed at http://wiki.ros.org/tf/Errors%20explained
[WARN] [1785296823.315996348] []: TF_OLD_DATA ignoring data from the past for frame rear_right_wheel at time 1785296807.892071 according to authority Authority undetectable
Possible reasons are listed at http://wiki.ros.org/tf/Errors%20explained
[WARN] [1785296823.316014015] []: TF_OLD_DATA ignoring data from the past for frame front_left_wheel at time 1785296807.992081 according to authority Authority undetectable
Possible reasons are listed at http://wiki.ros.org/tf/Errors%20explained
[WARN] [1785296823.316023219] []: TF_OLD_DATA ignoring data from the past for frame front_right_wheel at time 1785296807.992081 according to authority Authority undetectable
Possible reasons are listed at http://wiki.ros.org/tf/Errors%20explained
[WARN] [1785296823.316028996] []: TF_OLD_DATA ignoring data from the past for frame rear_left_wheel at time 1785296807.992081 according to authority Authority undetectable
Possible reasons are listed at http://wiki.ros.org/tf/Errors%20explained
[WARN] [1785296823.316034682] []: TF_OLD_DATA ignoring data from the past for frame rear_right_wheel at time 1785296807.992081 according to authority Authority undetectable
Possible reasons are listed at http://wiki.ros.org/tf/Errors%20explained
[WARN] [1785296823.316051719] []: TF_OLD_DATA ignoring data from the past for frame front_left_wheel at time 1785296808.092095 according to authority Authority undetectable
Possible reasons are listed at http://wiki.ros.org/tf/Errors%20explained
[WARN] [1785296823.316059700] []: TF_OLD_DATA ignoring data from the past for frame front_right_wheel at time 1785296808.092095 according to authority Authority undetectable
Possible reasons are listed at http://wiki.ros.org/tf/Errors%20explained
[WARN] [1785296823.316065515] []: TF_OLD_DATA ignoring data from the past for frame rear_left_wheel at time 1785296808.092095 according to authority Authority undetectable
Possible reasons are listed at http://wiki.ros.org/tf/Errors%20explained
[WARN] [1785296823.316071256] []: TF_OLD_DATA ignoring data from the past for frame rear_right_wheel at time 1785296808.092095 according to authority Authority undetectable
Possible reasons are listed at http://wiki.ros.org/tf/Errors%20explained
[WARN] [1785296823.316100738] []: TF_OLD_DATA ignoring data from the past for frame front_left_wheel at time 1785296808.192056 according to authority Authority undetectable
Possible reasons are listed at http://wiki.ros.org/tf/Errors%20explained
[WARN] [1785296823.316109923] []: TF_OLD_DATA ignoring data from the past for frame front_right_wheel at time 1785296808.192056 according to authority Authority undetectable
Possible reasons are listed at http://wiki.ros.org/tf/Errors%20explained
[WARN] [1785296823.316116645] []: TF_OLD_DATA ignoring data from the past for frame rear_left_wheel at time 1785296808.192056 according to authority Authority undetectable
Possible reasons are listed at http://wiki.ros.org/tf/Errors%20explained
[WARN] [1785296823.316122478] []: TF_OLD_DATA ignoring data from the past for frame rear_right_wheel at time 1785296808.192056 according to authority Authority undetectable
Possible reasons are listed at http://wiki.ros.org/tf/Errors%20explained
[WARN] [1785296823.316141330] []: TF_OLD_DATA ignoring data from the past for frame front_left_wheel at time 1785296808.392082 according to authority Authority undetectable
Possible reasons are listed at http://wiki.ros.org/tf/Errors%20explained
[WARN] [1785296823.316151275] []: TF_OLD_DATA ignoring data from the past for frame front_right_wheel at time 1785296808.392082 according to authority Authority undetectable
Possible reasons are listed at http://wiki.ros.org/tf/Errors%20explained
[WARN] [1785296823.316158145] []: TF_OLD_DATA ignoring data from the past for frame rear_left_wheel at time 1785296808.392082 according to authority Authority undetectable
Possible reasons are listed at http://wiki.ros.org/tf/Errors%20explained
[WARN] [1785296823.316163942] []: TF_OLD_DATA ignoring data from the past for frame rear_right_wheel at time 1785296808.392082 according to authority Authority undetectable
Possible reasons are listed at http://wiki.ros.org/tf/Errors%20explained
[WARN] [1785296823.316182127] []: TF_OLD_DATA ignoring data from the past for frame front_left_wheel at time 1785296808.492079 according to authority Authority undetectable
Possible reasons are listed at http://wiki.ros.org/tf/Errors%20explained
[WARN] [1785296823.316204201] []: TF_OLD_DATA ignoring data from the past for frame front_right_wheel at time 1785296808.492079 according to authority Authority undetectable
Possible reasons are listed at http://wiki.ros.org/tf/Errors%20explained
[WARN] [1785296823.316212534] []: TF_OLD_DATA ignoring data from the past for frame rear_left_wheel at time 1785296808.492079 according to authority Authority undetectable
Possible reasons are listed at http://wiki.ros.org/tf/Errors%20explained
[WARN] [1785296823.316218349] []: TF_OLD_DATA ignoring data from the past for frame rear_right_wheel at time 1785296808.492079 according to authority Authority undetectable
Possible reasons are listed at http://wiki.ros.org/tf/Errors%20explained
[ERROR] [1785296823.399046163] [transformPoseInTargetFrame]: Extrapolation Error looking up target frame: Lookup would require extrapolation into the past.  Requested time 1785296799.468328 but the earliest data is at time 1785296813.501555, when looking up transform from frame [base_footprint] to frame [map]

[ERROR] [1785296826.733376036] [transformPoseInTargetFrame]: Extrapolation Error looking up target frame: Lookup would require extrapolation into the past.  Requested time 1785296799.468328 but the earliest data is at time 1785296813.501555, when looking up transform from frame [base_footprint] to frame [map]

[WARN] [1785296827.593949428] []: TF_OLD_DATA ignoring data from the past for frame front_left_wheel at time 1785296808.692112 according to authority Authority undetectable
Possible reasons are listed at http://wiki.ros.org/tf/Errors%20explained
[WARN] [1785296827.593988354] []: TF_OLD_DATA ignoring data from the past for frame front_right_wheel at time 1785296808.692112 according to authority Authority undetectable
Possible reasons are listed at http://wiki.ros.org/tf/Errors%20explained
[WARN] [1785296827.593999503] []: TF_OLD_DATA ignoring data from the past for frame rear_left_wheel at time 1785296808.692112 according to authority Authority undetectable
Possible reasons are listed at http://wiki.ros.org/tf/Errors%20explained
[WARN] [1785296827.594008929] []: TF_OLD_DATA ignoring data from the past for frame rear_right_wheel at time 1785296808.692112 according to authority Authority undetectable
Possible reasons are listed at http://wiki.ros.org/tf/Errors%20explained
[WARN] [1785296827.595605882] []: TF_OLD_DATA ignoring data from the past for frame front_left_wheel at time 1785296808.792079 according to authority Authority undetectable
Possible reasons are listed at http://wiki.ros.org/tf/Errors%20explained
[WARN] [1785296827.595652678] []: TF_OLD_DATA ignoring data from the past for frame front_right_wheel at time 1785296808.792079 according to authority Authority undetectable
Possible reasons are listed at http://wiki.ros.org/tf/Errors%20explained
[WARN] [1785296827.595665308] []: TF_OLD_DATA ignoring data from the past for frame rear_left_wheel at time 1785296808.792079 according to authority Authority undetectable
Possible reasons are listed at http://wiki.ros.org/tf/Errors%20explained
[WARN] [1785296827.595674753] []: TF_OLD_DATA ignoring data from the past for frame rear_right_wheel at time 1785296808.792079 according to authority Authority undetectable
Possible reasons are listed at http://wiki.ros.org/tf/Errors%20explained
[WARN] [1785296827.595727049] []: TF_OLD_DATA ignoring data from the past for frame front_left_wheel at time 1785296808.892084 according to authority Authority undetectable
Possible reasons are listed at http://wiki.ros.org/tf/Errors%20explained
[WARN] [1785296827.595742623] []: TF_OLD_DATA ignoring data from the past for frame front_right_wheel at time 1785296808.892084 according to authority Authority undetectable
Possible reasons are listed at http://wiki.ros.org/tf/Errors%20explained
[WARN] [1785296827.595803476] []: TF_OLD_DATA ignoring data from the past for frame rear_left_wheel at time 1785296808.892084 according to authority Authority undetectable
Possible reasons are listed at http://wiki.ros.org/tf/Errors%20explained
[WARN] [1785296827.595819883] []: TF_OLD_DATA ignoring data from the past for frame rear_right_wheel at time 1785296808.892084 according to authority Authority undetectable
Possible reasons are listed at http://wiki.ros.org/tf/Errors%20explained
[WARN] [1785296827.595858754] []: TF_OLD_DATA ignoring data from the past for frame front_left_wheel at time 1785296808.992076 according to authority Authority undetectable
Possible reasons are listed at http://wiki.ros.org/tf/Errors%20explained
[WARN] [1785296827.595873013] []: TF_OLD_DATA ignoring data from the past for frame front_right_wheel at time 1785296808.992076 according to authority Authority undetectable
Possible reasons are listed at http://wiki.ros.org/tf/Errors%20explained
[WARN] [1785296827.595881513] []: TF_OLD_DATA ignoring data from the past for frame rear_left_wheel at time 1785296808.992076 according to authority Authority undetectable
Possible reasons are listed at http://wiki.ros.org/tf/Errors%20explained
[WARN] [1785296827.595889680] []: TF_OLD_DATA ignoring data from the past for frame rear_right_wheel at time 1785296808.992076 according to authority Authority undetectable
Possible reasons are listed at http://wiki.ros.org/tf/Errors%20explained
[WARN] [1785296827.598040896] []: TF_OLD_DATA ignoring data from the past for frame front_left_wheel at time 1785296809.092074 according to authority Authority undetectable
Possible reasons are listed at http://wiki.ros.org/tf/Errors%20explained
[WARN] [1785296827.598112229] []: TF_OLD_DATA ignoring data from the past for frame front_right_wheel at time 1785296809.092074 according to authority Authority undetectable
Possible reasons are listed at http://wiki.ros.org/tf/Errors%20explained
[WARN] [1785296827.598124377] []: TF_OLD_DATA ignoring data from the past for frame rear_left_wheel at time 1785296809.092074 according to authority Authority undetectable
Possible reasons are listed at http://wiki.ros.org/tf/Errors%20explained
[WARN] [1785296827.598134211] []: TF_OLD_DATA ignoring data from the past for frame rear_right_wheel at time 1785296809.092074 according to authority Authority undetectable
Possible reasons are listed at http://wiki.ros.org/tf/Errors%20explained
[WARN] [1785296827.598224600] []: TF_OLD_DATA ignoring data from the past for frame front_left_wheel at time 1785296809.292081 according to authority Authority undetectable
Possible reasons are listed at http://wiki.ros.org/tf/Errors%20explained
[WARN] [1785296827.598246360] []: TF_OLD_DATA ignoring data from the past for frame front_right_wheel at time 1785296809.292081 according to authority Authority undetectable
Possible reasons are listed at http://wiki.ros.org/tf/Errors%20explained
[WARN] [1785296827.598255526] []: TF_OLD_DATA ignoring data from the past for frame rear_left_wheel at time 1785296809.292081 according to authority Authority undetectable
Possible reasons are listed at http://wiki.ros.org/tf/Errors%20explained
[WARN] [1785296827.598263786] []: TF_OLD_DATA ignoring data from the past for frame rear_right_wheel at time 1785296809.292081 according to authority Authority undetectable
Possible reasons are listed at http://wiki.ros.org/tf/Errors%20explained
[WARN] [1785296827.598298971] []: TF_OLD_DATA ignoring data from the past for frame front_left_wheel at time 1785296809.392054 according to authority Authority undetectable
Possible reasons are listed at http://wiki.ros.org/tf/Errors%20explained
[WARN] [1785296827.598311527] []: TF_OLD_DATA ignoring data from the past for frame front_right_wheel at time 1785296809.392054 according to authority Authority undetectable
Possible reasons are listed at http://wiki.ros.org/tf/Errors%20explained
[WARN] [1785296827.598321304] []: TF_OLD_DATA ignoring data from the past for frame rear_left_wheel at time 1785296809.392054 according to authority Authority undetectable
Possible reasons are listed at http://wiki.ros.org/tf/Errors%20explained
[WARN] [1785296827.598329453] []: TF_OLD_DATA ignoring data from the past for frame rear_right_wheel at time 1785296809.392054 according to authority Authority undetectable
Possible reasons are listed at http://wiki.ros.org/tf/Errors%20explained
[WARN] [1785296827.598358749] []: TF_OLD_DATA ignoring data from the past for frame front_left_wheel at time 1785296809.492073 according to authority Authority undetectable
Possible reasons are listed at http://wiki.ros.org/tf/Errors%20explained
[WARN] [1785296827.598370897] []: TF_OLD_DATA ignoring data from the past for frame front_right_wheel at time 1785296809.492073 according to authority Authority undetectable
Possible reasons are listed at http://wiki.ros.org/tf/Errors%20explained
[WARN] [1785296827.598381027] []: TF_OLD_DATA ignoring data from the past for frame rear_left_wheel at time 1785296809.492073 according to authority Authority undetectable
Possible reasons are listed at http://wiki.ros.org/tf/Errors%20explained
[WARN] [1785296827.598389472] []: TF_OLD_DATA ignoring data from the past for frame rear_right_wheel at time 1785296809.492073 according to authority Authority undetectable
Possible reasons are listed at http://wiki.ros.org/tf/Errors%20explained
[WARN] [1785296827.598416194] []: TF_OLD_DATA ignoring data from the past for frame front_left_wheel at time 1785296809.692070 according to authority Authority undetectable
Possible reasons are listed at http://wiki.ros.org/tf/Errors%20explained
[WARN] [1785296827.598431416] []: TF_OLD_DATA ignoring data from the past for frame front_right_wheel at time 1785296809.692070 according to authority Authority undetectable
Possible reasons are listed at http://wiki.ros.org/tf/Errors%20explained
[WARN] [1785296827.598471472] []: TF_OLD_DATA ignoring data from the past for frame rear_left_wheel at time 1785296809.692070 according to authority Authority undetectable
Possible reasons are listed at http://wiki.ros.org/tf/Errors%20explained
[WARN] [1785296827.598484139] []: TF_OLD_DATA ignoring data from the past for frame rear_right_wheel at time 1785296809.692070 according to authority Authority undetectable
Possible reasons are listed at http://wiki.ros.org/tf/Errors%20explained
[WARN] [1785296827.598522213] []: TF_OLD_DATA ignoring data from the past for frame front_left_wheel at time 1785296809.792100 according to authority Authority undetectable
Possible reasons are listed at http://wiki.ros.org/tf/Errors%20explained
[WARN] [1785296827.598536954] []: TF_OLD_DATA ignoring data from the past for frame front_right_wheel at time 1785296809.792100 according to authority Authority undetectable
Possible reasons are listed at http://wiki.ros.org/tf/Errors%20explained
[WARN] [1785296827.598546787] []: TF_OLD_DATA ignoring data from the past for frame rear_left_wheel at time 1785296809.792100 according to authority Authority undetectable
Possible reasons are listed at http://wiki.ros.org/tf/Errors%20explained
[WARN] [1785296827.598555269] []: TF_OLD_DATA ignoring data from the past for frame rear_right_wheel at time 1785296809.792100 according to authority Authority undetectable
Possible reasons are listed at http://wiki.ros.org/tf/Errors%20explained
[WARN] [1785296827.598584102] []: TF_OLD_DATA ignoring data from the past for frame front_left_wheel at time 1785296809.892092 according to authority Authority undetectable
Possible reasons are listed at http://wiki.ros.org/tf/Errors%20explained
[WARN] [1785296827.598598306] []: TF_OLD_DATA ignoring data from the past for frame front_right_wheel at time 1785296809.892092 according to authority Authority undetectable
Possible reasons are listed at http://wiki.ros.org/tf/Errors%20explained
[WARN] [1785296827.598606788] []: TF_OLD_DATA ignoring data from the past for frame rear_left_wheel at time 1785296809.892092 according to authority Authority undetectable
Possible reasons are listed at http://wiki.ros.org/tf/Errors%20explained
[WARN] [1785296827.598614936] []: TF_OLD_DATA ignoring data from the past for frame rear_right_wheel at time 1785296809.892092 according to authority Authority undetectable
Possible reasons are listed at http://wiki.ros.org/tf/Errors%20explained
[WARN] [1785296827.598641732] []: TF_OLD_DATA ignoring data from the past for frame front_left_wheel at time 1785296809.992086 according to authority Authority undetectable
Possible reasons are listed at http://wiki.ros.org/tf/Errors%20explained
[WARN] [1785296827.598654232] []: TF_OLD_DATA ignoring data from the past for frame front_right_wheel at time 1785296809.992086 according to authority Authority undetectable
Possible reasons are listed at http://wiki.ros.org/tf/Errors%20explained
[WARN] [1785296827.598664010] []: TF_OLD_DATA ignoring data from the past for frame rear_left_wheel at time 1785296809.992086 according to authority Authority undetectable
Possible reasons are listed at http://wiki.ros.org/tf/Errors%20explained
[WARN] [1785296827.598672177] []: TF_OLD_DATA ignoring data from the past for frame rear_right_wheel at time 1785296809.992086 according to authority Authority undetectable
Possible reasons are listed at http://wiki.ros.org/tf/Errors%20explained
[WARN] [1785296827.598700140] []: TF_OLD_DATA ignoring data from the past for frame front_left_wheel at time 1785296810.092076 according to authority Authority undetectable
Possible reasons are listed at http://wiki.ros.org/tf/Errors%20explained
[WARN] [1785296827.598714770] []: TF_OLD_DATA ignoring data from the past for frame front_right_wheel at time 1785296810.092076 according to authority Authority undetectable
Possible reasons are listed at http://wiki.ros.org/tf/Errors%20explained
[WARN] [1785296827.598746122] []: TF_OLD_DATA ignoring data from the past for frame rear_left_wheel at time 1785296810.092076 according to authority Authority undetectable
Possible reasons are listed at http://wiki.ros.org/tf/Errors%20explained
[WARN] [1785296827.598758955] []: TF_OLD_DATA ignoring data from the past for frame rear_right_wheel at time 1785296810.092076 according to authority Authority undetectable
Possible reasons are listed at http://wiki.ros.org/tf/Errors%20explained
[WARN] [1785296827.598802215] []: TF_OLD_DATA ignoring data from the past for frame front_left_wheel at time 1785296810.192138 according to authority Authority undetectable
Possible reasons are listed at http://wiki.ros.org/tf/Errors%20explained
[WARN] [1785296827.598820400] []: TF_OLD_DATA ignoring data from the past for frame front_right_wheel at time 1785296810.192138 according to authority Authority undetectable
Possible reasons are listed at http://wiki.ros.org/tf/Errors%20explained
[WARN] [1785296827.598830418] []: TF_OLD_DATA ignoring data from the past for frame rear_left_wheel at time 1785296810.192138 according to authority Authority undetectable
Possible reasons are listed at http://wiki.ros.org/tf/Errors%20explained
[WARN] [1785296827.598839252] []: TF_OLD_DATA ignoring data from the past for frame rear_right_wheel at time 1785296810.192138 according to authority Authority undetectable
Possible reasons are listed at http://wiki.ros.org/tf/Errors%20explained
[WARN] [1785296827.599375533] []: TF_OLD_DATA ignoring data from the past for frame front_left_wheel at time 1785296810.392092 according to authority Authority undetectable
Possible reasons are listed at http://wiki.ros.org/tf/Errors%20explained
[WARN] [1785296827.599395033] []: TF_OLD_DATA ignoring data from the past for frame front_right_wheel at time 1785296810.392092 according to authority Authority undetectable
Possible reasons are listed at http://wiki.ros.org/tf/Errors%20explained
[WARN] [1785296827.599404477] []: TF_OLD_DATA ignoring data from the past for frame rear_left_wheel at time 1785296810.392092 according to authority Authority undetectable
Possible reasons are listed at http://wiki.ros.org/tf/Errors%20explained
[WARN] [1785296827.599413107] []: TF_OLD_DATA ignoring data from the past for frame rear_right_wheel at time 1785296810.392092 according to authority Authority undetectable
Possible reasons are listed at http://wiki.ros.org/tf/Errors%20explained
[WARN] [1785296827.599455200] []: TF_OLD_DATA ignoring data from the past for frame front_left_wheel at time 1785296810.492070 according to authority Authority undetectable
Possible reasons are listed at http://wiki.ros.org/tf/Errors%20explained
[WARN] [1785296827.599471274] []: TF_OLD_DATA ignoring data from the past for frame front_right_wheel at time 1785296810.492070 according to authority Authority undetectable
Possible reasons are listed at http://wiki.ros.org/tf/Errors%20explained
[WARN] [1785296827.599481348] []: TF_OLD_DATA ignoring data from the past for frame rear_left_wheel at time 1785296810.492070 according to authority Authority undetectable
Possible reasons are listed at http://wiki.ros.org/tf/Errors%20explained
[WARN] [1785296827.599492126] []: TF_OLD_DATA ignoring data from the past for frame rear_right_wheel at time 1785296810.492070 according to authority Authority undetectable
Possible reasons are listed at http://wiki.ros.org/tf/Errors%20explained
[WARN] [1785296827.599549108] []: TF_OLD_DATA ignoring data from the past for frame front_left_wheel at time 1785296810.592225 according to authority Authority undetectable
Possible reasons are listed at http://wiki.ros.org/tf/Errors%20explained
[WARN] [1785296827.600648762] []: TF_OLD_DATA ignoring data from the past for frame front_right_wheel at time 1785296810.592225 according to authority Authority undetectable
Possible reasons are listed at http://wiki.ros.org/tf/Errors%20explained
[WARN] [1785296827.600664725] []: TF_OLD_DATA ignoring data from the past for frame rear_left_wheel at time 1785296810.592225 according to authority Authority undetectable
Possible reasons are listed at http://wiki.ros.org/tf/Errors%20explained
[WARN] [1785296827.600703466] []: TF_OLD_DATA ignoring data from the past for frame rear_right_wheel at time 1785296810.592225 according to authority Authority undetectable
Possible reasons are listed at http://wiki.ros.org/tf/Errors%20explained
[WARN] [1785296827.600781800] []: TF_OLD_DATA ignoring data from the past for frame front_left_wheel at time 1785296810.692075 according to authority Authority undetectable
Possible reasons are listed at http://wiki.ros.org/tf/Errors%20explained
[WARN] [1785296827.600796615] []: TF_OLD_DATA ignoring data from the past for frame front_right_wheel at time 1785296810.692075 according to authority Authority undetectable
Possible reasons are listed at http://wiki.ros.org/tf/Errors%20explained
[WARN] [1785296827.600809522] []: TF_OLD_DATA ignoring data from the past for frame rear_left_wheel at time 1785296810.692075 according to authority Authority undetectable
Possible reasons are listed at http://wiki.ros.org/tf/Errors%20explained
[WARN] [1785296827.600820392] []: TF_OLD_DATA ignoring data from the past for frame rear_right_wheel at time 1785296810.692075 according to authority Authority undetectable
Possible reasons are listed at http://wiki.ros.org/tf/Errors%20explained
[WARN] [1785296827.600876874] []: TF_OLD_DATA ignoring data from the past for frame front_left_wheel at time 1785296810.892080 according to authority Authority undetectable
Possible reasons are listed at http://wiki.ros.org/tf/Errors%20explained
[WARN] [1785296827.600890874] []: TF_OLD_DATA ignoring data from the past for frame front_right_wheel at time 1785296810.892080 according to authority Authority undetectable
Possible reasons are listed at http://wiki.ros.org/tf/Errors%20explained
[WARN] [1785296827.600900208] []: TF_OLD_DATA ignoring data from the past for frame rear_left_wheel at time 1785296810.892080 according to authority Authority undetectable
Possible reasons are listed at http://wiki.ros.org/tf/Errors%20explained
[WARN] [1785296827.600908541] []: TF_OLD_DATA ignoring data from the past for frame rear_right_wheel at time 1785296810.892080 according to authority Authority undetectable
Possible reasons are listed at http://wiki.ros.org/tf/Errors%20explained
[WARN] [1785296827.600938449] []: TF_OLD_DATA ignoring data from the past for frame front_left_wheel at time 1785296810.992083 according to authority Authority undetectable
Possible reasons are listed at http://wiki.ros.org/tf/Errors%20explained
[WARN] [1785296827.600952245] []: TF_OLD_DATA ignoring data from the past for frame front_right_wheel at time 1785296810.992083 according to authority Authority undetectable
Possible reasons are listed at http://wiki.ros.org/tf/Errors%20explained
[WARN] [1785296827.600960690] []: TF_OLD_DATA ignoring data from the past for frame rear_left_wheel at time 1785296810.992083 according to authority Authority undetectable
Possible reasons are listed at http://wiki.ros.org/tf/Errors%20explained
[WARN] [1785296827.600968838] []: TF_OLD_DATA ignoring data from the past for frame rear_right_wheel at time 1785296810.992083 according to authority Authority undetectable
Possible reasons are listed at http://wiki.ros.org/tf/Errors%20explained
[WARN] [1785296827.600996505] []: TF_OLD_DATA ignoring data from the past for frame front_left_wheel at time 1785296811.092102 according to authority Authority undetectable
Possible reasons are listed at http://wiki.ros.org/tf/Errors%20explained
[WARN] [1785296827.601152154] []: TF_OLD_DATA ignoring data from the past for frame front_right_wheel at time 1785296811.092102 according to authority Authority undetectable
Possible reasons are listed at http://wiki.ros.org/tf/Errors%20explained
[WARN] [1785296827.601164394] []: TF_OLD_DATA ignoring data from the past for frame rear_left_wheel at time 1785296811.092102 according to authority Authority undetectable
Possible reasons are listed at http://wiki.ros.org/tf/Errors%20explained
[WARN] [1785296827.601173209] []: TF_OLD_DATA ignoring data from the past for frame rear_right_wheel at time 1785296811.092102 according to authority Authority undetectable
Possible reasons are listed at http://wiki.ros.org/tf/Errors%20explained
[WARN] [1785296827.601325062] []: TF_OLD_DATA ignoring data from the past for frame front_left_wheel at time 1785296811.192111 according to authority Authority undetectable
Possible reasons are listed at http://wiki.ros.org/tf/Errors%20explained
[WARN] [1785296827.601342303] []: TF_OLD_DATA ignoring data from the past for frame front_right_wheel at time 1785296811.192111 according to authority Authority undetectable
Possible reasons are listed at http://wiki.ros.org/tf/Errors%20explained
[WARN] [1785296827.601351303] []: TF_OLD_DATA ignoring data from the past for frame rear_left_wheel at time 1785296811.192111 according to authority Authority undetectable
Possible reasons are listed at http://wiki.ros.org/tf/Errors%20explained
[WARN] [1785296827.601359544] []: TF_OLD_DATA ignoring data from the past for frame rear_right_wheel at time 1785296811.192111 according to authority Authority undetectable
Possible reasons are listed at http://wiki.ros.org/tf/Errors%20explained
[WARN] [1785296827.601385896] []: TF_OLD_DATA ignoring data from the past for frame front_left_wheel at time 1785296811.292096 according to authority Authority undetectable
Possible reasons are listed at http://wiki.ros.org/tf/Errors%20explained
[WARN] [1785296827.601397266] []: TF_OLD_DATA ignoring data from the past for frame front_right_wheel at time 1785296811.292096 according to authority Authority undetectable
Possible reasons are listed at http://wiki.ros.org/tf/Errors%20explained
[WARN] [1785296827.601405544] []: TF_OLD_DATA ignoring data from the past for frame rear_left_wheel at time 1785296811.292096 according to authority Authority undetectable
Possible reasons are listed at http://wiki.ros.org/tf/Errors%20explained
[WARN] [1785296827.601413544] []: TF_OLD_DATA ignoring data from the past for frame rear_right_wheel at time 1785296811.292096 according to authority Authority undetectable
Possible reasons are listed at http://wiki.ros.org/tf/Errors%20explained
[WARN] [1785296827.601437063] []: TF_OLD_DATA ignoring data from the past for frame front_left_wheel at time 1785296811.392068 according to authority Authority undetectable
Possible reasons are listed at http://wiki.ros.org/tf/Errors%20explained
[WARN] [1785296827.601448155] []: TF_OLD_DATA ignoring data from the past for frame front_right_wheel at time 1785296811.392068 according to authority Authority undetectable
Possible reasons are listed at http://wiki.ros.org/tf/Errors%20explained
[WARN] [1785296827.601456378] []: TF_OLD_DATA ignoring data from the past for frame rear_left_wheel at time 1785296811.392068 according to authority Authority undetectable
Possible reasons are listed at http://wiki.ros.org/tf/Errors%20explained
[WARN] [1785296827.601464452] []: TF_OLD_DATA ignoring data from the past for frame rear_right_wheel at time 1785296811.392068 according to authority Authority undetectable
Possible reasons are listed at http://wiki.ros.org/tf/Errors%20explained
[WARN] [1785296827.601488489] []: TF_OLD_DATA ignoring data from the past for frame front_left_wheel at time 1785296811.592109 according to authority Authority undetectable
Possible reasons are listed at http://wiki.ros.org/tf/Errors%20explained
[WARN] [1785296827.601504304] []: TF_OLD_DATA ignoring data from the past for frame front_right_wheel at time 1785296811.592109 according to authority Authority undetectable
Possible reasons are listed at http://wiki.ros.org/tf/Errors%20explained
[WARN] [1785296827.601513100] []: TF_OLD_DATA ignoring data from the past for frame rear_left_wheel at time 1785296811.592109 according to authority Authority undetectable
Possible reasons are listed at http://wiki.ros.org/tf/Errors%20explained
[WARN] [1785296827.601521267] []: TF_OLD_DATA ignoring data from the past for frame rear_right_wheel at time 1785296811.592109 according to authority Authority undetectable
Possible reasons are listed at http://wiki.ros.org/tf/Errors%20explained
[WARN] [1785296827.601567323] []: TF_OLD_DATA ignoring data from the past for frame front_left_wheel at time 1785296811.692075 according to authority Authority undetectable
Possible reasons are listed at http://wiki.ros.org/tf/Errors%20explained
[WARN] [1785296827.601579804] []: TF_OLD_DATA ignoring data from the past for frame front_right_wheel at time 1785296811.692075 according to authority Authority undetectable
Possible reasons are listed at http://wiki.ros.org/tf/Errors%20explained
[WARN] [1785296827.601588341] []: TF_OLD_DATA ignoring data from the past for frame rear_left_wheel at time 1785296811.692075 according to authority Authority undetectable
Possible reasons are listed at http://wiki.ros.org/tf/Errors%20explained
[WARN] [1785296827.601596526] []: TF_OLD_DATA ignoring data from the past for frame rear_right_wheel at time 1785296811.692075 according to authority Authority undetectable
Possible reasons are listed at http://wiki.ros.org/tf/Errors%20explained
[WARN] [1785296827.601619082] []: TF_OLD_DATA ignoring data from the past for frame front_left_wheel at time 1785296811.892071 according to authority Authority undetectable
Possible reasons are listed at http://wiki.ros.org/tf/Errors%20explained
[WARN] [1785296827.601630916] []: TF_OLD_DATA ignoring data from the past for frame front_right_wheel at time 1785296811.892071 according to authority Authority undetectable
Possible reasons are listed at http://wiki.ros.org/tf/Errors%20explained
[WARN] [1785296827.601639471] []: TF_OLD_DATA ignoring data from the past for frame rear_left_wheel at time 1785296811.892071 according to authority Authority undetectable
Possible reasons are listed at http://wiki.ros.org/tf/Errors%20explained
[WARN] [1785296827.601647582] []: TF_OLD_DATA ignoring data from the past for frame rear_right_wheel at time 1785296811.892071 according to authority Authority undetectable
Possible reasons are listed at http://wiki.ros.org/tf/Errors%20explained
[WARN] [1785296827.601669175] []: TF_OLD_DATA ignoring data from the past for frame front_left_wheel at time 1785296811.992069 according to authority Authority undetectable
Possible reasons are listed at http://wiki.ros.org/tf/Errors%20explained
[WARN] [1785296827.601680379] []: TF_OLD_DATA ignoring data from the past for frame front_right_wheel at time 1785296811.992069 according to authority Authority undetectable
Possible reasons are listed at http://wiki.ros.org/tf/Errors%20explained
[WARN] [1785296827.601689249] []: TF_OLD_DATA ignoring data from the past for frame rear_left_wheel at time 1785296811.992069 according to authority Authority undetectable
Possible reasons are listed at http://wiki.ros.org/tf/Errors%20explained
[WARN] [1785296827.601697416] []: TF_OLD_DATA ignoring data from the past for frame rear_right_wheel at time 1785296811.992069 according to authority Authority undetectable
Possible reasons are listed at http://wiki.ros.org/tf/Errors%20explained
[WARN] [1785296827.601719268] []: TF_OLD_DATA ignoring data from the past for frame front_left_wheel at time 1785296812.092093 according to authority Authority undetectable
Possible reasons are listed at http://wiki.ros.org/tf/Errors%20explained
[WARN] [1785296827.601732212] []: TF_OLD_DATA ignoring data from the past for frame front_right_wheel at time 1785296812.092093 according to authority Authority undetectable
Possible reasons are listed at http://wiki.ros.org/tf/Errors%20explained
[WARN] [1785296827.601740564] []: TF_OLD_DATA ignoring data from the past for frame rear_left_wheel at time 1785296812.092093 according to authority Authority undetectable
Possible reasons are listed at http://wiki.ros.org/tf/Errors%20explained
[WARN] [1785296827.601748694] []: TF_OLD_DATA ignoring data from the past for frame rear_right_wheel at time 1785296812.092093 according to authority Authority undetectable
Possible reasons are listed at http://wiki.ros.org/tf/Errors%20explained
[WARN] [1785296827.601771064] []: TF_OLD_DATA ignoring data from the past for frame front_left_wheel at time 1785296812.292102 according to authority Authority undetectable
Possible reasons are listed at http://wiki.ros.org/tf/Errors%20explained
[WARN] [1785296827.601796491] []: TF_OLD_DATA ignoring data from the past for frame front_right_wheel at time 1785296812.292102 according to authority Authority undetectable
Possible reasons are listed at http://wiki.ros.org/tf/Errors%20explained
[WARN] [1785296827.601806954] []: TF_OLD_DATA ignoring data from the past for frame rear_left_wheel at time 1785296812.292102 according to authority Authority undetectable
Possible reasons are listed at http://wiki.ros.org/tf/Errors%20explained
[WARN] [1785296827.601815102] []: TF_OLD_DATA ignoring data from the past for frame rear_right_wheel at time 1785296812.292102 according to authority Authority undetectable
Possible reasons are listed at http://wiki.ros.org/tf/Errors%20explained
[WARN] [1785296827.601839991] []: TF_OLD_DATA ignoring data from the past for frame front_left_wheel at time 1785296812.392108 according to authority Authority undetectable
Possible reasons are listed at http://wiki.ros.org/tf/Errors%20explained
[WARN] [1785296827.601851898] []: TF_OLD_DATA ignoring data from the past for frame front_right_wheel at time 1785296812.392108 according to authority Authority undetectable
Possible reasons are listed at http://wiki.ros.org/tf/Errors%20explained
[WARN] [1785296827.601861380] []: TF_OLD_DATA ignoring data from the past for frame rear_left_wheel at time 1785296812.392108 according to authority Authority undetectable
Possible reasons are listed at http://wiki.ros.org/tf/Errors%20explained
[WARN] [1785296827.601869509] []: TF_OLD_DATA ignoring data from the past for frame rear_right_wheel at time 1785296812.392108 according to authority Authority undetectable
Possible reasons are listed at http://wiki.ros.org/tf/Errors%20explained
[WARN] [1785296827.601891361] []: TF_OLD_DATA ignoring data from the past for frame front_left_wheel at time 1785296812.492109 according to authority Authority undetectable
Possible reasons are listed at http://wiki.ros.org/tf/Errors%20explained
[WARN] [1785296827.601902936] []: TF_OLD_DATA ignoring data from the past for frame front_right_wheel at time 1785296812.492109 according to authority Authority undetectable
Possible reasons are listed at http://wiki.ros.org/tf/Errors%20explained
[WARN] [1785296827.601911232] []: TF_OLD_DATA ignoring data from the past for frame rear_left_wheel at time 1785296812.492109 according to authority Authority undetectable
Possible reasons are listed at http://wiki.ros.org/tf/Errors%20explained
[WARN] [1785296827.601919232] []: TF_OLD_DATA ignoring data from the past for frame rear_right_wheel at time 1785296812.492109 according to authority Authority undetectable
Possible reasons are listed at http://wiki.ros.org/tf/Errors%20explained
[WARN] [1785296827.601941177] []: TF_OLD_DATA ignoring data from the past for frame front_left_wheel at time 1785296812.592103 according to authority Authority undetectable
Possible reasons are listed at http://wiki.ros.org/tf/Errors%20explained
[WARN] [1785296827.601954065] []: TF_OLD_DATA ignoring data from the past for frame front_right_wheel at time 1785296812.592103 according to authority Authority undetectable
Possible reasons are listed at http://wiki.ros.org/tf/Errors%20explained
[WARN] [1785296827.601963047] []: TF_OLD_DATA ignoring data from the past for frame rear_left_wheel at time 1785296812.592103 according to authority Authority undetectable
Possible reasons are listed at http://wiki.ros.org/tf/Errors%20explained
[WARN] [1785296827.601971121] []: TF_OLD_DATA ignoring data from the past for frame rear_right_wheel at time 1785296812.592103 according to authority Authority undetectable
Possible reasons are listed at http://wiki.ros.org/tf/Errors%20explained
[WARN] [1785296827.601992325] []: TF_OLD_DATA ignoring data from the past for frame front_left_wheel at time 1785296812.692104 according to authority Authority undetectable
Possible reasons are listed at http://wiki.ros.org/tf/Errors%20explained
[WARN] [1785296827.602003195] []: TF_OLD_DATA ignoring data from the past for frame front_right_wheel at time 1785296812.692104 according to authority Authority undetectable
Possible reasons are listed at http://wiki.ros.org/tf/Errors%20explained
[WARN] [1785296827.602028399] []: TF_OLD_DATA ignoring data from the past for frame rear_left_wheel at time 1785296812.692104 according to authority Authority undetectable
Possible reasons are listed at http://wiki.ros.org/tf/Errors%20explained
[WARN] [1785296827.602039325] []: TF_OLD_DATA ignoring data from the past for frame rear_right_wheel at time 1785296812.692104 according to authority Authority undetectable
Possible reasons are listed at http://wiki.ros.org/tf/Errors%20explained
[WARN] [1785296827.602066103] []: TF_OLD_DATA ignoring data from the past for frame front_left_wheel at time 1785296813.192057 according to authority Authority undetectable
Possible reasons are listed at http://wiki.ros.org/tf/Errors%20explained
[WARN] [1785296827.602077418] []: TF_OLD_DATA ignoring data from the past for frame front_right_wheel at time 1785296813.192057 according to authority Authority undetectable
Possible reasons are listed at http://wiki.ros.org/tf/Errors%20explained
[WARN] [1785296827.602086196] []: TF_OLD_DATA ignoring data from the past for frame rear_left_wheel at time 1785296813.192057 according to authority Authority undetectable
Possible reasons are listed at http://wiki.ros.org/tf/Errors%20explained
[WARN] [1785296827.602094307] []: TF_OLD_DATA ignoring data from the past for frame rear_right_wheel at time 1785296813.192057 according to authority Authority undetectable
Possible reasons are listed at http://wiki.ros.org/tf/Errors%20explained
[WARN] [1785296827.602117196] []: TF_OLD_DATA ignoring data from the past for frame front_left_wheel at time 1785296813.292061 according to authority Authority undetectable
Possible reasons are listed at http://wiki.ros.org/tf/Errors%20explained
[WARN] [1785296827.602128844] []: TF_OLD_DATA ignoring data from the past for frame front_right_wheel at time 1785296813.292061 according to authority Authority undetectable
Possible reasons are listed at http://wiki.ros.org/tf/Errors%20explained
[WARN] [1785296827.602137141] []: TF_OLD_DATA ignoring data from the past for frame rear_left_wheel at time 1785296813.292061 according to authority Authority undetectable
Possible reasons are listed at http://wiki.ros.org/tf/Errors%20explained
[WARN] [1785296827.602145233] []: TF_OLD_DATA ignoring data from the past for frame rear_right_wheel at time 1785296813.292061 according to authority Authority undetectable
Possible reasons are listed at http://wiki.ros.org/tf/Errors%20explained
[WARN] [1785296827.602168715] []: TF_OLD_DATA ignoring data from the past for frame front_left_wheel at time 1785296813.392159 according to authority Authority undetectable
Possible reasons are listed at http://wiki.ros.org/tf/Errors%20explained
[WARN] [1785296827.602181919] []: TF_OLD_DATA ignoring data from the past for frame front_right_wheel at time 1785296813.392159 according to authority Authority undetectable
Possible reasons are listed at http://wiki.ros.org/tf/Errors%20explained
[WARN] [1785296827.603213850] []: TF_OLD_DATA ignoring data from the past for frame rear_left_wheel at time 1785296813.392159 according to authority Authority undetectable
Possible reasons are listed at http://wiki.ros.org/tf/Errors%20explained
[WARN] [1785296827.603257813] []: TF_OLD_DATA ignoring data from the past for frame rear_right_wheel at time 1785296813.392159 according to authority Authority undetectable
Possible reasons are listed at http://wiki.ros.org/tf/Errors%20explained
[WARN] [1785296827.603458444] []: TF_OLD_DATA ignoring data from the past for frame front_left_wheel at time 1785296813.492105 according to authority Authority undetectable
Possible reasons are listed at http://wiki.ros.org/tf/Errors%20explained
[WARN] [1785296827.603480333] []: TF_OLD_DATA ignoring data from the past for frame front_right_wheel at time 1785296813.492105 according to authority Authority undetectable
Possible reasons are listed at http://wiki.ros.org/tf/Errors%20explained
[WARN] [1785296827.603529111] []: TF_OLD_DATA ignoring data from the past for frame rear_left_wheel at time 1785296813.492105 according to authority Authority undetectable
Possible reasons are listed at http://wiki.ros.org/tf/Errors%20explained
[WARN] [1785296827.603539519] []: TF_OLD_DATA ignoring data from the past for frame rear_right_wheel at time 1785296813.492105 according to authority Authority undetectable
Possible reasons are listed at http://wiki.ros.org/tf/Errors%20explained
[WARN] [1785296827.603589260] []: TF_OLD_DATA ignoring data from the past for frame front_left_wheel at time 1785296813.592230 according to authority Authority undetectable
Possible reasons are listed at http://wiki.ros.org/tf/Errors%20explained
[WARN] [1785296827.603605593] []: TF_OLD_DATA ignoring data from the past for frame front_right_wheel at time 1785296813.592230 according to authority Authority undetectable
Possible reasons are listed at http://wiki.ros.org/tf/Errors%20explained
[WARN] [1785296827.603615112] []: TF_OLD_DATA ignoring data from the past for frame rear_left_wheel at time 1785296813.592230 according to authority Authority undetectable
Possible reasons are listed at http://wiki.ros.org/tf/Errors%20explained
[WARN] [1785296827.603623630] []: TF_OLD_DATA ignoring data from the past for frame rear_right_wheel at time 1785296813.592230 according to authority Authority undetectable
Possible reasons are listed at http://wiki.ros.org/tf/Errors%20explained
[WARN] [1785296827.603815780] []: TF_OLD_DATA ignoring data from the past for frame front_left_wheel at time 1785296813.692563 according to authority Authority undetectable
Possible reasons are listed at http://wiki.ros.org/tf/Errors%20explained
[WARN] [1785296827.603833539] []: TF_OLD_DATA ignoring data from the past for frame front_right_wheel at time 1785296813.692563 according to authority Authority undetectable
Possible reasons are listed at http://wiki.ros.org/tf/Errors%20explained
[WARN] [1785296827.603842761] []: TF_OLD_DATA ignoring data from the past for frame rear_left_wheel at time 1785296813.692563 according to authority Authority undetectable
Possible reasons are listed at http://wiki.ros.org/tf/Errors%20explained
[WARN] [1785296827.603851372] []: TF_OLD_DATA ignoring data from the past for frame rear_right_wheel at time 1785296813.692563 according to authority Authority undetectable
Possible reasons are listed at http://wiki.ros.org/tf/Errors%20explained
[WARN] [1785296827.603892317] []: TF_OLD_DATA ignoring data from the past for frame front_left_wheel at time 1785296813.792081 according to authority Authority undetectable
Possible reasons are listed at http://wiki.ros.org/tf/Errors%20explained
[WARN] [1785296827.603908762] []: TF_OLD_DATA ignoring data from the past for frame front_right_wheel at time 1785296813.792081 according to authority Authority undetectable
Possible reasons are listed at http://wiki.ros.org/tf/Errors%20explained
[WARN] [1785296827.603918576] []: TF_OLD_DATA ignoring data from the past for frame rear_left_wheel at time 1785296813.792081 according to authority Authority undetectable
Possible reasons are listed at http://wiki.ros.org/tf/Errors%20explained
[WARN] [1785296827.603926762] []: TF_OLD_DATA ignoring data from the past for frame rear_right_wheel at time 1785296813.792081 according to authority Authority undetectable
Possible reasons are listed at http://wiki.ros.org/tf/Errors%20explained
[INFO] [1785296827.707940971] [global_costmap.global_costmap]: Message Filter dropping message: frame 'laser' at time 1785296825.497 for reason 'the timestamp on the message is earlier than all the data in the transform cache'
[ERROR] [1785296830.066205864] [transformPoseInTargetFrame]: Extrapolation Error looking up target frame: Lookup would require extrapolation into the past.  Requested time 1785296799.468328 but the earliest data is at time 1785296820.893895, when looking up transform from frame [base_footprint] to frame [map]

[WARN] [1785296830.097473705] []: TF_OLD_DATA ignoring data from the past for frame front_left_wheel at time 1785296813.992129 according to authority Authority undetectable
Possible reasons are listed at http://wiki.ros.org/tf/Errors%20explained
[WARN] [1785296830.097617391] []: TF_OLD_DATA ignoring data from the past for frame front_right_wheel at time 1785296813.992129 according to authority Authority undetectable
Possible reasons are listed at http://wiki.ros.org/tf/Errors%20explained
[WARN] [1785296830.097686484] []: TF_OLD_DATA ignoring data from the past for frame rear_left_wheel at time 1785296813.992129 according to authority Authority undetectable
Possible reasons are listed at http://wiki.ros.org/tf/Errors%20explained
[WARN] [1785296830.097800151] []: TF_OLD_DATA ignoring data from the past for frame rear_right_wheel at time 1785296813.992129 according to authority Authority undetectable
Possible reasons are listed at http://wiki.ros.org/tf/Errors%20explained
[WARN] [1785296830.098053282] []: TF_OLD_DATA ignoring data from the past for frame front_left_wheel at time 1785296814.092046 according to authority Authority undetectable
Possible reasons are listed at http://wiki.ros.org/tf/Errors%20explained
[WARN] [1785296830.098077764] []: TF_OLD_DATA ignoring data from the past for frame front_right_wheel at time 1785296814.092046 according to authority Authority undetectable
Possible reasons are listed at http://wiki.ros.org/tf/Errors%20explained
[WARN] [1785296830.098090209] []: TF_OLD_DATA ignoring data from the past for frame rear_left_wheel at time 1785296814.092046 according to authority Authority undetectable
Possible reasons are listed at http://wiki.ros.org/tf/Errors%20explained
[WARN] [1785296830.098100338] []: TF_OLD_DATA ignoring data from the past for frame rear_right_wheel at time 1785296814.092046 according to authority Authority undetectable
Possible reasons are listed at http://wiki.ros.org/tf/Errors%20explained
[WARN] [1785296830.098313525] []: TF_OLD_DATA ignoring data from the past for frame front_left_wheel at time 1785296814.192134 according to authority Authority undetectable
Possible reasons are listed at http://wiki.ros.org/tf/Errors%20explained
[WARN] [1785296830.098337488] []: TF_OLD_DATA ignoring data from the past for frame front_right_wheel at time 1785296814.192134 according to authority Authority undetectable
Possible reasons are listed at http://wiki.ros.org/tf/Errors%20explained
[WARN] [1785296830.098348321] []: TF_OLD_DATA ignoring data from the past for frame rear_left_wheel at time 1785296814.192134 according to authority Authority undetectable
Possible reasons are listed at http://wiki.ros.org/tf/Errors%20explained
[WARN] [1785296830.098356469] []: TF_OLD_DATA ignoring data from the past for frame rear_right_wheel at time 1785296814.192134 according to authority Authority undetectable
Possible reasons are listed at http://wiki.ros.org/tf/Errors%20explained
[WARN] [1785296830.098436285] []: TF_OLD_DATA ignoring data from the past for frame front_left_wheel at time 1785296814.292081 according to authority Authority undetectable
Possible reasons are listed at http://wiki.ros.org/tf/Errors%20explained
[WARN] [1785296830.098458211] []: TF_OLD_DATA ignoring data from the past for frame front_right_wheel at time 1785296814.292081 according to authority Authority undetectable
Possible reasons are listed at http://wiki.ros.org/tf/Errors%20explained
[WARN] [1785296830.098469285] []: TF_OLD_DATA ignoring data from the past for frame rear_left_wheel at time 1785296814.292081 according to authority Authority undetectable
Possible reasons are listed at http://wiki.ros.org/tf/Errors%20explained
[WARN] [1785296830.098477563] []: TF_OLD_DATA ignoring data from the past for frame rear_right_wheel at time 1785296814.292081 according to authority Authority undetectable
Possible reasons are listed at http://wiki.ros.org/tf/Errors%20explained
[WARN] [1785296830.100612315] []: TF_OLD_DATA ignoring data from the past for frame front_left_wheel at time 1785296814.392079 according to authority Authority undetectable
Possible reasons are listed at http://wiki.ros.org/tf/Errors%20explained
[WARN] [1785296830.100736760] []: TF_OLD_DATA ignoring data from the past for frame front_right_wheel at time 1785296814.392079 according to authority Authority undetectable
Possible reasons are listed at http://wiki.ros.org/tf/Errors%20explained
[WARN] [1785296830.100755353] []: TF_OLD_DATA ignoring data from the past for frame rear_left_wheel at time 1785296814.392079 according to authority Authority undetectable
Possible reasons are listed at http://wiki.ros.org/tf/Errors%20explained
[WARN] [1785296830.100766057] []: TF_OLD_DATA ignoring data from the past for frame rear_right_wheel at time 1785296814.392079 according to authority Authority undetectable
Possible reasons are listed at http://wiki.ros.org/tf/Errors%20explained
[INFO] [1785296830.284800065] [global_costmap.global_costmap]: Message Filter dropping message: frame 'laser' at time 1785296829.981 for reason 'the timestamp on the message is earlier than all the data in the transform cache'
[INFO] [1785296832.886637075] [global_costmap.global_costmap]: Message Filter dropping message: frame 'laser' at time 1785296832.581 for reason 'the timestamp on the message is earlier than all the data in the transform cache'
[ERROR] [1785296833.401518761] [transformPoseInTargetFrame]: Extrapolation Error looking up target frame: Lookup would require extrapolation into the past.  Requested time 1785296799.468328 but the earliest data is at time 1785296824.258499, when looking up transform from frame [base_footprint] to frame [map]

[INFO] [1785296835.480555467] [global_costmap.global_costmap]: Message Filter dropping message: frame 'laser' at time 1785296835.177 for reason 'the timestamp on the message is earlier than all the data in the transform cache'
[WARN] [1785296837.202699794] []: TF_OLD_DATA ignoring data from the past for frame front_left_wheel at time 1785296817.492105 according to authority Authority undetectable
Possible reasons are listed at http://wiki.ros.org/tf/Errors%20explained
[WARN] [1785296837.202743868] []: TF_OLD_DATA ignoring data from the past for frame front_right_wheel at time 1785296817.492105 according to authority Authority undetectable
Possible reasons are listed at http://wiki.ros.org/tf/Errors%20explained
[WARN] [1785296837.202758053] []: TF_OLD_DATA ignoring data from the past for frame rear_left_wheel at time 1785296817.492105 according to authority Authority undetectable
Possible reasons are listed at http://wiki.ros.org/tf/Errors%20explained
[WARN] [1785296837.202772146] []: TF_OLD_DATA ignoring data from the past for frame rear_right_wheel at time 1785296817.492105 according to authority Authority undetectable
Possible reasons are listed at http://wiki.ros.org/tf/Errors%20explained
[WARN] [1785296837.223612836] []: TF_OLD_DATA ignoring data from the past for frame front_left_wheel at time 1785296817.592336 according to authority Authority undetectable
Possible reasons are listed at http://wiki.ros.org/tf/Errors%20explained
[WARN] [1785296837.223643596] []: TF_OLD_DATA ignoring data from the past for frame front_right_wheel at time 1785296817.592336 according to authority Authority undetectable
Possible reasons are listed at http://wiki.ros.org/tf/Errors%20explained
[WARN] [1785296837.223653373] []: TF_OLD_DATA ignoring data from the past for frame rear_left_wheel at time 1785296817.592336 according to authority Authority undetectable
Possible reasons are listed at http://wiki.ros.org/tf/Errors%20explained
[WARN] [1785296837.223662059] []: TF_OLD_DATA ignoring data from the past for frame rear_right_wheel at time 1785296817.592336 according to authority Authority undetectable
Possible reasons are listed at http://wiki.ros.org/tf/Errors%20explained
[WARN] [1785296837.262684406] []: TF_OLD_DATA ignoring data from the past for frame front_left_wheel at time 1785296817.692189 according to authority Authority undetectable
Possible reasons are listed at http://wiki.ros.org/tf/Errors%20explained
[WARN] [1785296837.262737369] []: TF_OLD_DATA ignoring data from the past for frame front_right_wheel at time 1785296817.692189 according to authority Authority undetectable
Possible reasons are listed at http://wiki.ros.org/tf/Errors%20explained
[WARN] [1785296837.262749277] []: TF_OLD_DATA ignoring data from the past for frame rear_left_wheel at time 1785296817.692189 according to authority Authority undetectable
Possible reasons are listed at http://wiki.ros.org/tf/Errors%20explained
[WARN] [1785296837.262758740] []: TF_OLD_DATA ignoring data from the past for frame rear_right_wheel at time 1785296817.692189 according to authority Authority undetectable
Possible reasons are listed at http://wiki.ros.org/tf/Errors%20explained
[WARN] [1785296837.270859618] []: TF_OLD_DATA ignoring data from the past for frame front_left_wheel at time 1785296817.792080 according to authority Authority undetectable
Possible reasons are listed at http://wiki.ros.org/tf/Errors%20explained
[WARN] [1785296837.270892526] []: TF_OLD_DATA ignoring data from the past for frame front_right_wheel at time 1785296817.792080 according to authority Authority undetectable
Possible reasons are listed at http://wiki.ros.org/tf/Errors%20explained
[WARN] [1785296837.270901396] []: TF_OLD_DATA ignoring data from the past for frame rear_left_wheel at time 1785296817.792080 according to authority Authority undetectable
Possible reasons are listed at http://wiki.ros.org/tf/Errors%20explained
[WARN] [1785296837.270909267] []: TF_OLD_DATA ignoring data from the past for frame rear_right_wheel at time 1785296817.792080 according to authority Authority undetectable
Possible reasons are listed at http://wiki.ros.org/tf/Errors%20explained
[WARN] [1785296837.324725382] []: TF_OLD_DATA ignoring data from the past for frame front_left_wheel at time 1785296817.992090 according to authority Authority undetectable
Possible reasons are listed at http://wiki.ros.org/tf/Errors%20explained
[WARN] [1785296837.324783030] []: TF_OLD_DATA ignoring data from the past for frame front_right_wheel at time 1785296817.992090 according to authority Authority undetectable
Possible reasons are listed at http://wiki.ros.org/tf/Errors%20explained
[WARN] [1785296837.324793845] []: TF_OLD_DATA ignoring data from the past for frame rear_left_wheel at time 1785296817.992090 according to authority Authority undetectable
Possible reasons are listed at http://wiki.ros.org/tf/Errors%20explained
[WARN] [1785296837.324802567] []: TF_OLD_DATA ignoring data from the past for frame rear_right_wheel at time 1785296817.992090 according to authority Authority undetectable
Possible reasons are listed at http://wiki.ros.org/tf/Errors%20explained
[WARN] [1785296837.324840586] []: TF_OLD_DATA ignoring data from the past for frame front_left_wheel at time 1785296818.092047 according to authority Authority undetectable
Possible reasons are listed at http://wiki.ros.org/tf/Errors%20explained
[WARN] [1785296837.324854568] []: TF_OLD_DATA ignoring data from the past for frame front_right_wheel at time 1785296818.092047 according to authority Authority undetectable
Possible reasons are listed at http://wiki.ros.org/tf/Errors%20explained
[WARN] [1785296837.324863771] []: TF_OLD_DATA ignoring data from the past for frame rear_left_wheel at time 1785296818.092047 according to authority Authority undetectable
Possible reasons are listed at http://wiki.ros.org/tf/Errors%20explained
[WARN] [1785296837.324872179] []: TF_OLD_DATA ignoring data from the past for frame rear_right_wheel at time 1785296818.092047 according to authority Authority undetectable
Possible reasons are listed at http://wiki.ros.org/tf/Errors%20explained
[WARN] [1785296837.324895771] []: TF_OLD_DATA ignoring data from the past for frame front_left_wheel at time 1785296818.192026 according to authority Authority undetectable
Possible reasons are listed at http://wiki.ros.org/tf/Errors%20explained
[WARN] [1785296837.324910586] []: TF_OLD_DATA ignoring data from the past for frame front_right_wheel at time 1785296818.192026 according to authority Authority undetectable
Possible reasons are listed at http://wiki.ros.org/tf/Errors%20explained
[WARN] [1785296837.324919253] []: TF_OLD_DATA ignoring data from the past for frame rear_left_wheel at time 1785296818.192026 according to authority Authority undetectable
Possible reasons are listed at http://wiki.ros.org/tf/Errors%20explained
[WARN] [1785296837.324927512] []: TF_OLD_DATA ignoring data from the past for frame rear_right_wheel at time 1785296818.192026 according to authority Authority undetectable
Possible reasons are listed at http://wiki.ros.org/tf/Errors%20explained
[WARN] [1785296837.324950550] []: TF_OLD_DATA ignoring data from the past for frame front_left_wheel at time 1785296818.292089 according to authority Authority undetectable
Possible reasons are listed at http://wiki.ros.org/tf/Errors%20explained
[WARN] [1785296837.324962253] []: TF_OLD_DATA ignoring data from the past for frame front_right_wheel at time 1785296818.292089 according to authority Authority undetectable
Possible reasons are listed at http://wiki.ros.org/tf/Errors%20explained
[WARN] [1785296837.324971216] []: TF_OLD_DATA ignoring data from the past for frame rear_left_wheel at time 1785296818.292089 according to authority Authority undetectable
Possible reasons are listed at http://wiki.ros.org/tf/Errors%20explained
[WARN] [1785296837.324979309] []: TF_OLD_DATA ignoring data from the past for frame rear_right_wheel at time 1785296818.292089 according to authority Authority undetectable
Possible reasons are listed at http://wiki.ros.org/tf/Errors%20explained
[WARN] [1785296837.328448847] []: TF_OLD_DATA ignoring data from the past for frame front_left_wheel at time 1785296818.392309 according to authority Authority undetectable
Possible reasons are listed at http://wiki.ros.org/tf/Errors%20explained
[WARN] [1785296837.328482717] []: TF_OLD_DATA ignoring data from the past for frame front_right_wheel at time 1785296818.392309 according to authority Authority undetectable
Possible reasons are listed at http://wiki.ros.org/tf/Errors%20explained
[WARN] [1785296837.328526810] []: TF_OLD_DATA ignoring data from the past for frame rear_left_wheel at time 1785296818.392309 according to authority Authority undetectable
Possible reasons are listed at http://wiki.ros.org/tf/Errors%20explained
[WARN] [1785296837.328536773] []: TF_OLD_DATA ignoring data from the past for frame rear_right_wheel at time 1785296818.392309 according to authority Authority undetectable
Possible reasons are listed at http://wiki.ros.org/tf/Errors%20explained
[WARN] [1785296837.332649333] []: TF_OLD_DATA ignoring data from the past for frame front_left_wheel at time 1785296818.492105 according to authority Authority undetectable
Possible reasons are listed at http://wiki.ros.org/tf/Errors%20explained
[WARN] [1785296837.332675926] []: TF_OLD_DATA ignoring data from the past for frame front_right_wheel at time 1785296818.492105 according to authority Authority undetectable
Possible reasons are listed at http://wiki.ros.org/tf/Errors%20explained
[WARN] [1785296837.332684407] []: TF_OLD_DATA ignoring data from the past for frame rear_left_wheel at time 1785296818.492105 according to authority Authority undetectable
Possible reasons are listed at http://wiki.ros.org/tf/Errors%20explained
[WARN] [1785296837.332691908] []: TF_OLD_DATA ignoring data from the past for frame rear_right_wheel at time 1785296818.492105 according to authority Authority undetectable
Possible reasons are listed at http://wiki.ros.org/tf/Errors%20explained
[WARN] [1785296837.337057728] []: TF_OLD_DATA ignoring data from the past for frame front_left_wheel at time 1785296818.592027 according to authority Authority undetectable
Possible reasons are listed at http://wiki.ros.org/tf/Errors%20explained
[WARN] [1785296837.337085414] []: TF_OLD_DATA ignoring data from the past for frame front_right_wheel at time 1785296818.592027 according to authority Authority undetectable
Possible reasons are listed at http://wiki.ros.org/tf/Errors%20explained
[WARN] [1785296837.337094025] []: TF_OLD_DATA ignoring data from the past for frame rear_left_wheel at time 1785296818.592027 according to authority Authority undetectable
Possible reasons are listed at http://wiki.ros.org/tf/Errors%20explained
[WARN] [1785296837.337101580] []: TF_OLD_DATA ignoring data from the past for frame rear_right_wheel at time 1785296818.592027 according to authority Authority undetectable
Possible reasons are listed at http://wiki.ros.org/tf/Errors%20explained
[WARN] [1785296837.346741301] []: TF_OLD_DATA ignoring data from the past for frame front_left_wheel at time 1785296818.692082 according to authority Authority undetectable
Possible reasons are listed at http://wiki.ros.org/tf/Errors%20explained
[WARN] [1785296837.346774301] []: TF_OLD_DATA ignoring data from the past for frame front_right_wheel at time 1785296818.692082 according to authority Authority undetectable
Possible reasons are listed at http://wiki.ros.org/tf/Errors%20explained
[WARN] [1785296837.346784023] []: TF_OLD_DATA ignoring data from the past for frame rear_left_wheel at time 1785296818.692082 according to authority Authority undetectable
Possible reasons are listed at http://wiki.ros.org/tf/Errors%20explained
[WARN] [1785296837.346792394] []: TF_OLD_DATA ignoring data from the past for frame rear_right_wheel at time 1785296818.692082 according to authority Authority undetectable
Possible reasons are listed at http://wiki.ros.org/tf/Errors%20explained
[WARN] [1785296837.350902083] []: TF_OLD_DATA ignoring data from the past for frame front_left_wheel at time 1785296818.792077 according to authority Authority undetectable
Possible reasons are listed at http://wiki.ros.org/tf/Errors%20explained
[WARN] [1785296837.350948880] []: TF_OLD_DATA ignoring data from the past for frame front_right_wheel at time 1785296818.792077 according to authority Authority undetectable
Possible reasons are listed at http://wiki.ros.org/tf/Errors%20explained
[WARN] [1785296837.350999547] []: TF_OLD_DATA ignoring data from the past for frame rear_left_wheel at time 1785296818.792077 according to authority Authority undetectable
Possible reasons are listed at http://wiki.ros.org/tf/Errors%20explained
[WARN] [1785296837.351010750] []: TF_OLD_DATA ignoring data from the past for frame rear_right_wheel at time 1785296818.792077 according to authority Authority undetectable
Possible reasons are listed at http://wiki.ros.org/tf/Errors%20explained
[WARN] [1785296837.351051714] []: TF_OLD_DATA ignoring data from the past for frame front_left_wheel at time 1785296818.992085 according to authority Authority undetectable
Possible reasons are listed at http://wiki.ros.org/tf/Errors%20explained
[WARN] [1785296837.351063806] []: TF_OLD_DATA ignoring data from the past for frame front_right_wheel at time 1785296818.992085 according to authority Authority undetectable
Possible reasons are listed at http://wiki.ros.org/tf/Errors%20explained
[WARN] [1785296837.351073029] []: TF_OLD_DATA ignoring data from the past for frame rear_left_wheel at time 1785296818.992085 according to authority Authority undetectable
Possible reasons are listed at http://wiki.ros.org/tf/Errors%20explained
[WARN] [1785296837.351080751] []: TF_OLD_DATA ignoring data from the past for frame rear_right_wheel at time 1785296818.992085 according to authority Authority undetectable
Possible reasons are listed at http://wiki.ros.org/tf/Errors%20explained
[WARN] [1785296837.351104547] []: TF_OLD_DATA ignoring data from the past for frame front_left_wheel at time 1785296819.092065 according to authority Authority undetectable
Possible reasons are listed at http://wiki.ros.org/tf/Errors%20explained
[WARN] [1785296837.351115658] []: TF_OLD_DATA ignoring data from the past for frame front_right_wheel at time 1785296819.092065 according to authority Authority undetectable
Possible reasons are listed at http://wiki.ros.org/tf/Errors%20explained
[WARN] [1785296837.351123566] []: TF_OLD_DATA ignoring data from the past for frame rear_left_wheel at time 1785296819.092065 according to authority Authority undetectable
Possible reasons are listed at http://wiki.ros.org/tf/Errors%20explained
[WARN] [1785296837.351131325] []: TF_OLD_DATA ignoring data from the past for frame rear_right_wheel at time 1785296819.092065 according to authority Authority undetectable
Possible reasons are listed at http://wiki.ros.org/tf/Errors%20explained
[WARN] [1785296837.351152344] []: TF_OLD_DATA ignoring data from the past for frame front_left_wheel at time 1785296819.192112 according to authority Authority undetectable
Possible reasons are listed at http://wiki.ros.org/tf/Errors%20explained
[WARN] [1785296837.351162936] []: TF_OLD_DATA ignoring data from the past for frame front_right_wheel at time 1785296819.192112 according to authority Authority undetectable
Possible reasons are listed at http://wiki.ros.org/tf/Errors%20explained
[WARN] [1785296837.351171344] []: TF_OLD_DATA ignoring data from the past for frame rear_left_wheel at time 1785296819.192112 according to authority Authority undetectable
Possible reasons are listed at http://wiki.ros.org/tf/Errors%20explained
[WARN] [1785296837.351178974] []: TF_OLD_DATA ignoring data from the past for frame rear_right_wheel at time 1785296819.192112 according to authority Authority undetectable
Possible reasons are listed at http://wiki.ros.org/tf/Errors%20explained
[WARN] [1785296837.351216381] []: TF_OLD_DATA ignoring data from the past for frame front_left_wheel at time 1785296819.392092 according to authority Authority undetectable
Possible reasons are listed at http://wiki.ros.org/tf/Errors%20explained
[WARN] [1785296837.351231937] []: TF_OLD_DATA ignoring data from the past for frame front_right_wheel at time 1785296819.392092 according to authority Authority undetectable
Possible reasons are listed at http://wiki.ros.org/tf/Errors%20explained
[WARN] [1785296837.351240141] []: TF_OLD_DATA ignoring data from the past for frame rear_left_wheel at time 1785296819.392092 according to authority Authority undetectable
Possible reasons are listed at http://wiki.ros.org/tf/Errors%20explained
[WARN] [1785296837.351272233] []: TF_OLD_DATA ignoring data from the past for frame rear_right_wheel at time 1785296819.392092 according to authority Authority undetectable
Possible reasons are listed at http://wiki.ros.org/tf/Errors%20explained
[WARN] [1785296837.351303437] []: TF_OLD_DATA ignoring data from the past for frame front_left_wheel at time 1785296819.492071 according to authority Authority undetectable
Possible reasons are listed at http://wiki.ros.org/tf/Errors%20explained
[WARN] [1785296837.351322697] []: TF_OLD_DATA ignoring data from the past for frame front_right_wheel at time 1785296819.492071 according to authority Authority undetectable
Possible reasons are listed at http://wiki.ros.org/tf/Errors%20explained
[WARN] [1785296837.351331308] []: TF_OLD_DATA ignoring data from the past for frame rear_left_wheel at time 1785296819.492071 according to authority Authority undetectable
Possible reasons are listed at http://wiki.ros.org/tf/Errors%20explained
[WARN] [1785296837.351339030] []: TF_OLD_DATA ignoring data from the past for frame rear_right_wheel at time 1785296819.492071 according to authority Authority undetectable
Possible reasons are listed at http://wiki.ros.org/tf/Errors%20explained
[WARN] [1785296837.351364326] []: TF_OLD_DATA ignoring data from the past for frame front_left_wheel at time 1785296819.692072 according to authority Authority undetectable
Possible reasons are listed at http://wiki.ros.org/tf/Errors%20explained
[WARN] [1785296837.351376493] []: TF_OLD_DATA ignoring data from the past for frame front_right_wheel at time 1785296819.692072 according to authority Authority undetectable
Possible reasons are listed at http://wiki.ros.org/tf/Errors%20explained
[WARN] [1785296837.351384586] []: TF_OLD_DATA ignoring data from the past for frame rear_left_wheel at time 1785296819.692072 according to authority Authority undetectable
Possible reasons are listed at http://wiki.ros.org/tf/Errors%20explained
[WARN] [1785296837.351392160] []: TF_OLD_DATA ignoring data from the past for frame rear_right_wheel at time 1785296819.692072 according to authority Authority undetectable
Possible reasons are listed at http://wiki.ros.org/tf/Errors%20explained
[WARN] [1785296837.351415067] []: TF_OLD_DATA ignoring data from the past for frame front_left_wheel at time 1785296819.792038 according to authority Authority undetectable
Possible reasons are listed at http://wiki.ros.org/tf/Errors%20explained
[WARN] [1785296837.351426234] []: TF_OLD_DATA ignoring data from the past for frame front_right_wheel at time 1785296819.792038 according to authority Authority undetectable
Possible reasons are listed at http://wiki.ros.org/tf/Errors%20explained
[WARN] [1785296837.351434568] []: TF_OLD_DATA ignoring data from the past for frame rear_left_wheel at time 1785296819.792038 according to authority Authority undetectable
Possible reasons are listed at http://wiki.ros.org/tf/Errors%20explained
[WARN] [1785296837.351442142] []: TF_OLD_DATA ignoring data from the past for frame rear_right_wheel at time 1785296819.792038 according to authority Authority undetectable
Possible reasons are listed at http://wiki.ros.org/tf/Errors%20explained
[WARN] [1785296837.351462586] []: TF_OLD_DATA ignoring data from the past for frame front_left_wheel at time 1785296819.892114 according to authority Authority undetectable
Possible reasons are listed at http://wiki.ros.org/tf/Errors%20explained
[WARN] [1785296837.351475123] []: TF_OLD_DATA ignoring data from the past for frame front_right_wheel at time 1785296819.892114 according to authority Authority undetectable
Possible reasons are listed at http://wiki.ros.org/tf/Errors%20explained
[WARN] [1785296837.351482920] []: TF_OLD_DATA ignoring data from the past for frame rear_left_wheel at time 1785296819.892114 according to authority Authority undetectable
Possible reasons are listed at http://wiki.ros.org/tf/Errors%20explained
[WARN] [1785296837.351490531] []: TF_OLD_DATA ignoring data from the past for frame rear_right_wheel at time 1785296819.892114 according to authority Authority undetectable
Possible reasons are listed at http://wiki.ros.org/tf/Errors%20explained
[WARN] [1785296837.351528587] []: TF_OLD_DATA ignoring data from the past for frame front_left_wheel at time 1785296819.992148 according to authority Authority undetectable
Possible reasons are listed at http://wiki.ros.org/tf/Errors%20explained
[WARN] [1785296837.351541179] []: TF_OLD_DATA ignoring data from the past for frame front_right_wheel at time 1785296819.992148 according to authority Authority undetectable
Possible reasons are listed at http://wiki.ros.org/tf/Errors%20explained
[WARN] [1785296837.351550272] []: TF_OLD_DATA ignoring data from the past for frame rear_left_wheel at time 1785296819.992148 according to authority Authority undetectable
Possible reasons are listed at http://wiki.ros.org/tf/Errors%20explained
[WARN] [1785296837.351557957] []: TF_OLD_DATA ignoring data from the past for frame rear_right_wheel at time 1785296819.992148 according to authority Authority undetectable
Possible reasons are listed at http://wiki.ros.org/tf/Errors%20explained
[WARN] [1785296837.351580717] []: TF_OLD_DATA ignoring data from the past for frame front_left_wheel at time 1785296820.092114 according to authority Authority undetectable
Possible reasons are listed at http://wiki.ros.org/tf/Errors%20explained
[WARN] [1785296837.351591291] []: TF_OLD_DATA ignoring data from the past for frame front_right_wheel at time 1785296820.092114 according to authority Authority undetectable
Possible reasons are listed at http://wiki.ros.org/tf/Errors%20explained
[WARN] [1785296837.351600291] []: TF_OLD_DATA ignoring data from the past for frame rear_left_wheel at time 1785296820.092114 according to authority Authority undetectable
Possible reasons are listed at http://wiki.ros.org/tf/Errors%20explained
[WARN] [1785296837.351607920] []: TF_OLD_DATA ignoring data from the past for frame rear_right_wheel at time 1785296820.092114 according to authority Authority undetectable
Possible reasons are listed at http://wiki.ros.org/tf/Errors%20explained
[WARN] [1785296837.351629846] []: TF_OLD_DATA ignoring data from the past for frame front_left_wheel at time 1785296820.192164 according to authority Authority undetectable
Possible reasons are listed at http://wiki.ros.org/tf/Errors%20explained
[WARN] [1785296837.351640106] []: TF_OLD_DATA ignoring data from the past for frame front_right_wheel at time 1785296820.192164 according to authority Authority undetectable
Possible reasons are listed at http://wiki.ros.org/tf/Errors%20explained
[WARN] [1785296837.351649124] []: TF_OLD_DATA ignoring data from the past for frame rear_left_wheel at time 1785296820.192164 according to authority Authority undetectable
Possible reasons are listed at http://wiki.ros.org/tf/Errors%20explained
[WARN] [1785296837.351656736] []: TF_OLD_DATA ignoring data from the past for frame rear_right_wheel at time 1785296820.192164 according to authority Authority undetectable
Possible reasons are listed at http://wiki.ros.org/tf/Errors%20explained
[WARN] [1785296837.351678680] []: TF_OLD_DATA ignoring data from the past for frame front_left_wheel at time 1785296820.292089 according to authority Authority undetectable
Possible reasons are listed at http://wiki.ros.org/tf/Errors%20explained
[WARN] [1785296837.351691699] []: TF_OLD_DATA ignoring data from the past for frame front_right_wheel at time 1785296820.292089 according to authority Authority undetectable
Possible reasons are listed at http://wiki.ros.org/tf/Errors%20explained
[WARN] [1785296837.351699514] []: TF_OLD_DATA ignoring data from the past for frame rear_left_wheel at time 1785296820.292089 according to authority Authority undetectable
Possible reasons are listed at http://wiki.ros.org/tf/Errors%20explained
[WARN] [1785296837.351707106] []: TF_OLD_DATA ignoring data from the past for frame rear_right_wheel at time 1785296820.292089 according to authority Authority undetectable
Possible reasons are listed at http://wiki.ros.org/tf/Errors%20explained
[WARN] [1785296837.351742606] []: TF_OLD_DATA ignoring data from the past for frame front_left_wheel at time 1785296820.492075 according to authority Authority undetectable
Possible reasons are listed at http://wiki.ros.org/tf/Errors%20explained
[WARN] [1785296837.351754551] []: TF_OLD_DATA ignoring data from the past for frame front_right_wheel at time 1785296820.492075 according to authority Authority undetectable
Possible reasons are listed at http://wiki.ros.org/tf/Errors%20explained
[WARN] [1785296837.351762384] []: TF_OLD_DATA ignoring data from the past for frame rear_left_wheel at time 1785296820.492075 according to authority Authority undetectable
Possible reasons are listed at http://wiki.ros.org/tf/Errors%20explained
[WARN] [1785296837.351770014] []: TF_OLD_DATA ignoring data from the past for frame rear_right_wheel at time 1785296820.492075 according to authority Authority undetectable
Possible reasons are listed at http://wiki.ros.org/tf/Errors%20explained
[WARN] [1785296837.351792866] []: TF_OLD_DATA ignoring data from the past for frame front_left_wheel at time 1785296820.592387 according to authority Authority undetectable
Possible reasons are listed at http://wiki.ros.org/tf/Errors%20explained
[WARN] [1785296837.351803218] []: TF_OLD_DATA ignoring data from the past for frame front_right_wheel at time 1785296820.592387 according to authority Authority undetectable
Possible reasons are listed at http://wiki.ros.org/tf/Errors%20explained
[WARN] [1785296837.351811570] []: TF_OLD_DATA ignoring data from the past for frame rear_left_wheel at time 1785296820.592387 according to authority Authority undetectable
Possible reasons are listed at http://wiki.ros.org/tf/Errors%20explained
[WARN] [1785296837.351819236] []: TF_OLD_DATA ignoring data from the past for frame rear_right_wheel at time 1785296820.592387 according to authority Authority undetectable
Possible reasons are listed at http://wiki.ros.org/tf/Errors%20explained
[WARN] [1785296837.351839514] []: TF_OLD_DATA ignoring data from the past for frame front_left_wheel at time 1785296820.692088 according to authority Authority undetectable
Possible reasons are listed at http://wiki.ros.org/tf/Errors%20explained
[WARN] [1785296837.351849755] []: TF_OLD_DATA ignoring data from the past for frame front_right_wheel at time 1785296820.692088 according to authority Authority undetectable
Possible reasons are listed at http://wiki.ros.org/tf/Errors%20explained
[WARN] [1785296837.351857496] []: TF_OLD_DATA ignoring data from the past for frame rear_left_wheel at time 1785296820.692088 according to authority Authority undetectable
Possible reasons are listed at http://wiki.ros.org/tf/Errors%20explained
[WARN] [1785296837.351865070] []: TF_OLD_DATA ignoring data from the past for frame rear_right_wheel at time 1785296820.692088 according to authority Authority undetectable
Possible reasons are listed at http://wiki.ros.org/tf/Errors%20explained
[WARN] [1785296837.351908052] []: TF_OLD_DATA ignoring data from the past for frame front_left_wheel at time 1785296820.792054 according to authority Authority undetectable
Possible reasons are listed at http://wiki.ros.org/tf/Errors%20explained
[WARN] [1785296837.351921274] []: TF_OLD_DATA ignoring data from the past for frame front_right_wheel at time 1785296820.792054 according to authority Authority undetectable
Possible reasons are listed at http://wiki.ros.org/tf/Errors%20explained
[WARN] [1785296837.351930348] []: TF_OLD_DATA ignoring data from the past for frame rear_left_wheel at time 1785296820.792054 according to authority Authority undetectable
Possible reasons are listed at http://wiki.ros.org/tf/Errors%20explained
[WARN] [1785296837.351938033] []: TF_OLD_DATA ignoring data from the past for frame rear_right_wheel at time 1785296820.792054 according to authority Authority undetectable
Possible reasons are listed at http://wiki.ros.org/tf/Errors%20explained
[WARN] [1785296837.351963626] []: TF_OLD_DATA ignoring data from the past for frame front_left_wheel at time 1785296820.992171 according to authority Authority undetectable
Possible reasons are listed at http://wiki.ros.org/tf/Errors%20explained
[WARN] [1785296837.351991867] []: TF_OLD_DATA ignoring data from the past for frame front_right_wheel at time 1785296820.992171 according to authority Authority undetectable
Possible reasons are listed at http://wiki.ros.org/tf/Errors%20explained
[WARN] [1785296837.352002626] []: TF_OLD_DATA ignoring data from the past for frame rear_left_wheel at time 1785296820.992171 according to authority Authority undetectable
Possible reasons are listed at http://wiki.ros.org/tf/Errors%20explained
[WARN] [1785296837.352010571] []: TF_OLD_DATA ignoring data from the past for frame rear_right_wheel at time 1785296820.992171 according to authority Authority undetectable
Possible reasons are listed at http://wiki.ros.org/tf/Errors%20explained
[WARN] [1785296837.352036497] []: TF_OLD_DATA ignoring data from the past for frame front_left_wheel at time 1785296821.092069 according to authority Authority undetectable
Possible reasons are listed at http://wiki.ros.org/tf/Errors%20explained
[WARN] [1785296837.352048015] []: TF_OLD_DATA ignoring data from the past for frame front_right_wheel at time 1785296821.092069 according to authority Authority undetectable
Possible reasons are listed at http://wiki.ros.org/tf/Errors%20explained
[WARN] [1785296837.352056719] []: TF_OLD_DATA ignoring data from the past for frame rear_left_wheel at time 1785296821.092069 according to authority Authority undetectable
Possible reasons are listed at http://wiki.ros.org/tf/Errors%20explained
[WARN] [1785296837.352064423] []: TF_OLD_DATA ignoring data from the past for frame rear_right_wheel at time 1785296821.092069 according to authority Authority undetectable
Possible reasons are listed at http://wiki.ros.org/tf/Errors%20explained
[WARN] [1785296837.352087090] []: TF_OLD_DATA ignoring data from the past for frame front_left_wheel at time 1785296821.192069 according to authority Authority undetectable
Possible reasons are listed at http://wiki.ros.org/tf/Errors%20explained
[WARN] [1785296837.352098127] []: TF_OLD_DATA ignoring data from the past for frame front_right_wheel at time 1785296821.192069 according to authority Authority undetectable
Possible reasons are listed at http://wiki.ros.org/tf/Errors%20explained
[WARN] [1785296837.352105831] []: TF_OLD_DATA ignoring data from the past for frame rear_left_wheel at time 1785296821.192069 according to authority Authority undetectable
Possible reasons are listed at http://wiki.ros.org/tf/Errors%20explained
[WARN] [1785296837.352113460] []: TF_OLD_DATA ignoring data from the past for frame rear_right_wheel at time 1785296821.192069 according to authority Authority undetectable
Possible reasons are listed at http://wiki.ros.org/tf/Errors%20explained
[WARN] [1785296837.352135497] []: TF_OLD_DATA ignoring data from the past for frame front_left_wheel at time 1785296822.502884 according to authority Authority undetectable
Possible reasons are listed at http://wiki.ros.org/tf/Errors%20explained
[WARN] [1785296837.352147664] []: TF_OLD_DATA ignoring data from the past for frame front_right_wheel at time 1785296822.502884 according to authority Authority undetectable
Possible reasons are listed at http://wiki.ros.org/tf/Errors%20explained
[WARN] [1785296837.352156072] []: TF_OLD_DATA ignoring data from the past for frame rear_left_wheel at time 1785296822.502884 according to authority Authority undetectable
Possible reasons are listed at http://wiki.ros.org/tf/Errors%20explained
[WARN] [1785296837.352163738] []: TF_OLD_DATA ignoring data from the past for frame rear_right_wheel at time 1785296822.502884 according to authority Authority undetectable
Possible reasons are listed at http://wiki.ros.org/tf/Errors%20explained
[WARN] [1785296837.352184313] []: TF_OLD_DATA ignoring data from the past for frame front_left_wheel at time 1785296822.592057 according to authority Authority undetectable
Possible reasons are listed at http://wiki.ros.org/tf/Errors%20explained
[WARN] [1785296837.352204905] []: TF_OLD_DATA ignoring data from the past for frame front_right_wheel at time 1785296822.592057 according to authority Authority undetectable
Possible reasons are listed at http://wiki.ros.org/tf/Errors%20explained
[WARN] [1785296837.352232702] []: TF_OLD_DATA ignoring data from the past for frame rear_left_wheel at time 1785296822.592057 according to authority Authority undetectable
Possible reasons are listed at http://wiki.ros.org/tf/Errors%20explained
[WARN] [1785296837.352241350] []: TF_OLD_DATA ignoring data from the past for frame rear_right_wheel at time 1785296822.592057 according to authority Authority undetectable
Possible reasons are listed at http://wiki.ros.org/tf/Errors%20explained
[WARN] [1785296837.352267609] []: TF_OLD_DATA ignoring data from the past for frame front_left_wheel at time 1785296822.692077 according to authority Authority undetectable
Possible reasons are listed at http://wiki.ros.org/tf/Errors%20explained
[WARN] [1785296837.352278813] []: TF_OLD_DATA ignoring data from the past for frame front_right_wheel at time 1785296822.692077 according to authority Authority undetectable
Possible reasons are listed at http://wiki.ros.org/tf/Errors%20explained
[WARN] [1785296837.352287332] []: TF_OLD_DATA ignoring data from the past for frame rear_left_wheel at time 1785296822.692077 according to authority Authority undetectable
Possible reasons are listed at http://wiki.ros.org/tf/Errors%20explained
[WARN] [1785296837.352294924] []: TF_OLD_DATA ignoring data from the past for frame rear_right_wheel at time 1785296822.692077 according to authority Authority undetectable
Possible reasons are listed at http://wiki.ros.org/tf/Errors%20explained
[WARN] [1785296837.352316998] []: TF_OLD_DATA ignoring data from the past for frame front_left_wheel at time 1785296822.792055 according to authority Authority undetectable
Possible reasons are listed at http://wiki.ros.org/tf/Errors%20explained
[WARN] [1785296837.352328221] []: TF_OLD_DATA ignoring data from the past for frame front_right_wheel at time 1785296822.792055 according to authority Authority undetectable
Possible reasons are listed at http://wiki.ros.org/tf/Errors%20explained
[WARN] [1785296837.352337554] []: TF_OLD_DATA ignoring data from the past for frame rear_left_wheel at time 1785296822.792055 according to authority Authority undetectable
Possible reasons are listed at http://wiki.ros.org/tf/Errors%20explained
[WARN] [1785296837.352345258] []: TF_OLD_DATA ignoring data from the past for frame rear_right_wheel at time 1785296822.792055 according to authority Authority undetectable
Possible reasons are listed at http://wiki.ros.org/tf/Errors%20explained
[WARN] [1785296837.352369499] []: TF_OLD_DATA ignoring data from the past for frame front_left_wheel at time 1785296823.392326 according to authority Authority undetectable
Possible reasons are listed at http://wiki.ros.org/tf/Errors%20explained
[WARN] [1785296837.352382703] []: TF_OLD_DATA ignoring data from the past for frame front_right_wheel at time 1785296823.392326 according to authority Authority undetectable
Possible reasons are listed at http://wiki.ros.org/tf/Errors%20explained
[WARN] [1785296837.352391758] []: TF_OLD_DATA ignoring data from the past for frame rear_left_wheel at time 1785296823.392326 according to authority Authority undetectable
Possible reasons are listed at http://wiki.ros.org/tf/Errors%20explained
[WARN] [1785296837.352399443] []: TF_OLD_DATA ignoring data from the past for frame rear_right_wheel at time 1785296823.392326 according to authority Authority undetectable
Possible reasons are listed at http://wiki.ros.org/tf/Errors%20explained
[WARN] [1785296837.352420295] []: TF_OLD_DATA ignoring data from the past for frame front_left_wheel at time 1785296823.592026 according to authority Authority undetectable
Possible reasons are listed at http://wiki.ros.org/tf/Errors%20explained
[WARN] [1785296837.352431332] []: TF_OLD_DATA ignoring data from the past for frame front_right_wheel at time 1785296823.592026 according to authority Authority undetectable
Possible reasons are listed at http://wiki.ros.org/tf/Errors%20explained
[WARN] [1785296837.352453333] []: TF_OLD_DATA ignoring data from the past for frame rear_left_wheel at time 1785296823.592026 according to authority Authority undetectable
Possible reasons are listed at http://wiki.ros.org/tf/Errors%20explained
[WARN] [1785296837.352463851] []: TF_OLD_DATA ignoring data from the past for frame rear_right_wheel at time 1785296823.592026 according to authority Authority undetectable
Possible reasons are listed at http://wiki.ros.org/tf/Errors%20explained
[WARN] [1785296837.352489036] []: TF_OLD_DATA ignoring data from the past for frame front_left_wheel at time 1785296823.692047 according to authority Authority undetectable
Possible reasons are listed at http://wiki.ros.org/tf/Errors%20explained
[WARN] [1785296837.352500148] []: TF_OLD_DATA ignoring data from the past for frame front_right_wheel at time 1785296823.692047 according to authority Authority undetectable
Possible reasons are listed at http://wiki.ros.org/tf/Errors%20explained
[WARN] [1785296837.352509592] []: TF_OLD_DATA ignoring data from the past for frame rear_left_wheel at time 1785296823.692047 according to authority Authority undetectable
Possible reasons are listed at http://wiki.ros.org/tf/Errors%20explained
[WARN] [1785296837.352518351] []: TF_OLD_DATA ignoring data from the past for frame rear_right_wheel at time 1785296823.692047 according to authority Authority undetectable
Possible reasons are listed at http://wiki.ros.org/tf/Errors%20explained
[WARN] [1785296837.352542444] []: TF_OLD_DATA ignoring data from the past for frame front_left_wheel at time 1785296823.792029 according to authority Authority undetectable
Possible reasons are listed at http://wiki.ros.org/tf/Errors%20explained
[WARN] [1785296837.352552778] []: TF_OLD_DATA ignoring data from the past for frame front_right_wheel at time 1785296823.792029 according to authority Authority undetectable
Possible reasons are listed at http://wiki.ros.org/tf/Errors%20explained
[WARN] [1785296837.352561166] []: TF_OLD_DATA ignoring data from the past for frame rear_left_wheel at time 1785296823.792029 according to authority Authority undetectable
Possible reasons are listed at http://wiki.ros.org/tf/Errors%20explained
[WARN] [1785296837.352568759] []: TF_OLD_DATA ignoring data from the past for frame rear_right_wheel at time 1785296823.792029 according to authority Authority undetectable
Possible reasons are listed at http://wiki.ros.org/tf/Errors%20explained
[WARN] [1785296837.352610019] []: TF_OLD_DATA ignoring data from the past for frame front_left_wheel at time 1785296823.992067 according to authority Authority undetectable
Possible reasons are listed at http://wiki.ros.org/tf/Errors%20explained
[WARN] [1785296837.352623778] []: TF_OLD_DATA ignoring data from the past for frame front_right_wheel at time 1785296823.992067 according to authority Authority undetectable
Possible reasons are listed at http://wiki.ros.org/tf/Errors%20explained
[WARN] [1785296837.352631908] []: TF_OLD_DATA ignoring data from the past for frame rear_left_wheel at time 1785296823.992067 according to authority Authority undetectable
Possible reasons are listed at http://wiki.ros.org/tf/Errors%20explained
[WARN] [1785296837.352639667] []: TF_OLD_DATA ignoring data from the past for frame rear_right_wheel at time 1785296823.992067 according to authority Authority undetectable
Possible reasons are listed at http://wiki.ros.org/tf/Errors%20explained
[WARN] [1785296837.352660593] []: TF_OLD_DATA ignoring data from the past for frame front_left_wheel at time 1785296824.092102 according to authority Authority undetectable
Possible reasons are listed at http://wiki.ros.org/tf/Errors%20explained
[WARN] [1785296837.352671741] []: TF_OLD_DATA ignoring data from the past for frame front_right_wheel at time 1785296824.092102 according to authority Authority undetectable
Possible reasons are listed at http://wiki.ros.org/tf/Errors%20explained
[WARN] [1785296837.352679686] []: TF_OLD_DATA ignoring data from the past for frame rear_left_wheel at time 1785296824.092102 according to authority Authority undetectable
Possible reasons are listed at http://wiki.ros.org/tf/Errors%20explained
[WARN] [1785296837.352700704] []: TF_OLD_DATA ignoring data from the past for frame rear_right_wheel at time 1785296824.092102 according to authority Authority undetectable
Possible reasons are listed at http://wiki.ros.org/tf/Errors%20explained
[WARN] [1785296837.352727316] []: TF_OLD_DATA ignoring data from the past for frame front_left_wheel at time 1785296824.192057 according to authority Authority undetectable
Possible reasons are listed at http://wiki.ros.org/tf/Errors%20explained
[WARN] [1785296837.352737890] []: TF_OLD_DATA ignoring data from the past for frame front_right_wheel at time 1785296824.192057 according to authority Authority undetectable
Possible reasons are listed at http://wiki.ros.org/tf/Errors%20explained
[WARN] [1785296837.352745630] []: TF_OLD_DATA ignoring data from the past for frame rear_left_wheel at time 1785296824.192057 according to authority Authority undetectable
Possible reasons are listed at http://wiki.ros.org/tf/Errors%20explained
[WARN] [1785296837.352753223] []: TF_OLD_DATA ignoring data from the past for frame rear_right_wheel at time 1785296824.192057 according to authority Authority undetectable
Possible reasons are listed at http://wiki.ros.org/tf/Errors%20explained
[WARN] [1785296837.352774871] []: TF_OLD_DATA ignoring data from the past for frame front_left_wheel at time 1785296824.292082 according to authority Authority undetectable
Possible reasons are listed at http://wiki.ros.org/tf/Errors%20explained
[WARN] [1785296837.352785149] []: TF_OLD_DATA ignoring data from the past for frame front_right_wheel at time 1785296824.292082 according to authority Authority undetectable
Possible reasons are listed at http://wiki.ros.org/tf/Errors%20explained
[WARN] [1785296837.352792816] []: TF_OLD_DATA ignoring data from the past for frame rear_left_wheel at time 1785296824.292082 according to authority Authority undetectable
Possible reasons are listed at http://wiki.ros.org/tf/Errors%20explained
[WARN] [1785296837.352800427] []: TF_OLD_DATA ignoring data from the past for frame rear_right_wheel at time 1785296824.292082 according to authority Authority undetectable
Possible reasons are listed at http://wiki.ros.org/tf/Errors%20explained
[WARN] [1785296837.352821779] []: TF_OLD_DATA ignoring data from the past for frame front_left_wheel at time 1785296824.392132 according to authority Authority undetectable
Possible reasons are listed at http://wiki.ros.org/tf/Errors%20explained
[WARN] [1785296837.352834279] []: TF_OLD_DATA ignoring data from the past for frame front_right_wheel at time 1785296824.392132 according to authority Authority undetectable
Possible reasons are listed at http://wiki.ros.org/tf/Errors%20explained
[WARN] [1785296837.352842094] []: TF_OLD_DATA ignoring data from the past for frame rear_left_wheel at time 1785296824.392132 according to authority Authority undetectable
Possible reasons are listed at http://wiki.ros.org/tf/Errors%20explained
[WARN] [1785296837.352849705] []: TF_OLD_DATA ignoring data from the past for frame rear_right_wheel at time 1785296824.392132 according to authority Authority undetectable
Possible reasons are listed at http://wiki.ros.org/tf/Errors%20explained
[WARN] [1785296837.352871002] []: TF_OLD_DATA ignoring data from the past for frame front_left_wheel at time 1785296824.492118 according to authority Authority undetectable
Possible reasons are listed at http://wiki.ros.org/tf/Errors%20explained
[WARN] [1785296837.352881261] []: TF_OLD_DATA ignoring data from the past for frame front_right_wheel at time 1785296824.492118 according to authority Authority undetectable
Possible reasons are listed at http://wiki.ros.org/tf/Errors%20explained
[WARN] [1785296837.352889039] []: TF_OLD_DATA ignoring data from the past for frame rear_left_wheel at time 1785296824.492118 according to authority Authority undetectable
Possible reasons are listed at http://wiki.ros.org/tf/Errors%20explained
[WARN] [1785296837.352896650] []: TF_OLD_DATA ignoring data from the past for frame rear_right_wheel at time 1785296824.492118 according to authority Authority undetectable
Possible reasons are listed at http://wiki.ros.org/tf/Errors%20explained
[WARN] [1785296837.352932669] []: TF_OLD_DATA ignoring data from the past for frame front_left_wheel at time 1785296824.592029 according to authority Authority undetectable
Possible reasons are listed at http://wiki.ros.org/tf/Errors%20explained
[WARN] [1785296837.352944595] []: TF_OLD_DATA ignoring data from the past for frame front_right_wheel at time 1785296824.592029 according to authority Authority undetectable
Possible reasons are listed at http://wiki.ros.org/tf/Errors%20explained
[WARN] [1785296837.352952928] []: TF_OLD_DATA ignoring data from the past for frame rear_left_wheel at time 1785296824.592029 according to authority Authority undetectable
Possible reasons are listed at http://wiki.ros.org/tf/Errors%20explained
[WARN] [1785296837.352960558] []: TF_OLD_DATA ignoring data from the past for frame rear_right_wheel at time 1785296824.592029 according to authority Authority undetectable
Possible reasons are listed at http://wiki.ros.org/tf/Errors%20explained
[WARN] [1785296837.352983113] []: TF_OLD_DATA ignoring data from the past for frame front_left_wheel at time 1785296824.792274 according to authority Authority undetectable
Possible reasons are listed at http://wiki.ros.org/tf/Errors%20explained
[WARN] [1785296837.352993743] []: TF_OLD_DATA ignoring data from the past for frame front_right_wheel at time 1785296824.792274 according to authority Authority undetectable
Possible reasons are listed at http://wiki.ros.org/tf/Errors%20explained
[WARN] [1785296837.353002725] []: TF_OLD_DATA ignoring data from the past for frame rear_left_wheel at time 1785296824.792274 according to authority Authority undetectable
Possible reasons are listed at http://wiki.ros.org/tf/Errors%20explained
[WARN] [1785296837.353010336] []: TF_OLD_DATA ignoring data from the past for frame rear_right_wheel at time 1785296824.792274 according to authority Authority undetectable
Possible reasons are listed at http://wiki.ros.org/tf/Errors%20explained
[WARN] [1785296837.353032095] []: TF_OLD_DATA ignoring data from the past for frame front_left_wheel at time 1785296824.892096 according to authority Authority undetectable
Possible reasons are listed at http://wiki.ros.org/tf/Errors%20explained
[WARN] [1785296837.353044817] []: TF_OLD_DATA ignoring data from the past for frame front_right_wheel at time 1785296824.892096 according to authority Authority undetectable
Possible reasons are listed at http://wiki.ros.org/tf/Errors%20explained
[WARN] [1785296837.353052706] []: TF_OLD_DATA ignoring data from the past for frame rear_left_wheel at time 1785296824.892096 according to authority Authority undetectable
Possible reasons are listed at http://wiki.ros.org/tf/Errors%20explained
[WARN] [1785296837.353060280] []: TF_OLD_DATA ignoring data from the past for frame rear_right_wheel at time 1785296824.892096 according to authority Authority undetectable
Possible reasons are listed at http://wiki.ros.org/tf/Errors%20explained
[WARN] [1785296837.353080632] []: TF_OLD_DATA ignoring data from the past for frame front_left_wheel at time 1785296824.992046 according to authority Authority undetectable
Possible reasons are listed at http://wiki.ros.org/tf/Errors%20explained
[WARN] [1785296837.353090892] []: TF_OLD_DATA ignoring data from the past for frame front_right_wheel at time 1785296824.992046 according to authority Authority undetectable
Possible reasons are listed at http://wiki.ros.org/tf/Errors%20explained
[WARN] [1785296837.353099132] []: TF_OLD_DATA ignoring data from the past for frame rear_left_wheel at time 1785296824.992046 according to authority Authority undetectable
Possible reasons are listed at http://wiki.ros.org/tf/Errors%20explained
[WARN] [1785296837.353106762] []: TF_OLD_DATA ignoring data from the past for frame rear_right_wheel at time 1785296824.992046 according to authority Authority undetectable
Possible reasons are listed at http://wiki.ros.org/tf/Errors%20explained
[WARN] [1785296837.353140299] []: TF_OLD_DATA ignoring data from the past for frame front_left_wheel at time 1785296825.192461 according to authority Authority undetectable
Possible reasons are listed at http://wiki.ros.org/tf/Errors%20explained
[WARN] [1785296837.353152411] []: TF_OLD_DATA ignoring data from the past for frame front_right_wheel at time 1785296825.192461 according to authority Authority undetectable
Possible reasons are listed at http://wiki.ros.org/tf/Errors%20explained
[WARN] [1785296837.353160818] []: TF_OLD_DATA ignoring data from the past for frame rear_left_wheel at time 1785296825.192461 according to authority Authority undetectable
Possible reasons are listed at http://wiki.ros.org/tf/Errors%20explained
[WARN] [1785296837.353168503] []: TF_OLD_DATA ignoring data from the past for frame rear_right_wheel at time 1785296825.192461 according to authority Authority undetectable
Possible reasons are listed at http://wiki.ros.org/tf/Errors%20explained
[WARN] [1785296837.353189022] []: TF_OLD_DATA ignoring data from the past for frame front_left_wheel at time 1785296825.292038 according to authority Authority undetectable
Possible reasons are listed at http://wiki.ros.org/tf/Errors%20explained
[WARN] [1785296837.353254541] []: TF_OLD_DATA ignoring data from the past for frame front_right_wheel at time 1785296825.292038 according to authority Authority undetectable
Possible reasons are listed at http://wiki.ros.org/tf/Errors%20explained
[WARN] [1785296837.353268004] []: TF_OLD_DATA ignoring data from the past for frame rear_left_wheel at time 1785296825.292038 according to authority Authority undetectable
Possible reasons are listed at http://wiki.ros.org/tf/Errors%20explained
[WARN] [1785296837.353279393] []: TF_OLD_DATA ignoring data from the past for frame rear_right_wheel at time 1785296825.292038 according to authority Authority undetectable
Possible reasons are listed at http://wiki.ros.org/tf/Errors%20explained
[WARN] [1785296837.353344004] []: TF_OLD_DATA ignoring data from the past for frame front_left_wheel at time 1785296825.392062 according to authority Authority undetectable
Possible reasons are listed at http://wiki.ros.org/tf/Errors%20explained
[WARN] [1785296837.353374782] []: TF_OLD_DATA ignoring data from the past for frame front_right_wheel at time 1785296825.392062 according to authority Authority undetectable
Possible reasons are listed at http://wiki.ros.org/tf/Errors%20explained
[WARN] [1785296837.353448523] []: TF_OLD_DATA ignoring data from the past for frame rear_left_wheel at time 1785296825.392062 according to authority Authority undetectable
Possible reasons are listed at http://wiki.ros.org/tf/Errors%20explained
[WARN] [1785296837.353466079] []: TF_OLD_DATA ignoring data from the past for frame rear_right_wheel at time 1785296825.392062 according to authority Authority undetectable
Possible reasons are listed at http://wiki.ros.org/tf/Errors%20explained
[WARN] [1785296837.353519857] []: TF_OLD_DATA ignoring data from the past for frame front_left_wheel at time 1785296825.492060 according to authority Authority undetectable
Possible reasons are listed at http://wiki.ros.org/tf/Errors%20explained
[WARN] [1785296837.353533672] []: TF_OLD_DATA ignoring data from the past for frame front_right_wheel at time 1785296825.492060 according to authority Authority undetectable
Possible reasons are listed at http://wiki.ros.org/tf/Errors%20explained
[WARN] [1785296837.353541542] []: TF_OLD_DATA ignoring data from the past for frame rear_left_wheel at time 1785296825.492060 according to authority Authority undetectable
Possible reasons are listed at http://wiki.ros.org/tf/Errors%20explained
[WARN] [1785296837.353549228] []: TF_OLD_DATA ignoring data from the past for frame rear_right_wheel at time 1785296825.492060 according to authority Authority undetectable
Possible reasons are listed at http://wiki.ros.org/tf/Errors%20explained
[WARN] [1785296837.353736469] []: TF_OLD_DATA ignoring data from the past for frame front_left_wheel at time 1785296825.592100 according to authority Authority undetectable
Possible reasons are listed at http://wiki.ros.org/tf/Errors%20explained
[WARN] [1785296837.353789007] []: TF_OLD_DATA ignoring data from the past for frame front_right_wheel at time 1785296825.592100 according to authority Authority undetectable
Possible reasons are listed at http://wiki.ros.org/tf/Errors%20explained
[WARN] [1785296837.353801488] []: TF_OLD_DATA ignoring data from the past for frame rear_left_wheel at time 1785296825.592100 according to authority Authority undetectable
Possible reasons are listed at http://wiki.ros.org/tf/Errors%20explained
[WARN] [1785296837.353810618] []: TF_OLD_DATA ignoring data from the past for frame rear_right_wheel at time 1785296825.592100 according to authority Authority undetectable
Possible reasons are listed at http://wiki.ros.org/tf/Errors%20explained
[WARN] [1785296837.353844322] []: TF_OLD_DATA ignoring data from the past for frame front_left_wheel at time 1785296825.692038 according to authority Authority undetectable
Possible reasons are listed at http://wiki.ros.org/tf/Errors%20explained
[WARN] [1785296837.353975600] []: TF_OLD_DATA ignoring data from the past for frame front_right_wheel at time 1785296825.692038 according to authority Authority undetectable
Possible reasons are listed at http://wiki.ros.org/tf/Errors%20explained
[WARN] [1785296837.353985563] []: TF_OLD_DATA ignoring data from the past for frame rear_left_wheel at time 1785296825.692038 according to authority Authority undetectable
Possible reasons are listed at http://wiki.ros.org/tf/Errors%20explained
[WARN] [1785296837.353993471] []: TF_OLD_DATA ignoring data from the past for frame rear_right_wheel at time 1785296825.692038 according to authority Authority undetectable
Possible reasons are listed at http://wiki.ros.org/tf/Errors%20explained
[WARN] [1785296837.354031971] []: TF_OLD_DATA ignoring data from the past for frame front_left_wheel at time 1785296825.792063 according to authority Authority undetectable
Possible reasons are listed at http://wiki.ros.org/tf/Errors%20explained
[WARN] [1785296837.354048397] []: TF_OLD_DATA ignoring data from the past for frame front_right_wheel at time 1785296825.792063 according to authority Authority undetectable
Possible reasons are listed at http://wiki.ros.org/tf/Errors%20explained
[WARN] [1785296837.354057064] []: TF_OLD_DATA ignoring data from the past for frame rear_left_wheel at time 1785296825.792063 according to authority Authority undetectable
Possible reasons are listed at http://wiki.ros.org/tf/Errors%20explained
[WARN] [1785296837.354064712] []: TF_OLD_DATA ignoring data from the past for frame rear_right_wheel at time 1785296825.792063 according to authority Authority undetectable
Possible reasons are listed at http://wiki.ros.org/tf/Errors%20explained
[WARN] [1785296837.354090194] []: TF_OLD_DATA ignoring data from the past for frame front_left_wheel at time 1785296825.892090 according to authority Authority undetectable
Possible reasons are listed at http://wiki.ros.org/tf/Errors%20explained
[WARN] [1785296837.354101064] []: TF_OLD_DATA ignoring data from the past for frame front_right_wheel at time 1785296825.892090 according to authority Authority undetectable
Possible reasons are listed at http://wiki.ros.org/tf/Errors%20explained
[WARN] [1785296837.354110120] []: TF_OLD_DATA ignoring data from the past for frame rear_left_wheel at time 1785296825.892090 according to authority Authority undetectable
Possible reasons are listed at http://wiki.ros.org/tf/Errors%20explained
[WARN] [1785296837.354117731] []: TF_OLD_DATA ignoring data from the past for frame rear_right_wheel at time 1785296825.892090 according to authority Authority undetectable
Possible reasons are listed at http://wiki.ros.org/tf/Errors%20explained
[WARN] [1785296837.354140916] []: TF_OLD_DATA ignoring data from the past for frame front_left_wheel at time 1785296825.992081 according to authority Authority undetectable
Possible reasons are listed at http://wiki.ros.org/tf/Errors%20explained
[WARN] [1785296837.354154898] []: TF_OLD_DATA ignoring data from the past for frame front_right_wheel at time 1785296825.992081 according to authority Authority undetectable
Possible reasons are listed at http://wiki.ros.org/tf/Errors%20explained
[WARN] [1785296837.354181657] []: TF_OLD_DATA ignoring data from the past for frame rear_left_wheel at time 1785296825.992081 according to authority Authority undetectable
Possible reasons are listed at http://wiki.ros.org/tf/Errors%20explained
[WARN] [1785296837.354201324] []: TF_OLD_DATA ignoring data from the past for frame rear_right_wheel at time 1785296825.992081 according to authority Authority undetectable
Possible reasons are listed at http://wiki.ros.org/tf/Errors%20explained
[WARN] [1785296837.354230879] []: TF_OLD_DATA ignoring data from the past for frame front_left_wheel at time 1785296826.092087 according to authority Authority undetectable
Possible reasons are listed at http://wiki.ros.org/tf/Errors%20explained
[WARN] [1785296837.354244305] []: TF_OLD_DATA ignoring data from the past for frame front_right_wheel at time 1785296826.092087 according to authority Authority undetectable
Possible reasons are listed at http://wiki.ros.org/tf/Errors%20explained
[WARN] [1785296837.354252713] []: TF_OLD_DATA ignoring data from the past for frame rear_left_wheel at time 1785296826.092087 according to authority Authority undetectable
Possible reasons are listed at http://wiki.ros.org/tf/Errors%20explained
[WARN] [1785296837.354260417] []: TF_OLD_DATA ignoring data from the past for frame rear_right_wheel at time 1785296826.092087 according to authority Authority undetectable
Possible reasons are listed at http://wiki.ros.org/tf/Errors%20explained
[WARN] [1785296837.354281695] []: TF_OLD_DATA ignoring data from the past for frame front_left_wheel at time 1785296826.192074 according to authority Authority undetectable
Possible reasons are listed at http://wiki.ros.org/tf/Errors%20explained
[WARN] [1785296837.354294713] []: TF_OLD_DATA ignoring data from the past for frame front_right_wheel at time 1785296826.192074 according to authority Authority undetectable
Possible reasons are listed at http://wiki.ros.org/tf/Errors%20explained
[WARN] [1785296837.354304010] []: TF_OLD_DATA ignoring data from the past for frame rear_left_wheel at time 1785296826.192074 according to authority Authority undetectable
Possible reasons are listed at http://wiki.ros.org/tf/Errors%20explained
[WARN] [1785296837.354311695] []: TF_OLD_DATA ignoring data from the past for frame rear_right_wheel at time 1785296826.192074 according to authority Authority undetectable
Possible reasons are listed at http://wiki.ros.org/tf/Errors%20explained
[ERROR] [1785296840.065465574] [transformPoseInTargetFrame]: Extrapolation Error looking up target frame: Lookup would require extrapolation into the past.  Requested time 1785296838.038172 but the earliest data is at time 1785296838.176673, when looking up transform from frame [base_footprint] to frame [map]

[INFO] [1785296847.232349247] [global_costmap.global_costmap]: Message Filter dropping message: frame 'laser' at time 1785296846.926 for reason 'the timestamp on the message is earlier than all the data in the transform cache'
[ERROR] [1785296850.066428053] [transformPoseInTargetFrame]: Extrapolation Error looking up target frame: Lookup would require extrapolation into the past.  Requested time 1785296838.810556 but the earliest data is at time 1785296843.270797, when looking up transform from frame [base_footprint] to frame [map]

[INFO] [1785296853.275423338] [global_costmap.global_costmap]: Message Filter dropping message: frame 'laser' at time 1785296852.549 for reason 'the timestamp on the message is earlier than all the data in the transform cache'
[ERROR] [1785296853.399342714] [transformPoseInTargetFrame]: Extrapolation Error looking up target frame: Lookup would require extrapolation into the past.  Requested time 1785296838.810556 but the earliest data is at time 1785296846.611398, when looking up transform from frame [base_footprint] to frame [map]

[ERROR] [1785296856.732703638] [transformPoseInTargetFrame]: Extrapolation Error looking up target frame: Lookup would require extrapolation into the past.  Requested time 1785296838.810556 but the earliest data is at time 1785296846.611398, when looking up transform from frame [base_footprint] to frame [map]

[ERROR] [1785296860.065815004] [transformPoseInTargetFrame]: Extrapolation Error looking up target frame: Lookup would require extrapolation into the past.  Requested time 1785296838.810556 but the earliest data is at time 1785296846.611398, when looking up transform from frame [base_footprint] to frame [map]

[ERROR] [1785296863.398949574] [transformPoseInTargetFrame]: Extrapolation Error looking up target frame: Lookup would require extrapolation into the past.  Requested time 1785296838.810556 but the earliest data is at time 1785296846.611398, when looking up transform from frame [base_footprint] to frame [map]

[INFO] [1785296864.209399483] [global_costmap.global_costmap]: Message Filter dropping message: frame 'laser' at time 1785296863.905 for reason 'the timestamp on the message is earlier than all the data in the transform cache'
[ERROR] [1785296866.731864810] [transformPoseInTargetFrame]: Extrapolation Error looking up target frame: Lookup would require extrapolation into the past.  Requested time 1785296838.810556 but the earliest data is at time 1785296846.611398, when looking up transform from frame [base_footprint] to frame [map]

[INFO] [1785296872.567629226] [global_costmap.global_costmap]: Message Filter dropping message: frame 'laser' at time 1785296866.834 for reason 'the timestamp on the message is earlier than all the data in the transform cache'
[ERROR] [1785296872.573846335] [transformPoseInTargetFrame]: Extrapolation Error looking up target frame: Lookup would require extrapolation into the past.  Requested time 1785296838.810556 but the earliest data is at time 1785296863.534502, when looking up transform from frame [base_footprint] to frame [map]

[ERROR] [1785296873.399207290] [transformPoseInTargetFrame]: Extrapolation Error looking up target frame: Lookup would require extrapolation into the past.  Requested time 1785296838.810556 but the earliest data is at time 1785296863.534502, when looking up transform from frame [base_footprint] to frame [map]

[INFO] [1785296875.145925402] [global_costmap.global_costmap]: Message Filter dropping message: frame 'laser' at time 1785296874.841 for reason 'the timestamp on the message is earlier than all the data in the transform cache'
[ERROR] [1785296876.732936141] [transformPoseInTargetFrame]: Extrapolation Error looking up target frame: Lookup would require extrapolation into the past.  Requested time 1785296838.810556 but the earliest data is at time 1785296868.997066, when looking up transform from frame [base_footprint] to frame [map]

[WARN] [1785296877.705600492] []: TF_OLD_DATA ignoring data from the past for frame front_left_wheel at time 1785296862.492119 according to authority Authority undetectable
Possible reasons are listed at http://wiki.ros.org/tf/Errors%20explained
[WARN] [1785296877.705628251] []: TF_OLD_DATA ignoring data from the past for frame front_right_wheel at time 1785296862.492119 according to authority Authority undetectable
Possible reasons are listed at http://wiki.ros.org/tf/Errors%20explained
[WARN] [1785296877.705637844] []: TF_OLD_DATA ignoring data from the past for frame rear_left_wheel at time 1785296862.492119 according to authority Authority undetectable
Possible reasons are listed at http://wiki.ros.org/tf/Errors%20explained
[WARN] [1785296877.705646325] []: TF_OLD_DATA ignoring data from the past for frame rear_right_wheel at time 1785296862.492119 according to authority Authority undetectable
Possible reasons are listed at http://wiki.ros.org/tf/Errors%20explained
[WARN] [1785296877.708773917] []: TF_OLD_DATA ignoring data from the past for frame front_left_wheel at time 1785296862.592121 according to authority Authority undetectable
Possible reasons are listed at http://wiki.ros.org/tf/Errors%20explained
[WARN] [1785296877.708799010] []: TF_OLD_DATA ignoring data from the past for frame front_right_wheel at time 1785296862.592121 according to authority Authority undetectable
Possible reasons are listed at http://wiki.ros.org/tf/Errors%20explained
[WARN] [1785296877.708810621] []: TF_OLD_DATA ignoring data from the past for frame rear_left_wheel at time 1785296862.592121 according to authority Authority undetectable
Possible reasons are listed at http://wiki.ros.org/tf/Errors%20explained
[WARN] [1785296877.708820195] []: TF_OLD_DATA ignoring data from the past for frame rear_right_wheel at time 1785296862.592121 according to authority Authority undetectable
Possible reasons are listed at http://wiki.ros.org/tf/Errors%20explained
[WARN] [1785296877.741559637] []: TF_OLD_DATA ignoring data from the past for frame front_left_wheel at time 1785296862.692063 according to authority Authority undetectable
Possible reasons are listed at http://wiki.ros.org/tf/Errors%20explained
[WARN] [1785296877.741597581] []: TF_OLD_DATA ignoring data from the past for frame front_right_wheel at time 1785296862.692063 according to authority Authority undetectable
Possible reasons are listed at http://wiki.ros.org/tf/Errors%20explained
[WARN] [1785296877.741609526] []: TF_OLD_DATA ignoring data from the past for frame rear_left_wheel at time 1785296862.692063 according to authority Authority undetectable
Possible reasons are listed at http://wiki.ros.org/tf/Errors%20explained
[WARN] [1785296877.741618507] []: TF_OLD_DATA ignoring data from the past for frame rear_right_wheel at time 1785296862.692063 according to authority Authority undetectable
Possible reasons are listed at http://wiki.ros.org/tf/Errors%20explained
[INFO] [1785296877.744556820] [global_costmap.global_costmap]: Message Filter dropping message: frame 'laser' at time 1785296877.440 for reason 'the timestamp on the message is earlier than all the data in the transform cache'
[INFO] [1785296899.141201500] [global_costmap.global_costmap]: Message Filter dropping message: frame 'laser' at time 1785296877.541 for reason 'the timestamp on the message is earlier than all the data in the transform cache'
[INFO] [1785296899.134715631] [rclcpp]: signal_handler(SIGINT/SIGTERM)
[INFO] [1785296899.141958338] [planner_server]: Running Nav2 LifecycleNode rcl preshutdown (planner_server)
[INFO] [1785296899.142054968] [planner_server]: Deactivating
[INFO] [1785296899.142112635] [global_costmap.global_costmap]: Deactivating
[ERROR] [1785296899.153330383] [transformPoseInTargetFrame]: Extrapolation Error looking up target frame: Lookup would require extrapolation into the past.  Requested time 1785296838.810556 but the earliest data is at time 1785296897.097096, when looking up transform from frame [base_footprint] to frame [map]

[INFO] [1785296899.159005822] [planner_server]: Deactivating plugin GridBased of type NavfnPlanner
[INFO] [1785296899.159237175] [planner_server]: Destroying bond (planner_server) to lifecycle manager.
[INFO] [1785296899.170445571] [planner_server]: Cleaning up
[INFO] [1785296900.106575125] [global_costmap.global_costmap]: Cleaning up
[INFO] [1785296901.376370706] [planner_server]: Cleaning up plugin GridBased of type NavfnPlanner
[INFO] [1785296901.376846561] [planner_server]: Destroying plugin GridBased of type NavfnPlanner
[INFO] [1785296905.146256824] [planner_server]: Destroying bond (planner_server) to lifecycle manager.
