[INFO] [1786060188.332880648] [motor_controller_pid]: PID Motor Controller started — Kp=0.4, Ki=0.1, Kd=0.0, max_pwm=0.95, max_linear=0.3, cmd_vel_topic=cmd_vel
[WARN] [1786060188.806719274] [motor_controller_pid]: Command timeout; stopping motors
[WARN] [1786075061.456684635] [motor_controller_pid]: Command timeout; stopping motors
[WARN] [1786075080.109151790] [motor_controller_pid]: Right motor is saturated: target spd 0.17006250150166452
[WARN] [1786075080.207553844] [motor_controller_pid]: Right motor is saturated: target spd 0.1623311077386141
[WARN] [1786075080.508855338] [motor_controller_pid]: Right motor is saturated: target spd 0.16188136080214754
[WARN] [1786075080.608176286] [motor_controller_pid]: Right motor is saturated: target spd 0.16188136080214754
[WARN] [1786075080.718720907] [motor_controller_pid]: Right motor is saturated: target spd 0.16388495391029864
[WARN] [1786075080.763178371] [motor_controller_pid]: Right motor is saturated: target spd 0.16113775094640442
[WARN] [1786075080.808531007] [motor_controller_pid]: Right motor is saturated: target spd 0.13813683044088074
[WARN] [1786075084.509379891] [motor_controller_pid]: Command timeout; stopping motors
[WARN] [1786075236.808209032] [motor_controller_pid]: Command timeout; stopping motors
[WARN] [1786075250.706719139] [motor_controller_pid]: Command timeout; stopping motors
[WARN] [1786075261.614372656] [motor_controller_pid]: Left motor is saturated: target spd -0.08819852110425011
[WARN] [1786075261.671729098] [motor_controller_pid]: Left motor is saturated: target spd -0.09101391533315181
[WARN] [1786075261.716610250] [motor_controller_pid]: Left motor is saturated: target spd -0.08372436940848828
[WARN] [1786075261.771437733] [motor_controller_pid]: Left motor is saturated: target spd -0.08372436940848828
[WARN] [1786075261.820487778] [motor_controller_pid]: Left motor is saturated: target spd -0.0760884959691763
[WARN] [1786075261.867963389] [motor_controller_pid]: Left motor is saturated: target spd -0.0760884959691763
[WARN] [1786075261.913358525] [motor_controller_pid]: Left motor is saturated: target spd -0.07140892454995773
[WARN] [1786075261.972822868] [motor_controller_pid]: Left motor is saturated: target spd -0.07140892454995773
[WARN] [1786075262.008168523] [motor_controller_pid]: Left motor is saturated: target spd -0.07795397830940783
[WARN] [1786075262.067844348] [motor_controller_pid]: Left motor is saturated: target spd -0.07795397830940783
[WARN] [1786075262.113953988] [motor_controller_pid]: Left motor is saturated: target spd -0.10585835687376559
[WARN] [1786075262.168203913] [motor_controller_pid]: Left motor is saturated: target spd -0.10723505137320608
[WARN] [1786075262.207282034] [motor_controller_pid]: Left motor is saturated: target spd -0.0903868213320151
[WARN] [1786075291.814706296] [motor_controller_pid]: Left motor is saturated: target spd 0.15000000596046448
[WARN] [1786075291.816417528] [motor_controller_pid]: Right motor is saturated: target spd -0.15000000596046448
[WARN] [1786075291.862077721] [motor_controller_pid]: Left motor is saturated: target spd 0.15000000596046448
[WARN] [1786075291.874563030] [motor_controller_pid]: Right motor is saturated: target spd -0.15000000596046448
[WARN] [1786075291.957064961] [motor_controller_pid]: Left motor is saturated: target spd 0.15000000596046448
[WARN] [1786075292.008599538] [motor_controller_pid]: Left motor is saturated: target spd 0.15000000596046448
[WARN] [1786075292.262621366] [motor_controller_pid]: Left motor is saturated: target spd 0.15000000596046448
[WARN] [1786075292.266037959] [motor_controller_pid]: Right motor is saturated: target spd -0.15000000596046448
[WARN] [1786075294.657063151] [motor_controller_pid]: Command timeout; stopping motors
[WARN] [1786075300.256825159] [motor_controller_pid]: Command timeout; stopping motors
[WARN] [1786075317.956685383] [motor_controller_pid]: Command timeout; stopping motors
[WARN] [1786075323.956655014] [motor_controller_pid]: Command timeout; stopping motors
[WARN] [1786075330.712274967] [motor_controller_pid]: Right motor is saturated: target spd -0.15000000596046448
[WARN] [1786075330.771028361] [motor_controller_pid]: Right motor is saturated: target spd -0.15000000596046448
[WARN] [1786075330.814050281] [motor_controller_pid]: Right motor is saturated: target spd -0.15000000596046448
[WARN] [1786075330.857710555] [motor_controller_pid]: Left motor is saturated: target spd 0.15000000596046448
[WARN] [1786075330.859353750] [motor_controller_pid]: Right motor is saturated: target spd -0.15000000596046448
[WARN] [1786075331.407791756] [motor_controller_pid]: Command timeout; stopping motors
[WARN] [1786075336.456806392] [motor_controller_pid]: Left motor is saturated: target spd 0.2016125
[WARN] [1786075337.057085996] [motor_controller_pid]: Command timeout; stopping motors
[WARN] [1786075343.408024058] [motor_controller_pid]: Command timeout; stopping motors
[WARN] [1786075350.056719873] [motor_controller_pid]: Command timeout; stopping motors
[WARN] [1786075356.256732057] [motor_controller_pid]: Command timeout; stopping motors
[WARN] [1786075362.807202133] [motor_controller_pid]: Command timeout; stopping motors
[WARN] [1786075369.056776143] [motor_controller_pid]: Command timeout; stopping motors
[WARN] [1786075375.306883823] [motor_controller_pid]: Command timeout; stopping motors
[WARN] [1786075381.806802456] [motor_controller_pid]: Command timeout; stopping motors
[WARN] [1786075390.009815794] [motor_controller_pid]: Command timeout; stopping motors
[WARN] [1786075412.356741390] [motor_controller_pid]: Command timeout; stopping motors
[WARN] [1786075417.856618538] [motor_controller_pid]: Command timeout; stopping motors
[WARN] [1786075425.999864569] [motor_controller_pid]: Command timeout; stopping motors
[WARN] [1786075428.756633736] [motor_controller_pid]: Command timeout; stopping motors
[WARN] [1786075439.768572210] [motor_controller_pid]: Left motor is saturated: target spd 0.2016125
[WARN] [1786075439.812959137] [motor_controller_pid]: Left motor is saturated: target spd 0.2016125
[WARN] [1786075439.866777985] [motor_controller_pid]: Left motor is saturated: target spd 0.2016125
[WARN] [1786075439.911588396] [motor_controller_pid]: Left motor is saturated: target spd 0.2016125
[WARN] [1786075439.970879627] [motor_controller_pid]: Left motor is saturated: target spd 0.2016125
[WARN] [1786075440.012450872] [motor_controller_pid]: Left motor is saturated: target spd 0.2016125
[WARN] [1786075440.059828426] [motor_controller_pid]: Left motor is saturated: target spd 0.2016125
[WARN] [1786075440.107552445] [motor_controller_pid]: Left motor is saturated: target spd 0.2016125
[WARN] [1786075440.156980529] [motor_controller_pid]: Left motor is saturated: target spd 0.2016125
[WARN] [1786075440.256939518] [motor_controller_pid]: Left motor is saturated: target spd 0.2016125
[WARN] [1786075440.308619874] [motor_controller_pid]: Left motor is saturated: target spd 0.2016125
[WARN] [1786075440.356898804] [motor_controller_pid]: Left motor is saturated: target spd 0.2016125
[WARN] [1786075440.459083731] [motor_controller_pid]: Left motor is saturated: target spd 0.2016125
[WARN] [1786075440.517103843] [motor_controller_pid]: Left motor is saturated: target spd 0.2016125
[WARN] [1786075440.565171772] [motor_controller_pid]: Left motor is saturated: target spd 0.2016125
[WARN] [1786075440.609782922] [motor_controller_pid]: Left motor is saturated: target spd 0.2016125
[WARN] [1786075440.663942291] [motor_controller_pid]: Left motor is saturated: target spd 0.2016125
[WARN] [1786075440.711561699] [motor_controller_pid]: Left motor is saturated: target spd 0.2016125
[WARN] [1786075440.757001965] [motor_controller_pid]: Left motor is saturated: target spd 0.2016125
[WARN] [1786075441.407081858] [motor_controller_pid]: Left motor is saturated: target spd 0.2016125
[WARN] [1786075443.806778321] [motor_controller_pid]: Command timeout; stopping motors
[WARN] [1786075450.506724803] [motor_controller_pid]: Command timeout; stopping motors
[WARN] [1786075473.809881202] [motor_controller_pid]: Command timeout; stopping motors
[WARN] [1786075475.661347825] [motor_controller_pid]: Command timeout; stopping motors
[WARN] [1786075481.506828264] [motor_controller_pid]: Command timeout; stopping motors
[WARN] [1786075490.656740705] [motor_controller_pid]: Command timeout; stopping motors
[WARN] [1786075497.206731703] [motor_controller_pid]: Command timeout; stopping motors
[WARN] [1786075503.756717369] [motor_controller_pid]: Command timeout; stopping motors
[WARN] [1786075510.506679198] [motor_controller_pid]: Command timeout; stopping motors
[WARN] [1786075517.056619363] [motor_controller_pid]: Command timeout; stopping motors
[WARN] [1786075523.307167138] [motor_controller_pid]: Command timeout; stopping motors
[WARN] [1786075529.656488173] [motor_controller_pid]: Command timeout; stopping motors
[WARN] [1786075536.107196038] [motor_controller_pid]: Command timeout; stopping motors
[WARN] [1786075542.656819127] [motor_controller_pid]: Command timeout; stopping motors
[WARN] [1786075549.106867748] [motor_controller_pid]: Command timeout; stopping motors
[WARN] [1786075559.307929564] [motor_controller_pid]: Command timeout; stopping motors
[WARN] [1786075565.656818819] [motor_controller_pid]: Command timeout; stopping motors
[WARN] [1786075572.207851138] [motor_controller_pid]: Command timeout; stopping motors
[WARN] [1786075578.556490706] [motor_controller_pid]: Command timeout; stopping motors
[WARN] [1786075585.007098904] [motor_controller_pid]: Command timeout; stopping motors
[WARN] [1786075591.656706483] [motor_controller_pid]: Command timeout; stopping motors
[WARN] [1786075614.110747237] [motor_controller_pid]: Left motor is saturated: target spd 0.2016125
[WARN] [1786075614.156915840] [motor_controller_pid]: Left motor is saturated: target spd 0.2016125
[WARN] [1786075614.210946357] [motor_controller_pid]: Left motor is saturated: target spd 0.2016125
[WARN] [1786075614.259120434] [motor_controller_pid]: Left motor is saturated: target spd 0.2016125
[WARN] [1786075614.309194985] [motor_controller_pid]: Left motor is saturated: target spd 0.2016125
[WARN] [1786075614.357202080] [motor_controller_pid]: Left motor is saturated: target spd 0.2016125
[WARN] [1786075614.410869687] [motor_controller_pid]: Left motor is saturated: target spd 0.2016125
[WARN] [1786075614.461528000] [motor_controller_pid]: Left motor is saturated: target spd 0.2016125
[WARN] [1786075614.509684485] [motor_controller_pid]: Left motor is saturated: target spd 0.2016125
[WARN] [1786075614.559210236] [motor_controller_pid]: Left motor is saturated: target spd 0.2016125
[WARN] [1786075614.607862038] [motor_controller_pid]: Left motor is saturated: target spd 0.2016125
[WARN] [1786075614.657146955] [motor_controller_pid]: Left motor is saturated: target spd 0.2016125
[WARN] [1786075614.709071904] [motor_controller_pid]: Left motor is saturated: target spd 0.2016125
[WARN] [1786075614.756999350] [motor_controller_pid]: Left motor is saturated: target spd 0.2016125
[WARN] [1786075614.809240598] [motor_controller_pid]: Left motor is saturated: target spd 0.2016125
[WARN] [1786075614.908889808] [motor_controller_pid]: Left motor is saturated: target spd 0.2016125
[WARN] [1786075614.989721192] [motor_controller_pid]: Left motor is saturated: target spd 0.2016125
[WARN] [1786075615.047847491] [motor_controller_pid]: Left motor is saturated: target spd 0.2016125
[WARN] [1786075615.098805194] [motor_controller_pid]: Left motor is saturated: target spd 0.2016125
[WARN] [1786075615.140034956] [motor_controller_pid]: Left motor is saturated: target spd 0.2016125
[WARN] [1786075615.179418967] [motor_controller_pid]: Left motor is saturated: target spd 0.2016125
[WARN] [1786075615.219767927] [motor_controller_pid]: Left motor is saturated: target spd 0.2016125
[WARN] [1786075615.267488780] [motor_controller_pid]: Left motor is saturated: target spd 0.2016125
[WARN] [1786075615.311475445] [motor_controller_pid]: Left motor is saturated: target spd 0.2016125
[WARN] [1786075615.356890489] [motor_controller_pid]: Left motor is saturated: target spd 0.2016125
[WARN] [1786075615.407762822] [motor_controller_pid]: Left motor is saturated: target spd 0.2016125
[WARN] [1786075615.511696629] [motor_controller_pid]: Left motor is saturated: target spd 0.15635302707542537
[WARN] [1786075615.557423285] [motor_controller_pid]: Left motor is saturated: target spd 0.15635302707542537
[WARN] [1786075622.609509019] [motor_controller_pid]: Left motor is saturated: target spd 0.1345906341169819
[WARN] [1786075622.610770767] [motor_controller_pid]: Right motor is saturated: target spd 0.1345906341169819
[WARN] [1786075623.210070050] [motor_controller_pid]: Command timeout; stopping motors
[WARN] [1786075632.106738297] [motor_controller_pid]: Command timeout; stopping motors
[WARN] [1786075640.956614769] [motor_controller_pid]: Command timeout; stopping motors
[WARN] [1786075652.206520447] [motor_controller_pid]: Command timeout; stopping motors
[WARN] [1786075690.506938272] [motor_controller_pid]: Left motor is saturated: target spd -0.01679092434265185
[WARN] [1786075690.557091786] [motor_controller_pid]: Left motor is saturated: target spd -0.01679092434265185
[WARN] [1786075690.606963113] [motor_controller_pid]: Left motor is saturated: target spd -0.01841288909120485
[WARN] [1786075690.657593278] [motor_controller_pid]: Left motor is saturated: target spd -0.01841288909120485
[WARN] [1786075690.707011510] [motor_controller_pid]: Left motor is saturated: target spd -0.01872422609680798
[WARN] [1786075690.757762601] [motor_controller_pid]: Left motor is saturated: target spd -0.01872422609680798
[WARN] [1786075690.806990777] [motor_controller_pid]: Left motor is saturated: target spd -0.017863925976818427
[WARN] [1786075690.856960346] [motor_controller_pid]: Left motor is saturated: target spd -0.017863925976818427
[WARN] [1786075690.906967340] [motor_controller_pid]: Left motor is saturated: target spd -0.01860908795490395
[WARN] [1786075690.957049372] [motor_controller_pid]: Left motor is saturated: target spd -0.01860908795490395
[WARN] [1786075691.006959033] [motor_controller_pid]: Left motor is saturated: target spd -0.022966200206498616
[WARN] [1786075691.056957620] [motor_controller_pid]: Left motor is saturated: target spd -0.022966200206498616
[WARN] [1786075691.107522248] [motor_controller_pid]: Left motor is saturated: target spd -0.02384476215436589
[WARN] [1786075691.157770040] [motor_controller_pid]: Left motor is saturated: target spd -0.02384476215436589
[WARN] [1786075691.207049975] [motor_controller_pid]: Left motor is saturated: target spd -0.016595934656681494
[WARN] [1786075691.257233063] [motor_controller_pid]: Left motor is saturated: target spd -0.016595934656681494
[WARN] [1786075691.306860445] [motor_controller_pid]: Left motor is saturated: target spd -0.01579444026686251
[WARN] [1786075691.356986570] [motor_controller_pid]: Left motor is saturated: target spd -0.01579444026686251
[WARN] [1786075691.407353085] [motor_controller_pid]: Left motor is saturated: target spd -0.013853621099959128
[WARN] [1786075691.457202523] [motor_controller_pid]: Left motor is saturated: target spd -0.013853621099959128
[WARN] [1786075691.507152110] [motor_controller_pid]: Left motor is saturated: target spd -0.01967876113364473
[WARN] [1786075691.557111271] [motor_controller_pid]: Left motor is saturated: target spd -0.01967876113364473
[WARN] [1786075691.607042506] [motor_controller_pid]: Left motor is saturated: target spd -0.022751020224601962
[WARN] [1786075691.657786616] [motor_controller_pid]: Left motor is saturated: target spd -0.022751020224601962
[WARN] [1786075691.707580702] [motor_controller_pid]: Left motor is saturated: target spd -0.02055690616967622
[WARN] [1786075691.757142602] [motor_controller_pid]: Left motor is saturated: target spd -0.02055690616967622
[WARN] [1786075691.806960058] [motor_controller_pid]: Left motor is saturated: target spd -0.020572871460649185
[WARN] [1786075691.857092331] [motor_controller_pid]: Left motor is saturated: target spd -0.020572871460649185
[WARN] [1786075691.906937807] [motor_controller_pid]: Left motor is saturated: target spd -0.02279823054629378
[WARN] [1786075691.957570416] [motor_controller_pid]: Left motor is saturated: target spd -0.02279823054629378
[WARN] [1786075692.006941166] [motor_controller_pid]: Left motor is saturated: target spd -0.013523748593474738
[WARN] [1786075692.057014846] [motor_controller_pid]: Left motor is saturated: target spd -0.013523748593474738
[WARN] [1786075692.107003137] [motor_controller_pid]: Left motor is saturated: target spd -0.019370836389134637
[WARN] [1786075692.157251670] [motor_controller_pid]: Left motor is saturated: target spd -0.019370836389134637
[WARN] [1786075692.219635418] [motor_controller_pid]: Left motor is saturated: target spd -0.018817401359672657
[WARN] [1786075692.257703736] [motor_controller_pid]: Left motor is saturated: target spd -0.018817401359672657
[WARN] [1786075692.307184265] [motor_controller_pid]: Left motor is saturated: target spd -0.018452946876408534
[WARN] [1786075692.357573428] [motor_controller_pid]: Left motor is saturated: target spd -0.018452946876408534
[WARN] [1786075692.407588497] [motor_controller_pid]: Left motor is saturated: target spd -0.01450089860339649
[WARN] [1786075692.456912507] [motor_controller_pid]: Left motor is saturated: target spd -0.01450089860339649
[WARN] [1786075692.507239133] [motor_controller_pid]: Left motor is saturated: target spd -0.017569947026262526
[WARN] [1786075692.557156553] [motor_controller_pid]: Left motor is saturated: target spd -0.017569947026262526
[WARN] [1786075692.607448882] [motor_controller_pid]: Left motor is saturated: target spd -0.016338728629238904
[WARN] [1786075692.657390339] [motor_controller_pid]: Left motor is saturated: target spd -0.016338728629238904
[WARN] [1786075692.707297371] [motor_controller_pid]: Left motor is saturated: target spd -0.017216004369955046
[WARN] [1786075692.757841516] [motor_controller_pid]: Left motor is saturated: target spd -0.017216004369955046
[WARN] [1786075692.806996840] [motor_controller_pid]: Left motor is saturated: target spd -0.014119281816715375
[WARN] [1786075692.857362003] [motor_controller_pid]: Left motor is saturated: target spd -0.014119281816715375
[WARN] [1786075692.907183830] [motor_controller_pid]: Left motor is saturated: target spd -0.016873102426435797
[WARN] [1786075692.956985286] [motor_controller_pid]: Left motor is saturated: target spd -0.016873102426435797
[WARN] [1786075693.007216153] [motor_controller_pid]: Left motor is saturated: target spd -0.015358353376132436
[WARN] [1786075693.056892294] [motor_controller_pid]: Left motor is saturated: target spd -0.015358353376132436
[WARN] [1786075693.107243790] [motor_controller_pid]: Left motor is saturated: target spd -0.018113136331224813
[WARN] [1786075693.156924691] [motor_controller_pid]: Left motor is saturated: target spd -0.018113136331224813
[WARN] [1786075693.207290002] [motor_controller_pid]: Left motor is saturated: target spd -0.017040469913743438
[WARN] [1786075693.258109538] [motor_controller_pid]: Left motor is saturated: target spd -0.017040469913743438
[WARN] [1786075693.310032339] [motor_controller_pid]: Left motor is saturated: target spd -0.01709822582625784
[WARN] [1786075693.356934669] [motor_controller_pid]: Left motor is saturated: target spd -0.01709822582625784
[WARN] [1786075693.407219739] [motor_controller_pid]: Left motor is saturated: target spd -0.021260378059837968
[WARN] [1786075693.456854176] [motor_controller_pid]: Left motor is saturated: target spd -0.021260378059837968
[WARN] [1786075693.507590305] [motor_controller_pid]: Left motor is saturated: target spd -0.02013046281009447
[WARN] [1786075693.556900999] [motor_controller_pid]: Left motor is saturated: target spd -0.02013046281009447
[WARN] [1786075693.606933401] [motor_controller_pid]: Left motor is saturated: target spd -0.020254491643607618
[WARN] [1786075693.656918322] [motor_controller_pid]: Left motor is saturated: target spd -0.020254491643607618
[WARN] [1786075693.707622876] [motor_controller_pid]: Left motor is saturated: target spd -0.018583507152786477
[WARN] [1786075693.756982923] [motor_controller_pid]: Left motor is saturated: target spd -0.018583507152786477
[WARN] [1786075693.807557957] [motor_controller_pid]: Left motor is saturated: target spd -0.02235706680282019
[WARN] [1786075693.856851337] [motor_controller_pid]: Left motor is saturated: target spd -0.02235706680282019
[WARN] [1786075697.708176745] [motor_controller_pid]: Right motor is saturated: target spd -0.15000000596046448
[WARN] [1786075697.757116067] [motor_controller_pid]: Right motor is saturated: target spd -0.15000000596046448
[WARN] [1786075697.807433360] [motor_controller_pid]: Right motor is saturated: target spd -0.15000000596046448
[WARN] [1786075697.856924018] [motor_controller_pid]: Right motor is saturated: target spd -0.15000000596046448
[WARN] [1786075697.907626498] [motor_controller_pid]: Right motor is saturated: target spd -0.15000000596046448
[WARN] [1786075697.957126934] [motor_controller_pid]: Right motor is saturated: target spd -0.15000000596046448
[WARN] [1786075698.007673784] [motor_controller_pid]: Right motor is saturated: target spd -0.15000000596046448
[WARN] [1786075698.056891885] [motor_controller_pid]: Right motor is saturated: target spd -0.15000000596046448
[WARN] [1786075698.107809237] [motor_controller_pid]: Right motor is saturated: target spd -0.15000000596046448
[WARN] [1786075698.156829559] [motor_controller_pid]: Right motor is saturated: target spd -0.15000000596046448
[WARN] [1786075698.208034968] [motor_controller_pid]: Right motor is saturated: target spd -0.15000000596046448
[WARN] [1786075698.257117124] [motor_controller_pid]: Right motor is saturated: target spd -0.15000000596046448
[WARN] [1786075698.307735641] [motor_controller_pid]: Right motor is saturated: target spd -0.15000000596046448
[WARN] [1786075698.356947983] [motor_controller_pid]: Right motor is saturated: target spd -0.15000000596046448
[WARN] [1786075698.407361183] [motor_controller_pid]: Right motor is saturated: target spd -0.15000000596046448
[WARN] [1786075698.456894527] [motor_controller_pid]: Right motor is saturated: target spd -0.15000000596046448
[WARN] [1786075698.507427451] [motor_controller_pid]: Right motor is saturated: target spd -0.15000000596046448
[WARN] [1786075698.556907350] [motor_controller_pid]: Right motor is saturated: target spd -0.15000000596046448
[WARN] [1786075698.607693423] [motor_controller_pid]: Right motor is saturated: target spd -0.15000000596046448
[WARN] [1786075698.656832246] [motor_controller_pid]: Right motor is saturated: target spd -0.15000000596046448
[WARN] [1786075698.707795024] [motor_controller_pid]: Right motor is saturated: target spd -0.15000000596046448
[WARN] [1786075698.757049514] [motor_controller_pid]: Right motor is saturated: target spd -0.15000000596046448
[WARN] [1786075698.807230806] [motor_controller_pid]: Right motor is saturated: target spd -0.15000000596046448
[WARN] [1786075698.856873614] [motor_controller_pid]: Right motor is saturated: target spd -0.15000000596046448
[WARN] [1786075698.907378185] [motor_controller_pid]: Right motor is saturated: target spd -0.15000000596046448
[WARN] [1786075698.956966641] [motor_controller_pid]: Right motor is saturated: target spd -0.15000000596046448
[WARN] [1786075699.007571731] [motor_controller_pid]: Right motor is saturated: target spd -0.15000000596046448
[WARN] [1786075699.056882907] [motor_controller_pid]: Right motor is saturated: target spd -0.15000000596046448
[WARN] [1786075699.107628869] [motor_controller_pid]: Left motor is saturated: target spd 0.15000000596046448
[WARN] [1786075699.108985950] [motor_controller_pid]: Right motor is saturated: target spd -0.15000000596046448
[WARN] [1786075699.156878174] [motor_controller_pid]: Left motor is saturated: target spd 0.15000000596046448
[WARN] [1786075699.158230682] [motor_controller_pid]: Right motor is saturated: target spd -0.15000000596046448
[WARN] [1786075699.207644840] [motor_controller_pid]: Left motor is saturated: target spd 0.15000000596046448
[WARN] [1786075699.208692216] [motor_controller_pid]: Right motor is saturated: target spd -0.15000000596046448
[WARN] [1786075699.256864497] [motor_controller_pid]: Left motor is saturated: target spd 0.15000000596046448
[WARN] [1786075699.257819965] [motor_controller_pid]: Right motor is saturated: target spd -0.15000000596046448
[WARN] [1786075699.307192826] [motor_controller_pid]: Left motor is saturated: target spd 0.15000000596046448
[WARN] [1786075699.308219573] [motor_controller_pid]: Right motor is saturated: target spd -0.15000000596046448
[WARN] [1786075699.356863375] [motor_controller_pid]: Left motor is saturated: target spd 0.15000000596046448
[WARN] [1786075699.357853176] [motor_controller_pid]: Right motor is saturated: target spd -0.15000000596046448
[WARN] [1786075699.407116334] [motor_controller_pid]: Left motor is saturated: target spd 0.15000000596046448
[WARN] [1786075699.408215636] [motor_controller_pid]: Right motor is saturated: target spd -0.15000000596046448
[WARN] [1786075699.456909105] [motor_controller_pid]: Left motor is saturated: target spd 0.15000000596046448
[WARN] [1786075699.457922166] [motor_controller_pid]: Right motor is saturated: target spd -0.15000000596046448
[WARN] [1786075699.507361880] [motor_controller_pid]: Left motor is saturated: target spd 0.15000000596046448
[WARN] [1786075699.508432071] [motor_controller_pid]: Right motor is saturated: target spd -0.15000000596046448
[WARN] [1786075699.556847798] [motor_controller_pid]: Left motor is saturated: target spd 0.15000000596046448
[WARN] [1786075699.557829173] [motor_controller_pid]: Right motor is saturated: target spd -0.15000000596046448
[WARN] [1786075699.607252831] [motor_controller_pid]: Left motor is saturated: target spd 0.15000000596046448
[WARN] [1786075699.608308596] [motor_controller_pid]: Right motor is saturated: target spd -0.15000000596046448
[WARN] [1786075699.656928954] [motor_controller_pid]: Left motor is saturated: target spd 0.15000000596046448
[WARN] [1786075699.658508000] [motor_controller_pid]: Right motor is saturated: target spd -0.15000000596046448
[WARN] [1786075699.707271802] [motor_controller_pid]: Left motor is saturated: target spd 0.15000000596046448
[WARN] [1786075699.708377031] [motor_controller_pid]: Right motor is saturated: target spd -0.15000000596046448
[WARN] [1786075699.756826776] [motor_controller_pid]: Left motor is saturated: target spd 0.15000000596046448
[WARN] [1786075699.757763226] [motor_controller_pid]: Right motor is saturated: target spd -0.15000000596046448
[WARN] [1786075699.807574330] [motor_controller_pid]: Left motor is saturated: target spd 0.15000000596046448
[WARN] [1786075699.808604114] [motor_controller_pid]: Right motor is saturated: target spd -0.15000000596046448
[WARN] [1786075699.856801469] [motor_controller_pid]: Left motor is saturated: target spd 0.15000000596046448
[WARN] [1786075699.858644090] [motor_controller_pid]: Right motor is saturated: target spd -0.15000000596046448
[WARN] [1786075699.907692635] [motor_controller_pid]: Left motor is saturated: target spd 0.15000000596046448
[WARN] [1786075699.908834382] [motor_controller_pid]: Right motor is saturated: target spd -0.15000000596046448
[WARN] [1786075699.956921070] [motor_controller_pid]: Left motor is saturated: target spd 0.15000000596046448
[WARN] [1786075699.958092835] [motor_controller_pid]: Right motor is saturated: target spd -0.15000000596046448
[WARN] [1786075700.007263326] [motor_controller_pid]: Left motor is saturated: target spd 0.15000000596046448
[WARN] [1786075700.008294961] [motor_controller_pid]: Right motor is saturated: target spd -0.15000000596046448
[WARN] [1786075700.056879096] [motor_controller_pid]: Left motor is saturated: target spd 0.15000000596046448
[WARN] [1786075700.058341937] [motor_controller_pid]: Right motor is saturated: target spd -0.15000000596046448
[WARN] [1786075700.107922596] [motor_controller_pid]: Left motor is saturated: target spd 0.15000000596046448
[WARN] [1786075700.109107806] [motor_controller_pid]: Right motor is saturated: target spd -0.15000000596046448
[WARN] [1786075700.156876715] [motor_controller_pid]: Left motor is saturated: target spd 0.15000000596046448
[WARN] [1786075700.157943128] [motor_controller_pid]: Right motor is saturated: target spd -0.15000000596046448
[WARN] [1786075700.207392527] [motor_controller_pid]: Left motor is saturated: target spd 0.15000000596046448
[WARN] [1786075700.208524866] [motor_controller_pid]: Right motor is saturated: target spd -0.15000000596046448
[WARN] [1786075700.256986593] [motor_controller_pid]: Left motor is saturated: target spd 0.15000000596046448
[WARN] [1786075700.258156618] [motor_controller_pid]: Right motor is saturated: target spd -0.15000000596046448
[WARN] [1786075700.307300071] [motor_controller_pid]: Left motor is saturated: target spd 0.15000000596046448
[WARN] [1786075700.308359799] [motor_controller_pid]: Right motor is saturated: target spd -0.15000000596046448
[WARN] [1786075700.356942138] [motor_controller_pid]: Left motor is saturated: target spd 0.15000000596046448
[WARN] [1786075700.358088626] [motor_controller_pid]: Right motor is saturated: target spd -0.15000000596046448
[WARN] [1786075700.407343024] [motor_controller_pid]: Left motor is saturated: target spd 0.15000000596046448
[WARN] [1786075700.408369955] [motor_controller_pid]: Right motor is saturated: target spd -0.15000000596046448
[WARN] [1786075700.456894960] [motor_controller_pid]: Left motor is saturated: target spd 0.15000000596046448
[WARN] [1786075700.459131621] [motor_controller_pid]: Right motor is saturated: target spd -0.15000000596046448
[WARN] [1786075700.507172808] [motor_controller_pid]: Left motor is saturated: target spd 0.15000000596046448
[WARN] [1786075700.508183221] [motor_controller_pid]: Right motor is saturated: target spd -0.15000000596046448
[WARN] [1786075700.556879061] [motor_controller_pid]: Left motor is saturated: target spd 0.15000000596046448
[WARN] [1786075700.558228827] [motor_controller_pid]: Right motor is saturated: target spd -0.15000000596046448
[WARN] [1786075700.607198520] [motor_controller_pid]: Left motor is saturated: target spd 0.15000000596046448
[WARN] [1786075700.608229303] [motor_controller_pid]: Right motor is saturated: target spd -0.15000000596046448
[WARN] [1786075700.656820586] [motor_controller_pid]: Left motor is saturated: target spd 0.15000000596046448
[WARN] [1786075700.657791666] [motor_controller_pid]: Right motor is saturated: target spd -0.15000000596046448
[WARN] [1786075700.707535363] [motor_controller_pid]: Left motor is saturated: target spd 0.15000000596046448
[WARN] [1786075700.708672739] [motor_controller_pid]: Right motor is saturated: target spd -0.15000000596046448
[WARN] [1786075700.756910910] [motor_controller_pid]: Left motor is saturated: target spd 0.15000000596046448
[WARN] [1786075700.757966786] [motor_controller_pid]: Right motor is saturated: target spd -0.15000000596046448
[WARN] [1786075700.807500833] [motor_controller_pid]: Left motor is saturated: target spd 0.15000000596046448
[WARN] [1786075700.808584524] [motor_controller_pid]: Right motor is saturated: target spd -0.15000000596046448
[WARN] [1786075700.856896102] [motor_controller_pid]: Left motor is saturated: target spd 0.15000000596046448
[WARN] [1786075700.858150998] [motor_controller_pid]: Right motor is saturated: target spd -0.15000000596046448
[WARN] [1786075700.907658583] [motor_controller_pid]: Left motor is saturated: target spd 0.15000000596046448
[WARN] [1786075700.908748366] [motor_controller_pid]: Right motor is saturated: target spd -0.15000000596046448
[WARN] [1786075700.956864666] [motor_controller_pid]: Left motor is saturated: target spd 0.15000000596046448
[WARN] [1786075700.957933079] [motor_controller_pid]: Right motor is saturated: target spd -0.15000000596046448
[WARN] [1786075701.007580220] [motor_controller_pid]: Left motor is saturated: target spd 0.15000000596046448
[WARN] [1786075701.008656800] [motor_controller_pid]: Right motor is saturated: target spd -0.15000000596046448
[WARN] [1786075701.056824229] [motor_controller_pid]: Left motor is saturated: target spd 0.15000000596046448
[WARN] [1786075701.057768252] [motor_controller_pid]: Right motor is saturated: target spd -0.15000000596046448
[WARN] [1786075701.107409134] [motor_controller_pid]: Left motor is saturated: target spd 0.15000000596046448
[WARN] [1786075701.108813197] [motor_controller_pid]: Right motor is saturated: target spd -0.15000000596046448
[WARN] [1786075701.156926848] [motor_controller_pid]: Left motor is saturated: target spd 0.15000000596046448
[WARN] [1786075701.158218688] [motor_controller_pid]: Right motor is saturated: target spd -0.15000000596046448
[WARN] [1786075701.207380290] [motor_controller_pid]: Left motor is saturated: target spd 0.15000000596046448
[WARN] [1786075701.208403517] [motor_controller_pid]: Right motor is saturated: target spd -0.15000000596046448
[WARN] [1786075701.256891874] [motor_controller_pid]: Left motor is saturated: target spd 0.15000000596046448
[WARN] [1786075701.257962713] [motor_controller_pid]: Right motor is saturated: target spd -0.15000000596046448
[WARN] [1786075701.307693484] [motor_controller_pid]: Left motor is saturated: target spd 0.15000000596046448
[WARN] [1786075701.308771379] [motor_controller_pid]: Right motor is saturated: target spd -0.15000000596046448
[WARN] [1786075701.356807844] [motor_controller_pid]: Left motor is saturated: target spd 0.15000000596046448
[WARN] [1786075701.357771609] [motor_controller_pid]: Right motor is saturated: target spd -0.15000000596046448
[WARN] [1786075701.407654362] [motor_controller_pid]: Left motor is saturated: target spd 0.15000000596046448
[WARN] [1786075701.408666960] [motor_controller_pid]: Right motor is saturated: target spd -0.15000000596046448
[WARN] [1786075701.456821149] [motor_controller_pid]: Left motor is saturated: target spd 0.15000000596046448
[WARN] [1786075701.457779283] [motor_controller_pid]: Right motor is saturated: target spd -0.15000000596046448
[WARN] [1786075701.507728259] [motor_controller_pid]: Left motor is saturated: target spd 0.15000000596046448
[WARN] [1786075701.508795654] [motor_controller_pid]: Right motor is saturated: target spd -0.15000000596046448
[WARN] [1786075701.556837656] [motor_controller_pid]: Left motor is saturated: target spd 0.15000000596046448
[WARN] [1786075701.558030885] [motor_controller_pid]: Right motor is saturated: target spd -0.15000000596046448
[WARN] [1786075701.607420488] [motor_controller_pid]: Left motor is saturated: target spd 0.15000000596046448
[WARN] [1786075701.608542049] [motor_controller_pid]: Right motor is saturated: target spd -0.15000000596046448
[WARN] [1786075701.656881924] [motor_controller_pid]: Left motor is saturated: target spd 0.15000000596046448
[WARN] [1786075701.658358747] [motor_controller_pid]: Right motor is saturated: target spd -0.15000000596046448
[WARN] [1786075701.707845090] [motor_controller_pid]: Left motor is saturated: target spd 0.15000000596046448
[WARN] [1786075701.708945337] [motor_controller_pid]: Right motor is saturated: target spd -0.15000000596046448
[WARN] [1786075701.757115414] [motor_controller_pid]: Left motor is saturated: target spd 0.15000000596046448
[WARN] [1786075701.758759905] [motor_controller_pid]: Right motor is saturated: target spd -0.15000000596046448
[WARN] [1786075701.807287169] [motor_controller_pid]: Left motor is saturated: target spd 0.15000000596046448
[WARN] [1786075701.808330489] [motor_controller_pid]: Right motor is saturated: target spd -0.15000000596046448
[WARN] [1786075701.856900199] [motor_controller_pid]: Left motor is saturated: target spd 0.15000000596046448
[WARN] [1786075701.857976334] [motor_controller_pid]: Right motor is saturated: target spd -0.15000000596046448
[WARN] [1786075701.907245954] [motor_controller_pid]: Left motor is saturated: target spd 0.15000000596046448
[WARN] [1786075701.908252645] [motor_controller_pid]: Right motor is saturated: target spd -0.15000000596046448
[WARN] [1786075701.956904836] [motor_controller_pid]: Left motor is saturated: target spd 0.15000000596046448
[WARN] [1786075701.958711864] [motor_controller_pid]: Right motor is saturated: target spd -0.15000000596046448
[WARN] [1786075702.007410907] [motor_controller_pid]: Left motor is saturated: target spd 0.15000000596046448
[WARN] [1786075702.008455617] [motor_controller_pid]: Right motor is saturated: target spd -0.15000000596046448
[WARN] [1786075702.056827491] [motor_controller_pid]: Left motor is saturated: target spd 0.15000000596046448
[WARN] [1786075702.057835552] [motor_controller_pid]: Right motor is saturated: target spd -0.15000000596046448
[WARN] [1786075702.107134784] [motor_controller_pid]: Left motor is saturated: target spd 0.15000000596046448
[WARN] [1786075702.108401606] [motor_controller_pid]: Right motor is saturated: target spd -0.15000000596046448
[WARN] [1786075702.156956963] [motor_controller_pid]: Left motor is saturated: target spd 0.15000000596046448
[WARN] [1786075702.158382674] [motor_controller_pid]: Right motor is saturated: target spd -0.15000000596046448
[WARN] [1786075702.207703110] [motor_controller_pid]: Left motor is saturated: target spd 0.15000000596046448
[WARN] [1786075702.208816412] [motor_controller_pid]: Right motor is saturated: target spd -0.15000000596046448
[WARN] [1786075702.256994378] [motor_controller_pid]: Left motor is saturated: target spd 0.15000000596046448
[WARN] [1786075702.258412201] [motor_controller_pid]: Right motor is saturated: target spd -0.15000000596046448
[WARN] [1786075702.307149003] [motor_controller_pid]: Left motor is saturated: target spd 0.15000000596046448
[WARN] [1786075702.308265658] [motor_controller_pid]: Right motor is saturated: target spd -0.15000000596046448
[WARN] [1786075702.357121146] [motor_controller_pid]: Left motor is saturated: target spd 0.15000000596046448
[WARN] [1786075702.358685377] [motor_controller_pid]: Right motor is saturated: target spd -0.15000000596046448
[WARN] [1786075702.407374123] [motor_controller_pid]: Left motor is saturated: target spd 0.15000000596046448
[WARN] [1786075702.408453407] [motor_controller_pid]: Right motor is saturated: target spd -0.15000000596046448
[WARN] [1786075702.456921041] [motor_controller_pid]: Left motor is saturated: target spd 0.15000000596046448
[WARN] [1786075702.458579773] [motor_controller_pid]: Right motor is saturated: target spd -0.15000000596046448
[WARN] [1786075702.507327872] [motor_controller_pid]: Left motor is saturated: target spd 0.15000000596046448
[WARN] [1786075702.508359174] [motor_controller_pid]: Right motor is saturated: target spd -0.15000000596046448
[WARN] [1786075702.556858234] [motor_controller_pid]: Left motor is saturated: target spd 0.15000000596046448
[WARN] [1786075702.557855054] [motor_controller_pid]: Right motor is saturated: target spd -0.15000000596046448
[WARN] [1786075702.607008415] [motor_controller_pid]: Left motor is saturated: target spd 0.15000000596046448
[WARN] [1786075702.608087402] [motor_controller_pid]: Right motor is saturated: target spd -0.15000000596046448
[WARN] [1786075702.656880242] [motor_controller_pid]: Left motor is saturated: target spd 0.15000000596046448
[WARN] [1786075702.657888377] [motor_controller_pid]: Right motor is saturated: target spd -0.15000000596046448
[WARN] [1786075702.707530777] [motor_controller_pid]: Left motor is saturated: target spd 0.15000000596046448
[WARN] [1786075702.708645524] [motor_controller_pid]: Right motor is saturated: target spd -0.15000000596046448
[WARN] [1786075702.756989473] [motor_controller_pid]: Left motor is saturated: target spd 0.15000000596046448
[WARN] [1786075702.758473925] [motor_controller_pid]: Right motor is saturated: target spd -0.15000000596046448
[WARN] [1786075702.807158431] [motor_controller_pid]: Left motor is saturated: target spd 0.15000000596046448
[WARN] [1786075702.808210733] [motor_controller_pid]: Right motor is saturated: target spd -0.15000000596046448
[WARN] [1786075702.856955480] [motor_controller_pid]: Left motor is saturated: target spd 0.15000000596046448
[WARN] [1786075702.858114838] [motor_controller_pid]: Right motor is saturated: target spd -0.15000000596046448
[WARN] [1786075702.907568367] [motor_controller_pid]: Left motor is saturated: target spd 0.15000000596046448
[WARN] [1786075702.908646280] [motor_controller_pid]: Right motor is saturated: target spd -0.15000000596046448
[WARN] [1786075702.956956729] [motor_controller_pid]: Left motor is saturated: target spd 0.15000000596046448
[WARN] [1786075702.958524163] [motor_controller_pid]: Right motor is saturated: target spd -0.15000000596046448
[WARN] [1786075703.007605190] [motor_controller_pid]: Left motor is saturated: target spd 0.15000000596046448
[WARN] [1786075703.008686399] [motor_controller_pid]: Right motor is saturated: target spd -0.15000000596046448
[WARN] [1786075703.056903681] [motor_controller_pid]: Left motor is saturated: target spd 0.15000000596046448
[WARN] [1786075703.058178021] [motor_controller_pid]: Right motor is saturated: target spd -0.15000000596046448
[WARN] [1786075703.107309474] [motor_controller_pid]: Left motor is saturated: target spd 0.15000000596046448
[WARN] [1786075703.108572351] [motor_controller_pid]: Right motor is saturated: target spd -0.15000000596046448
[WARN] [1786075703.156987504] [motor_controller_pid]: Left motor is saturated: target spd 0.15000000596046448
[WARN] [1786075703.159480832] [motor_controller_pid]: Right motor is saturated: target spd -0.15000000596046448
[WARN] [1786075703.208490451] [motor_controller_pid]: Left motor is saturated: target spd 0.15000000596046448
[WARN] [1786075703.210148441] [motor_controller_pid]: Right motor is saturated: target spd -0.15000000596046448
[WARN] [1786075703.257247605] [motor_controller_pid]: Left motor is saturated: target spd 0.15000000596046448
[WARN] [1786075703.258926837] [motor_controller_pid]: Right motor is saturated: target spd -0.15000000596046448
[WARN] [1786075703.308131642] [motor_controller_pid]: Left motor is saturated: target spd 0.15000000596046448
[WARN] [1786075703.309196018] [motor_controller_pid]: Right motor is saturated: target spd -0.15000000596046448
[WARN] [1786075703.356824574] [motor_controller_pid]: Left motor is saturated: target spd 0.15000000596046448
[WARN] [1786075703.357743708] [motor_controller_pid]: Right motor is saturated: target spd -0.15000000596046448
[WARN] [1786075703.407704610] [motor_controller_pid]: Left motor is saturated: target spd 0.15000000596046448
[WARN] [1786075703.408855339] [motor_controller_pid]: Right motor is saturated: target spd -0.15000000596046448
[WARN] [1786075703.456867304] [motor_controller_pid]: Left motor is saturated: target spd 0.15000000596046448
[WARN] [1786075703.457872272] [motor_controller_pid]: Right motor is saturated: target spd -0.15000000596046448
[WARN] [1786075703.507637062] [motor_controller_pid]: Left motor is saturated: target spd 0.15000000596046448
[WARN] [1786075703.508756938] [motor_controller_pid]: Right motor is saturated: target spd -0.15000000596046448
[WARN] [1786075703.556935257] [motor_controller_pid]: Left motor is saturated: target spd 0.15000000596046448
[WARN] [1786075703.558077429] [motor_controller_pid]: Right motor is saturated: target spd -0.15000000596046448
[WARN] [1786075703.607335790] [motor_controller_pid]: Left motor is saturated: target spd 0.15000000596046448
[WARN] [1786075703.608434370] [motor_controller_pid]: Right motor is saturated: target spd -0.15000000596046448
[WARN] [1786075703.656957209] [motor_controller_pid]: Left motor is saturated: target spd 0.15000000596046448
[WARN] [1786075703.658531458] [motor_controller_pid]: Right motor is saturated: target spd -0.15000000596046448
[WARN] [1786075703.707773986] [motor_controller_pid]: Left motor is saturated: target spd 0.15000000596046448
[WARN] [1786075703.708894714] [motor_controller_pid]: Right motor is saturated: target spd -0.15000000596046448
[WARN] [1786075703.756959531] [motor_controller_pid]: Left motor is saturated: target spd 0.15000000596046448
[WARN] [1786075703.758739671] [motor_controller_pid]: Right motor is saturated: target spd -0.15000000596046448
[WARN] [1786075703.807208416] [motor_controller_pid]: Left motor is saturated: target spd 0.15000000596046448
[WARN] [1786075703.808249052] [motor_controller_pid]: Right motor is saturated: target spd -0.15000000596046448
[WARN] [1786075703.857201170] [motor_controller_pid]: Left motor is saturated: target spd 0.15000000596046448
[WARN] [1786075703.858718678] [motor_controller_pid]: Right motor is saturated: target spd -0.15000000596046448
[WARN] [1786075703.907410147] [motor_controller_pid]: Left motor is saturated: target spd 0.2016125
[WARN] [1786075703.956896973] [motor_controller_pid]: Left motor is saturated: target spd 0.2016125
[WARN] [1786075704.007631212] [motor_controller_pid]: Left motor is saturated: target spd 0.2016125
[WARN] [1786075704.056810054] [motor_controller_pid]: Left motor is saturated: target spd 0.2016125
[WARN] [1786075704.107403052] [motor_controller_pid]: Left motor is saturated: target spd 0.2016125
[WARN] [1786075704.156900747] [motor_controller_pid]: Left motor is saturated: target spd 0.2016125
[WARN] [1786075704.207631431] [motor_controller_pid]: Left motor is saturated: target spd 0.2016125
[WARN] [1786075704.256977200] [motor_controller_pid]: Left motor is saturated: target spd 0.2016125
[WARN] [1786075704.307562420] [motor_controller_pid]: Left motor is saturated: target spd 0.2016125
[WARN] [1786075704.357208468] [motor_controller_pid]: Left motor is saturated: target spd 0.2016125
[WARN] [1786075704.407439168] [motor_controller_pid]: Left motor is saturated: target spd 0.2016125
[WARN] [1786075704.456944623] [motor_controller_pid]: Left motor is saturated: target spd 0.2016125
[WARN] [1786075704.507643769] [motor_controller_pid]: Left motor is saturated: target spd 0.2016125
[WARN] [1786075704.557131761] [motor_controller_pid]: Left motor is saturated: target spd 0.2016125
[WARN] [1786075704.607220386] [motor_controller_pid]: Left motor is saturated: target spd 0.2016125
[WARN] [1786075704.656917268] [motor_controller_pid]: Left motor is saturated: target spd 0.2016125
[WARN] [1786075704.707724544] [motor_controller_pid]: Left motor is saturated: target spd 0.2016125
[WARN] [1786075704.756903942] [motor_controller_pid]: Left motor is saturated: target spd 0.2016125
[WARN] [1786075704.807642755] [motor_controller_pid]: Left motor is saturated: target spd 0.2016125
[WARN] [1786075704.856915005] [motor_controller_pid]: Left motor is saturated: target spd 0.2016125
[WARN] [1786075704.907441318] [motor_controller_pid]: Left motor is saturated: target spd 0.2016125
[WARN] [1786075704.956913643] [motor_controller_pid]: Left motor is saturated: target spd 0.2016125
[WARN] [1786075705.007532307] [motor_controller_pid]: Left motor is saturated: target spd 0.2016125
[WARN] [1786075705.056914576] [motor_controller_pid]: Left motor is saturated: target spd 0.2016125
[WARN] [1786075705.108200967] [motor_controller_pid]: Left motor is saturated: target spd 0.2016125
[WARN] [1786075705.157062215] [motor_controller_pid]: Left motor is saturated: target spd 0.2016125
[WARN] [1786075705.208216567] [motor_controller_pid]: Left motor is saturated: target spd 0.2016125
[WARN] [1786075705.257008426] [motor_controller_pid]: Left motor is saturated: target spd 0.2016125
[WARN] [1786075705.307291774] [motor_controller_pid]: Left motor is saturated: target spd 0.2016125
[WARN] [1786075705.356950137] [motor_controller_pid]: Left motor is saturated: target spd 0.2016125
[WARN] [1786075705.407668228] [motor_controller_pid]: Left motor is saturated: target spd 0.2016125
[WARN] [1786075705.456831811] [motor_controller_pid]: Left motor is saturated: target spd 0.2016125
[WARN] [1786075705.507641106] [motor_controller_pid]: Left motor is saturated: target spd 0.2016125
[WARN] [1786075705.556870059] [motor_controller_pid]: Left motor is saturated: target spd 0.2016125
[WARN] [1786075705.607338168] [motor_controller_pid]: Left motor is saturated: target spd 0.2016125
[WARN] [1786075705.656939068] [motor_controller_pid]: Left motor is saturated: target spd 0.2016125
[WARN] [1786075705.707711289] [motor_controller_pid]: Left motor is saturated: target spd 0.2016125
[WARN] [1786075705.757135447] [motor_controller_pid]: Left motor is saturated: target spd 0.2016125
[WARN] [1786075705.807762797] [motor_controller_pid]: Left motor is saturated: target spd 0.2016125
[WARN] [1786075705.856935046] [motor_controller_pid]: Left motor is saturated: target spd 0.2016125
[WARN] [1786075705.907005263] [motor_controller_pid]: Left motor is saturated: target spd 0.2016125
[WARN] [1786075705.957014313] [motor_controller_pid]: Left motor is saturated: target spd 0.2016125
[WARN] [1786075706.007345680] [motor_controller_pid]: Left motor is saturated: target spd 0.2016125
[WARN] [1786075706.056889265] [motor_controller_pid]: Left motor is saturated: target spd 0.2016125
[WARN] [1786075706.107634097] [motor_controller_pid]: Left motor is saturated: target spd 0.2016125
[WARN] [1786075706.156834791] [motor_controller_pid]: Left motor is saturated: target spd 0.2016125
[WARN] [1786075706.207865143] [motor_controller_pid]: Left motor is saturated: target spd 0.2016125
[WARN] [1786075706.256931077] [motor_controller_pid]: Left motor is saturated: target spd 0.2016125
[WARN] [1786075706.307522908] [motor_controller_pid]: Left motor is saturated: target spd 0.2016125
[WARN] [1786075706.356962659] [motor_controller_pid]: Left motor is saturated: target spd 0.2016125
[WARN] [1786075706.407585527] [motor_controller_pid]: Left motor is saturated: target spd 0.2016125
[WARN] [1786075706.456949259] [motor_controller_pid]: Left motor is saturated: target spd 0.2016125
[WARN] [1786075706.507308719] [motor_controller_pid]: Left motor is saturated: target spd 0.2016125
[WARN] [1786075706.557140287] [motor_controller_pid]: Left motor is saturated: target spd 0.2016125
[WARN] [1786075706.607408135] [motor_controller_pid]: Left motor is saturated: target spd 0.2016125
[WARN] [1786075706.656828404] [motor_controller_pid]: Left motor is saturated: target spd 0.2016125
[WARN] [1786075706.707730848] [motor_controller_pid]: Left motor is saturated: target spd 0.2016125
[WARN] [1786075706.756925134] [motor_controller_pid]: Left motor is saturated: target spd 0.2016125
[WARN] [1786075706.807636503] [motor_controller_pid]: Left motor is saturated: target spd 0.2016125
[WARN] [1786075706.856854419] [motor_controller_pid]: Left motor is saturated: target spd 0.2016125
[WARN] [1786075706.907454288] [motor_controller_pid]: Left motor is saturated: target spd 0.2016125
[WARN] [1786075706.956962687] [motor_controller_pid]: Left motor is saturated: target spd 0.2016125
[WARN] [1786075707.007480407] [motor_controller_pid]: Left motor is saturated: target spd 0.2016125
[WARN] [1786075707.056986269] [motor_controller_pid]: Left motor is saturated: target spd 0.2016125
[WARN] [1786075707.107607137] [motor_controller_pid]: Left motor is saturated: target spd 0.2016125
[WARN] [1786075707.157024795] [motor_controller_pid]: Left motor is saturated: target spd 0.2016125
[WARN] [1786075707.207584275] [motor_controller_pid]: Left motor is saturated: target spd 0.2016125
[WARN] [1786075707.257020248] [motor_controller_pid]: Left motor is saturated: target spd 0.2016125
[WARN] [1786075707.307287355] [motor_controller_pid]: Left motor is saturated: target spd 0.2016125
[WARN] [1786075707.356822384] [motor_controller_pid]: Left motor is saturated: target spd 0.2016125
[WARN] [1786075707.407710958] [motor_controller_pid]: Left motor is saturated: target spd 0.2016125
[WARN] [1786075707.456880559] [motor_controller_pid]: Left motor is saturated: target spd 0.2016125
[WARN] [1786075707.507572761] [motor_controller_pid]: Left motor is saturated: target spd 0.2016125
[WARN] [1786075707.556972882] [motor_controller_pid]: Left motor is saturated: target spd 0.2016125
[WARN] [1786075707.607772955] [motor_controller_pid]: Left motor is saturated: target spd 0.2016125
[WARN] [1786075707.657003649] [motor_controller_pid]: Left motor is saturated: target spd 0.2016125
[WARN] [1786075707.707695147] [motor_controller_pid]: Left motor is saturated: target spd 0.2016125
[WARN] [1786075707.757135232] [motor_controller_pid]: Left motor is saturated: target spd 0.2016125
[WARN] [1786075707.807675766] [motor_controller_pid]: Left motor is saturated: target spd 0.2016125
[WARN] [1786075707.856986072] [motor_controller_pid]: Left motor is saturated: target spd 0.2016125
[WARN] [1786075707.907839478] [motor_controller_pid]: Left motor is saturated: target spd 0.2016125
[WARN] [1786075707.956948579] [motor_controller_pid]: Left motor is saturated: target spd 0.2016125
[WARN] [1786075708.007191649] [motor_controller_pid]: Left motor is saturated: target spd 0.2016125
[WARN] [1786075708.056863864] [motor_controller_pid]: Left motor is saturated: target spd 0.2016125
[WARN] [1786075708.107945865] [motor_controller_pid]: Left motor is saturated: target spd 0.2016125
[WARN] [1786075708.156929891] [motor_controller_pid]: Left motor is saturated: target spd 0.2016125
[WARN] [1786075708.208215393] [motor_controller_pid]: Left motor is saturated: target spd 0.2016125
[WARN] [1786075708.256963714] [motor_controller_pid]: Left motor is saturated: target spd 0.2016125
[WARN] [1786075708.307494045] [motor_controller_pid]: Left motor is saturated: target spd 0.2016125
[WARN] [1786075708.357021314] [motor_controller_pid]: Left motor is saturated: target spd 0.2016125
[WARN] [1786075708.407536849] [motor_controller_pid]: Left motor is saturated: target spd 0.2016125
[WARN] [1786075708.456918451] [motor_controller_pid]: Left motor is saturated: target spd 0.2016125
[WARN] [1786075708.507612598] [motor_controller_pid]: Left motor is saturated: target spd 0.2016125
[WARN] [1786075708.556960107] [motor_controller_pid]: Left motor is saturated: target spd 0.2016125
[WARN] [1786075708.607600680] [motor_controller_pid]: Left motor is saturated: target spd 0.2016125
[WARN] [1786075708.657020504] [motor_controller_pid]: Left motor is saturated: target spd 0.2016125
[WARN] [1786075708.707722744] [motor_controller_pid]: Left motor is saturated: target spd 0.2016125
[WARN] [1786075708.756989049] [motor_controller_pid]: Left motor is saturated: target spd 0.2016125
[WARN] [1786075708.807215119] [motor_controller_pid]: Left motor is saturated: target spd 0.2016125
[WARN] [1786075708.856852426] [motor_controller_pid]: Left motor is saturated: target spd 0.2016125
[WARN] [1786075708.907524980] [motor_controller_pid]: Left motor is saturated: target spd 0.2016125
[WARN] [1786075708.956933675] [motor_controller_pid]: Left motor is saturated: target spd 0.2016125
[WARN] [1786075709.007355783] [motor_controller_pid]: Left motor is saturated: target spd 0.2016125
[WARN] [1786075709.056909590] [motor_controller_pid]: Left motor is saturated: target spd 0.2016125
[WARN] [1786075709.058002541] [motor_controller_pid]: Right motor is saturated: target spd 0.2016125
[WARN] [1786075709.107550663] [motor_controller_pid]: Left motor is saturated: target spd 0.2016125
[WARN] [1786075709.109317394] [motor_controller_pid]: Right motor is saturated: target spd 0.2016125
[WARN] [1786075709.157015469] [motor_controller_pid]: Left motor is saturated: target spd 0.2016125
[WARN] [1786075709.158801442] [motor_controller_pid]: Right motor is saturated: target spd 0.2016125
[WARN] [1786075709.207431059] [motor_controller_pid]: Left motor is saturated: target spd 0.2016125
[WARN] [1786075709.208695658] [motor_controller_pid]: Right motor is saturated: target spd 0.2016125
[WARN] [1786075709.257063736] [motor_controller_pid]: Left motor is saturated: target spd 0.2016125
[WARN] [1786075709.258507855] [motor_controller_pid]: Right motor is saturated: target spd 0.2016125
[WARN] [1786075709.307652068] [motor_controller_pid]: Left motor is saturated: target spd 0.2016125
[WARN] [1786075709.308674443] [motor_controller_pid]: Right motor is saturated: target spd 0.2016125
[WARN] [1786075709.357011614] [motor_controller_pid]: Left motor is saturated: target spd 0.2016125
[WARN] [1786075709.358250602] [motor_controller_pid]: Right motor is saturated: target spd 0.2016125
[WARN] [1786075709.407406315] [motor_controller_pid]: Left motor is saturated: target spd 0.2016125
[WARN] [1786075709.408481913] [motor_controller_pid]: Right motor is saturated: target spd 0.2016125
[WARN] [1786075709.456908640] [motor_controller_pid]: Left motor is saturated: target spd 0.2016125
[WARN] [1786075709.458014368] [motor_controller_pid]: Right motor is saturated: target spd 0.2016125
[WARN] [1786075709.507275507] [motor_controller_pid]: Left motor is saturated: target spd 0.2016125
[WARN] [1786075709.508248531] [motor_controller_pid]: Right motor is saturated: target spd 0.2016125
[WARN] [1786075709.556907814] [motor_controller_pid]: Left motor is saturated: target spd 0.2016125
[WARN] [1786075709.558002061] [motor_controller_pid]: Right motor is saturated: target spd 0.2016125
[WARN] [1786075709.607644554] [motor_controller_pid]: Left motor is saturated: target spd 0.2016125
[WARN] [1786075709.608738819] [motor_controller_pid]: Right motor is saturated: target spd 0.2016125
[WARN] [1786075709.656909026] [motor_controller_pid]: Left motor is saturated: target spd 0.2016125
[WARN] [1786075709.658437164] [motor_controller_pid]: Right motor is saturated: target spd 0.2016125
[WARN] [1786075709.707773618] [motor_controller_pid]: Left motor is saturated: target spd 0.2016125
[WARN] [1786075709.709083532] [motor_controller_pid]: Right motor is saturated: target spd 0.2016125
[WARN] [1786075709.757025219] [motor_controller_pid]: Left motor is saturated: target spd 0.2016125
[WARN] [1786075709.758505394] [motor_controller_pid]: Right motor is saturated: target spd 0.2016125
[WARN] [1786075709.807844293] [motor_controller_pid]: Left motor is saturated: target spd 0.2016125
[WARN] [1786075709.808934150] [motor_controller_pid]: Right motor is saturated: target spd 0.2016125
[WARN] [1786075709.856973394] [motor_controller_pid]: Left motor is saturated: target spd 0.2016125
[WARN] [1786075709.858641643] [motor_controller_pid]: Right motor is saturated: target spd 0.2016125
[WARN] [1786075709.907463891] [motor_controller_pid]: Left motor is saturated: target spd 0.2016125
[WARN] [1786075709.908544619] [motor_controller_pid]: Right motor is saturated: target spd 0.2016125
[WARN] [1786075709.957017068] [motor_controller_pid]: Left motor is saturated: target spd 0.2016125
[WARN] [1786075709.958471706] [motor_controller_pid]: Right motor is saturated: target spd 0.2016125
[WARN] [1786075710.007410565] [motor_controller_pid]: Left motor is saturated: target spd 0.2016125
[WARN] [1786075710.008529145] [motor_controller_pid]: Right motor is saturated: target spd 0.2016125
[WARN] [1786075710.057075002] [motor_controller_pid]: Left motor is saturated: target spd 0.2016125
[WARN] [1786075710.058667122] [motor_controller_pid]: Right motor is saturated: target spd 0.2016125
[WARN] [1786075710.107086960] [motor_controller_pid]: Left motor is saturated: target spd 0.2016125
[WARN] [1786075710.108160818] [motor_controller_pid]: Right motor is saturated: target spd 0.2016125
[WARN] [1786075710.156989917] [motor_controller_pid]: Left motor is saturated: target spd 0.2016125
[WARN] [1786075710.158623463] [motor_controller_pid]: Right motor is saturated: target spd 0.2016125
[WARN] [1786075710.207363877] [motor_controller_pid]: Left motor is saturated: target spd 0.2016125
[WARN] [1786075710.208401716] [motor_controller_pid]: Right motor is saturated: target spd 0.2016125
[WARN] [1786075710.257018629] [motor_controller_pid]: Left motor is saturated: target spd 0.2016125
[WARN] [1786075710.258319117] [motor_controller_pid]: Right motor is saturated: target spd 0.2016125
[WARN] [1786075710.307742942] [motor_controller_pid]: Left motor is saturated: target spd 0.2016125
[WARN] [1786075710.308770596] [motor_controller_pid]: Right motor is saturated: target spd 0.2016125
[WARN] [1786075710.356954321] [motor_controller_pid]: Left motor is saturated: target spd 0.2016125
[WARN] [1786075710.358543330] [motor_controller_pid]: Right motor is saturated: target spd 0.2016125
[WARN] [1786075710.407553078] [motor_controller_pid]: Left motor is saturated: target spd 0.2016125
[WARN] [1786075710.408633825] [motor_controller_pid]: Right motor is saturated: target spd 0.2016125
[WARN] [1786075710.456852921] [motor_controller_pid]: Left motor is saturated: target spd 0.2016125
[WARN] [1786075710.458838117] [motor_controller_pid]: Right motor is saturated: target spd 0.2016125
[WARN] [1786075710.507352011] [motor_controller_pid]: Left motor is saturated: target spd 0.2016125
[WARN] [1786075710.508416406] [motor_controller_pid]: Right motor is saturated: target spd 0.2016125
[WARN] [1786075710.557001596] [motor_controller_pid]: Left motor is saturated: target spd 0.2016125
[WARN] [1786075710.558224306] [motor_controller_pid]: Right motor is saturated: target spd 0.2016125
[WARN] [1786075710.607236314] [motor_controller_pid]: Left motor is saturated: target spd 0.2016125
[WARN] [1786075710.608363635] [motor_controller_pid]: Right motor is saturated: target spd 0.2016125
[WARN] [1786075710.656973530] [motor_controller_pid]: Left motor is saturated: target spd 0.2016125
[WARN] [1786075710.658169610] [motor_controller_pid]: Right motor is saturated: target spd 0.2016125
[WARN] [1786075710.707338656] [motor_controller_pid]: Left motor is saturated: target spd 0.2016125
[WARN] [1786075710.708497218] [motor_controller_pid]: Right motor is saturated: target spd 0.2016125
[WARN] [1786075710.757099853] [motor_controller_pid]: Left motor is saturated: target spd 0.2016125
[WARN] [1786075710.758608639] [motor_controller_pid]: Right motor is saturated: target spd 0.2016125
[WARN] [1786075710.807449683] [motor_controller_pid]: Left motor is saturated: target spd 0.2016125
[WARN] [1786075710.808592708] [motor_controller_pid]: Right motor is saturated: target spd 0.2016125
[WARN] [1786075710.856958156] [motor_controller_pid]: Left motor is saturated: target spd 0.2016125
[WARN] [1786075710.858281663] [motor_controller_pid]: Right motor is saturated: target spd 0.2016125
[WARN] [1786075710.907337190] [motor_controller_pid]: Left motor is saturated: target spd 0.2016125
[WARN] [1786075710.908351121] [motor_controller_pid]: Right motor is saturated: target spd 0.2016125
[WARN] [1786075710.956944479] [motor_controller_pid]: Left motor is saturated: target spd 0.2016125
[WARN] [1786075710.958147967] [motor_controller_pid]: Right motor is saturated: target spd 0.2016125
[WARN] [1786075711.007134641] [motor_controller_pid]: Left motor is saturated: target spd 0.2016125
[WARN] [1786075711.008154332] [motor_controller_pid]: Right motor is saturated: target spd 0.2016125
[WARN] [1786075711.056866671] [motor_controller_pid]: Left motor is saturated: target spd 0.2016125
[WARN] [1786075711.057884306] [motor_controller_pid]: Right motor is saturated: target spd 0.2016125
[WARN] [1786075711.107185742] [motor_controller_pid]: Left motor is saturated: target spd 0.2016125
[WARN] [1786075711.108272285] [motor_controller_pid]: Right motor is saturated: target spd 0.2016125
[WARN] [1786075711.157020976] [motor_controller_pid]: Left motor is saturated: target spd 0.2016125
[WARN] [1786075711.158599948] [motor_controller_pid]: Right motor is saturated: target spd 0.2016125
[WARN] [1786075711.207673511] [motor_controller_pid]: Left motor is saturated: target spd 0.2016125
[WARN] [1786075711.208839944] [motor_controller_pid]: Right motor is saturated: target spd 0.2016125
[WARN] [1786075711.257038021] [motor_controller_pid]: Left motor is saturated: target spd 0.2016125
[WARN] [1786075711.258252546] [motor_controller_pid]: Right motor is saturated: target spd 0.2016125
[WARN] [1786075711.307336147] [motor_controller_pid]: Left motor is saturated: target spd 0.2016125
[WARN] [1786075711.308399856] [motor_controller_pid]: Right motor is saturated: target spd 0.2016125
[WARN] [1786075711.357016955] [motor_controller_pid]: Left motor is saturated: target spd 0.2016125
[WARN] [1786075711.358718279] [motor_controller_pid]: Right motor is saturated: target spd 0.2016125
[WARN] [1786075711.407237876] [motor_controller_pid]: Left motor is saturated: target spd 0.2016125
[WARN] [1786075711.408271752] [motor_controller_pid]: Right motor is saturated: target spd 0.2016125
[WARN] [1786075711.457008629] [motor_controller_pid]: Left motor is saturated: target spd 0.2016125
[WARN] [1786075711.458713675] [motor_controller_pid]: Right motor is saturated: target spd 0.2016125
[WARN] [1786075711.507360181] [motor_controller_pid]: Left motor is saturated: target spd 0.2016125
[WARN] [1786075711.508410594] [motor_controller_pid]: Right motor is saturated: target spd 0.2016125
[WARN] [1786075711.556889636] [motor_controller_pid]: Left motor is saturated: target spd 0.2016125
[WARN] [1786075711.559231982] [motor_controller_pid]: Right motor is saturated: target spd 0.2016125
[WARN] [1786075711.608342046] [motor_controller_pid]: Left motor is saturated: target spd 0.2016125
[WARN] [1786075711.609486682] [motor_controller_pid]: Right motor is saturated: target spd 0.2016125
[WARN] [1786075711.656807014] [motor_controller_pid]: Left motor is saturated: target spd 0.2016125
[WARN] [1786075711.657763760] [motor_controller_pid]: Right motor is saturated: target spd 0.2016125
[WARN] [1786075711.707746995] [motor_controller_pid]: Left motor is saturated: target spd 0.2016125
[WARN] [1786075711.708725167] [motor_controller_pid]: Right motor is saturated: target spd 0.2016125
[WARN] [1786075711.757045708] [motor_controller_pid]: Left motor is saturated: target spd 0.2016125
[WARN] [1786075711.758596865] [motor_controller_pid]: Right motor is saturated: target spd 0.2016125
[WARN] [1786075711.808276987] [motor_controller_pid]: Left motor is saturated: target spd 0.2016125
[WARN] [1786075711.809947052] [motor_controller_pid]: Right motor is saturated: target spd 0.2016125
[WARN] [1786075711.857144976] [motor_controller_pid]: Left motor is saturated: target spd 0.2016125
[WARN] [1786075711.859448970] [motor_controller_pid]: Right motor is saturated: target spd 0.2016125
[WARN] [1786075711.907854826] [motor_controller_pid]: Left motor is saturated: target spd 0.2016125
[WARN] [1786075711.908674719] [motor_controller_pid]: Right motor is saturated: target spd 0.2016125
[WARN] [1786075711.956940334] [motor_controller_pid]: Left motor is saturated: target spd 0.2016125
[WARN] [1786075711.959069179] [motor_controller_pid]: Right motor is saturated: target spd 0.2016125
[WARN] [1786075712.008643856] [motor_controller_pid]: Left motor is saturated: target spd 0.2016125
[WARN] [1786075712.009488805] [motor_controller_pid]: Right motor is saturated: target spd 0.2016125
[WARN] [1786075712.056780582] [motor_controller_pid]: Left motor is saturated: target spd 0.2016125
[WARN] [1786075712.057829032] [motor_controller_pid]: Right motor is saturated: target spd 0.2016125
[WARN] [1786075712.107814934] [motor_controller_pid]: Left motor is saturated: target spd 0.2016125
[WARN] [1786075712.113994875] [motor_controller_pid]: Right motor is saturated: target spd 0.2016125
[WARN] [1786075712.156739182] [motor_controller_pid]: Left motor is saturated: target spd 0.2016125
[WARN] [1786075712.157767724] [motor_controller_pid]: Right motor is saturated: target spd 0.2016125
[WARN] [1786075712.207017474] [motor_controller_pid]: Left motor is saturated: target spd 0.2016125
[WARN] [1786075712.209435932] [motor_controller_pid]: Right motor is saturated: target spd 0.2016125
[WARN] [1786075712.256821449] [motor_controller_pid]: Left motor is saturated: target spd 0.2016125
[WARN] [1786075712.257711787] [motor_controller_pid]: Right motor is saturated: target spd 0.2016125
[WARN] [1786075712.308723084] [motor_controller_pid]: Left motor is saturated: target spd 0.2016125
[WARN] [1786075712.310560409] [motor_controller_pid]: Right motor is saturated: target spd 0.2016125
[WARN] [1786075712.356801179] [motor_controller_pid]: Left motor is saturated: target spd 0.2016125
[WARN] [1786075712.358564800] [motor_controller_pid]: Right motor is saturated: target spd 0.2016125
[WARN] [1786075712.408087699] [motor_controller_pid]: Left motor is saturated: target spd 0.2016125
[WARN] [1786075712.409092890] [motor_controller_pid]: Right motor is saturated: target spd 0.2016125
[WARN] [1786075712.456766576] [motor_controller_pid]: Left motor is saturated: target spd 0.2016125
[WARN] [1786075712.457818822] [motor_controller_pid]: Right motor is saturated: target spd 0.2016125
[WARN] [1786075712.507381296] [motor_controller_pid]: Left motor is saturated: target spd 0.2016125
[WARN] [1786075712.508936101] [motor_controller_pid]: Right motor is saturated: target spd 0.2016125
[WARN] [1786075712.556992010] [motor_controller_pid]: Left motor is saturated: target spd 0.2016125
[WARN] [1786075712.559649858] [motor_controller_pid]: Right motor is saturated: target spd 0.2016125
[WARN] [1786075712.607120154] [motor_controller_pid]: Left motor is saturated: target spd 0.2016125
[WARN] [1786075712.609108665] [motor_controller_pid]: Right motor is saturated: target spd 0.2016125
[WARN] [1786075712.656758998] [motor_controller_pid]: Left motor is saturated: target spd 0.2016125
[WARN] [1786075712.657686429] [motor_controller_pid]: Right motor is saturated: target spd 0.2016125
[WARN] [1786075712.706836216] [motor_controller_pid]: Left motor is saturated: target spd 0.2016125
[WARN] [1786075712.707695628] [motor_controller_pid]: Right motor is saturated: target spd 0.2016125
[WARN] [1786075712.756926859] [motor_controller_pid]: Left motor is saturated: target spd 0.2016125
[WARN] [1786075712.758760036] [motor_controller_pid]: Right motor is saturated: target spd 0.2016125
[WARN] [1786075712.808218083] [motor_controller_pid]: Left motor is saturated: target spd 0.2016125
[WARN] [1786075712.811138395] [motor_controller_pid]: Right motor is saturated: target spd 0.2016125
[WARN] [1786075712.856757199] [motor_controller_pid]: Left motor is saturated: target spd 0.2016125
[WARN] [1786075712.859437658] [motor_controller_pid]: Right motor is saturated: target spd 0.2016125
[WARN] [1786075712.908792668] [motor_controller_pid]: Left motor is saturated: target spd 0.2016125
[WARN] [1786075712.909647339] [motor_controller_pid]: Right motor is saturated: target spd 0.2016125
[WARN] [1786075712.956809818] [motor_controller_pid]: Left motor is saturated: target spd 0.2016125
[WARN] [1786075712.957699119] [motor_controller_pid]: Right motor is saturated: target spd 0.2016125
[WARN] [1786075713.009231289] [motor_controller_pid]: Left motor is saturated: target spd 0.2016125
[WARN] [1786075713.010040793] [motor_controller_pid]: Right motor is saturated: target spd 0.2016125
[WARN] [1786075713.056812289] [motor_controller_pid]: Left motor is saturated: target spd 0.2016125
[WARN] [1786075713.058184278] [motor_controller_pid]: Right motor is saturated: target spd 0.2016125
[WARN] [1786075713.107079989] [motor_controller_pid]: Left motor is saturated: target spd 0.2016125
[WARN] [1786075713.108052402] [motor_controller_pid]: Right motor is saturated: target spd 0.2016125
[WARN] [1786075713.156843278] [motor_controller_pid]: Left motor is saturated: target spd 0.2016125
[WARN] [1786075713.157891914] [motor_controller_pid]: Right motor is saturated: target spd 0.2016125
[WARN] [1786075713.208653876] [motor_controller_pid]: Left motor is saturated: target spd 0.2016125
[WARN] [1786075713.209643585] [motor_controller_pid]: Right motor is saturated: target spd 0.2016125
[WARN] [1786075713.256975620] [motor_controller_pid]: Left motor is saturated: target spd 0.2016125
[WARN] [1786075713.257940366] [motor_controller_pid]: Right motor is saturated: target spd 0.2016125
[WARN] [1786075713.307494470] [motor_controller_pid]: Left motor is saturated: target spd 0.2016125
[WARN] [1786075713.308347808] [motor_controller_pid]: Right motor is saturated: target spd 0.2016125
[WARN] [1786075713.356932313] [motor_controller_pid]: Left motor is saturated: target spd 0.2016125
[WARN] [1786075713.359197196] [motor_controller_pid]: Right motor is saturated: target spd 0.2016125
[WARN] [1786075713.408136184] [motor_controller_pid]: Left motor is saturated: target spd 0.2016125
[WARN] [1786075713.408977726] [motor_controller_pid]: Right motor is saturated: target spd 0.2016125
[WARN] [1786075713.456959488] [motor_controller_pid]: Left motor is saturated: target spd 0.2016125
[WARN] [1786075713.458021975] [motor_controller_pid]: Right motor is saturated: target spd 0.2016125
[WARN] [1786075713.509085716] [motor_controller_pid]: Left motor is saturated: target spd 0.2016125
[WARN] [1786075713.510002258] [motor_controller_pid]: Right motor is saturated: target spd 0.2016125
[WARN] [1786075713.556781920] [motor_controller_pid]: Left motor is saturated: target spd 0.2016125
[WARN] [1786075713.557734999] [motor_controller_pid]: Right motor is saturated: target spd 0.2016125
[WARN] [1786075713.607613012] [motor_controller_pid]: Left motor is saturated: target spd 0.2016125
[WARN] [1786075713.609939191] [motor_controller_pid]: Right motor is saturated: target spd 0.2016125
[WARN] [1786075713.657861712] [motor_controller_pid]: Left motor is saturated: target spd 0.2016125
[WARN] [1786075713.659418035] [motor_controller_pid]: Right motor is saturated: target spd 0.2016125
[WARN] [1786075713.708286931] [motor_controller_pid]: Left motor is saturated: target spd 0.2016125
[WARN] [1786075713.709300992] [motor_controller_pid]: Right motor is saturated: target spd 0.2016125
[WARN] [1786075713.758770187] [motor_controller_pid]: Left motor is saturated: target spd 0.2016125
[WARN] [1786075713.760239473] [motor_controller_pid]: Right motor is saturated: target spd 0.2016125
[WARN] [1786075713.808650496] [motor_controller_pid]: Left motor is saturated: target spd 0.2016125
[WARN] [1786075713.809679520] [motor_controller_pid]: Right motor is saturated: target spd 0.2016125
[WARN] [1786075713.856973648] [motor_controller_pid]: Left motor is saturated: target spd 0.2016125
[WARN] [1786075713.859552329] [motor_controller_pid]: Right motor is saturated: target spd 0.2016125
[WARN] [1786075714.408264892] [motor_controller_pid]: Command timeout; stopping motors
[WARN] [1786075722.557424566] [motor_controller_pid]: Right motor is saturated: target spd -0.15000000596046448
[WARN] [1786075722.609769888] [motor_controller_pid]: Left motor is saturated: target spd 0.15000000596046448
[WARN] [1786075722.610787801] [motor_controller_pid]: Right motor is saturated: target spd -0.15000000596046448
[WARN] [1786075722.656896738] [motor_controller_pid]: Left motor is saturated: target spd 0.15000000596046448
[WARN] [1786075722.657979873] [motor_controller_pid]: Right motor is saturated: target spd -0.15000000596046448
[WARN] [1786075722.708855058] [motor_controller_pid]: Left motor is saturated: target spd 0.15000000596046448
[WARN] [1786075722.709978194] [motor_controller_pid]: Right motor is saturated: target spd -0.15000000596046448
[WARN] [1786075722.756778560] [motor_controller_pid]: Left motor is saturated: target spd 0.15000000596046448
[WARN] [1786075722.758391717] [motor_controller_pid]: Right motor is saturated: target spd -0.15000000596046448
[WARN] [1786075722.808962677] [motor_controller_pid]: Left motor is saturated: target spd 0.15000000596046448
[WARN] [1786075722.809868942] [motor_controller_pid]: Right motor is saturated: target spd -0.15000000596046448
[WARN] [1786075722.856958198] [motor_controller_pid]: Left motor is saturated: target spd 0.15000000596046448
[WARN] [1786075722.858574485] [motor_controller_pid]: Right motor is saturated: target spd -0.15000000596046448
[WARN] [1786075722.907608622] [motor_controller_pid]: Left motor is saturated: target spd 0.15000000596046448
[WARN] [1786075722.908682887] [motor_controller_pid]: Right motor is saturated: target spd -0.15000000596046448
[WARN] [1786075722.956841983] [motor_controller_pid]: Left motor is saturated: target spd 0.15000000596046448
[WARN] [1786075722.957806525] [motor_controller_pid]: Right motor is saturated: target spd -0.15000000596046448
[WARN] [1786075723.006930978] [motor_controller_pid]: Left motor is saturated: target spd 0.15000000596046448
[WARN] [1786075723.008035280] [motor_controller_pid]: Right motor is saturated: target spd -0.15000000596046448
[WARN] [1786075723.063759010] [motor_controller_pid]: Left motor is saturated: target spd 0.15000000596046448
[WARN] [1786075723.071418718] [motor_controller_pid]: Right motor is saturated: target spd -0.15000000596046448
[WARN] [1786075723.121637177] [motor_controller_pid]: Left motor is saturated: target spd 0.15000000596046448
[WARN] [1786075723.146010365] [motor_controller_pid]: Right motor is saturated: target spd -0.15000000596046448
[WARN] [1786075723.171975507] [motor_controller_pid]: Left motor is saturated: target spd 0.15000000596046448
[WARN] [1786075723.189850660] [motor_controller_pid]: Right motor is saturated: target spd -0.15000000596046448
[WARN] [1786075723.228926021] [motor_controller_pid]: Left motor is saturated: target spd 0.15000000596046448
[WARN] [1786075723.241913869] [motor_controller_pid]: Right motor is saturated: target spd -0.15000000596046448
[WARN] [1786075723.262401055] [motor_controller_pid]: Left motor is saturated: target spd 0.15000000596046448
[WARN] [1786075723.285198346] [motor_controller_pid]: Right motor is saturated: target spd -0.15000000596046448
[WARN] [1786075723.322445216] [motor_controller_pid]: Left motor is saturated: target spd 0.15000000596046448
[WARN] [1786075723.323574074] [motor_controller_pid]: Right motor is saturated: target spd -0.15000000596046448
[WARN] [1786075723.362012653] [motor_controller_pid]: Left motor is saturated: target spd 0.15000000596046448
[WARN] [1786075723.363180826] [motor_controller_pid]: Right motor is saturated: target spd -0.15000000596046448
[WARN] [1786075723.407784292] [motor_controller_pid]: Left motor is saturated: target spd 0.15000000596046448
[WARN] [1786075723.408799316] [motor_controller_pid]: Right motor is saturated: target spd -0.15000000596046448
[WARN] [1786075723.457639045] [motor_controller_pid]: Left motor is saturated: target spd 0.15000000596046448
[WARN] [1786075723.460255300] [motor_controller_pid]: Right motor is saturated: target spd -0.15000000596046448
[WARN] [1786075723.507818225] [motor_controller_pid]: Left motor is saturated: target spd 0.15000000596046448
[WARN] [1786075723.508818286] [motor_controller_pid]: Right motor is saturated: target spd -0.15000000596046448
[WARN] [1786075723.556941771] [motor_controller_pid]: Left motor is saturated: target spd 0.15000000596046448
[WARN] [1786075723.558531261] [motor_controller_pid]: Right motor is saturated: target spd -0.15000000596046448
[WARN] [1786075723.607305360] [motor_controller_pid]: Left motor is saturated: target spd 0.15000000596046448
[WARN] [1786075723.608306625] [motor_controller_pid]: Right motor is saturated: target spd -0.15000000596046448
[WARN] [1786075723.656950945] [motor_controller_pid]: Left motor is saturated: target spd 0.15000000596046448
[WARN] [1786075723.658165970] [motor_controller_pid]: Right motor is saturated: target spd -0.15000000596046448
[WARN] [1786075723.707458220] [motor_controller_pid]: Left motor is saturated: target spd 0.15000000596046448
[WARN] [1786075723.708578227] [motor_controller_pid]: Right motor is saturated: target spd -0.15000000596046448
[WARN] [1786075723.756972194] [motor_controller_pid]: Left motor is saturated: target spd 0.15000000596046448
[WARN] [1786075723.758293979] [motor_controller_pid]: Right motor is saturated: target spd -0.15000000596046448
[WARN] [1786075723.807331339] [motor_controller_pid]: Left motor is saturated: target spd 0.15000000596046448
[WARN] [1786075723.808337400] [motor_controller_pid]: Right motor is saturated: target spd -0.15000000596046448
[WARN] [1786075723.856949368] [motor_controller_pid]: Left motor is saturated: target spd 0.15000000596046448
[WARN] [1786075723.858312394] [motor_controller_pid]: Right motor is saturated: target spd -0.15000000596046448
[WARN] [1786075723.907456384] [motor_controller_pid]: Left motor is saturated: target spd 0.15000000596046448
[WARN] [1786075723.908516408] [motor_controller_pid]: Right motor is saturated: target spd -0.15000000596046448
[WARN] [1786075723.957071766] [motor_controller_pid]: Left motor is saturated: target spd 0.15000000596046448
[WARN] [1786075723.959282000] [motor_controller_pid]: Right motor is saturated: target spd -0.15000000596046448
[WARN] [1786075724.007035056] [motor_controller_pid]: Left motor is saturated: target spd 0.15000000596046448
[WARN] [1786075724.008134099] [motor_controller_pid]: Right motor is saturated: target spd -0.15000000596046448
[WARN] [1786075724.056949421] [motor_controller_pid]: Left motor is saturated: target spd 0.15000000596046448
[WARN] [1786075724.058690912] [motor_controller_pid]: Right motor is saturated: target spd -0.15000000596046448
[WARN] [1786075724.107925310] [motor_controller_pid]: Left motor is saturated: target spd 0.15000000596046448
[WARN] [1786075724.108918278] [motor_controller_pid]: Right motor is saturated: target spd -0.15000000596046448
[WARN] [1786075724.156942966] [motor_controller_pid]: Left motor is saturated: target spd 0.15000000596046448
[WARN] [1786075724.158408696] [motor_controller_pid]: Right motor is saturated: target spd -0.15000000596046448
[WARN] [1786075724.207939188] [motor_controller_pid]: Left motor is saturated: target spd 0.15000000596046448
[WARN] [1786075724.209031768] [motor_controller_pid]: Right motor is saturated: target spd -0.15000000596046448
[WARN] [1786075724.256979844] [motor_controller_pid]: Left motor is saturated: target spd 0.15000000596046448
[WARN] [1786075724.258354074] [motor_controller_pid]: Right motor is saturated: target spd -0.15000000596046448
[WARN] [1786075724.307097376] [motor_controller_pid]: Left motor is saturated: target spd 0.15000000596046448
[WARN] [1786075724.308130548] [motor_controller_pid]: Right motor is saturated: target spd -0.15000000596046448
[WARN] [1786075724.356954777] [motor_controller_pid]: Left motor is saturated: target spd 0.15000000596046448
[WARN] [1786075724.358145469] [motor_controller_pid]: Right motor is saturated: target spd -0.15000000596046448
[WARN] [1786075724.407137440] [motor_controller_pid]: Left motor is saturated: target spd 0.15000000596046448
[WARN] [1786075724.408273390] [motor_controller_pid]: Right motor is saturated: target spd -0.15000000596046448
[WARN] [1786075724.456984063] [motor_controller_pid]: Left motor is saturated: target spd 0.15000000596046448
[WARN] [1786075724.458585035] [motor_controller_pid]: Right motor is saturated: target spd -0.15000000596046448
[WARN] [1786075724.510612466] [motor_controller_pid]: Left motor is saturated: target spd 0.15000000596046448
[WARN] [1786075724.512850682] [motor_controller_pid]: Right motor is saturated: target spd -0.15000000596046448
[WARN] [1786075724.557888946] [motor_controller_pid]: Left motor is saturated: target spd 0.15000000596046448
[WARN] [1786075724.558927267] [motor_controller_pid]: Right motor is saturated: target spd -0.15000000596046448
[WARN] [1786075724.609982804] [motor_controller_pid]: Left motor is saturated: target spd 0.15000000596046448
[WARN] [1786075724.611249441] [motor_controller_pid]: Right motor is saturated: target spd -0.15000000596046448
[WARN] [1786075724.658794033] [motor_controller_pid]: Left motor is saturated: target spd 0.15000000596046448
[WARN] [1786075724.660522283] [motor_controller_pid]: Right motor is saturated: target spd -0.15000000596046448
[WARN] [1786075724.708075320] [motor_controller_pid]: Left motor is saturated: target spd 0.15000000596046448
[WARN] [1786075724.709180085] [motor_controller_pid]: Right motor is saturated: target spd -0.15000000596046448
[WARN] [1786075724.757077494] [motor_controller_pid]: Left motor is saturated: target spd 0.15000000596046448
[WARN] [1786075724.758612929] [motor_controller_pid]: Right motor is saturated: target spd -0.15000000596046448
[WARN] [1786075724.808473497] [motor_controller_pid]: Left motor is saturated: target spd 0.15000000596046448
[WARN] [1786075724.809433335] [motor_controller_pid]: Right motor is saturated: target spd -0.15000000596046448
[WARN] [1786075724.857620116] [motor_controller_pid]: Left motor is saturated: target spd 0.15000000596046448
[WARN] [1786075724.859626683] [motor_controller_pid]: Right motor is saturated: target spd -0.15000000596046448
[WARN] [1786075724.907600851] [motor_controller_pid]: Left motor is saturated: target spd 0.15000000596046448
[WARN] [1786075724.908452523] [motor_controller_pid]: Right motor is saturated: target spd -0.15000000596046448
[WARN] [1786075724.956723452] [motor_controller_pid]: Left motor is saturated: target spd 0.15000000596046448
[WARN] [1786075724.957562087] [motor_controller_pid]: Right motor is saturated: target spd -0.15000000596046448
[WARN] [1786075725.007495247] [motor_controller_pid]: Left motor is saturated: target spd 0.15000000596046448
[WARN] [1786075725.008631624] [motor_controller_pid]: Right motor is saturated: target spd -0.15000000596046448
[WARN] [1786075725.056750812] [motor_controller_pid]: Left motor is saturated: target spd 0.15000000596046448
[WARN] [1786075725.057611613] [motor_controller_pid]: Right motor is saturated: target spd -0.15000000596046448
[WARN] [1786075725.107542848] [motor_controller_pid]: Left motor is saturated: target spd 0.15000000596046448
[WARN] [1786075725.108499538] [motor_controller_pid]: Right motor is saturated: target spd -0.15000000596046448
[WARN] [1786075725.156984488] [motor_controller_pid]: Left motor is saturated: target spd 0.15000000596046448
[WARN] [1786075725.158444125] [motor_controller_pid]: Right motor is saturated: target spd -0.15000000596046448
[WARN] [1786075725.208804289] [motor_controller_pid]: Left motor is saturated: target spd 0.15000000596046448
[WARN] [1786075725.209844924] [motor_controller_pid]: Right motor is saturated: target spd -0.15000000596046448
[WARN] [1786075725.257077607] [motor_controller_pid]: Left motor is saturated: target spd 0.15000000596046448
[WARN] [1786075725.258644042] [motor_controller_pid]: Right motor is saturated: target spd -0.15000000596046448
[WARN] [1786075725.308002292] [motor_controller_pid]: Left motor is saturated: target spd 0.15000000596046448
[WARN] [1786075725.308783704] [motor_controller_pid]: Right motor is saturated: target spd -0.15000000596046448
[WARN] [1786075725.356921614] [motor_controller_pid]: Left motor is saturated: target spd 0.15000000596046448
[WARN] [1786075725.358696253] [motor_controller_pid]: Right motor is saturated: target spd -0.15000000596046448
[WARN] [1786075725.408223079] [motor_controller_pid]: Left motor is saturated: target spd 0.15000000596046448
[WARN] [1786075725.409042028] [motor_controller_pid]: Right motor is saturated: target spd -0.15000000596046448
[WARN] [1786075725.456762621] [motor_controller_pid]: Left motor is saturated: target spd 0.15000000596046448
[WARN] [1786075725.457706645] [motor_controller_pid]: Right motor is saturated: target spd -0.15000000596046448
[WARN] [1786075725.508566792] [motor_controller_pid]: Left motor is saturated: target spd 0.15000000596046448
[WARN] [1786075725.509661539] [motor_controller_pid]: Right motor is saturated: target spd -0.15000000596046448
[WARN] [1786075725.556784684] [motor_controller_pid]: Left motor is saturated: target spd 0.15000000596046448
[WARN] [1786075725.557814060] [motor_controller_pid]: Right motor is saturated: target spd -0.15000000596046448
[WARN] [1786075725.608726171] [motor_controller_pid]: Left motor is saturated: target spd 0.15000000596046448
[WARN] [1786075725.609658880] [motor_controller_pid]: Right motor is saturated: target spd -0.15000000596046448
[WARN] [1786075725.656831081] [motor_controller_pid]: Left motor is saturated: target spd 0.15000000596046448
[WARN] [1786075725.657765809] [motor_controller_pid]: Right motor is saturated: target spd -0.15000000596046448
[WARN] [1786075725.709659739] [motor_controller_pid]: Left motor is saturated: target spd 0.15000000596046448
[WARN] [1786075725.710531429] [motor_controller_pid]: Right motor is saturated: target spd -0.15000000596046448
[WARN] [1786075725.756724051] [motor_controller_pid]: Left motor is saturated: target spd 0.15000000596046448
[WARN] [1786075725.759114398] [motor_controller_pid]: Right motor is saturated: target spd -0.15000000596046448
[WARN] [1786075725.807077770] [motor_controller_pid]: Left motor is saturated: target spd 0.15000000596046448
[WARN] [1786075725.807867330] [motor_controller_pid]: Right motor is saturated: target spd -0.15000000596046448
[WARN] [1786075725.856903893] [motor_controller_pid]: Left motor is saturated: target spd 0.15000000596046448
[WARN] [1786075725.857908732] [motor_controller_pid]: Right motor is saturated: target spd -0.15000000596046448
[WARN] [1786075725.908439822] [motor_controller_pid]: Left motor is saturated: target spd 0.15000000596046448
[WARN] [1786075725.909318901] [motor_controller_pid]: Right motor is saturated: target spd -0.15000000596046448
[WARN] [1786075725.956845105] [motor_controller_pid]: Left motor is saturated: target spd 0.15000000596046448
[WARN] [1786075725.958428095] [motor_controller_pid]: Right motor is saturated: target spd -0.15000000596046448
[WARN] [1786075726.007172971] [motor_controller_pid]: Left motor is saturated: target spd 0.15000000596046448
[WARN] [1786075726.008004569] [motor_controller_pid]: Right motor is saturated: target spd -0.15000000596046448
[WARN] [1786075726.056777223] [motor_controller_pid]: Left motor is saturated: target spd 0.15000000596046448
[WARN] [1786075726.057884859] [motor_controller_pid]: Right motor is saturated: target spd -0.15000000596046448
[WARN] [1786075726.110920537] [motor_controller_pid]: Left motor is saturated: target spd 0.15000000596046448
[WARN] [1786075726.111798134] [motor_controller_pid]: Right motor is saturated: target spd -0.15000000596046448
[WARN] [1786075726.156763138] [motor_controller_pid]: Left motor is saturated: target spd 0.15000000596046448
[WARN] [1786075726.157676384] [motor_controller_pid]: Right motor is saturated: target spd -0.15000000596046448
[WARN] [1786075726.208288660] [motor_controller_pid]: Left motor is saturated: target spd 0.15000000596046448
[WARN] [1786075726.209261128] [motor_controller_pid]: Right motor is saturated: target spd -0.15000000596046448
[WARN] [1786075726.257398594] [motor_controller_pid]: Left motor is saturated: target spd 0.15000000596046448
[WARN] [1786075726.259593235] [motor_controller_pid]: Right motor is saturated: target spd -0.15000000596046448
[WARN] [1786075726.308498594] [motor_controller_pid]: Left motor is saturated: target spd 0.15000000596046448
[WARN] [1786075726.309340877] [motor_controller_pid]: Right motor is saturated: target spd -0.15000000596046448
[WARN] [1786075726.356766765] [motor_controller_pid]: Left motor is saturated: target spd 0.15000000596046448
[WARN] [1786075726.357659270] [motor_controller_pid]: Right motor is saturated: target spd -0.15000000596046448
[WARN] [1786075726.412096418] [motor_controller_pid]: Left motor is saturated: target spd 0.15000000596046448
[WARN] [1786075726.413406555] [motor_controller_pid]: Right motor is saturated: target spd -0.15000000596046448
[WARN] [1786075726.507857625] [motor_controller_pid]: Left motor is saturated: target spd 0.2016125
[WARN] [1786075726.556782429] [motor_controller_pid]: Left motor is saturated: target spd 0.2016125
[WARN] [1786075726.609064936] [motor_controller_pid]: Left motor is saturated: target spd 0.2016125
[WARN] [1786075726.658555631] [motor_controller_pid]: Left motor is saturated: target spd 0.2016125
[WARN] [1786075726.707803085] [motor_controller_pid]: Left motor is saturated: target spd 0.2016125
[WARN] [1786075726.756988908] [motor_controller_pid]: Left motor is saturated: target spd 0.2016125
[WARN] [1786075726.807132070] [motor_controller_pid]: Left motor is saturated: target spd 0.2016125
[WARN] [1786075726.856773693] [motor_controller_pid]: Left motor is saturated: target spd 0.2016125
[WARN] [1786075726.908320844] [motor_controller_pid]: Left motor is saturated: target spd 0.2016125
[WARN] [1786075726.956867145] [motor_controller_pid]: Left motor is saturated: target spd 0.2016125
[WARN] [1786075727.008326796] [motor_controller_pid]: Left motor is saturated: target spd 0.2016125
[WARN] [1786075727.056780597] [motor_controller_pid]: Left motor is saturated: target spd 0.2016125
[WARN] [1786075727.108255952] [motor_controller_pid]: Left motor is saturated: target spd 0.2016125
[WARN] [1786075727.156897179] [motor_controller_pid]: Left motor is saturated: target spd 0.2016125
[WARN] [1786075727.210939159] [motor_controller_pid]: Left motor is saturated: target spd 0.2016125
[WARN] [1786075727.257144707] [motor_controller_pid]: Left motor is saturated: target spd 0.2016125
[WARN] [1786075727.307961206] [motor_controller_pid]: Left motor is saturated: target spd 0.2016125
[WARN] [1786075727.361377293] [motor_controller_pid]: Left motor is saturated: target spd 0.2016125
[WARN] [1786075727.407615971] [motor_controller_pid]: Left motor is saturated: target spd 0.2016125
[WARN] [1786075727.457559429] [motor_controller_pid]: Left motor is saturated: target spd 0.2016125
[WARN] [1786075727.507958907] [motor_controller_pid]: Left motor is saturated: target spd 0.2016125
[WARN] [1786075727.557027526] [motor_controller_pid]: Left motor is saturated: target spd 0.2016125
[WARN] [1786075727.606950909] [motor_controller_pid]: Left motor is saturated: target spd 0.2016125
[WARN] [1786075727.657041182] [motor_controller_pid]: Left motor is saturated: target spd 0.2016125
[WARN] [1786075727.707976348] [motor_controller_pid]: Left motor is saturated: target spd 0.2016125
[WARN] [1786075727.757032523] [motor_controller_pid]: Left motor is saturated: target spd 0.2016125
[WARN] [1786075727.806968184] [motor_controller_pid]: Left motor is saturated: target spd 0.2016125
[WARN] [1786075727.856882734] [motor_controller_pid]: Left motor is saturated: target spd 0.2016125
[WARN] [1786075727.906927266] [motor_controller_pid]: Left motor is saturated: target spd 0.2016125
[WARN] [1786075727.960629577] [motor_controller_pid]: Left motor is saturated: target spd 0.2016125
[WARN] [1786075728.007006607] [motor_controller_pid]: Left motor is saturated: target spd 0.2016125
[WARN] [1786075728.078956221] [motor_controller_pid]: Left motor is saturated: target spd 0.2016125
[WARN] [1786075728.107693989] [motor_controller_pid]: Left motor is saturated: target spd 0.2016125
[WARN] [1786075728.157023573] [motor_controller_pid]: Left motor is saturated: target spd 0.2016125
[WARN] [1786075728.212333096] [motor_controller_pid]: Left motor is saturated: target spd 0.2016125
[WARN] [1786075728.262322942] [motor_controller_pid]: Left motor is saturated: target spd 0.2016125
[WARN] [1786075728.306985093] [motor_controller_pid]: Left motor is saturated: target spd 0.2016125
[WARN] [1786075728.357033070] [motor_controller_pid]: Left motor is saturated: target spd 0.2016125
[WARN] [1786075728.410026155] [motor_controller_pid]: Left motor is saturated: target spd 0.2016125
[WARN] [1786075728.457223189] [motor_controller_pid]: Left motor is saturated: target spd 0.2016125
[WARN] [1786075728.507383407] [motor_controller_pid]: Left motor is saturated: target spd 0.2016125
[WARN] [1786075728.567489235] [motor_controller_pid]: Left motor is saturated: target spd 0.2016125
[WARN] [1786075728.607081598] [motor_controller_pid]: Left motor is saturated: target spd 0.2016125
[WARN] [1786075728.657006093] [motor_controller_pid]: Left motor is saturated: target spd 0.2016125
[WARN] [1786075728.707403997] [motor_controller_pid]: Left motor is saturated: target spd 0.2016125
[WARN] [1786075728.756979489] [motor_controller_pid]: Left motor is saturated: target spd 0.2016125
[WARN] [1786075728.807333226] [motor_controller_pid]: Left motor is saturated: target spd 0.2016125
[WARN] [1786075728.856934052] [motor_controller_pid]: Left motor is saturated: target spd 0.2016125
[WARN] [1786075728.909935026] [motor_controller_pid]: Left motor is saturated: target spd 0.2016125
[WARN] [1786075728.956931745] [motor_controller_pid]: Left motor is saturated: target spd 0.2016125
[WARN] [1786075729.008312858] [motor_controller_pid]: Left motor is saturated: target spd 0.2016125
[WARN] [1786075729.057203403] [motor_controller_pid]: Left motor is saturated: target spd 0.2016125
[WARN] [1786075729.107124786] [motor_controller_pid]: Left motor is saturated: target spd 0.2016125
[WARN] [1786075729.157037391] [motor_controller_pid]: Left motor is saturated: target spd 0.2016125
[WARN] [1786075729.207469166] [motor_controller_pid]: Left motor is saturated: target spd 0.2016125
[WARN] [1786075729.257113214] [motor_controller_pid]: Left motor is saturated: target spd 0.2016125
[WARN] [1786075729.307112283] [motor_controller_pid]: Left motor is saturated: target spd 0.2016125
[WARN] [1786075729.356968684] [motor_controller_pid]: Left motor is saturated: target spd 0.2016125
[WARN] [1786075729.407141550] [motor_controller_pid]: Left motor is saturated: target spd 0.2016125
[WARN] [1786075729.456995636] [motor_controller_pid]: Left motor is saturated: target spd 0.2016125
[WARN] [1786075729.507023909] [motor_controller_pid]: Left motor is saturated: target spd 0.2016125
[WARN] [1786075729.556942236] [motor_controller_pid]: Left motor is saturated: target spd 0.2016125
[WARN] [1786075729.607047824] [motor_controller_pid]: Left motor is saturated: target spd 0.2016125
[WARN] [1786075729.656994448] [motor_controller_pid]: Left motor is saturated: target spd 0.2016125
[WARN] [1786075729.706977368] [motor_controller_pid]: Left motor is saturated: target spd 0.2016125
[WARN] [1786075729.757118734] [motor_controller_pid]: Left motor is saturated: target spd 0.2016125
[WARN] [1786075729.807277267] [motor_controller_pid]: Left motor is saturated: target spd 0.2016125
[WARN] [1786075729.856948037] [motor_controller_pid]: Left motor is saturated: target spd 0.2016125
[WARN] [1786075729.907312386] [motor_controller_pid]: Left motor is saturated: target spd 0.2016125
[WARN] [1786075729.957067490] [motor_controller_pid]: Left motor is saturated: target spd 0.2016125
[WARN] [1786075730.006901873] [motor_controller_pid]: Left motor is saturated: target spd 0.2016125
[WARN] [1786075730.056962646] [motor_controller_pid]: Left motor is saturated: target spd 0.2016125
[WARN] [1786075730.107573773] [motor_controller_pid]: Left motor is saturated: target spd 0.2016125
[WARN] [1786075730.156993653] [motor_controller_pid]: Left motor is saturated: target spd 0.2016125
[WARN] [1786075730.207352891] [motor_controller_pid]: Left motor is saturated: target spd 0.2016125
[WARN] [1786075730.257023106] [motor_controller_pid]: Left motor is saturated: target spd 0.2016125
[WARN] [1786075730.307342343] [motor_controller_pid]: Left motor is saturated: target spd 0.2016125
[WARN] [1786075730.357014225] [motor_controller_pid]: Left motor is saturated: target spd 0.2016125
[WARN] [1786075730.407039423] [motor_controller_pid]: Left motor is saturated: target spd 0.2016125
[WARN] [1786075730.456995288] [motor_controller_pid]: Left motor is saturated: target spd 0.2016125
[WARN] [1786075730.507141987] [motor_controller_pid]: Left motor is saturated: target spd 0.2016125
[WARN] [1786075730.557023870] [motor_controller_pid]: Left motor is saturated: target spd 0.2016125
[WARN] [1786075730.607048679] [motor_controller_pid]: Left motor is saturated: target spd 0.2016125
[WARN] [1786075730.657026211] [motor_controller_pid]: Left motor is saturated: target spd 0.2016125
[WARN] [1786075730.707654357] [motor_controller_pid]: Left motor is saturated: target spd 0.2016125
[WARN] [1786075730.757143423] [motor_controller_pid]: Left motor is saturated: target spd 0.2016125
[WARN] [1786075730.807182436] [motor_controller_pid]: Left motor is saturated: target spd 0.2016125
[WARN] [1786075730.856921689] [motor_controller_pid]: Left motor is saturated: target spd 0.2016125
[WARN] [1786075730.906904461] [motor_controller_pid]: Left motor is saturated: target spd 0.2016125
[WARN] [1786075730.957030586] [motor_controller_pid]: Left motor is saturated: target spd 0.2016125
[WARN] [1786075731.006974340] [motor_controller_pid]: Left motor is saturated: target spd 0.2016125
[WARN] [1786075731.056959316] [motor_controller_pid]: Left motor is saturated: target spd 0.2016125
[WARN] [1786075731.107239682] [motor_controller_pid]: Left motor is saturated: target spd 0.2016125
[WARN] [1786075731.157022083] [motor_controller_pid]: Left motor is saturated: target spd 0.2016125
[WARN] [1786075731.207298079] [motor_controller_pid]: Left motor is saturated: target spd 0.2016125
[WARN] [1786075731.257330389] [motor_controller_pid]: Left motor is saturated: target spd 0.2016125
[WARN] [1786075731.307257161] [motor_controller_pid]: Left motor is saturated: target spd 0.2016125
[WARN] [1786075731.356898598] [motor_controller_pid]: Left motor is saturated: target spd 0.2016125
[WARN] [1786075731.407129853] [motor_controller_pid]: Left motor is saturated: target spd 0.2016125
[WARN] [1786075731.456943865] [motor_controller_pid]: Left motor is saturated: target spd 0.2016125
[WARN] [1786075731.507065175] [motor_controller_pid]: Left motor is saturated: target spd 0.2016125
[WARN] [1786075731.557033984] [motor_controller_pid]: Left motor is saturated: target spd 0.2016125
[WARN] [1786075731.607504778] [motor_controller_pid]: Left motor is saturated: target spd 0.2016125
[WARN] [1786075731.608535024] [motor_controller_pid]: Right motor is saturated: target spd 0.2016125
[WARN] [1786075731.657064418] [motor_controller_pid]: Left motor is saturated: target spd 0.2016125
[WARN] [1786075731.658489296] [motor_controller_pid]: Right motor is saturated: target spd 0.2016125
[WARN] [1786075731.707385489] [motor_controller_pid]: Left motor is saturated: target spd 0.2016125
[WARN] [1786075731.708520217] [motor_controller_pid]: Right motor is saturated: target spd 0.2016125
[WARN] [1786075731.757134686] [motor_controller_pid]: Left motor is saturated: target spd 0.2016125
[WARN] [1786075731.758678842] [motor_controller_pid]: Right motor is saturated: target spd 0.2016125
[WARN] [1786075731.807333218] [motor_controller_pid]: Left motor is saturated: target spd 0.2016125
[WARN] [1786075731.808393409] [motor_controller_pid]: Right motor is saturated: target spd 0.2016125
[WARN] [1786075731.857027415] [motor_controller_pid]: Left motor is saturated: target spd 0.2016125
[WARN] [1786075731.858915759] [motor_controller_pid]: Right motor is saturated: target spd 0.2016125
[WARN] [1786075731.907048262] [motor_controller_pid]: Left motor is saturated: target spd 0.2016125
[WARN] [1786075731.908123323] [motor_controller_pid]: Right motor is saturated: target spd 0.2016125
[WARN] [1786075731.957042071] [motor_controller_pid]: Left motor is saturated: target spd 0.2016125
[WARN] [1786075731.958878489] [motor_controller_pid]: Right motor is saturated: target spd 0.2016125
[WARN] [1786075732.006843602] [motor_controller_pid]: Left motor is saturated: target spd 0.2016125
[WARN] [1786075732.007854385] [motor_controller_pid]: Right motor is saturated: target spd 0.2016125
[WARN] [1786075732.056958190] [motor_controller_pid]: Left motor is saturated: target spd 0.2016125
[WARN] [1786075732.058354475] [motor_controller_pid]: Right motor is saturated: target spd 0.2016125
[WARN] [1786075732.107104407] [motor_controller_pid]: Left motor is saturated: target spd 0.2016125
[WARN] [1786075732.108332710] [motor_controller_pid]: Right motor is saturated: target spd 0.2016125
[WARN] [1786075732.156958457] [motor_controller_pid]: Left motor is saturated: target spd 0.2016125
[WARN] [1786075732.158261519] [motor_controller_pid]: Right motor is saturated: target spd 0.2016125
[WARN] [1786075732.207107952] [motor_controller_pid]: Left motor is saturated: target spd 0.2016125
[WARN] [1786075732.208222810] [motor_controller_pid]: Right motor is saturated: target spd 0.2016125
[WARN] [1786075732.256999483] [motor_controller_pid]: Left motor is saturated: target spd 0.2016125
[WARN] [1786075732.258625881] [motor_controller_pid]: Right motor is saturated: target spd 0.2016125
[WARN] [1786075732.307163997] [motor_controller_pid]: Left motor is saturated: target spd 0.2016125
[WARN] [1786075732.308171910] [motor_controller_pid]: Right motor is saturated: target spd 0.2016125
[WARN] [1786075732.357018806] [motor_controller_pid]: Left motor is saturated: target spd 0.2016125
[WARN] [1786075732.358569481] [motor_controller_pid]: Right motor is saturated: target spd 0.2016125
[WARN] [1786075732.407034430] [motor_controller_pid]: Left motor is saturated: target spd 0.2016125
[WARN] [1786075732.408039176] [motor_controller_pid]: Right motor is saturated: target spd 0.2016125
[WARN] [1786075732.456980147] [motor_controller_pid]: Left motor is saturated: target spd 0.2016125
[WARN] [1786075732.458256357] [motor_controller_pid]: Right motor is saturated: target spd 0.2016125
[WARN] [1786075732.507041493] [motor_controller_pid]: Left motor is saturated: target spd 0.2016125
[WARN] [1786075732.508148851] [motor_controller_pid]: Right motor is saturated: target spd 0.2016125
[WARN] [1786075732.557006414] [motor_controller_pid]: Left motor is saturated: target spd 0.2016125
[WARN] [1786075732.558261272] [motor_controller_pid]: Right motor is saturated: target spd 0.2016125
[WARN] [1786075732.607473707] [motor_controller_pid]: Left motor is saturated: target spd 0.2016125
[WARN] [1786075732.608522787] [motor_controller_pid]: Right motor is saturated: target spd 0.2016125
[WARN] [1786075732.657020736] [motor_controller_pid]: Left motor is saturated: target spd 0.2016125
[WARN] [1786075732.658231910] [motor_controller_pid]: Right motor is saturated: target spd 0.2016125
[WARN] [1786075732.706982601] [motor_controller_pid]: Left motor is saturated: target spd 0.2016125
[WARN] [1786075732.708181571] [motor_controller_pid]: Right motor is saturated: target spd 0.2016125
[WARN] [1786075732.757111819] [motor_controller_pid]: Left motor is saturated: target spd 0.2016125
[WARN] [1786075732.758396363] [motor_controller_pid]: Right motor is saturated: target spd 0.2016125
[WARN] [1786075732.807071665] [motor_controller_pid]: Left motor is saturated: target spd 0.2016125
[WARN] [1786075732.808098411] [motor_controller_pid]: Right motor is saturated: target spd 0.2016125
[WARN] [1786075732.856937696] [motor_controller_pid]: Left motor is saturated: target spd 0.2016125
[WARN] [1786075732.858039665] [motor_controller_pid]: Right motor is saturated: target spd 0.2016125
[WARN] [1786075732.906885672] [motor_controller_pid]: Left motor is saturated: target spd 0.2016125
[WARN] [1786075732.907898455] [motor_controller_pid]: Right motor is saturated: target spd 0.2016125
[WARN] [1786075732.957325576] [motor_controller_pid]: Left motor is saturated: target spd 0.2016125
[WARN] [1786075732.959291309] [motor_controller_pid]: Right motor is saturated: target spd 0.2016125
[WARN] [1786075733.007123662] [motor_controller_pid]: Left motor is saturated: target spd 0.2016125
[WARN] [1786075733.008192409] [motor_controller_pid]: Right motor is saturated: target spd 0.2016125
[WARN] [1786075733.056941897] [motor_controller_pid]: Left motor is saturated: target spd 0.2016125
[WARN] [1786075733.058032088] [motor_controller_pid]: Right motor is saturated: target spd 0.2016125
[WARN] [1786075733.107568469] [motor_controller_pid]: Left motor is saturated: target spd 0.2016125
[WARN] [1786075733.108843309] [motor_controller_pid]: Right motor is saturated: target spd 0.2016125
[WARN] [1786075733.157014627] [motor_controller_pid]: Left motor is saturated: target spd 0.2016125
[WARN] [1786075733.158759303] [motor_controller_pid]: Right motor is saturated: target spd 0.2016125
[WARN] [1786075733.207125863] [motor_controller_pid]: Left motor is saturated: target spd 0.2016125
[WARN] [1786075733.208173998] [motor_controller_pid]: Right motor is saturated: target spd 0.2016125
[WARN] [1786075733.257062209] [motor_controller_pid]: Left motor is saturated: target spd 0.2016125
[WARN] [1786075733.258238512] [motor_controller_pid]: Right motor is saturated: target spd 0.2016125
[WARN] [1786075733.306959814] [motor_controller_pid]: Left motor is saturated: target spd 0.2016125
[WARN] [1786075733.307929301] [motor_controller_pid]: Right motor is saturated: target spd 0.2016125
[WARN] [1786075733.356926549] [motor_controller_pid]: Left motor is saturated: target spd 0.2016125
[WARN] [1786075733.358322520] [motor_controller_pid]: Right motor is saturated: target spd 0.2016125
[WARN] [1786075733.407043785] [motor_controller_pid]: Left motor is saturated: target spd 0.2016125
[WARN] [1786075733.408131514] [motor_controller_pid]: Right motor is saturated: target spd 0.2016125
[WARN] [1786075733.456902594] [motor_controller_pid]: Left motor is saturated: target spd 0.2016125
[WARN] [1786075733.458793216] [motor_controller_pid]: Right motor is saturated: target spd 0.2016125
[WARN] [1786075733.506934867] [motor_controller_pid]: Left motor is saturated: target spd 0.2016125
[WARN] [1786075733.508003669] [motor_controller_pid]: Right motor is saturated: target spd 0.2016125
[WARN] [1786075733.556998176] [motor_controller_pid]: Left motor is saturated: target spd 0.2016125
[WARN] [1786075733.558728890] [motor_controller_pid]: Right motor is saturated: target spd 0.2016125
[WARN] [1786075733.607599008] [motor_controller_pid]: Left motor is saturated: target spd 0.2016125
[WARN] [1786075733.608680588] [motor_controller_pid]: Right motor is saturated: target spd 0.2016125
[WARN] [1786075733.656967814] [motor_controller_pid]: Left motor is saturated: target spd 0.2016125
[WARN] [1786075733.658407340] [motor_controller_pid]: Right motor is saturated: target spd 0.2016125
[WARN] [1786075733.707661331] [motor_controller_pid]: Left motor is saturated: target spd 0.2016125
[WARN] [1786075733.708802522] [motor_controller_pid]: Right motor is saturated: target spd 0.2016125
[WARN] [1786075733.757189119] [motor_controller_pid]: Left motor is saturated: target spd 0.2016125
[WARN] [1786075733.758831220] [motor_controller_pid]: Right motor is saturated: target spd 0.2016125
[WARN] [1786075733.806980149] [motor_controller_pid]: Left motor is saturated: target spd 0.2016125
[WARN] [1786075733.808049026] [motor_controller_pid]: Right motor is saturated: target spd 0.2016125
[WARN] [1786075733.856995255] [motor_controller_pid]: Left motor is saturated: target spd 0.2016125
[WARN] [1786075733.858616931] [motor_controller_pid]: Right motor is saturated: target spd 0.2016125
[WARN] [1786075733.906847305] [motor_controller_pid]: Left motor is saturated: target spd 0.2016125
[WARN] [1786075733.907836699] [motor_controller_pid]: Right motor is saturated: target spd 0.2016125
[WARN] [1786075733.956944189] [motor_controller_pid]: Left motor is saturated: target spd 0.2016125
[WARN] [1786075733.958755161] [motor_controller_pid]: Right motor is saturated: target spd 0.2016125
[WARN] [1786075734.007062777] [motor_controller_pid]: Left motor is saturated: target spd 0.2016125
[WARN] [1786075734.008034597] [motor_controller_pid]: Right motor is saturated: target spd 0.2016125
[WARN] [1786075734.056993178] [motor_controller_pid]: Left motor is saturated: target spd 0.2016125
[WARN] [1786075734.058782243] [motor_controller_pid]: Right motor is saturated: target spd 0.2016125
[WARN] [1786075734.107111507] [motor_controller_pid]: Left motor is saturated: target spd 0.2016125
[WARN] [1786075734.108256846] [motor_controller_pid]: Right motor is saturated: target spd 0.2016125
[WARN] [1786075734.156956982] [motor_controller_pid]: Left motor is saturated: target spd 0.2016125
[WARN] [1786075734.158348675] [motor_controller_pid]: Right motor is saturated: target spd 0.2016125
[WARN] [1786075734.207049422] [motor_controller_pid]: Left motor is saturated: target spd 0.2016125
[WARN] [1786075734.208128909] [motor_controller_pid]: Right motor is saturated: target spd 0.2016125
[WARN] [1786075734.257052750] [motor_controller_pid]: Left motor is saturated: target spd 0.2016125
[WARN] [1786075734.258549406] [motor_controller_pid]: Right motor is saturated: target spd 0.2016125
[WARN] [1786075734.307288394] [motor_controller_pid]: Left motor is saturated: target spd 0.2016125
[WARN] [1786075734.308318010] [motor_controller_pid]: Right motor is saturated: target spd 0.2016125
[WARN] [1786075734.357064906] [motor_controller_pid]: Left motor is saturated: target spd 0.2016125
[WARN] [1786075734.358787230] [motor_controller_pid]: Right motor is saturated: target spd 0.2016125
[WARN] [1786075734.407289827] [motor_controller_pid]: Left motor is saturated: target spd 0.2016125
[WARN] [1786075734.408385926] [motor_controller_pid]: Right motor is saturated: target spd 0.2016125
[WARN] [1786075734.457025098] [motor_controller_pid]: Left motor is saturated: target spd 0.2016125
[WARN] [1786075734.458811886] [motor_controller_pid]: Right motor is saturated: target spd 0.2016125
[WARN] [1786075734.507008852] [motor_controller_pid]: Left motor is saturated: target spd 0.2016125
[WARN] [1786075734.508153080] [motor_controller_pid]: Right motor is saturated: target spd 0.2016125
[WARN] [1786075734.556985050] [motor_controller_pid]: Left motor is saturated: target spd 0.2016125
[WARN] [1786075734.558730171] [motor_controller_pid]: Right motor is saturated: target spd 0.2016125
[WARN] [1786075734.606915693] [motor_controller_pid]: Left motor is saturated: target spd 0.2016125
[WARN] [1786075734.607988421] [motor_controller_pid]: Right motor is saturated: target spd 0.2016125
[WARN] [1786075734.656970076] [motor_controller_pid]: Left motor is saturated: target spd 0.2016125
[WARN] [1786075734.658493714] [motor_controller_pid]: Right motor is saturated: target spd 0.2016125
[WARN] [1786075734.707042646] [motor_controller_pid]: Left motor is saturated: target spd 0.2016125
[WARN] [1786075734.708090355] [motor_controller_pid]: Right motor is saturated: target spd 0.2016125
[WARN] [1786075734.756996325] [motor_controller_pid]: Left motor is saturated: target spd 0.2016125
[WARN] [1786075734.758603686] [motor_controller_pid]: Right motor is saturated: target spd 0.2016125
[WARN] [1786075734.807045357] [motor_controller_pid]: Left motor is saturated: target spd 0.2016125
[WARN] [1786075734.808130289] [motor_controller_pid]: Right motor is saturated: target spd 0.2016125
[WARN] [1786075734.856960962] [motor_controller_pid]: Left motor is saturated: target spd 0.2016125
[WARN] [1786075734.858558471] [motor_controller_pid]: Right motor is saturated: target spd 0.2016125
[WARN] [1786075734.907260459] [motor_controller_pid]: Left motor is saturated: target spd 0.2016125
[WARN] [1786075734.908280760] [motor_controller_pid]: Right motor is saturated: target spd 0.2016125
[WARN] [1786075734.956961877] [motor_controller_pid]: Left motor is saturated: target spd 0.2016125
[WARN] [1786075734.958526942] [motor_controller_pid]: Right motor is saturated: target spd 0.2016125
[WARN] [1786075735.007143392] [motor_controller_pid]: Left motor is saturated: target spd 0.2016125
[WARN] [1786075735.008251361] [motor_controller_pid]: Right motor is saturated: target spd 0.2016125
[WARN] [1786075735.057020978] [motor_controller_pid]: Left motor is saturated: target spd 0.2016125
[WARN] [1786075735.058645154] [motor_controller_pid]: Right motor is saturated: target spd 0.2016125
[WARN] [1786075735.106841527] [motor_controller_pid]: Left motor is saturated: target spd 0.2016125
[WARN] [1786075735.108141794] [motor_controller_pid]: Right motor is saturated: target spd 0.2016125
[WARN] [1786075735.157029078] [motor_controller_pid]: Left motor is saturated: target spd 0.2016125
[WARN] [1786075735.158302993] [motor_controller_pid]: Right motor is saturated: target spd 0.2016125
[WARN] [1786075735.207144185] [motor_controller_pid]: Left motor is saturated: target spd 0.2016125
[WARN] [1786075735.208260561] [motor_controller_pid]: Right motor is saturated: target spd 0.2016125
[WARN] [1786075735.257037049] [motor_controller_pid]: Left motor is saturated: target spd 0.2016125
[WARN] [1786075735.258259630] [motor_controller_pid]: Right motor is saturated: target spd 0.2016125
[WARN] [1786075735.307321268] [motor_controller_pid]: Left motor is saturated: target spd 0.2016125
[WARN] [1786075735.308340403] [motor_controller_pid]: Right motor is saturated: target spd 0.2016125
[WARN] [1786075735.356958557] [motor_controller_pid]: Left motor is saturated: target spd 0.2016125
[WARN] [1786075735.358286490] [motor_controller_pid]: Right motor is saturated: target spd 0.2016125
[WARN] [1786075735.406923347] [motor_controller_pid]: Left motor is saturated: target spd 0.2016125
[WARN] [1786075735.407887204] [motor_controller_pid]: Right motor is saturated: target spd 0.2016125
[WARN] [1786075735.456944157] [motor_controller_pid]: Left motor is saturated: target spd 0.2016125
[WARN] [1786075735.458425720] [motor_controller_pid]: Right motor is saturated: target spd 0.2016125
[WARN] [1786075735.506978466] [motor_controller_pid]: Left motor is saturated: target spd 0.2016125
[WARN] [1786075735.508013491] [motor_controller_pid]: Right motor is saturated: target spd 0.2016125
[WARN] [1786075735.557006924] [motor_controller_pid]: Left motor is saturated: target spd 0.2016125
[WARN] [1786075735.558653785] [motor_controller_pid]: Right motor is saturated: target spd 0.2016125
[WARN] [1786075735.607019660] [motor_controller_pid]: Left motor is saturated: target spd 0.2016125
[WARN] [1786075735.608120314] [motor_controller_pid]: Right motor is saturated: target spd 0.2016125
[WARN] [1786075735.656971691] [motor_controller_pid]: Left motor is saturated: target spd 0.2016125
[WARN] [1786075735.658397032] [motor_controller_pid]: Right motor is saturated: target spd 0.2016125
[WARN] [1786075735.707530837] [motor_controller_pid]: Left motor is saturated: target spd 0.2016125
[WARN] [1786075735.708720695] [motor_controller_pid]: Right motor is saturated: target spd 0.2016125
[WARN] [1786075735.757101903] [motor_controller_pid]: Left motor is saturated: target spd 0.2016125
[WARN] [1786075735.758846153] [motor_controller_pid]: Right motor is saturated: target spd 0.2016125
[WARN] [1786075735.807124657] [motor_controller_pid]: Left motor is saturated: target spd 0.2016125
[WARN] [1786075735.808382146] [motor_controller_pid]: Right motor is saturated: target spd 0.2016125
[WARN] [1786075735.856993133] [motor_controller_pid]: Left motor is saturated: target spd 0.2016125
[WARN] [1786075735.858717401] [motor_controller_pid]: Right motor is saturated: target spd 0.2016125
[WARN] [1786075735.907026239] [motor_controller_pid]: Left motor is saturated: target spd 0.2016125
[WARN] [1786075735.908118596] [motor_controller_pid]: Right motor is saturated: target spd 0.2016125
[WARN] [1786075735.957036437] [motor_controller_pid]: Left motor is saturated: target spd 0.2016125
[WARN] [1786075735.958357722] [motor_controller_pid]: Right motor is saturated: target spd 0.2016125
[WARN] [1786075736.007126525] [motor_controller_pid]: Left motor is saturated: target spd 0.2016125
[WARN] [1786075736.008386606] [motor_controller_pid]: Right motor is saturated: target spd 0.2016125
[WARN] [1786075736.056964704] [motor_controller_pid]: Left motor is saturated: target spd 0.2016125
[WARN] [1786075736.058569694] [motor_controller_pid]: Right motor is saturated: target spd 0.2016125
[WARN] [1786075736.107293052] [motor_controller_pid]: Left motor is saturated: target spd 0.2016125
[WARN] [1786075736.108742115] [motor_controller_pid]: Right motor is saturated: target spd 0.2016125
[WARN] [1786075736.157032045] [motor_controller_pid]: Left motor is saturated: target spd 0.2016125
[WARN] [1786075736.158288218] [motor_controller_pid]: Right motor is saturated: target spd 0.2016125
[WARN] [1786075736.207085966] [motor_controller_pid]: Left motor is saturated: target spd 0.2016125
[WARN] [1786075736.208246917] [motor_controller_pid]: Right motor is saturated: target spd 0.2016125
[WARN] [1786075736.257427092] [motor_controller_pid]: Left motor is saturated: target spd 0.2016125
[WARN] [1786075736.258855489] [motor_controller_pid]: Right motor is saturated: target spd 0.2016125
[WARN] [1786075736.307212141] [motor_controller_pid]: Left motor is saturated: target spd 0.2016125
[WARN] [1786075736.308392629] [motor_controller_pid]: Right motor is saturated: target spd 0.2016125
[WARN] [1786075736.357031838] [motor_controller_pid]: Left motor is saturated: target spd 0.2016125
[WARN] [1786075736.358840996] [motor_controller_pid]: Right motor is saturated: target spd 0.2016125
[WARN] [1786075736.406997444] [motor_controller_pid]: Left motor is saturated: target spd 0.2016125
[WARN] [1786075736.408097968] [motor_controller_pid]: Right motor is saturated: target spd 0.2016125
[WARN] [1786075736.456941475] [motor_controller_pid]: Left motor is saturated: target spd 0.2016125
[WARN] [1786075736.458894301] [motor_controller_pid]: Right motor is saturated: target spd 0.2016125
[WARN] [1786075737.007434196] [motor_controller_pid]: Command timeout; stopping motors
[WARN] [1786075751.256926012] [motor_controller_pid]: Left motor is saturated: target spd -0.019118038118630647
[WARN] [1786075751.306979785] [motor_controller_pid]: Left motor is saturated: target spd -0.019118038118630647
[WARN] [1786075751.357155114] [motor_controller_pid]: Left motor is saturated: target spd -0.018095978546468543
[WARN] [1786075751.407309146] [motor_controller_pid]: Left motor is saturated: target spd -0.018095978546468543
[WARN] [1786075751.456957639] [motor_controller_pid]: Left motor is saturated: target spd -0.015697047287004533
[WARN] [1786075751.507089079] [motor_controller_pid]: Left motor is saturated: target spd -0.015697047287004533
[WARN] [1786075751.556999776] [motor_controller_pid]: Left motor is saturated: target spd -0.018020564659568482
[WARN] [1786075751.607158068] [motor_controller_pid]: Left motor is saturated: target spd -0.018020564659568482
[WARN] [1786075751.657041636] [motor_controller_pid]: Left motor is saturated: target spd -0.0153126763273729
[WARN] [1786075751.707084650] [motor_controller_pid]: Left motor is saturated: target spd -0.0153126763273729
[WARN] [1786075751.756966940] [motor_controller_pid]: Left motor is saturated: target spd -0.017867538498016075
[WARN] [1786075751.807090009] [motor_controller_pid]: Left motor is saturated: target spd -0.017867538498016075
[WARN] [1786075751.857050152] [motor_controller_pid]: Left motor is saturated: target spd -0.02024047811869532
[WARN] [1786075751.907012035] [motor_controller_pid]: Left motor is saturated: target spd -0.02024047811869532
[WARN] [1786075751.957048548] [motor_controller_pid]: Left motor is saturated: target spd -0.020518799343612046
[WARN] [1786075752.006955691] [motor_controller_pid]: Left motor is saturated: target spd -0.020518799343612046
[WARN] [1786075752.056993482] [motor_controller_pid]: Left motor is saturated: target spd -0.019430693470931147
[WARN] [1786075752.106923587] [motor_controller_pid]: Left motor is saturated: target spd -0.019430693470931147
[WARN] [1786075752.157006767] [motor_controller_pid]: Left motor is saturated: target spd -0.018714879395277238
[WARN] [1786075752.206905947] [motor_controller_pid]: Left motor is saturated: target spd -0.018714879395277238
[WARN] [1786075752.276783753] [motor_controller_pid]: Left motor is saturated: target spd -0.018714879395277238
[WARN] [1786075752.307455420] [motor_controller_pid]: Left motor is saturated: target spd -0.017570777137880213
[WARN] [1786075752.357042246] [motor_controller_pid]: Left motor is saturated: target spd -0.02119591257510474
[WARN] [1786075752.407026204] [motor_controller_pid]: Left motor is saturated: target spd -0.02119591257510474
[WARN] [1786075752.456917457] [motor_controller_pid]: Left motor is saturated: target spd -0.020340887227351778
[WARN] [1786075752.506869247] [motor_controller_pid]: Left motor is saturated: target spd -0.020340887227351778
[WARN] [1786075752.557014984] [motor_controller_pid]: Left motor is saturated: target spd -0.025556273482111282
[WARN] [1786075752.606888996] [motor_controller_pid]: Left motor is saturated: target spd -0.025556273482111282
[WARN] [1786075752.656993491] [motor_controller_pid]: Left motor is saturated: target spd -0.02240854822092224
[WARN] [1786075752.707082986] [motor_controller_pid]: Left motor is saturated: target spd -0.02240854822092224
[WARN] [1786075752.757048425] [motor_controller_pid]: Left motor is saturated: target spd -0.01777170542120002
[WARN] [1786075752.806911438] [motor_controller_pid]: Left motor is saturated: target spd -0.01777170542120002
[WARN] [1786075752.857077248] [motor_controller_pid]: Left motor is saturated: target spd -0.016876118401566054
[WARN] [1786075752.907923136] [motor_controller_pid]: Left motor is saturated: target spd -0.016876118401566054
[WARN] [1786075752.957145441] [motor_controller_pid]: Left motor is saturated: target spd -0.020605858678580263
[WARN] [1786075753.007061824] [motor_controller_pid]: Left motor is saturated: target spd -0.020605858678580263
[WARN] [1786075753.056895133] [motor_controller_pid]: Left motor is saturated: target spd -0.022283488547371236
[WARN] [1786075753.058539660] [motor_controller_pid]: Right motor is saturated: target spd 0.016456006432010326
[WARN] [1786075753.106893850] [motor_controller_pid]: Left motor is saturated: target spd -0.022283488547371236
[WARN] [1786075753.107933226] [motor_controller_pid]: Right motor is saturated: target spd 0.016456006432010326
[WARN] [1786075753.156961641] [motor_controller_pid]: Left motor is saturated: target spd -0.020757253604906146
[WARN] [1786075753.158997004] [motor_controller_pid]: Right motor is saturated: target spd 0.015424866837484296
[WARN] [1786075753.206948821] [motor_controller_pid]: Left motor is saturated: target spd -0.020757253604906146
[WARN] [1786075753.208120716] [motor_controller_pid]: Right motor is saturated: target spd 0.015424866837484296
[WARN] [1786075753.257040316] [motor_controller_pid]: Left motor is saturated: target spd -0.02093053672136739
[WARN] [1786075753.258641565] [motor_controller_pid]: Right motor is saturated: target spd 0.01404992428002879
[WARN] [1786075753.334504497] [motor_controller_pid]: Left motor is saturated: target spd -0.02093053672136739
[WARN] [1786075753.335553021] [motor_controller_pid]: Right motor is saturated: target spd 0.01404992428002879
[WARN] [1786075753.357138195] [motor_controller_pid]: Left motor is saturated: target spd -0.01708055991602596
[WARN] [1786075753.359509133] [motor_controller_pid]: Right motor is saturated: target spd 0.012719408088200726
[WARN] [1786075753.406949281] [motor_controller_pid]: Left motor is saturated: target spd -0.01708055991602596
[WARN] [1786075753.408013972] [motor_controller_pid]: Right motor is saturated: target spd 0.012719408088200726
[WARN] [1786075753.457021257] [motor_controller_pid]: Left motor is saturated: target spd -0.017308280047099105
[WARN] [1786075753.459041916] [motor_controller_pid]: Right motor is saturated: target spd 0.011249597940524108
[WARN] [1786075753.507148623] [motor_controller_pid]: Left motor is saturated: target spd -0.017308280047099105
[WARN] [1786075753.508187740] [motor_controller_pid]: Right motor is saturated: target spd 0.011249597940524108
[WARN] [1786075753.557065839] [motor_controller_pid]: Left motor is saturated: target spd -0.018455283052811865
[WARN] [1786075753.559477575] [motor_controller_pid]: Right motor is saturated: target spd 0.012376595952024217
[WARN] [1786075753.607100834] [motor_controller_pid]: Left motor is saturated: target spd -0.018455283052811865
[WARN] [1786075753.608120914] [motor_controller_pid]: Right motor is saturated: target spd 0.012376595952024217
[WARN] [1786075753.656895605] [motor_controller_pid]: Left motor is saturated: target spd -0.019688431093725374
[WARN] [1786075753.658766319] [motor_controller_pid]: Right motor is saturated: target spd 0.010971345087257214
[WARN] [1786075758.907544396] [motor_controller_pid]: Left motor is saturated: target spd 0.15000000596046448
[WARN] [1786075758.908628272] [motor_controller_pid]: Right motor is saturated: target spd -0.15000000596046448
[WARN] [1786075758.957108944] [motor_controller_pid]: Left motor is saturated: target spd 0.15000000596046448
[WARN] [1786075758.958720360] [motor_controller_pid]: Right motor is saturated: target spd -0.15000000596046448
[WARN] [1786075759.006991086] [motor_controller_pid]: Left motor is saturated: target spd 0.15000000596046448
[WARN] [1786075759.008106073] [motor_controller_pid]: Right motor is saturated: target spd -0.15000000596046448
[WARN] [1786075759.057066414] [motor_controller_pid]: Left motor is saturated: target spd 0.15000000596046448
[WARN] [1786075759.058861072] [motor_controller_pid]: Right motor is saturated: target spd -0.15000000596046448
[WARN] [1786075759.107216576] [motor_controller_pid]: Left motor is saturated: target spd 0.15000000596046448
[WARN] [1786075759.108281860] [motor_controller_pid]: Right motor is saturated: target spd -0.15000000596046448
[WARN] [1786075759.157117941] [motor_controller_pid]: Left motor is saturated: target spd 0.15000000596046448
[WARN] [1786075759.158492485] [motor_controller_pid]: Right motor is saturated: target spd -0.15000000596046448
[WARN] [1786075759.208237830] [motor_controller_pid]: Left motor is saturated: target spd 0.15000000596046448
[WARN] [1786075759.209200502] [motor_controller_pid]: Right motor is saturated: target spd -0.15000000596046448
[WARN] [1786075759.256868410] [motor_controller_pid]: Left motor is saturated: target spd 0.15000000596046448
[WARN] [1786075759.257881027] [motor_controller_pid]: Right motor is saturated: target spd -0.15000000596046448
[WARN] [1786075759.307756002] [motor_controller_pid]: Left motor is saturated: target spd 0.15000000596046448
[WARN] [1786075759.308768563] [motor_controller_pid]: Right motor is saturated: target spd -0.15000000596046448
[WARN] [1786075759.357132252] [motor_controller_pid]: Left motor is saturated: target spd 0.15000000596046448
[WARN] [1786075759.358930688] [motor_controller_pid]: Right motor is saturated: target spd -0.15000000596046448
[WARN] [1786075759.408232512] [motor_controller_pid]: Left motor is saturated: target spd 0.15000000596046448
[WARN] [1786075759.409154017] [motor_controller_pid]: Right motor is saturated: target spd -0.15000000596046448
[WARN] [1786075759.456881518] [motor_controller_pid]: Left motor is saturated: target spd 0.15000000596046448
[WARN] [1786075759.458129488] [motor_controller_pid]: Right motor is saturated: target spd -0.15000000596046448
[WARN] [1786075759.508032093] [motor_controller_pid]: Left motor is saturated: target spd 0.15000000596046448
[WARN] [1786075759.508858061] [motor_controller_pid]: Right motor is saturated: target spd -0.15000000596046448
[WARN] [1786075759.556763581] [motor_controller_pid]: Left motor is saturated: target spd 0.15000000596046448
[WARN] [1786075759.559033130] [motor_controller_pid]: Right motor is saturated: target spd -0.15000000596046448
[WARN] [1786075759.607704358] [motor_controller_pid]: Left motor is saturated: target spd 0.15000000596046448
[WARN] [1786075759.608642845] [motor_controller_pid]: Right motor is saturated: target spd -0.15000000596046448
[WARN] [1786075759.656856163] [motor_controller_pid]: Left motor is saturated: target spd 0.15000000596046448
[WARN] [1786075759.658830766] [motor_controller_pid]: Right motor is saturated: target spd -0.15000000596046448
[WARN] [1786075759.707499735] [motor_controller_pid]: Left motor is saturated: target spd 0.15000000596046448
[WARN] [1786075759.708838539] [motor_controller_pid]: Right motor is saturated: target spd -0.15000000596046448
[WARN] [1786075759.759474685] [motor_controller_pid]: Left motor is saturated: target spd 0.15000000596046448
[WARN] [1786075759.760550339] [motor_controller_pid]: Right motor is saturated: target spd -0.15000000596046448
[WARN] [1786075759.808226099] [motor_controller_pid]: Left motor is saturated: target spd 0.15000000596046448
[WARN] [1786075759.809775941] [motor_controller_pid]: Right motor is saturated: target spd -0.15000000596046448
[WARN] [1786075759.856866031] [motor_controller_pid]: Left motor is saturated: target spd 0.15000000596046448
[WARN] [1786075759.857785702] [motor_controller_pid]: Right motor is saturated: target spd -0.15000000596046448
[WARN] [1786075759.907469769] [motor_controller_pid]: Left motor is saturated: target spd 0.15000000596046448
[WARN] [1786075759.908408034] [motor_controller_pid]: Right motor is saturated: target spd -0.15000000596046448
[WARN] [1786075759.957189003] [motor_controller_pid]: Left motor is saturated: target spd 0.15000000596046448
[WARN] [1786075759.960272353] [motor_controller_pid]: Right motor is saturated: target spd -0.15000000596046448
[WARN] [1786075760.008450375] [motor_controller_pid]: Left motor is saturated: target spd 0.15000000596046448
[WARN] [1786075760.009307324] [motor_controller_pid]: Right motor is saturated: target spd -0.15000000596046448
[WARN] [1786075760.057184381] [motor_controller_pid]: Left motor is saturated: target spd 0.15000000596046448
[WARN] [1786075760.059452227] [motor_controller_pid]: Right motor is saturated: target spd -0.15000000596046448
[WARN] [1786075760.109047275] [motor_controller_pid]: Left motor is saturated: target spd 0.15000000596046448
[WARN] [1786075760.110133058] [motor_controller_pid]: Right motor is saturated: target spd -0.15000000596046448
[WARN] [1786075760.156859332] [motor_controller_pid]: Left motor is saturated: target spd 0.15000000596046448
[WARN] [1786075760.157874189] [motor_controller_pid]: Right motor is saturated: target spd -0.15000000596046448
[WARN] [1786075760.207416792] [motor_controller_pid]: Left motor is saturated: target spd 0.15000000596046448
[WARN] [1786075760.211382017] [motor_controller_pid]: Right motor is saturated: target spd -0.15000000596046448
[WARN] [1786075760.256917506] [motor_controller_pid]: Left motor is saturated: target spd 0.15000000596046448
[WARN] [1786075760.258017883] [motor_controller_pid]: Right motor is saturated: target spd -0.15000000596046448
[WARN] [1786075760.309322829] [motor_controller_pid]: Left motor is saturated: target spd 0.15000000596046448
[WARN] [1786075760.310388316] [motor_controller_pid]: Right motor is saturated: target spd -0.15000000596046448
[WARN] [1786075760.357047533] [motor_controller_pid]: Left motor is saturated: target spd 0.15000000596046448
[WARN] [1786075760.358232503] [motor_controller_pid]: Right motor is saturated: target spd -0.15000000596046448
[WARN] [1786075760.407498586] [motor_controller_pid]: Left motor is saturated: target spd 0.15000000596046448
[WARN] [1786075760.408585221] [motor_controller_pid]: Right motor is saturated: target spd -0.15000000596046448
[WARN] [1786075760.456769225] [motor_controller_pid]: Left motor is saturated: target spd 0.15000000596046448
[WARN] [1786075760.458786588] [motor_controller_pid]: Right motor is saturated: target spd -0.15000000596046448
[WARN] [1786075760.507328852] [motor_controller_pid]: Left motor is saturated: target spd 0.15000000596046448
[WARN] [1786075760.508724489] [motor_controller_pid]: Right motor is saturated: target spd -0.15000000596046448
[WARN] [1786075760.557212013] [motor_controller_pid]: Left motor is saturated: target spd 0.15000000596046448
[WARN] [1786075760.561389369] [motor_controller_pid]: Right motor is saturated: target spd -0.15000000596046448
[WARN] [1786075760.607663028] [motor_controller_pid]: Left motor is saturated: target spd 0.15000000596046448
[WARN] [1786075760.608659534] [motor_controller_pid]: Right motor is saturated: target spd -0.15000000596046448
[WARN] [1786075760.656879482] [motor_controller_pid]: Left motor is saturated: target spd 0.15000000596046448
[WARN] [1786075760.657975858] [motor_controller_pid]: Right motor is saturated: target spd -0.15000000596046448
[WARN] [1786075760.709602806] [motor_controller_pid]: Left motor is saturated: target spd 0.15000000596046448
[WARN] [1786075760.710464607] [motor_controller_pid]: Right motor is saturated: target spd -0.15000000596046448
[WARN] [1786075760.756849878] [motor_controller_pid]: Left motor is saturated: target spd 0.15000000596046448
[WARN] [1786075760.757973903] [motor_controller_pid]: Right motor is saturated: target spd -0.15000000596046448
[WARN] [1786075760.809624795] [motor_controller_pid]: Left motor is saturated: target spd 0.15000000596046448
[WARN] [1786075760.811245952] [motor_controller_pid]: Right motor is saturated: target spd -0.15000000596046448
[WARN] [1786075760.857114517] [motor_controller_pid]: Left motor is saturated: target spd 0.15000000596046448
[WARN] [1786075760.859347214] [motor_controller_pid]: Right motor is saturated: target spd -0.15000000596046448
[WARN] [1786075760.908372926] [motor_controller_pid]: Left motor is saturated: target spd 0.15000000596046448
[WARN] [1786075760.909343894] [motor_controller_pid]: Right motor is saturated: target spd -0.15000000596046448
[WARN] [1786075760.956857690] [motor_controller_pid]: Left motor is saturated: target spd 0.15000000596046448
[WARN] [1786075760.959619112] [motor_controller_pid]: Right motor is saturated: target spd -0.15000000596046448
[WARN] [1786075761.006992648] [motor_controller_pid]: Left motor is saturated: target spd 0.15000000596046448
[WARN] [1786075761.008571323] [motor_controller_pid]: Right motor is saturated: target spd -0.15000000596046448
[WARN] [1786075761.056933161] [motor_controller_pid]: Left motor is saturated: target spd 0.15000000596046448
[WARN] [1786075761.059456490] [motor_controller_pid]: Right motor is saturated: target spd -0.15000000596046448
[WARN] [1786075761.109600226] [motor_controller_pid]: Left motor is saturated: target spd 0.15000000596046448
[WARN] [1786075761.110435712] [motor_controller_pid]: Right motor is saturated: target spd -0.15000000596046448
[WARN] [1786075761.157356023] [motor_controller_pid]: Left motor is saturated: target spd 0.15000000596046448
[WARN] [1786075761.162957757] [motor_controller_pid]: Right motor is saturated: target spd -0.15000000596046448
[WARN] [1786075761.207607778] [motor_controller_pid]: Left motor is saturated: target spd 0.15000000596046448
[WARN] [1786075761.208952619] [motor_controller_pid]: Right motor is saturated: target spd -0.15000000596046448
[WARN] [1786075761.260092509] [motor_controller_pid]: Left motor is saturated: target spd 0.15000000596046448
[WARN] [1786075761.261725721] [motor_controller_pid]: Right motor is saturated: target spd -0.15000000596046448
[WARN] [1786075761.308360772] [motor_controller_pid]: Left motor is saturated: target spd 0.15000000596046448
[WARN] [1786075761.309878817] [motor_controller_pid]: Right motor is saturated: target spd -0.15000000596046448
[WARN] [1786075761.359537865] [motor_controller_pid]: Left motor is saturated: target spd 0.15000000596046448
[WARN] [1786075761.361836211] [motor_controller_pid]: Right motor is saturated: target spd -0.15000000596046448
[WARN] [1786075761.407316440] [motor_controller_pid]: Left motor is saturated: target spd 0.15000000596046448
[WARN] [1786075761.409429026] [motor_controller_pid]: Right motor is saturated: target spd -0.15000000596046448
[WARN] [1786075761.456846414] [motor_controller_pid]: Left motor is saturated: target spd 0.15000000596046448
[WARN] [1786075761.458004216] [motor_controller_pid]: Right motor is saturated: target spd -0.15000000596046448
[WARN] [1786075761.508611196] [motor_controller_pid]: Left motor is saturated: target spd 0.15000000596046448
[WARN] [1786075761.510040611] [motor_controller_pid]: Right motor is saturated: target spd -0.15000000596046448
[WARN] [1786075761.556822292] [motor_controller_pid]: Left motor is saturated: target spd 0.15000000596046448
[WARN] [1786075761.557880094] [motor_controller_pid]: Right motor is saturated: target spd -0.15000000596046448
[WARN] [1786075761.607530383] [motor_controller_pid]: Left motor is saturated: target spd 0.15000000596046448
[WARN] [1786075761.608879427] [motor_controller_pid]: Right motor is saturated: target spd -0.15000000596046448
[WARN] [1786075761.656798966] [motor_controller_pid]: Left motor is saturated: target spd 0.15000000596046448
[WARN] [1786075761.657833046] [motor_controller_pid]: Right motor is saturated: target spd -0.15000000596046448
[WARN] [1786075761.707021906] [motor_controller_pid]: Left motor is saturated: target spd 0.15000000596046448
[WARN] [1786075761.707917374] [motor_controller_pid]: Right motor is saturated: target spd -0.15000000596046448
[WARN] [1786075761.756800844] [motor_controller_pid]: Left motor is saturated: target spd 0.15000000596046448
[WARN] [1786075761.757784035] [motor_controller_pid]: Right motor is saturated: target spd -0.15000000596046448
[WARN] [1786075761.811975237] [motor_controller_pid]: Left motor is saturated: target spd 0.15000000596046448
[WARN] [1786075761.812978243] [motor_controller_pid]: Right motor is saturated: target spd -0.15000000596046448
[WARN] [1786075761.878759305] [motor_controller_pid]: Left motor is saturated: target spd 0.15000000596046448
[WARN] [1786075761.879994071] [motor_controller_pid]: Right motor is saturated: target spd -0.15000000596046448
[WARN] [1786075761.938962818] [motor_controller_pid]: Left motor is saturated: target spd 0.15000000596046448
[WARN] [1786075761.977201193] [motor_controller_pid]: Right motor is saturated: target spd -0.15000000596046448
[WARN] [1786075761.986225427] [motor_controller_pid]: Left motor is saturated: target spd 0.15000000596046448
[WARN] [1786075761.987453693] [motor_controller_pid]: Right motor is saturated: target spd -0.15000000596046448
[WARN] [1786075762.007080448] [motor_controller_pid]: Left motor is saturated: target spd 0.15000000596046448
[WARN] [1786075762.009761204] [motor_controller_pid]: Right motor is saturated: target spd -0.15000000596046448
[WARN] [1786075762.057066073] [motor_controller_pid]: Left motor is saturated: target spd 0.15000000596046448
[WARN] [1786075762.058970157] [motor_controller_pid]: Right motor is saturated: target spd -0.15000000596046448
[WARN] [1786075762.106951252] [motor_controller_pid]: Left motor is saturated: target spd 0.15000000596046448
[WARN] [1786075762.108078906] [motor_controller_pid]: Right motor is saturated: target spd -0.15000000596046448
[WARN] [1786075762.157095969] [motor_controller_pid]: Left motor is saturated: target spd 0.15000000596046448
[WARN] [1786075762.158972054] [motor_controller_pid]: Right motor is saturated: target spd -0.15000000596046448
[WARN] [1786075762.207274761] [motor_controller_pid]: Left motor is saturated: target spd 0.15000000596046448
[WARN] [1786075762.209195550] [motor_controller_pid]: Right motor is saturated: target spd -0.15000000596046448
[WARN] [1786075762.256970810] [motor_controller_pid]: Left motor is saturated: target spd 0.15000000596046448
[WARN] [1786075762.258959413] [motor_controller_pid]: Right motor is saturated: target spd -0.15000000596046448
[WARN] [1786075762.315380424] [motor_controller_pid]: Left motor is saturated: target spd 0.15000000596046448
[WARN] [1786075762.318701276] [motor_controller_pid]: Right motor is saturated: target spd -0.15000000596046448
[WARN] [1786075762.356826872] [motor_controller_pid]: Left motor is saturated: target spd 0.15000000596046448
[WARN] [1786075762.357810063] [motor_controller_pid]: Right motor is saturated: target spd -0.15000000596046448
[WARN] [1786075762.409443492] [motor_controller_pid]: Left motor is saturated: target spd 0.15000000596046448
[WARN] [1786075762.410272238] [motor_controller_pid]: Right motor is saturated: target spd -0.15000000596046448
[WARN] [1786075762.457019252] [motor_controller_pid]: Left motor is saturated: target spd 0.15000000596046448
[WARN] [1786075762.458606242] [motor_controller_pid]: Right motor is saturated: target spd -0.15000000596046448
[WARN] [1786075762.507172877] [motor_controller_pid]: Left motor is saturated: target spd 0.15000000596046448
[WARN] [1786075762.511473196] [motor_controller_pid]: Right motor is saturated: target spd -0.15000000596046448
[WARN] [1786075762.557089130] [motor_controller_pid]: Left motor is saturated: target spd 0.15000000596046448
[WARN] [1786075762.559204327] [motor_controller_pid]: Right motor is saturated: target spd -0.15000000596046448
[WARN] [1786075762.608559762] [motor_controller_pid]: Left motor is saturated: target spd 0.15000000596046448
[WARN] [1786075762.609477656] [motor_controller_pid]: Right motor is saturated: target spd -0.15000000596046448
[WARN] [1786075762.656914396] [motor_controller_pid]: Left motor is saturated: target spd 0.15000000596046448
[WARN] [1786075762.660097451] [motor_controller_pid]: Right motor is saturated: target spd -0.15000000596046448
[WARN] [1786075762.707320152] [motor_controller_pid]: Left motor is saturated: target spd 0.15000000596046448
[WARN] [1786075762.708655215] [motor_controller_pid]: Right motor is saturated: target spd -0.15000000596046448
[WARN] [1786075762.757013090] [motor_controller_pid]: Left motor is saturated: target spd 0.15000000596046448
[WARN] [1786075762.758890748] [motor_controller_pid]: Right motor is saturated: target spd -0.15000000596046448
[WARN] [1786075762.807748440] [motor_controller_pid]: Left motor is saturated: target spd 0.15000000596046448
[WARN] [1786075762.808680482] [motor_controller_pid]: Right motor is saturated: target spd -0.15000000596046448
[WARN] [1786075762.856805689] [motor_controller_pid]: Left motor is saturated: target spd 0.15000000596046448
[WARN] [1786075762.857757972] [motor_controller_pid]: Right motor is saturated: target spd -0.15000000596046448
[WARN] [1786075762.907171111] [motor_controller_pid]: Left motor is saturated: target spd 0.15000000596046448
[WARN] [1786075762.908053024] [motor_controller_pid]: Right motor is saturated: target spd -0.15000000596046448
[WARN] [1786075762.957321588] [motor_controller_pid]: Left motor is saturated: target spd 0.15000000596046448
[WARN] [1786075762.960608477] [motor_controller_pid]: Right motor is saturated: target spd -0.15000000596046448
[WARN] [1786075763.008488367] [motor_controller_pid]: Left motor is saturated: target spd 0.15000000596046448
[WARN] [1786075763.009354909] [motor_controller_pid]: Right motor is saturated: target spd -0.15000000596046448
[WARN] [1786075763.057679283] [motor_controller_pid]: Left motor is saturated: target spd 0.15000000596046448
[WARN] [1786075763.059767091] [motor_controller_pid]: Right motor is saturated: target spd -0.15000000596046448
[WARN] [1786075763.108034113] [motor_controller_pid]: Left motor is saturated: target spd 0.15000000596046448
[WARN] [1786075763.109727474] [motor_controller_pid]: Right motor is saturated: target spd -0.15000000596046448
[WARN] [1786075763.156872157] [motor_controller_pid]: Left motor is saturated: target spd 0.15000000596046448
[WARN] [1786075763.157974144] [motor_controller_pid]: Right motor is saturated: target spd -0.15000000596046448
[WARN] [1786075763.207165301] [motor_controller_pid]: Left motor is saturated: target spd 0.15000000596046448
[WARN] [1786075763.208234011] [motor_controller_pid]: Right motor is saturated: target spd -0.15000000596046448
[WARN] [1786075763.256759405] [motor_controller_pid]: Left motor is saturated: target spd 0.15000000596046448
[WARN] [1786075763.257676613] [motor_controller_pid]: Right motor is saturated: target spd -0.15000000596046448
[WARN] [1786075763.307658423] [motor_controller_pid]: Left motor is saturated: target spd 0.15000000596046448
[WARN] [1786075763.309963843] [motor_controller_pid]: Right motor is saturated: target spd -0.15000000596046448
[WARN] [1786075763.356975062] [motor_controller_pid]: Left motor is saturated: target spd 0.15000000596046448
[WARN] [1786075763.360395895] [motor_controller_pid]: Right motor is saturated: target spd -0.15000000596046448
[WARN] [1786075763.409653867] [motor_controller_pid]: Left motor is saturated: target spd 0.15000000596046448
[WARN] [1786075763.410770114] [motor_controller_pid]: Right motor is saturated: target spd -0.15000000596046448
[WARN] [1786075763.456806106] [motor_controller_pid]: Left motor is saturated: target spd 0.15000000596046448
[WARN] [1786075763.457971316] [motor_controller_pid]: Right motor is saturated: target spd -0.15000000596046448
[WARN] [1786075763.507413641] [motor_controller_pid]: Left motor is saturated: target spd 0.15000000596046448
[WARN] [1786075763.508314220] [motor_controller_pid]: Right motor is saturated: target spd -0.15000000596046448
[WARN] [1786075763.557121115] [motor_controller_pid]: Left motor is saturated: target spd 0.15000000596046448
[WARN] [1786075763.558188732] [motor_controller_pid]: Right motor is saturated: target spd -0.15000000596046448
[WARN] [1786075763.607581631] [motor_controller_pid]: Left motor is saturated: target spd 0.15000000596046448
[WARN] [1786075763.610142274] [motor_controller_pid]: Right motor is saturated: target spd -0.15000000596046448
[WARN] [1786075763.656803251] [motor_controller_pid]: Left motor is saturated: target spd 0.15000000596046448
[WARN] [1786075763.657809442] [motor_controller_pid]: Right motor is saturated: target spd -0.15000000596046448
[WARN] [1786075763.756757332] [motor_controller_pid]: Left motor is saturated: target spd 0.2016125
[WARN] [1786075763.807528609] [motor_controller_pid]: Left motor is saturated: target spd 0.2016125
[WARN] [1786075763.856857119] [motor_controller_pid]: Left motor is saturated: target spd 0.2016125
[WARN] [1786075763.909111107] [motor_controller_pid]: Left motor is saturated: target spd 0.2016125
[WARN] [1786075763.956803811] [motor_controller_pid]: Left motor is saturated: target spd 0.2016125
[WARN] [1786075764.007722237] [motor_controller_pid]: Left motor is saturated: target spd 0.2016125
[WARN] [1786075764.056733004] [motor_controller_pid]: Left motor is saturated: target spd 0.2016125
[WARN] [1786075764.107889634] [motor_controller_pid]: Left motor is saturated: target spd 0.2016125
[WARN] [1786075764.156954772] [motor_controller_pid]: Left motor is saturated: target spd 0.2016125
[WARN] [1786075764.207224879] [motor_controller_pid]: Left motor is saturated: target spd 0.2016125
[WARN] [1786075764.256935039] [motor_controller_pid]: Left motor is saturated: target spd 0.2016125
[WARN] [1786075764.307261517] [motor_controller_pid]: Left motor is saturated: target spd 0.2016125
[WARN] [1786075764.357010473] [motor_controller_pid]: Left motor is saturated: target spd 0.2016125
[WARN] [1786075764.407136320] [motor_controller_pid]: Left motor is saturated: target spd 0.2016125
[WARN] [1786075764.457078166] [motor_controller_pid]: Left motor is saturated: target spd 0.2016125
[WARN] [1786075764.508691873] [motor_controller_pid]: Left motor is saturated: target spd 0.2016125
[WARN] [1786075764.556830784] [motor_controller_pid]: Left motor is saturated: target spd 0.2016125
[WARN] [1786075764.607890099] [motor_controller_pid]: Left motor is saturated: target spd 0.2016125
[WARN] [1786075764.656863144] [motor_controller_pid]: Left motor is saturated: target spd 0.2016125
[WARN] [1786075764.707151584] [motor_controller_pid]: Left motor is saturated: target spd 0.2016125
[WARN] [1786075764.757034467] [motor_controller_pid]: Left motor is saturated: target spd 0.2016125
[WARN] [1786075764.806973313] [motor_controller_pid]: Left motor is saturated: target spd 0.2016125
[WARN] [1786075764.858204852] [motor_controller_pid]: Left motor is saturated: target spd 0.2016125
[WARN] [1786075764.908876109] [motor_controller_pid]: Left motor is saturated: target spd 0.2016125
[WARN] [1786075764.956818370] [motor_controller_pid]: Left motor is saturated: target spd 0.2016125
[WARN] [1786075765.008953469] [motor_controller_pid]: Left motor is saturated: target spd 0.2016125
[WARN] [1786075765.056824211] [motor_controller_pid]: Left motor is saturated: target spd 0.2016125
[WARN] [1786075765.109211904] [motor_controller_pid]: Left motor is saturated: target spd 0.2016125
[WARN] [1786075765.156817460] [motor_controller_pid]: Left motor is saturated: target spd 0.2016125
[WARN] [1786075765.207413328] [motor_controller_pid]: Left motor is saturated: target spd 0.2016125
[WARN] [1786075765.260117578] [motor_controller_pid]: Left motor is saturated: target spd 0.2016125
[WARN] [1786075765.309972757] [motor_controller_pid]: Left motor is saturated: target spd 0.2016125
[WARN] [1786075765.356841550] [motor_controller_pid]: Left motor is saturated: target spd 0.2016125
[WARN] [1786075765.407571067] [motor_controller_pid]: Left motor is saturated: target spd 0.2016125
[WARN] [1786075765.457034447] [motor_controller_pid]: Left motor is saturated: target spd 0.2016125
[WARN] [1786075765.507903687] [motor_controller_pid]: Left motor is saturated: target spd 0.2016125
[WARN] [1786075765.557096529] [motor_controller_pid]: Left motor is saturated: target spd 0.2016125
[WARN] [1786075765.608043196] [motor_controller_pid]: Left motor is saturated: target spd 0.2016125
[WARN] [1786075765.657022852] [motor_controller_pid]: Left motor is saturated: target spd 0.2016125
[WARN] [1786075765.707631035] [motor_controller_pid]: Left motor is saturated: target spd 0.2016125
[WARN] [1786075765.757002211] [motor_controller_pid]: Left motor is saturated: target spd 0.2016125
[WARN] [1786075765.807133688] [motor_controller_pid]: Left motor is saturated: target spd 0.2016125
[WARN] [1786075765.857448277] [motor_controller_pid]: Left motor is saturated: target spd 0.2016125
[WARN] [1786075765.908411036] [motor_controller_pid]: Left motor is saturated: target spd 0.2016125
[WARN] [1786075765.957007153] [motor_controller_pid]: Left motor is saturated: target spd 0.2016125
[WARN] [1786075766.007116389] [motor_controller_pid]: Left motor is saturated: target spd 0.2016125
[WARN] [1786075766.057044605] [motor_controller_pid]: Left motor is saturated: target spd 0.2016125
[WARN] [1786075766.107323472] [motor_controller_pid]: Left motor is saturated: target spd 0.2016125
[WARN] [1786075766.156993835] [motor_controller_pid]: Left motor is saturated: target spd 0.2016125
[WARN] [1786075766.207233442] [motor_controller_pid]: Left motor is saturated: target spd 0.2016125
[WARN] [1786075766.257109102] [motor_controller_pid]: Left motor is saturated: target spd 0.2016125
[WARN] [1786075766.309885538] [motor_controller_pid]: Left motor is saturated: target spd 0.2016125
[WARN] [1786075766.357306907] [motor_controller_pid]: Left motor is saturated: target spd 0.2016125
[WARN] [1786075766.407133123] [motor_controller_pid]: Left motor is saturated: target spd 0.2016125
[WARN] [1786075766.457203396] [motor_controller_pid]: Left motor is saturated: target spd 0.2016125
[WARN] [1786075766.512540179] [motor_controller_pid]: Left motor is saturated: target spd 0.2016125
[WARN] [1786075766.556964921] [motor_controller_pid]: Left motor is saturated: target spd 0.2016125
[WARN] [1786075766.607196047] [motor_controller_pid]: Left motor is saturated: target spd 0.2016125
[WARN] [1786075766.656934651] [motor_controller_pid]: Left motor is saturated: target spd 0.2016125
[WARN] [1786075766.707109906] [motor_controller_pid]: Left motor is saturated: target spd 0.2016125
[WARN] [1786075766.756974807] [motor_controller_pid]: Left motor is saturated: target spd 0.2016125
[WARN] [1786075766.807095432] [motor_controller_pid]: Left motor is saturated: target spd 0.2016125
[WARN] [1786075766.860964744] [motor_controller_pid]: Left motor is saturated: target spd 0.2016125
[WARN] [1786075766.907719443] [motor_controller_pid]: Left motor is saturated: target spd 0.2016125
[WARN] [1786075766.961124790] [motor_controller_pid]: Left motor is saturated: target spd 0.2016125
[WARN] [1786075767.007190763] [motor_controller_pid]: Left motor is saturated: target spd 0.2016125
[WARN] [1786075767.064199610] [motor_controller_pid]: Left motor is saturated: target spd 0.2016125
[WARN] [1786075767.107813293] [motor_controller_pid]: Left motor is saturated: target spd 0.2016125
[WARN] [1786075767.157153265] [motor_controller_pid]: Left motor is saturated: target spd 0.2016125
[WARN] [1786075767.207306723] [motor_controller_pid]: Left motor is saturated: target spd 0.2016125
[WARN] [1786075767.256933494] [motor_controller_pid]: Left motor is saturated: target spd 0.2016125
[WARN] [1786075767.308954092] [motor_controller_pid]: Left motor is saturated: target spd 0.2016125
[WARN] [1786075767.357072854] [motor_controller_pid]: Left motor is saturated: target spd 0.2016125
[WARN] [1786075767.408877062] [motor_controller_pid]: Left motor is saturated: target spd 0.2016125
[WARN] [1786075767.457149270] [motor_controller_pid]: Left motor is saturated: target spd 0.2016125
[WARN] [1786075767.512763721] [motor_controller_pid]: Left motor is saturated: target spd 0.2016125
[WARN] [1786075767.557082592] [motor_controller_pid]: Left motor is saturated: target spd 0.2016125
[WARN] [1786075767.607618589] [motor_controller_pid]: Left motor is saturated: target spd 0.2016125
[WARN] [1786075767.657113692] [motor_controller_pid]: Left motor is saturated: target spd 0.2016125
[WARN] [1786075767.707465578] [motor_controller_pid]: Left motor is saturated: target spd 0.2016125
[WARN] [1786075767.757205478] [motor_controller_pid]: Left motor is saturated: target spd 0.2016125
[WARN] [1786075767.807047620] [motor_controller_pid]: Left motor is saturated: target spd 0.2016125
[WARN] [1786075767.857132541] [motor_controller_pid]: Left motor is saturated: target spd 0.2016125
[WARN] [1786075767.907346185] [motor_controller_pid]: Left motor is saturated: target spd 0.2016125
[WARN] [1786075767.957024178] [motor_controller_pid]: Left motor is saturated: target spd 0.2016125
[WARN] [1786075768.007192952] [motor_controller_pid]: Left motor is saturated: target spd 0.2016125
[WARN] [1786075768.057033167] [motor_controller_pid]: Left motor is saturated: target spd 0.2016125
[WARN] [1786075768.108324910] [motor_controller_pid]: Left motor is saturated: target spd 0.2016125
[WARN] [1786075768.157062046] [motor_controller_pid]: Left motor is saturated: target spd 0.2016125
[WARN] [1786075768.207739877] [motor_controller_pid]: Left motor is saturated: target spd 0.2016125
[WARN] [1786075768.257021405] [motor_controller_pid]: Left motor is saturated: target spd 0.2016125
[WARN] [1786075768.307083659] [motor_controller_pid]: Left motor is saturated: target spd 0.2016125
[WARN] [1786075768.357213507] [motor_controller_pid]: Left motor is saturated: target spd 0.2016125
[WARN] [1786075768.407352576] [motor_controller_pid]: Left motor is saturated: target spd 0.2016125
[WARN] [1786075768.457014532] [motor_controller_pid]: Left motor is saturated: target spd 0.2016125
[WARN] [1786075768.508042180] [motor_controller_pid]: Left motor is saturated: target spd 0.2016125
[WARN] [1786075768.558145212] [motor_controller_pid]: Left motor is saturated: target spd 0.2016125
[WARN] [1786075768.607349647] [motor_controller_pid]: Left motor is saturated: target spd 0.2016125
[WARN] [1786075768.656980714] [motor_controller_pid]: Left motor is saturated: target spd 0.2016125
[WARN] [1786075768.710419764] [motor_controller_pid]: Left motor is saturated: target spd 0.2016125
[WARN] [1786075768.757078055] [motor_controller_pid]: Left motor is saturated: target spd 0.2016125
[WARN] [1786075768.807282996] [motor_controller_pid]: Left motor is saturated: target spd 0.2016125
[WARN] [1786075768.856860803] [motor_controller_pid]: Left motor is saturated: target spd 0.2016125
[WARN] [1786075768.858462441] [motor_controller_pid]: Right motor is saturated: target spd 0.2016125
[WARN] [1786075768.907973137] [motor_controller_pid]: Left motor is saturated: target spd 0.2016125
[WARN] [1786075768.909243181] [motor_controller_pid]: Right motor is saturated: target spd 0.2016125
[WARN] [1786075768.956878070] [motor_controller_pid]: Left motor is saturated: target spd 0.2016125
[WARN] [1786075768.957748519] [motor_controller_pid]: Right motor is saturated: target spd 0.2016125
[WARN] [1786075769.007401308] [motor_controller_pid]: Left motor is saturated: target spd 0.2016125
[WARN] [1786075769.009860858] [motor_controller_pid]: Right motor is saturated: target spd 0.2016125
[WARN] [1786075769.056844707] [motor_controller_pid]: Left motor is saturated: target spd 0.2016125
[WARN] [1786075769.057834490] [motor_controller_pid]: Right motor is saturated: target spd 0.2016125
[WARN] [1786075769.108602841] [motor_controller_pid]: Left motor is saturated: target spd 0.2016125
[WARN] [1786075769.109731532] [motor_controller_pid]: Right motor is saturated: target spd 0.2016125
[WARN] [1786075769.156874733] [motor_controller_pid]: Left motor is saturated: target spd 0.2016125
[WARN] [1786075769.157879332] [motor_controller_pid]: Right motor is saturated: target spd 0.2016125
[WARN] [1786075769.209206889] [motor_controller_pid]: Left motor is saturated: target spd 0.2016125
[WARN] [1786075769.210323136] [motor_controller_pid]: Right motor is saturated: target spd 0.2016125
[WARN] [1786075769.256761759] [motor_controller_pid]: Left motor is saturated: target spd 0.2016125
[WARN] [1786075769.257709764] [motor_controller_pid]: Right motor is saturated: target spd 0.2016125
[WARN] [1786075769.307228534] [motor_controller_pid]: Left motor is saturated: target spd 0.2016125
[WARN] [1786075769.308029353] [motor_controller_pid]: Right motor is saturated: target spd 0.2016125
[WARN] [1786075769.357155417] [motor_controller_pid]: Left motor is saturated: target spd 0.2016125
[WARN] [1786075769.359885451] [motor_controller_pid]: Right motor is saturated: target spd 0.2016125
[WARN] [1786075769.407077393] [motor_controller_pid]: Left motor is saturated: target spd 0.2016125
[WARN] [1786075769.408185621] [motor_controller_pid]: Right motor is saturated: target spd 0.2016125
[WARN] [1786075769.456875201] [motor_controller_pid]: Left motor is saturated: target spd 0.2016125
[WARN] [1786075769.457928799] [motor_controller_pid]: Right motor is saturated: target spd 0.2016125
[WARN] [1786075769.509103097] [motor_controller_pid]: Left motor is saturated: target spd 0.2016125
[WARN] [1786075769.509988250] [motor_controller_pid]: Right motor is saturated: target spd 0.2016125
[WARN] [1786075769.556901598] [motor_controller_pid]: Left motor is saturated: target spd 0.2016125
[WARN] [1786075769.559366222] [motor_controller_pid]: Right motor is saturated: target spd 0.2016125
[WARN] [1786075769.608566750] [motor_controller_pid]: Left motor is saturated: target spd 0.2016125
[WARN] [1786075769.609678237] [motor_controller_pid]: Right motor is saturated: target spd 0.2016125
[WARN] [1786075769.656760568] [motor_controller_pid]: Left motor is saturated: target spd 0.2016125
[WARN] [1786075769.659258785] [motor_controller_pid]: Right motor is saturated: target spd 0.2016125
[WARN] [1786075769.708319052] [motor_controller_pid]: Left motor is saturated: target spd 0.2016125
[WARN] [1786075769.709733875] [motor_controller_pid]: Right motor is saturated: target spd 0.2016125
[WARN] [1786075769.756814854] [motor_controller_pid]: Left motor is saturated: target spd 0.2016125
[WARN] [1786075769.757782729] [motor_controller_pid]: Right motor is saturated: target spd 0.2016125
[WARN] [1786075769.807122702] [motor_controller_pid]: Left motor is saturated: target spd 0.2016125
[WARN] [1786075769.807948558] [motor_controller_pid]: Right motor is saturated: target spd 0.2016125
[WARN] [1786075769.858840724] [motor_controller_pid]: Left motor is saturated: target spd 0.2016125
[WARN] [1786075769.861192311] [motor_controller_pid]: Right motor is saturated: target spd 0.2016125
[WARN] [1786075769.908303661] [motor_controller_pid]: Left motor is saturated: target spd 0.2016125
[WARN] [1786075769.909461130] [motor_controller_pid]: Right motor is saturated: target spd 0.2016125
[WARN] [1786075769.957046908] [motor_controller_pid]: Left motor is saturated: target spd 0.2016125
[WARN] [1786075769.958427174] [motor_controller_pid]: Right motor is saturated: target spd 0.2016125
[WARN] [1786075770.009160488] [motor_controller_pid]: Left motor is saturated: target spd 0.2016125
[WARN] [1786075770.010137697] [motor_controller_pid]: Right motor is saturated: target spd 0.2016125
[WARN] [1786075770.056841951] [motor_controller_pid]: Left motor is saturated: target spd 0.2016125
[WARN] [1786075770.057894235] [motor_controller_pid]: Right motor is saturated: target spd 0.2016125
[WARN] [1786075770.109750221] [motor_controller_pid]: Left motor is saturated: target spd 0.2016125
[WARN] [1786075770.110651837] [motor_controller_pid]: Right motor is saturated: target spd 0.2016125
[WARN] [1786075770.156795922] [motor_controller_pid]: Left motor is saturated: target spd 0.2016125
[WARN] [1786075770.157823946] [motor_controller_pid]: Right motor is saturated: target spd 0.2016125
[WARN] [1786075770.207149289] [motor_controller_pid]: Left motor is saturated: target spd 0.2016125
[WARN] [1786075770.208082534] [motor_controller_pid]: Right motor is saturated: target spd 0.2016125
[WARN] [1786075770.256825022] [motor_controller_pid]: Left motor is saturated: target spd 0.2016125
[WARN] [1786075770.257836157] [motor_controller_pid]: Right motor is saturated: target spd 0.2016125
[WARN] [1786075770.309107344] [motor_controller_pid]: Left motor is saturated: target spd 0.2016125
[WARN] [1786075770.310015645] [motor_controller_pid]: Right motor is saturated: target spd 0.2016125
[WARN] [1786075770.357189032] [motor_controller_pid]: Left motor is saturated: target spd 0.2016125
[WARN] [1786075770.359567545] [motor_controller_pid]: Right motor is saturated: target spd 0.2016125
[WARN] [1786075770.407508751] [motor_controller_pid]: Left motor is saturated: target spd 0.2016125
[WARN] [1786075770.409182260] [motor_controller_pid]: Right motor is saturated: target spd 0.2016125
[WARN] [1786075770.457627468] [motor_controller_pid]: Left motor is saturated: target spd 0.2016125
[WARN] [1786075770.459646979] [motor_controller_pid]: Right motor is saturated: target spd 0.2016125
[WARN] [1786075770.510081735] [motor_controller_pid]: Left motor is saturated: target spd 0.2016125
[WARN] [1786075770.511217334] [motor_controller_pid]: Right motor is saturated: target spd 0.2016125
[WARN] [1786075770.557049010] [motor_controller_pid]: Left motor is saturated: target spd 0.2016125
[WARN] [1786075770.560533473] [motor_controller_pid]: Right motor is saturated: target spd 0.2016125
[WARN] [1786075770.608390234] [motor_controller_pid]: Left motor is saturated: target spd 0.2016125
[WARN] [1786075770.609444721] [motor_controller_pid]: Right motor is saturated: target spd 0.2016125
[WARN] [1786075770.657158629] [motor_controller_pid]: Left motor is saturated: target spd 0.2016125
[WARN] [1786075770.661048798] [motor_controller_pid]: Right motor is saturated: target spd 0.2016125
[WARN] [1786075770.706914122] [motor_controller_pid]: Left motor is saturated: target spd 0.2016125
[WARN] [1786075770.708008462] [motor_controller_pid]: Right motor is saturated: target spd 0.2016125
[WARN] [1786075770.756981877] [motor_controller_pid]: Left motor is saturated: target spd 0.2016125
[WARN] [1786075770.758118698] [motor_controller_pid]: Right motor is saturated: target spd 0.2016125
[WARN] [1786075770.807101168] [motor_controller_pid]: Left motor is saturated: target spd 0.2016125
[WARN] [1786075770.808047155] [motor_controller_pid]: Right motor is saturated: target spd 0.2016125
[WARN] [1786075770.857018662] [motor_controller_pid]: Left motor is saturated: target spd 0.2016125
[WARN] [1786075770.858163632] [motor_controller_pid]: Right motor is saturated: target spd 0.2016125
[WARN] [1786075770.907693809] [motor_controller_pid]: Left motor is saturated: target spd 0.2016125
[WARN] [1786075770.909584615] [motor_controller_pid]: Right motor is saturated: target spd 0.2016125
[WARN] [1786075770.956900373] [motor_controller_pid]: Left motor is saturated: target spd 0.2016125
[WARN] [1786075770.957962805] [motor_controller_pid]: Right motor is saturated: target spd 0.2016125
[WARN] [1786075771.007439741] [motor_controller_pid]: Left motor is saturated: target spd 0.2016125
[WARN] [1786075771.008278283] [motor_controller_pid]: Right motor is saturated: target spd 0.2016125
[WARN] [1786075771.056811380] [motor_controller_pid]: Left motor is saturated: target spd 0.2016125
[WARN] [1786075771.057821719] [motor_controller_pid]: Right motor is saturated: target spd 0.2016125
[WARN] [1786075771.107215692] [motor_controller_pid]: Left motor is saturated: target spd 0.2016125
[WARN] [1786075771.109090813] [motor_controller_pid]: Right motor is saturated: target spd 0.2016125
[WARN] [1786075771.156810425] [motor_controller_pid]: Left motor is saturated: target spd 0.2016125
[WARN] [1786075771.160326630] [motor_controller_pid]: Right motor is saturated: target spd 0.2016125
[WARN] [1786075771.220808181] [motor_controller_pid]: Left motor is saturated: target spd 0.2016125
[WARN] [1786075771.227827145] [motor_controller_pid]: Right motor is saturated: target spd 0.2016125
[WARN] [1786075771.263690989] [motor_controller_pid]: Left motor is saturated: target spd 0.2016125
[WARN] [1786075771.269326742] [motor_controller_pid]: Right motor is saturated: target spd 0.2016125
[WARN] [1786075771.309793314] [motor_controller_pid]: Left motor is saturated: target spd 0.2016125
[WARN] [1786075771.314468932] [motor_controller_pid]: Right motor is saturated: target spd 0.2016125
[WARN] [1786075771.359298306] [motor_controller_pid]: Left motor is saturated: target spd 0.2016125
[WARN] [1786075771.362546676] [motor_controller_pid]: Right motor is saturated: target spd 0.2016125
[WARN] [1786075771.407779237] [motor_controller_pid]: Left motor is saturated: target spd 0.2016125
[WARN] [1786075771.409220763] [motor_controller_pid]: Right motor is saturated: target spd 0.2016125
[WARN] [1786075771.456921282] [motor_controller_pid]: Left motor is saturated: target spd 0.2016125
[WARN] [1786075771.457969140] [motor_controller_pid]: Right motor is saturated: target spd 0.2016125
[WARN] [1786075771.514003908] [motor_controller_pid]: Left motor is saturated: target spd 0.2016125
[WARN] [1786075771.517637780] [motor_controller_pid]: Right motor is saturated: target spd 0.2016125
[WARN] [1786075771.558200390] [motor_controller_pid]: Left motor is saturated: target spd 0.2016125
[WARN] [1786075771.560496328] [motor_controller_pid]: Right motor is saturated: target spd 0.2016125
[WARN] [1786075771.615476887] [motor_controller_pid]: Left motor is saturated: target spd 0.2016125
[WARN] [1786075771.616369744] [motor_controller_pid]: Right motor is saturated: target spd 0.2016125
[WARN] [1786075771.657041169] [motor_controller_pid]: Left motor is saturated: target spd 0.2016125
[WARN] [1786075771.659449182] [motor_controller_pid]: Right motor is saturated: target spd 0.2016125
[WARN] [1786075771.707610611] [motor_controller_pid]: Left motor is saturated: target spd 0.2016125
[WARN] [1786075771.709516899] [motor_controller_pid]: Right motor is saturated: target spd 0.2016125
[WARN] [1786075771.756991880] [motor_controller_pid]: Left motor is saturated: target spd 0.2016125
[WARN] [1786075771.758538740] [motor_controller_pid]: Right motor is saturated: target spd 0.2016125
[WARN] [1786075771.807188006] [motor_controller_pid]: Left motor is saturated: target spd 0.2016125
[WARN] [1786075771.808298049] [motor_controller_pid]: Right motor is saturated: target spd 0.2016125
[WARN] [1786075771.857031351] [motor_controller_pid]: Left motor is saturated: target spd 0.2016125
[WARN] [1786075771.858444766] [motor_controller_pid]: Right motor is saturated: target spd 0.2016125
[WARN] [1786075771.907133624] [motor_controller_pid]: Left motor is saturated: target spd 0.2016125
[WARN] [1786075771.908212760] [motor_controller_pid]: Right motor is saturated: target spd 0.2016125
[WARN] [1786075771.957032174] [motor_controller_pid]: Left motor is saturated: target spd 0.2016125
[WARN] [1786075771.959790652] [motor_controller_pid]: Right motor is saturated: target spd 0.2016125
[WARN] [1786075772.007107095] [motor_controller_pid]: Left motor is saturated: target spd 0.2016125
[WARN] [1786075772.008246953] [motor_controller_pid]: Right motor is saturated: target spd 0.2016125
[WARN] [1786075772.057106311] [motor_controller_pid]: Left motor is saturated: target spd 0.2016125
[WARN] [1786075772.058330522] [motor_controller_pid]: Right motor is saturated: target spd 0.2016125
[WARN] [1786075772.106971139] [motor_controller_pid]: Left motor is saturated: target spd 0.2016125
[WARN] [1786075772.108000552] [motor_controller_pid]: Right motor is saturated: target spd 0.2016125
[WARN] [1786075772.156975170] [motor_controller_pid]: Left motor is saturated: target spd 0.2016125
[WARN] [1786075772.159052441] [motor_controller_pid]: Right motor is saturated: target spd 0.2016125
[WARN] [1786075772.207762892] [motor_controller_pid]: Left motor is saturated: target spd 0.2016125
[WARN] [1786075772.208901305] [motor_controller_pid]: Right motor is saturated: target spd 0.2016125
[WARN] [1786075772.257021678] [motor_controller_pid]: Left motor is saturated: target spd 0.2016125
[WARN] [1786075772.259179523] [motor_controller_pid]: Right motor is saturated: target spd 0.2016125
[WARN] [1786075772.307339267] [motor_controller_pid]: Left motor is saturated: target spd 0.2016125
[WARN] [1786075772.308333625] [motor_controller_pid]: Right motor is saturated: target spd 0.2016125
[WARN] [1786075772.357353336] [motor_controller_pid]: Left motor is saturated: target spd 0.2016125
[WARN] [1786075772.359551237] [motor_controller_pid]: Right motor is saturated: target spd 0.2016125
[WARN] [1786075772.407241700] [motor_controller_pid]: Left motor is saturated: target spd 0.2016125
[WARN] [1786075772.408357484] [motor_controller_pid]: Right motor is saturated: target spd 0.2016125
[WARN] [1786075772.456954138] [motor_controller_pid]: Left motor is saturated: target spd 0.2016125
[WARN] [1786075772.459006557] [motor_controller_pid]: Right motor is saturated: target spd 0.2016125
[WARN] [1786075772.507045707] [motor_controller_pid]: Left motor is saturated: target spd 0.2016125
[WARN] [1786075772.508137121] [motor_controller_pid]: Right motor is saturated: target spd 0.2016125
[WARN] [1786075772.558737415] [motor_controller_pid]: Left motor is saturated: target spd 0.2016125
[WARN] [1786075772.559994977] [motor_controller_pid]: Right motor is saturated: target spd 0.2016125
[WARN] [1786075772.609136949] [motor_controller_pid]: Left motor is saturated: target spd 0.2016125
[WARN] [1786075772.612162243] [motor_controller_pid]: Right motor is saturated: target spd 0.2016125
[WARN] [1786075772.656974783] [motor_controller_pid]: Left motor is saturated: target spd 0.2016125
[WARN] [1786075772.658279457] [motor_controller_pid]: Right motor is saturated: target spd 0.2016125
[WARN] [1786075772.707065778] [motor_controller_pid]: Left motor is saturated: target spd 0.2016125
[WARN] [1786075772.709334013] [motor_controller_pid]: Right motor is saturated: target spd 0.2016125
[WARN] [1786075772.756987143] [motor_controller_pid]: Left motor is saturated: target spd 0.2016125
[WARN] [1786075772.759543527] [motor_controller_pid]: Right motor is saturated: target spd 0.2016125
[WARN] [1786075772.807503659] [motor_controller_pid]: Left motor is saturated: target spd 0.2016125
[WARN] [1786075772.809157742] [motor_controller_pid]: Right motor is saturated: target spd 0.2016125
[WARN] [1786075772.856889946] [motor_controller_pid]: Left motor is saturated: target spd 0.2016125
[WARN] [1786075772.857993712] [motor_controller_pid]: Right motor is saturated: target spd 0.2016125
[WARN] [1786075772.907351258] [motor_controller_pid]: Left motor is saturated: target spd 0.2016125
[WARN] [1786075772.908248634] [motor_controller_pid]: Right motor is saturated: target spd 0.2016125
[WARN] [1786075772.957125918] [motor_controller_pid]: Left motor is saturated: target spd 0.2016125
[WARN] [1786075772.958404518] [motor_controller_pid]: Right motor is saturated: target spd 0.2016125
[WARN] [1786075773.010119429] [motor_controller_pid]: Left motor is saturated: target spd 0.2016125
[WARN] [1786075773.011663716] [motor_controller_pid]: Right motor is saturated: target spd 0.2016125
[WARN] [1786075773.056918314] [motor_controller_pid]: Left motor is saturated: target spd 0.2016125
[WARN] [1786075773.059850552] [motor_controller_pid]: Right motor is saturated: target spd 0.2016125
[WARN] [1786075773.107961203] [motor_controller_pid]: Left motor is saturated: target spd 0.2016125
[WARN] [1786075773.109765491] [motor_controller_pid]: Right motor is saturated: target spd 0.2016125
[WARN] [1786075773.156813469] [motor_controller_pid]: Left motor is saturated: target spd 0.2016125
[WARN] [1786075773.157871864] [motor_controller_pid]: Right motor is saturated: target spd 0.2016125
[WARN] [1786075773.207756043] [motor_controller_pid]: Left motor is saturated: target spd 0.2016125
[WARN] [1786075773.210429817] [motor_controller_pid]: Right motor is saturated: target spd 0.2016125
[WARN] [1786075773.256774162] [motor_controller_pid]: Left motor is saturated: target spd 0.2016125
[WARN] [1786075773.258773321] [motor_controller_pid]: Right motor is saturated: target spd 0.2016125
[WARN] [1786075773.307917033] [motor_controller_pid]: Left motor is saturated: target spd 0.2016125
[WARN] [1786075773.308942391] [motor_controller_pid]: Right motor is saturated: target spd 0.2016125
[WARN] [1786075773.357153413] [motor_controller_pid]: Left motor is saturated: target spd 0.2016125
[WARN] [1786075773.359610426] [motor_controller_pid]: Right motor is saturated: target spd 0.2016125
[WARN] [1786075773.408817009] [motor_controller_pid]: Left motor is saturated: target spd 0.2016125
[WARN] [1786075773.410072812] [motor_controller_pid]: Right motor is saturated: target spd 0.2016125
[WARN] [1786075773.456880437] [motor_controller_pid]: Left motor is saturated: target spd 0.2016125
[WARN] [1786075773.460178326] [motor_controller_pid]: Right motor is saturated: target spd 0.2016125
[WARN] [1786075773.508174198] [motor_controller_pid]: Left motor is saturated: target spd 0.2016125
[WARN] [1786075773.509402335] [motor_controller_pid]: Right motor is saturated: target spd 0.2016125
[WARN] [1786075773.556868871] [motor_controller_pid]: Left motor is saturated: target spd 0.2016125
[WARN] [1786075773.559728053] [motor_controller_pid]: Right motor is saturated: target spd 0.2016125
[WARN] [1786075773.607230942] [motor_controller_pid]: Left motor is saturated: target spd 0.2016125
[WARN] [1786075773.609295638] [motor_controller_pid]: Right motor is saturated: target spd 0.2016125
[WARN] [1786075773.656748897] [motor_controller_pid]: Left motor is saturated: target spd 0.2016125
[WARN] [1786075773.657763347] [motor_controller_pid]: Right motor is saturated: target spd 0.2016125
[WARN] [1786075773.707219246] [motor_controller_pid]: Left motor is saturated: target spd 0.2016125
[WARN] [1786075773.709784815] [motor_controller_pid]: Right motor is saturated: target spd 0.2016125
[WARN] [1786075774.256546331] [motor_controller_pid]: Command timeout; stopping motors
[WARN] [1786075783.256798067] [motor_controller_pid]: Left motor is saturated: target spd -0.0196579611066496
[WARN] [1786075783.307252009] [motor_controller_pid]: Left motor is saturated: target spd -0.020513432120275683
[WARN] [1786075783.356990706] [motor_controller_pid]: Left motor is saturated: target spd -0.018146095356089062
[WARN] [1786075783.407176831] [motor_controller_pid]: Left motor is saturated: target spd -0.018146095356089062
[WARN] [1786075783.456933843] [motor_controller_pid]: Left motor is saturated: target spd -0.01846941421243828
[WARN] [1786075783.507468563] [motor_controller_pid]: Left motor is saturated: target spd -0.01846941421243828
[WARN] [1786075783.556950740] [motor_controller_pid]: Left motor is saturated: target spd -0.014969321726681665
[WARN] [1786075783.607098531] [motor_controller_pid]: Left motor is saturated: target spd -0.014969321726681665
[WARN] [1786075783.656919988] [motor_controller_pid]: Left motor is saturated: target spd -0.017424805226689204
[WARN] [1786075783.706866686] [motor_controller_pid]: Left motor is saturated: target spd -0.017424805226689204
[WARN] [1786075783.756926922] [motor_controller_pid]: Left motor is saturated: target spd -0.012613377755484543
[WARN] [1786075783.807324178] [motor_controller_pid]: Left motor is saturated: target spd -0.012613377755484543
[WARN] [1786075783.857030949] [motor_controller_pid]: Left motor is saturated: target spd -0.019449224663944914
[WARN] [1786075783.907035147] [motor_controller_pid]: Left motor is saturated: target spd -0.019449224663944914
[WARN] [1786075783.956932919] [motor_controller_pid]: Left motor is saturated: target spd -0.019244471103139222
[WARN] [1786075784.007248378] [motor_controller_pid]: Left motor is saturated: target spd -0.019244471103139222
[WARN] [1786075784.056938945] [motor_controller_pid]: Left motor is saturated: target spd -0.019120203800313176
[WARN] [1786075784.107034774] [motor_controller_pid]: Left motor is saturated: target spd -0.019120203800313176
[WARN] [1786075784.172513093] [motor_controller_pid]: Left motor is saturated: target spd -0.019120203800313176
[WARN] [1786075784.207324098] [motor_controller_pid]: Left motor is saturated: target spd -0.020593027900950984
[WARN] [1786075784.256913386] [motor_controller_pid]: Left motor is saturated: target spd -0.020593027900950984
[WARN] [1786075784.307768349] [motor_controller_pid]: Left motor is saturated: target spd -0.018548242217767984
[WARN] [1786075784.357089562] [motor_controller_pid]: Left motor is saturated: target spd -0.01835685351381544
[WARN] [1786075784.407168409] [motor_controller_pid]: Left motor is saturated: target spd -0.01835685351381544
[WARN] [1786075784.456974828] [motor_controller_pid]: Left motor is saturated: target spd -0.01659064871144947
[WARN] [1786075784.507377936] [motor_controller_pid]: Left motor is saturated: target spd -0.01659064871144947
[WARN] [1786075784.556946910] [motor_controller_pid]: Left motor is saturated: target spd -0.01659064871144947
[WARN] [1786075784.607181443] [motor_controller_pid]: Left motor is saturated: target spd -0.017945836073346436
[WARN] [1786075784.656925140] [motor_controller_pid]: Left motor is saturated: target spd -0.01832021030236501
[WARN] [1786075784.707236803] [motor_controller_pid]: Left motor is saturated: target spd -0.01832021030236501
[WARN] [1786075784.756910703] [motor_controller_pid]: Left motor is saturated: target spd -0.016267360259825364
[WARN] [1786075784.806986716] [motor_controller_pid]: Left motor is saturated: target spd -0.016267360259825364
[WARN] [1786075784.956904459] [motor_controller_pid]: Left motor is saturated: target spd -0.0331126504856511
[WARN] [1786075785.007436697] [motor_controller_pid]: Left motor is saturated: target spd -0.021538032185449266
[WARN] [1786075785.056883893] [motor_controller_pid]: Left motor is saturated: target spd -0.021538032185449266
[WARN] [1786075785.107134833] [motor_controller_pid]: Left motor is saturated: target spd -0.024250809087767264
[WARN] [1786075785.156945179] [motor_controller_pid]: Left motor is saturated: target spd -0.024250809087767264
[WARN] [1786075785.209102111] [motor_controller_pid]: Left motor is saturated: target spd -0.017459408523736057
[WARN] [1786075785.259690461] [motor_controller_pid]: Left motor is saturated: target spd -0.017459408523736057
[WARN] [1786075785.307541406] [motor_controller_pid]: Left motor is saturated: target spd -0.017804667009494735
[WARN] [1786075785.357022472] [motor_controller_pid]: Left motor is saturated: target spd -0.017804667009494735
[WARN] [1786075785.407021689] [motor_controller_pid]: Left motor is saturated: target spd -0.016509863046323882
[WARN] [1786075785.456901646] [motor_controller_pid]: Left motor is saturated: target spd -0.016509863046323882
[WARN] [1786075785.507102901] [motor_controller_pid]: Left motor is saturated: target spd -0.014680891122954199
[WARN] [1786075785.556935987] [motor_controller_pid]: Left motor is saturated: target spd -0.014680891122954199
[WARN] [1786075785.607037242] [motor_controller_pid]: Left motor is saturated: target spd -0.012781559539819135
[WARN] [1786075785.656844995] [motor_controller_pid]: Left motor is saturated: target spd -0.012781559539819135
[WARN] [1786075785.707254047] [motor_controller_pid]: Left motor is saturated: target spd -0.01706784343449399
[WARN] [1786075785.756935818] [motor_controller_pid]: Left motor is saturated: target spd -0.01706784343449399
[WARN] [1786075785.806980775] [motor_controller_pid]: Left motor is saturated: target spd -0.018349993667844684
[WARN] [1786075785.857204345] [motor_controller_pid]: Left motor is saturated: target spd -0.018349993667844684
[WARN] [1786075785.907409767] [motor_controller_pid]: Left motor is saturated: target spd -0.020145575852016918
[WARN] [1786075785.956899463] [motor_controller_pid]: Left motor is saturated: target spd -0.020145575852016918
[WARN] [1786075786.007161218] [motor_controller_pid]: Left motor is saturated: target spd -0.016692927732062525
[WARN] [1786075786.056896415] [motor_controller_pid]: Left motor is saturated: target spd -0.016692927732062525
[WARN] [1786075786.107048429] [motor_controller_pid]: Left motor is saturated: target spd -0.013680325857177378
[WARN] [1786075786.156936904] [motor_controller_pid]: Left motor is saturated: target spd -0.013680325857177378
[WARN] [1786075786.207213141] [motor_controller_pid]: Left motor is saturated: target spd -0.013531956586800516
[WARN] [1786075786.256912856] [motor_controller_pid]: Left motor is saturated: target spd -0.013531956586800516
[WARN] [1786075786.321678654] [motor_controller_pid]: Left motor is saturated: target spd -0.013842433004511986
[WARN] [1786075786.356879068] [motor_controller_pid]: Left motor is saturated: target spd -0.013842433004511986
[WARN] [1786075786.407242175] [motor_controller_pid]: Left motor is saturated: target spd -0.020455956268007867
[WARN] [1786075786.456794538] [motor_controller_pid]: Left motor is saturated: target spd -0.020455956268007867
[WARN] [1786075786.507047552] [motor_controller_pid]: Left motor is saturated: target spd -0.01734589706324041
[WARN] [1786075786.556952250] [motor_controller_pid]: Left motor is saturated: target spd -0.01734589706324041
[WARN] [1786075786.606984967] [motor_controller_pid]: Left motor is saturated: target spd -0.02122158614215441
[WARN] [1786075786.656897609] [motor_controller_pid]: Left motor is saturated: target spd -0.02122158614215441
[WARN] [1786075786.707273014] [motor_controller_pid]: Left motor is saturated: target spd -0.021372095978283323
[WARN] [1786075786.756978340] [motor_controller_pid]: Left motor is saturated: target spd -0.021372095978283323
[WARN] [1786075786.807765968] [motor_controller_pid]: Left motor is saturated: target spd -0.017635548486793412
[WARN] [1786075786.857015292] [motor_controller_pid]: Left motor is saturated: target spd -0.017635548486793412
[WARN] [1786075786.908540962] [motor_controller_pid]: Left motor is saturated: target spd -0.015528087257489095
[WARN] [1786075786.956913614] [motor_controller_pid]: Left motor is saturated: target spd -0.015528087257489095
[WARN] [1786075787.007177518] [motor_controller_pid]: Left motor is saturated: target spd -0.01601562042988371
[WARN] [1786075787.056907789] [motor_controller_pid]: Left motor is saturated: target spd -0.01601562042988371
[WARN] [1786075787.107208063] [motor_controller_pid]: Left motor is saturated: target spd -0.015450368610408622
[WARN] [1786075787.156898704] [motor_controller_pid]: Left motor is saturated: target spd -0.015450368610408622
[WARN] [1786075787.207085866] [motor_controller_pid]: Left motor is saturated: target spd -0.016736956184764857
[WARN] [1786075787.256926415] [motor_controller_pid]: Left motor is saturated: target spd -0.016736956184764857
[WARN] [1786075787.307051374] [motor_controller_pid]: Left motor is saturated: target spd -0.017514184933144133
[WARN] [1786075787.357609464] [motor_controller_pid]: Left motor is saturated: target spd -0.017514184933144133
[WARN] [1786075787.408286666] [motor_controller_pid]: Left motor is saturated: target spd -0.016886627841350855
[WARN] [1786075787.456961987] [motor_controller_pid]: Left motor is saturated: target spd -0.016886627841350855
[WARN] [1786075787.507014389] [motor_controller_pid]: Left motor is saturated: target spd -0.019467852134164423
[WARN] [1786075787.556974439] [motor_controller_pid]: Left motor is saturated: target spd -0.019467852134164423
[WARN] [1786075787.607204990] [motor_controller_pid]: Left motor is saturated: target spd -0.021557626461284236
[WARN] [1786075787.656960613] [motor_controller_pid]: Left motor is saturated: target spd -0.021557626461284236
[WARN] [1786075787.707218998] [motor_controller_pid]: Left motor is saturated: target spd -0.0190670050450135
[WARN] [1786075787.708285726] [motor_controller_pid]: Right motor is saturated: target spd 0.010265506081981585
[WARN] [1786075787.757124178] [motor_controller_pid]: Left motor is saturated: target spd -0.0190670050450135
[WARN] [1786075787.758943132] [motor_controller_pid]: Right motor is saturated: target spd 0.010265506081981585
[WARN] [1786075787.807325266] [motor_controller_pid]: Left motor is saturated: target spd -0.01922865009692032
[WARN] [1786075787.808375290] [motor_controller_pid]: Right motor is saturated: target spd 0.01238410004589241
[WARN] [1786075787.857381279] [motor_controller_pid]: Left motor is saturated: target spd -0.01922865009692032
[WARN] [1786075787.859517606] [motor_controller_pid]: Right motor is saturated: target spd 0.01238410004589241
[WARN] [1786075787.907338329] [motor_controller_pid]: Left motor is saturated: target spd -0.017193998219911008
[WARN] [1786075787.908771596] [motor_controller_pid]: Right motor is saturated: target spd 0.008731762868817897
[WARN] [1786075787.957198601] [motor_controller_pid]: Left motor is saturated: target spd -0.017193998219911008
[WARN] [1786075787.958498849] [motor_controller_pid]: Right motor is saturated: target spd 0.008731762868817897
[WARN] [1786075788.007321078] [motor_controller_pid]: Left motor is saturated: target spd -0.0164959926109761
[WARN] [1786075788.008393324] [motor_controller_pid]: Right motor is saturated: target spd 0.006282673035934568
[WARN] [1786075788.056994959] [motor_controller_pid]: Left motor is saturated: target spd -0.0164959926109761
[WARN] [1786075788.059508047] [motor_controller_pid]: Right motor is saturated: target spd 0.006282673035934568
[WARN] [1786075788.107005028] [motor_controller_pid]: Left motor is saturated: target spd -0.017446149294893257
[WARN] [1786075788.108014682] [motor_controller_pid]: Right motor is saturated: target spd 0.010194944063504227
[WARN] [1786075788.157135449] [motor_controller_pid]: Left motor is saturated: target spd -0.017446149294893257
[WARN] [1786075788.158548772] [motor_controller_pid]: Right motor is saturated: target spd 0.010194944063504227
[WARN] [1786075788.207675632] [motor_controller_pid]: Left motor is saturated: target spd -0.019567626241059042
[WARN] [1786075788.208725379] [motor_controller_pid]: Right motor is saturated: target spd 0.011243847486167215
[WARN] [1786075788.257081531] [motor_controller_pid]: Left motor is saturated: target spd -0.019567626241059042
[WARN] [1786075788.258804670] [motor_controller_pid]: Right motor is saturated: target spd 0.011243847486167215
[WARN] [1786075788.307498972] [motor_controller_pid]: Left motor is saturated: target spd -0.018517098533408716
[WARN] [1786075788.308489422] [motor_controller_pid]: Right motor is saturated: target spd 0.0108198214746546
[WARN] [1786075788.357320781] [motor_controller_pid]: Left motor is saturated: target spd -0.018517098533408716
[WARN] [1786075788.359173457] [motor_controller_pid]: Right motor is saturated: target spd 0.0108198214746546
[WARN] [1786075788.407176182] [motor_controller_pid]: Left motor is saturated: target spd -0.018262642031582073
[WARN] [1786075788.408336151] [motor_controller_pid]: Right motor is saturated: target spd 0.009386481190053746
[WARN] [1786075788.483287300] [motor_controller_pid]: Left motor is saturated: target spd -0.018262642031582073
[WARN] [1786075788.484227805] [motor_controller_pid]: Right motor is saturated: target spd 0.009386481190053746
[WARN] [1786075788.507781434] [motor_controller_pid]: Left motor is saturated: target spd -0.018262642031582073
[WARN] [1786075788.508954088] [motor_controller_pid]: Right motor is saturated: target spd 0.009386481190053746
[WARN] [1786075788.557250833] [motor_controller_pid]: Left motor is saturated: target spd -0.018902934529073538
[WARN] [1786075788.559746421] [motor_controller_pid]: Right motor is saturated: target spd 0.013417341373674571
[WARN] [1786075788.606907863] [motor_controller_pid]: Left motor is saturated: target spd -0.019534339085023385
[WARN] [1786075788.607912701] [motor_controller_pid]: Right motor is saturated: target spd 0.01423252291997196
[WARN] [1786075788.656992784] [motor_controller_pid]: Left motor is saturated: target spd -0.019534339085023385
[WARN] [1786075788.658920368] [motor_controller_pid]: Right motor is saturated: target spd 0.01423252291997196
[WARN] [1786075788.706826888] [motor_controller_pid]: Left motor is saturated: target spd -0.016920784181263297
[WARN] [1786075788.707896394] [motor_controller_pid]: Right motor is saturated: target spd 0.010545121812913567
[WARN] [1786075788.757022421] [motor_controller_pid]: Left motor is saturated: target spd -0.016920784181263297
[WARN] [1786075788.758429670] [motor_controller_pid]: Right motor is saturated: target spd 0.010545121812913567
[WARN] [1786075788.806930878] [motor_controller_pid]: Left motor is saturated: target spd -0.01771712911487557
[WARN] [1786075788.808112144] [motor_controller_pid]: Right motor is saturated: target spd 0.010431417700042949
[WARN] [1786075788.857106355] [motor_controller_pid]: Left motor is saturated: target spd -0.01771712911487557
[WARN] [1786075788.858851272] [motor_controller_pid]: Right motor is saturated: target spd 0.010431417700042949
[WARN] [1786075788.907146832] [motor_controller_pid]: Left motor is saturated: target spd -0.01820990936674643
[WARN] [1786075788.908262634] [motor_controller_pid]: Right motor is saturated: target spd 0.010871945602516643
[WARN] [1786075788.956932362] [motor_controller_pid]: Left motor is saturated: target spd -0.01820990936674643
[WARN] [1786075788.959010040] [motor_controller_pid]: Right motor is saturated: target spd 0.010871945602516643
[WARN] [1786075789.006860338] [motor_controller_pid]: Left motor is saturated: target spd -0.015346854922827334
[WARN] [1786075789.007855473] [motor_controller_pid]: Right motor is saturated: target spd 0.007623577492777258
[WARN] [1786075789.056934000] [motor_controller_pid]: Left motor is saturated: target spd -0.015346854922827334
[WARN] [1786075789.057977746] [motor_controller_pid]: Right motor is saturated: target spd 0.007623577492777258
[WARN] [1786075789.107104625] [motor_controller_pid]: Left motor is saturated: target spd -0.016066140677849762
[WARN] [1786075789.108248187] [motor_controller_pid]: Right motor is saturated: target spd 0.005238135162671097
[WARN] [1786075789.156914433] [motor_controller_pid]: Left motor is saturated: target spd -0.016066140677849762
[WARN] [1786075789.158023347] [motor_controller_pid]: Right motor is saturated: target spd 0.005238135162671097
[WARN] [1786075789.206972206] [motor_controller_pid]: Left motor is saturated: target spd -0.017734665505867452
[WARN] [1786075789.208036267] [motor_controller_pid]: Right motor is saturated: target spd 0.009705398149508982
[WARN] [1786075789.256961923] [motor_controller_pid]: Left motor is saturated: target spd -0.017734665505867452
[WARN] [1786075789.258727117] [motor_controller_pid]: Right motor is saturated: target spd 0.009705398149508982
[WARN] [1786075789.306975177] [motor_controller_pid]: Left motor is saturated: target spd -0.011265840765298345
[WARN] [1786075789.308004497] [motor_controller_pid]: Right motor is saturated: target spd 0.004664849106012843
[WARN] [1786075789.357125283] [motor_controller_pid]: Left motor is saturated: target spd -0.011265840765298345
[WARN] [1786075789.358856015] [motor_controller_pid]: Right motor is saturated: target spd 0.004664849106012843
[WARN] [1786075789.407184019] [motor_controller_pid]: Left motor is saturated: target spd -0.015544161716871896
[WARN] [1786075789.408258451] [motor_controller_pid]: Right motor is saturated: target spd 0.008865305637544951
[WARN] [1786075789.456946994] [motor_controller_pid]: Left motor is saturated: target spd -0.015544161716871896
[WARN] [1786075789.458406909] [motor_controller_pid]: Right motor is saturated: target spd 0.008865305637544951
[WARN] [1786075789.507038396] [motor_controller_pid]: Left motor is saturated: target spd -0.0166957936538849
[WARN] [1786075789.508111421] [motor_controller_pid]: Right motor is saturated: target spd 0.010112334107002244
[WARN] [1786075789.557408726] [motor_controller_pid]: Left motor is saturated: target spd -0.0166957936538849
[WARN] [1786075789.558398787] [motor_controller_pid]: Right motor is saturated: target spd 0.010112334107002244
[WARN] [1786075789.607278109] [motor_controller_pid]: Left motor is saturated: target spd -0.0166957936538849
[WARN] [1786075789.608289874] [motor_controller_pid]: Right motor is saturated: target spd 0.010112334107002244
[WARN] [1786075789.657015917] [motor_controller_pid]: Left motor is saturated: target spd -0.01923488504055422
[WARN] [1786075789.659037946] [motor_controller_pid]: Right motor is saturated: target spd 0.012790269639459438
[WARN] [1786075789.707217468] [motor_controller_pid]: Left motor is saturated: target spd -0.01611558832307346
[WARN] [1786075789.708237640] [motor_controller_pid]: Right motor is saturated: target spd 0.009903569518728181
[WARN] [1786075789.756979350] [motor_controller_pid]: Left motor is saturated: target spd -0.01611558832307346
[WARN] [1786075789.759240789] [motor_controller_pid]: Right motor is saturated: target spd 0.009903569518728181
[WARN] [1786075789.807157198] [motor_controller_pid]: Left motor is saturated: target spd -0.01672722522248514
[WARN] [1786075789.808435371] [motor_controller_pid]: Right motor is saturated: target spd 0.009605516380770132
[WARN] [1786075789.857095396] [motor_controller_pid]: Left motor is saturated: target spd -0.01672722522248514
[WARN] [1786075789.858930276] [motor_controller_pid]: Right motor is saturated: target spd 0.009605516380770132
[WARN] [1786075789.907221187] [motor_controller_pid]: Left motor is saturated: target spd -0.015817255768575705
[WARN] [1786075789.908202637] [motor_controller_pid]: Right motor is saturated: target spd 0.008497326579294168
[WARN] [1786075789.957096904] [motor_controller_pid]: Left motor is saturated: target spd -0.015817255768575705
[WARN] [1786075789.958798283] [motor_controller_pid]: Right motor is saturated: target spd 0.008497326579294168
[WARN] [1786075790.007097602] [motor_controller_pid]: Left motor is saturated: target spd -0.020298356220591812
[WARN] [1786075790.008113200] [motor_controller_pid]: Right motor is saturated: target spd 0.012998228862415999
[WARN] [1786075790.056946040] [motor_controller_pid]: Left motor is saturated: target spd -0.020298356220591812
[WARN] [1786075790.058388011] [motor_controller_pid]: Right motor is saturated: target spd 0.012998228862415999
[WARN] [1786075790.107113017] [motor_controller_pid]: Left motor is saturated: target spd -0.018341766219935378
[WARN] [1786075790.108139652] [motor_controller_pid]: Right motor is saturated: target spd 0.009704746756353416
[WARN] [1786075790.156907140] [motor_controller_pid]: Left motor is saturated: target spd -0.018341766219935378
[WARN] [1786075790.157957590] [motor_controller_pid]: Right motor is saturated: target spd 0.009704746756353416
[WARN] [1786075790.207351971] [motor_controller_pid]: Left motor is saturated: target spd -0.01859616513135843
[WARN] [1786075790.208362921] [motor_controller_pid]: Right motor is saturated: target spd 0.006888383750291541
[WARN] [1786075790.256918315] [motor_controller_pid]: Left motor is saturated: target spd -0.01859616513135843
[WARN] [1786075790.258593842] [motor_controller_pid]: Right motor is saturated: target spd 0.006888383750291541
[WARN] [1786075790.306961347] [motor_controller_pid]: Left motor is saturated: target spd -0.017783868554164656
[WARN] [1786075790.308070834] [motor_controller_pid]: Right motor is saturated: target spd 0.006990548726986162
[WARN] [1786075790.356983119] [motor_controller_pid]: Left motor is saturated: target spd -0.017783868554164656
[WARN] [1786075790.358045625] [motor_controller_pid]: Right motor is saturated: target spd 0.006990548726986162
[WARN] [1786075790.407392394] [motor_controller_pid]: Left motor is saturated: target spd -0.014668721584184096
[WARN] [1786075790.408490826] [motor_controller_pid]: Right motor is saturated: target spd 0.005234023677604273
[WARN] [1786075790.456881515] [motor_controller_pid]: Left motor is saturated: target spd -0.014668721584184096
[WARN] [1786075790.458695358] [motor_controller_pid]: Right motor is saturated: target spd 0.005234023677604273
[WARN] [1786075790.507203530] [motor_controller_pid]: Left motor is saturated: target spd -0.01909610207597725
[WARN] [1786075790.508218499] [motor_controller_pid]: Right motor is saturated: target spd 0.012117350963549689
[WARN] [1786075790.556938783] [motor_controller_pid]: Left motor is saturated: target spd -0.01909610207597725
[WARN] [1786075790.559781150] [motor_controller_pid]: Right motor is saturated: target spd 0.012117350963549689
[WARN] [1786075790.625817491] [motor_controller_pid]: Left motor is saturated: target spd -0.01897207243856974
[WARN] [1786075790.627053072] [motor_controller_pid]: Right motor is saturated: target spd 0.01358311281981878
[WARN] [1786075790.656975457] [motor_controller_pid]: Left motor is saturated: target spd -0.01897207243856974
[WARN] [1786075790.659217914] [motor_controller_pid]: Right motor is saturated: target spd 0.01358311281981878
[WARN] [1786075790.707395510] [motor_controller_pid]: Left motor is saturated: target spd -0.017813106977473944
[WARN] [1786075790.708482423] [motor_controller_pid]: Right motor is saturated: target spd 0.013405559605825693
[WARN] [1786075790.756941761] [motor_controller_pid]: Left motor is saturated: target spd -0.017813106977473944
[WARN] [1786075790.758018563] [motor_controller_pid]: Right motor is saturated: target spd 0.013405559605825693
[WARN] [1786075790.806961534] [motor_controller_pid]: Left motor is saturated: target spd -0.020864230982773006
[WARN] [1786075790.808048225] [motor_controller_pid]: Right motor is saturated: target spd 0.013785766966827213
[WARN] [1786075790.857088918] [motor_controller_pid]: Left motor is saturated: target spd -0.020864230982773006
[WARN] [1786075790.858373869] [motor_controller_pid]: Right motor is saturated: target spd 0.013785766966827213
[WARN] [1786075790.908091825] [motor_controller_pid]: Left motor is saturated: target spd -0.020111150749539956
[WARN] [1786075790.909267017] [motor_controller_pid]: Right motor is saturated: target spd 0.012640908650541679
[WARN] [1786075796.156955995] [motor_controller_pid]: Left motor is saturated: target spd 0.15000000596046448
[WARN] [1786075796.158790486] [motor_controller_pid]: Right motor is saturated: target spd -0.15000000596046448
[WARN] [1786075796.207558400] [motor_controller_pid]: Left motor is saturated: target spd 0.15000000596046448
[WARN] [1786075796.208611406] [motor_controller_pid]: Right motor is saturated: target spd -0.15000000596046448
[WARN] [1786075796.256831798] [motor_controller_pid]: Left motor is saturated: target spd 0.15000000596046448
[WARN] [1786075796.257809155] [motor_controller_pid]: Right motor is saturated: target spd -0.15000000596046448
[WARN] [1786075796.307574723] [motor_controller_pid]: Left motor is saturated: target spd 0.15000000596046448
[WARN] [1786075796.308623969] [motor_controller_pid]: Right motor is saturated: target spd -0.15000000596046448
[WARN] [1786075796.357021214] [motor_controller_pid]: Left motor is saturated: target spd 0.15000000596046448
[WARN] [1786075796.358750316] [motor_controller_pid]: Right motor is saturated: target spd -0.15000000596046448
[WARN] [1786075796.408731367] [motor_controller_pid]: Left motor is saturated: target spd 0.15000000596046448
[WARN] [1786075796.409928484] [motor_controller_pid]: Right motor is saturated: target spd -0.15000000596046448
[WARN] [1786075796.456882425] [motor_controller_pid]: Left motor is saturated: target spd 0.15000000596046448
[WARN] [1786075796.458430934] [motor_controller_pid]: Right motor is saturated: target spd -0.15000000596046448
[WARN] [1786075796.507640628] [motor_controller_pid]: Left motor is saturated: target spd 0.15000000596046448
[WARN] [1786075796.508635281] [motor_controller_pid]: Right motor is saturated: target spd -0.15000000596046448
[WARN] [1786075796.556930674] [motor_controller_pid]: Left motor is saturated: target spd 0.15000000596046448
[WARN] [1786075796.558191570] [motor_controller_pid]: Right motor is saturated: target spd -0.15000000596046448
[WARN] [1786075796.607894840] [motor_controller_pid]: Left motor is saturated: target spd 0.15000000596046448
[WARN] [1786075796.608931291] [motor_controller_pid]: Right motor is saturated: target spd -0.15000000596046448
[WARN] [1786075796.656930256] [motor_controller_pid]: Left motor is saturated: target spd 0.15000000596046448
[WARN] [1786075796.658676895] [motor_controller_pid]: Right motor is saturated: target spd -0.15000000596046448
[WARN] [1786075796.707563902] [motor_controller_pid]: Left motor is saturated: target spd 0.15000000596046448
[WARN] [1786075796.708670926] [motor_controller_pid]: Right motor is saturated: target spd -0.15000000596046448
[WARN] [1786075796.756906986] [motor_controller_pid]: Left motor is saturated: target spd 0.15000000596046448
[WARN] [1786075796.758019510] [motor_controller_pid]: Right motor is saturated: target spd -0.15000000596046448
[WARN] [1786075796.807735503] [motor_controller_pid]: Left motor is saturated: target spd 0.15000000596046448
[WARN] [1786075796.808788676] [motor_controller_pid]: Right motor is saturated: target spd -0.15000000596046448
[WARN] [1786075796.857009012] [motor_controller_pid]: Left motor is saturated: target spd 0.15000000596046448
[WARN] [1786075796.858712781] [motor_controller_pid]: Right motor is saturated: target spd -0.15000000596046448
[WARN] [1786075796.908283588] [motor_controller_pid]: Left motor is saturated: target spd 0.15000000596046448
[WARN] [1786075796.909355649] [motor_controller_pid]: Right motor is saturated: target spd -0.15000000596046448
[WARN] [1786075796.956848982] [motor_controller_pid]: Left motor is saturated: target spd 0.15000000596046448
[WARN] [1786075796.958042248] [motor_controller_pid]: Right motor is saturated: target spd -0.15000000596046448
[WARN] [1786075797.007452573] [motor_controller_pid]: Left motor is saturated: target spd 0.15000000596046448
[WARN] [1786075797.008461375] [motor_controller_pid]: Right motor is saturated: target spd -0.15000000596046448
[WARN] [1786075797.056835953] [motor_controller_pid]: Left motor is saturated: target spd 0.15000000596046448
[WARN] [1786075797.058682296] [motor_controller_pid]: Right motor is saturated: target spd -0.15000000596046448
[WARN] [1786075797.107682434] [motor_controller_pid]: Left motor is saturated: target spd 0.15000000596046448
[WARN] [1786075797.108719717] [motor_controller_pid]: Right motor is saturated: target spd -0.15000000596046448
[WARN] [1786075797.156957443] [motor_controller_pid]: Left motor is saturated: target spd 0.15000000596046448
[WARN] [1786075797.158871342] [motor_controller_pid]: Right motor is saturated: target spd -0.15000000596046448
[WARN] [1786075797.208145185] [motor_controller_pid]: Left motor is saturated: target spd 0.15000000596046448
[WARN] [1786075797.209111431] [motor_controller_pid]: Right motor is saturated: target spd -0.15000000596046448
[WARN] [1786075797.256932524] [motor_controller_pid]: Left motor is saturated: target spd 0.15000000596046448
[WARN] [1786075797.258079457] [motor_controller_pid]: Right motor is saturated: target spd -0.15000000596046448
[WARN] [1786075797.307880265] [motor_controller_pid]: Left motor is saturated: target spd 0.15000000596046448
[WARN] [1786075797.308986364] [motor_controller_pid]: Right motor is saturated: target spd -0.15000000596046448
[WARN] [1786075797.356947903] [motor_controller_pid]: Left motor is saturated: target spd 0.15000000596046448
[WARN] [1786075797.358536171] [motor_controller_pid]: Right motor is saturated: target spd -0.15000000596046448
[WARN] [1786075797.407490252] [motor_controller_pid]: Left motor is saturated: target spd 0.15000000596046448
[WARN] [1786075797.408510221] [motor_controller_pid]: Right motor is saturated: target spd -0.15000000596046448
[WARN] [1786075797.456847743] [motor_controller_pid]: Left motor is saturated: target spd 0.15000000596046448
[WARN] [1786075797.458259603] [motor_controller_pid]: Right motor is saturated: target spd -0.15000000596046448
[WARN] [1786075797.507718187] [motor_controller_pid]: Left motor is saturated: target spd 0.15000000596046448
[WARN] [1786075797.508779248] [motor_controller_pid]: Right motor is saturated: target spd -0.15000000596046448
[WARN] [1786075797.556891492] [motor_controller_pid]: Left motor is saturated: target spd 0.15000000596046448
[WARN] [1786075797.557915812] [motor_controller_pid]: Right motor is saturated: target spd -0.15000000596046448
[WARN] [1786075797.607093747] [motor_controller_pid]: Left motor is saturated: target spd 0.15000000596046448
[WARN] [1786075797.608113493] [motor_controller_pid]: Right motor is saturated: target spd -0.15000000596046448
[WARN] [1786075797.656834111] [motor_controller_pid]: Left motor is saturated: target spd 0.15000000596046448
[WARN] [1786075797.658527842] [motor_controller_pid]: Right motor is saturated: target spd -0.15000000596046448
[WARN] [1786075797.707105681] [motor_controller_pid]: Left motor is saturated: target spd 0.15000000596046448
[WARN] [1786075797.708127686] [motor_controller_pid]: Right motor is saturated: target spd -0.15000000596046448
[WARN] [1786075797.756837563] [motor_controller_pid]: Left motor is saturated: target spd 0.15000000596046448
[WARN] [1786075797.757786401] [motor_controller_pid]: Right motor is saturated: target spd -0.15000000596046448
[WARN] [1786075797.807433061] [motor_controller_pid]: Left motor is saturated: target spd 0.15000000596046448
[WARN] [1786075797.808494252] [motor_controller_pid]: Right motor is saturated: target spd -0.15000000596046448
[WARN] [1786075797.856871700] [motor_controller_pid]: Left motor is saturated: target spd 0.15000000596046448
[WARN] [1786075797.857907262] [motor_controller_pid]: Right motor is saturated: target spd -0.15000000596046448
[WARN] [1786075797.907525532] [motor_controller_pid]: Left motor is saturated: target spd 0.15000000596046448
[WARN] [1786075797.909382709] [motor_controller_pid]: Right motor is saturated: target spd -0.15000000596046448
[WARN] [1786075797.956955153] [motor_controller_pid]: Left motor is saturated: target spd 0.15000000596046448
[WARN] [1786075797.958719274] [motor_controller_pid]: Right motor is saturated: target spd -0.15000000596046448
[WARN] [1786075798.007698466] [motor_controller_pid]: Left motor is saturated: target spd 0.15000000596046448
[WARN] [1786075798.008699602] [motor_controller_pid]: Right motor is saturated: target spd -0.15000000596046448
[WARN] [1786075798.056945735] [motor_controller_pid]: Left motor is saturated: target spd 0.15000000596046448
[WARN] [1786075798.058814800] [motor_controller_pid]: Right motor is saturated: target spd -0.15000000596046448
[WARN] [1786075798.107857660] [motor_controller_pid]: Left motor is saturated: target spd 0.15000000596046448
[WARN] [1786075798.108952907] [motor_controller_pid]: Right motor is saturated: target spd -0.15000000596046448
[WARN] [1786075798.156897076] [motor_controller_pid]: Left motor is saturated: target spd 0.15000000596046448
[WARN] [1786075798.158102619] [motor_controller_pid]: Right motor is saturated: target spd -0.15000000596046448
[WARN] [1786075798.207988595] [motor_controller_pid]: Left motor is saturated: target spd 0.15000000596046448
[WARN] [1786075798.209095138] [motor_controller_pid]: Right motor is saturated: target spd -0.15000000596046448
[WARN] [1786075798.256809805] [motor_controller_pid]: Left motor is saturated: target spd 0.15000000596046448
[WARN] [1786075798.258284517] [motor_controller_pid]: Right motor is saturated: target spd -0.15000000596046448
[WARN] [1786075798.307477766] [motor_controller_pid]: Left motor is saturated: target spd 0.15000000596046448
[WARN] [1786075798.308532013] [motor_controller_pid]: Right motor is saturated: target spd -0.15000000596046448
[WARN] [1786075798.356811072] [motor_controller_pid]: Left motor is saturated: target spd 0.15000000596046448
[WARN] [1786075798.358500489] [motor_controller_pid]: Right motor is saturated: target spd -0.15000000596046448
[WARN] [1786075798.407133883] [motor_controller_pid]: Left motor is saturated: target spd 0.15000000596046448
[WARN] [1786075798.408174000] [motor_controller_pid]: Right motor is saturated: target spd -0.15000000596046448
[WARN] [1786075798.456822376] [motor_controller_pid]: Left motor is saturated: target spd 0.15000000596046448
[WARN] [1786075798.458296625] [motor_controller_pid]: Right motor is saturated: target spd -0.15000000596046448
[WARN] [1786075798.507527560] [motor_controller_pid]: Left motor is saturated: target spd 0.15000000596046448
[WARN] [1786075798.508549028] [motor_controller_pid]: Right motor is saturated: target spd -0.15000000596046448
[WARN] [1786075798.556949866] [motor_controller_pid]: Left motor is saturated: target spd 0.15000000596046448
[WARN] [1786075798.558007650] [motor_controller_pid]: Right motor is saturated: target spd -0.15000000596046448
[WARN] [1786075798.607310492] [motor_controller_pid]: Left motor is saturated: target spd 0.15000000596046448
[WARN] [1786075798.608281387] [motor_controller_pid]: Right motor is saturated: target spd -0.15000000596046448
[WARN] [1786075798.656962948] [motor_controller_pid]: Left motor is saturated: target spd 0.15000000596046448
[WARN] [1786075798.658436771] [motor_controller_pid]: Right motor is saturated: target spd -0.15000000596046448
[WARN] [1786075798.707680095] [motor_controller_pid]: Left motor is saturated: target spd 0.15000000596046448
[WARN] [1786075798.708803323] [motor_controller_pid]: Right motor is saturated: target spd -0.15000000596046448
[WARN] [1786075798.756893215] [motor_controller_pid]: Left motor is saturated: target spd 0.15000000596046448
[WARN] [1786075798.758698428] [motor_controller_pid]: Right motor is saturated: target spd -0.15000000596046448
[WARN] [1786075798.807472694] [motor_controller_pid]: Left motor is saturated: target spd 0.15000000596046448
[WARN] [1786075798.808600941] [motor_controller_pid]: Right motor is saturated: target spd -0.15000000596046448
[WARN] [1786075798.857017186] [motor_controller_pid]: Left motor is saturated: target spd 0.15000000596046448
[WARN] [1786075798.858872807] [motor_controller_pid]: Right motor is saturated: target spd -0.15000000596046448
[WARN] [1786075798.907571480] [motor_controller_pid]: Left motor is saturated: target spd 0.15000000596046448
[WARN] [1786075798.908598337] [motor_controller_pid]: Right motor is saturated: target spd -0.15000000596046448
[WARN] [1786075798.956845045] [motor_controller_pid]: Left motor is saturated: target spd 0.15000000596046448
[WARN] [1786075798.958432016] [motor_controller_pid]: Right motor is saturated: target spd -0.15000000596046448
[WARN] [1786075799.007588469] [motor_controller_pid]: Left motor is saturated: target spd 0.15000000596046448
[WARN] [1786075799.008606049] [motor_controller_pid]: Right motor is saturated: target spd -0.15000000596046448
[WARN] [1786075799.056844756] [motor_controller_pid]: Left motor is saturated: target spd 0.15000000596046448
[WARN] [1786075799.058631099] [motor_controller_pid]: Right motor is saturated: target spd -0.15000000596046448
[WARN] [1786075799.107353735] [motor_controller_pid]: Left motor is saturated: target spd 0.15000000596046448
[WARN] [1786075799.108438593] [motor_controller_pid]: Right motor is saturated: target spd -0.15000000596046448
[WARN] [1786075799.156819949] [motor_controller_pid]: Left motor is saturated: target spd 0.15000000596046448
[WARN] [1786075799.157920918] [motor_controller_pid]: Right motor is saturated: target spd -0.15000000596046448
[WARN] [1786075799.207184223] [motor_controller_pid]: Left motor is saturated: target spd 0.15000000596046448
[WARN] [1786075799.208201988] [motor_controller_pid]: Right motor is saturated: target spd -0.15000000596046448
[WARN] [1786075799.256889216] [motor_controller_pid]: Left motor is saturated: target spd 0.15000000596046448
[WARN] [1786075799.257845888] [motor_controller_pid]: Right motor is saturated: target spd -0.15000000596046448
[WARN] [1786075799.306957860] [motor_controller_pid]: Left motor is saturated: target spd 0.15000000596046448
[WARN] [1786075799.308400312] [motor_controller_pid]: Right motor is saturated: target spd -0.15000000596046448
[WARN] [1786075799.356912558] [motor_controller_pid]: Left motor is saturated: target spd 0.15000000596046448
[WARN] [1786075799.358044434] [motor_controller_pid]: Right motor is saturated: target spd -0.15000000596046448
[WARN] [1786075799.407341277] [motor_controller_pid]: Left motor is saturated: target spd 0.15000000596046448
[WARN] [1786075799.408480153] [motor_controller_pid]: Right motor is saturated: target spd -0.15000000596046448
[WARN] [1786075799.456898306] [motor_controller_pid]: Left motor is saturated: target spd 0.15000000596046448
[WARN] [1786075799.457952071] [motor_controller_pid]: Right motor is saturated: target spd -0.15000000596046448
[WARN] [1786075799.507552563] [motor_controller_pid]: Left motor is saturated: target spd 0.15000000596046448
[WARN] [1786075799.508544032] [motor_controller_pid]: Right motor is saturated: target spd -0.15000000596046448
[WARN] [1786075799.556874980] [motor_controller_pid]: Left motor is saturated: target spd 0.15000000596046448
[WARN] [1786075799.558664453] [motor_controller_pid]: Right motor is saturated: target spd -0.15000000596046448
[WARN] [1786075799.607288996] [motor_controller_pid]: Left motor is saturated: target spd 0.15000000596046448
[WARN] [1786075799.608391317] [motor_controller_pid]: Right motor is saturated: target spd -0.15000000596046448
[WARN] [1786075799.656843803] [motor_controller_pid]: Left motor is saturated: target spd 0.15000000596046448
[WARN] [1786075799.657826790] [motor_controller_pid]: Right motor is saturated: target spd -0.15000000596046448
[WARN] [1786075799.707303596] [motor_controller_pid]: Left motor is saturated: target spd 0.15000000596046448
[WARN] [1786075799.708374898] [motor_controller_pid]: Right motor is saturated: target spd -0.15000000596046448
[WARN] [1786075799.756806199] [motor_controller_pid]: Left motor is saturated: target spd 0.15000000596046448
[WARN] [1786075799.757745149] [motor_controller_pid]: Right motor is saturated: target spd -0.15000000596046448
[WARN] [1786075799.807562531] [motor_controller_pid]: Left motor is saturated: target spd 0.15000000596046448
[WARN] [1786075799.808636667] [motor_controller_pid]: Right motor is saturated: target spd -0.15000000596046448
[WARN] [1786075799.856908374] [motor_controller_pid]: Left motor is saturated: target spd 0.15000000596046448
[WARN] [1786075799.857959398] [motor_controller_pid]: Right motor is saturated: target spd -0.15000000596046448
[WARN] [1786075799.908162690] [motor_controller_pid]: Left motor is saturated: target spd 0.15000000596046448
[WARN] [1786075799.909139399] [motor_controller_pid]: Right motor is saturated: target spd -0.15000000596046448
[WARN] [1786075799.956937882] [motor_controller_pid]: Left motor is saturated: target spd 0.15000000596046448
[WARN] [1786075799.958194630] [motor_controller_pid]: Right motor is saturated: target spd -0.15000000596046448
[WARN] [1786075800.007248712] [motor_controller_pid]: Left motor is saturated: target spd 0.15000000596046448
[WARN] [1786075800.008303810] [motor_controller_pid]: Right motor is saturated: target spd -0.15000000596046448
[WARN] [1786075800.056846482] [motor_controller_pid]: Left motor is saturated: target spd 0.15000000596046448
[WARN] [1786075800.057845913] [motor_controller_pid]: Right motor is saturated: target spd -0.15000000596046448
[WARN] [1786075800.107104145] [motor_controller_pid]: Left motor is saturated: target spd 0.15000000596046448
[WARN] [1786075800.108131261] [motor_controller_pid]: Right motor is saturated: target spd -0.15000000596046448
[WARN] [1786075800.156909823] [motor_controller_pid]: Left motor is saturated: target spd 0.15000000596046448
[WARN] [1786075800.157972440] [motor_controller_pid]: Right motor is saturated: target spd -0.15000000596046448
[WARN] [1786075800.207908916] [motor_controller_pid]: Left motor is saturated: target spd 0.15000000596046448
[WARN] [1786075800.209013681] [motor_controller_pid]: Right motor is saturated: target spd -0.15000000596046448
[WARN] [1786075800.256806423] [motor_controller_pid]: Left motor is saturated: target spd 0.15000000596046448
[WARN] [1786075800.257749799] [motor_controller_pid]: Right motor is saturated: target spd -0.15000000596046448
[WARN] [1786075800.307379551] [motor_controller_pid]: Left motor is saturated: target spd 0.15000000596046448
[WARN] [1786075800.308434075] [motor_controller_pid]: Right motor is saturated: target spd -0.15000000596046448
[WARN] [1786075800.356784431] [motor_controller_pid]: Left motor is saturated: target spd 0.15000000596046448
[WARN] [1786075800.358103882] [motor_controller_pid]: Right motor is saturated: target spd -0.15000000596046448
[WARN] [1786075800.407619634] [motor_controller_pid]: Left motor is saturated: target spd 0.15000000596046448
[WARN] [1786075800.408636065] [motor_controller_pid]: Right motor is saturated: target spd -0.15000000596046448
[WARN] [1786075800.456931050] [motor_controller_pid]: Left motor is saturated: target spd 0.15000000596046448
[WARN] [1786075800.458063501] [motor_controller_pid]: Right motor is saturated: target spd -0.15000000596046448
[WARN] [1786075800.507572493] [motor_controller_pid]: Left motor is saturated: target spd 0.15000000596046448
[WARN] [1786075800.508641480] [motor_controller_pid]: Right motor is saturated: target spd -0.15000000596046448
[WARN] [1786075800.556920762] [motor_controller_pid]: Left motor is saturated: target spd 0.15000000596046448
[WARN] [1786075800.557981731] [motor_controller_pid]: Right motor is saturated: target spd -0.15000000596046448
[WARN] [1786075800.607660816] [motor_controller_pid]: Left motor is saturated: target spd 0.15000000596046448
[WARN] [1786075800.608743137] [motor_controller_pid]: Right motor is saturated: target spd -0.15000000596046448
[WARN] [1786075800.656900436] [motor_controller_pid]: Left motor is saturated: target spd 0.15000000596046448
[WARN] [1786075800.657991775] [motor_controller_pid]: Right motor is saturated: target spd -0.15000000596046448
[WARN] [1786075800.707398526] [motor_controller_pid]: Left motor is saturated: target spd 0.15000000596046448
[WARN] [1786075800.708466773] [motor_controller_pid]: Right motor is saturated: target spd -0.15000000596046448
[WARN] [1786075800.756796740] [motor_controller_pid]: Left motor is saturated: target spd 0.15000000596046448
[WARN] [1786075800.757704634] [motor_controller_pid]: Right motor is saturated: target spd -0.15000000596046448
[WARN] [1786075800.807574572] [motor_controller_pid]: Left motor is saturated: target spd 0.15000000596046448
[WARN] [1786075800.808656356] [motor_controller_pid]: Right motor is saturated: target spd -0.15000000596046448
[WARN] [1786075800.856867266] [motor_controller_pid]: Left motor is saturated: target spd 0.15000000596046448
[WARN] [1786075800.858535961] [motor_controller_pid]: Right motor is saturated: target spd -0.15000000596046448
[WARN] [1786075800.907900470] [motor_controller_pid]: Left motor is saturated: target spd 0.15000000596046448
[WARN] [1786075800.908971013] [motor_controller_pid]: Right motor is saturated: target spd -0.15000000596046448
[WARN] [1786075801.007427198] [motor_controller_pid]: Left motor is saturated: target spd 0.2016125
[WARN] [1786075801.056856467] [motor_controller_pid]: Left motor is saturated: target spd 0.2016125
[WARN] [1786075801.107485743] [motor_controller_pid]: Left motor is saturated: target spd 0.2016125
[WARN] [1786075801.156893345] [motor_controller_pid]: Left motor is saturated: target spd 0.2016125
[WARN] [1786075801.207330027] [motor_controller_pid]: Left motor is saturated: target spd 0.2016125
[WARN] [1786075801.256846797] [motor_controller_pid]: Left motor is saturated: target spd 0.2016125
[WARN] [1786075801.307530166] [motor_controller_pid]: Left motor is saturated: target spd 0.2016125
[WARN] [1786075801.356946417] [motor_controller_pid]: Left motor is saturated: target spd 0.2016125
[WARN] [1786075801.408002899] [motor_controller_pid]: Left motor is saturated: target spd 0.2016125
[WARN] [1786075801.456901980] [motor_controller_pid]: Left motor is saturated: target spd 0.2016125
[WARN] [1786075801.507903258] [motor_controller_pid]: Left motor is saturated: target spd 0.2016125
[WARN] [1786075801.556906136] [motor_controller_pid]: Left motor is saturated: target spd 0.2016125
[WARN] [1786075801.607342781] [motor_controller_pid]: Left motor is saturated: target spd 0.2016125
[WARN] [1786075801.656833069] [motor_controller_pid]: Left motor is saturated: target spd 0.2016125
[WARN] [1786075801.707744550] [motor_controller_pid]: Left motor is saturated: target spd 0.2016125
[WARN] [1786075801.756808336] [motor_controller_pid]: Left motor is saturated: target spd 0.2016125
[WARN] [1786075801.807387463] [motor_controller_pid]: Left motor is saturated: target spd 0.2016125
[WARN] [1786075801.856860862] [motor_controller_pid]: Left motor is saturated: target spd 0.2016125
[WARN] [1786075801.907248155] [motor_controller_pid]: Left motor is saturated: target spd 0.2016125
[WARN] [1786075801.956848463] [motor_controller_pid]: Left motor is saturated: target spd 0.2016125
[WARN] [1786075802.007773240] [motor_controller_pid]: Left motor is saturated: target spd 0.2016125
[WARN] [1786075802.056879452] [motor_controller_pid]: Left motor is saturated: target spd 0.2016125
[WARN] [1786075802.107601043] [motor_controller_pid]: Left motor is saturated: target spd 0.2016125
[WARN] [1786075802.156906016] [motor_controller_pid]: Left motor is saturated: target spd 0.2016125
[WARN] [1786075802.207428606] [motor_controller_pid]: Left motor is saturated: target spd 0.2016125
[WARN] [1786075802.256836634] [motor_controller_pid]: Left motor is saturated: target spd 0.2016125
[WARN] [1786075802.307290335] [motor_controller_pid]: Left motor is saturated: target spd 0.2016125
[WARN] [1786075802.356967735] [motor_controller_pid]: Left motor is saturated: target spd 0.2016125
[WARN] [1786075802.407549659] [motor_controller_pid]: Left motor is saturated: target spd 0.2016125
[WARN] [1786075802.456889465] [motor_controller_pid]: Left motor is saturated: target spd 0.2016125
[WARN] [1786075802.507283980] [motor_controller_pid]: Left motor is saturated: target spd 0.2016125
[WARN] [1786075802.556847602] [motor_controller_pid]: Left motor is saturated: target spd 0.2016125
[WARN] [1786075802.607561026] [motor_controller_pid]: Left motor is saturated: target spd 0.2016125
[WARN] [1786075802.656802757] [motor_controller_pid]: Left motor is saturated: target spd 0.2016125
[WARN] [1786075802.707421052] [motor_controller_pid]: Left motor is saturated: target spd 0.2016125
[WARN] [1786075802.756850043] [motor_controller_pid]: Left motor is saturated: target spd 0.2016125
[WARN] [1786075802.807819191] [motor_controller_pid]: Left motor is saturated: target spd 0.2016125
[WARN] [1786075802.856868403] [motor_controller_pid]: Left motor is saturated: target spd 0.2016125
[WARN] [1786075802.907304548] [motor_controller_pid]: Left motor is saturated: target spd 0.2016125
[WARN] [1786075802.956882003] [motor_controller_pid]: Left motor is saturated: target spd 0.2016125
[WARN] [1786075803.007578946] [motor_controller_pid]: Left motor is saturated: target spd 0.2016125
[WARN] [1786075803.056813881] [motor_controller_pid]: Left motor is saturated: target spd 0.2016125
[WARN] [1786075803.107275638] [motor_controller_pid]: Left motor is saturated: target spd 0.2016125
[WARN] [1786075803.156889019] [motor_controller_pid]: Left motor is saturated: target spd 0.2016125
[WARN] [1786075803.207367831] [motor_controller_pid]: Left motor is saturated: target spd 0.2016125
[WARN] [1786075803.256860545] [motor_controller_pid]: Left motor is saturated: target spd 0.2016125
[WARN] [1786075803.307563729] [motor_controller_pid]: Left motor is saturated: target spd 0.2016125
[WARN] [1786075803.356999017] [motor_controller_pid]: Left motor is saturated: target spd 0.2016125
[WARN] [1786075803.407515162] [motor_controller_pid]: Left motor is saturated: target spd 0.2016125
[WARN] [1786075803.456883542] [motor_controller_pid]: Left motor is saturated: target spd 0.2016125
[WARN] [1786075803.507789245] [motor_controller_pid]: Left motor is saturated: target spd 0.2016125
[WARN] [1786075803.556877550] [motor_controller_pid]: Left motor is saturated: target spd 0.2016125
[WARN] [1786075803.607654919] [motor_controller_pid]: Left motor is saturated: target spd 0.2016125
[WARN] [1786075803.656883910] [motor_controller_pid]: Left motor is saturated: target spd 0.2016125
[WARN] [1786075803.707217276] [motor_controller_pid]: Left motor is saturated: target spd 0.2016125
[WARN] [1786075803.756878028] [motor_controller_pid]: Left motor is saturated: target spd 0.2016125
[WARN] [1786075803.807203191] [motor_controller_pid]: Left motor is saturated: target spd 0.2016125
[WARN] [1786075803.857015129] [motor_controller_pid]: Left motor is saturated: target spd 0.2016125
[WARN] [1786075803.907183181] [motor_controller_pid]: Left motor is saturated: target spd 0.2016125
[WARN] [1786075803.956951767] [motor_controller_pid]: Left motor is saturated: target spd 0.2016125
[WARN] [1786075804.007601728] [motor_controller_pid]: Left motor is saturated: target spd 0.2016125
[WARN] [1786075804.056901200] [motor_controller_pid]: Left motor is saturated: target spd 0.2016125
[WARN] [1786075804.107312475] [motor_controller_pid]: Left motor is saturated: target spd 0.2016125
[WARN] [1786075804.156897226] [motor_controller_pid]: Left motor is saturated: target spd 0.2016125
[WARN] [1786075804.207176333] [motor_controller_pid]: Left motor is saturated: target spd 0.2016125
[WARN] [1786075804.256882956] [motor_controller_pid]: Left motor is saturated: target spd 0.2016125
[WARN] [1786075804.307270045] [motor_controller_pid]: Left motor is saturated: target spd 0.2016125
[WARN] [1786075804.356901816] [motor_controller_pid]: Left motor is saturated: target spd 0.2016125
[WARN] [1786075804.407599351] [motor_controller_pid]: Left motor is saturated: target spd 0.2016125
[WARN] [1786075804.456870620] [motor_controller_pid]: Left motor is saturated: target spd 0.2016125
[WARN] [1786075804.507151023] [motor_controller_pid]: Left motor is saturated: target spd 0.2016125
[WARN] [1786075804.556838387] [motor_controller_pid]: Left motor is saturated: target spd 0.2016125
[WARN] [1786075804.607523366] [motor_controller_pid]: Left motor is saturated: target spd 0.2016125
[WARN] [1786075804.656885839] [motor_controller_pid]: Left motor is saturated: target spd 0.2016125
[WARN] [1786075804.707614393] [motor_controller_pid]: Left motor is saturated: target spd 0.2016125
[WARN] [1786075804.756945643] [motor_controller_pid]: Left motor is saturated: target spd 0.2016125
[WARN] [1786075804.807724679] [motor_controller_pid]: Left motor is saturated: target spd 0.2016125
[WARN] [1786075804.856988244] [motor_controller_pid]: Left motor is saturated: target spd 0.2016125
[WARN] [1786075804.907174110] [motor_controller_pid]: Left motor is saturated: target spd 0.2016125
[WARN] [1786075804.956880196] [motor_controller_pid]: Left motor is saturated: target spd 0.2016125
[WARN] [1786075805.007401656] [motor_controller_pid]: Left motor is saturated: target spd 0.2016125
[WARN] [1786075805.056839240] [motor_controller_pid]: Left motor is saturated: target spd 0.2016125
[WARN] [1786075805.107877851] [motor_controller_pid]: Left motor is saturated: target spd 0.2016125
[WARN] [1786075805.156852007] [motor_controller_pid]: Left motor is saturated: target spd 0.2016125
[WARN] [1786075805.207294597] [motor_controller_pid]: Left motor is saturated: target spd 0.2016125
[WARN] [1786075805.256808292] [motor_controller_pid]: Left motor is saturated: target spd 0.2016125
[WARN] [1786075805.307213586] [motor_controller_pid]: Left motor is saturated: target spd 0.2016125
[WARN] [1786075805.356984764] [motor_controller_pid]: Left motor is saturated: target spd 0.2016125
[WARN] [1786075805.407362761] [motor_controller_pid]: Left motor is saturated: target spd 0.2016125
[WARN] [1786075805.456876734] [motor_controller_pid]: Left motor is saturated: target spd 0.2016125
[WARN] [1786075805.507323120] [motor_controller_pid]: Left motor is saturated: target spd 0.2016125
[WARN] [1786075805.556963465] [motor_controller_pid]: Left motor is saturated: target spd 0.2016125
[WARN] [1786075805.607157553] [motor_controller_pid]: Left motor is saturated: target spd 0.2016125
[WARN] [1786075805.656934806] [motor_controller_pid]: Left motor is saturated: target spd 0.2016125
[WARN] [1786075805.707619897] [motor_controller_pid]: Left motor is saturated: target spd 0.2016125
[WARN] [1786075805.756867276] [motor_controller_pid]: Left motor is saturated: target spd 0.2016125
[WARN] [1786075805.807866146] [motor_controller_pid]: Left motor is saturated: target spd 0.2016125
[WARN] [1786075805.856894173] [motor_controller_pid]: Left motor is saturated: target spd 0.2016125
[WARN] [1786075805.907919432] [motor_controller_pid]: Left motor is saturated: target spd 0.2016125
[WARN] [1786075805.956858143] [motor_controller_pid]: Left motor is saturated: target spd 0.2016125
[WARN] [1786075806.007450900] [motor_controller_pid]: Left motor is saturated: target spd 0.2016125
[WARN] [1786075806.056904874] [motor_controller_pid]: Left motor is saturated: target spd 0.2016125
[WARN] [1786075806.107691261] [motor_controller_pid]: Left motor is saturated: target spd 0.2016125
[WARN] [1786075806.108762156] [motor_controller_pid]: Right motor is saturated: target spd 0.2016125
[WARN] [1786075806.156929770] [motor_controller_pid]: Left motor is saturated: target spd 0.2016125
[WARN] [1786075806.158029350] [motor_controller_pid]: Right motor is saturated: target spd 0.2016125
[WARN] [1786075806.207693158] [motor_controller_pid]: Left motor is saturated: target spd 0.2016125
[WARN] [1786075806.208721441] [motor_controller_pid]: Right motor is saturated: target spd 0.2016125
[WARN] [1786075806.256946334] [motor_controller_pid]: Left motor is saturated: target spd 0.2016125
[WARN] [1786075806.258651899] [motor_controller_pid]: Right motor is saturated: target spd 0.2016125
[WARN] [1786075806.307982816] [motor_controller_pid]: Left motor is saturated: target spd 0.2016125
[WARN] [1786075806.309030136] [motor_controller_pid]: Right motor is saturated: target spd 0.2016125
[WARN] [1786075806.356986638] [motor_controller_pid]: Left motor is saturated: target spd 0.2016125
[WARN] [1786075806.358591017] [motor_controller_pid]: Right motor is saturated: target spd 0.2016125
[WARN] [1786075806.407388487] [motor_controller_pid]: Left motor is saturated: target spd 0.2016125
[WARN] [1786075806.408367103] [motor_controller_pid]: Right motor is saturated: target spd 0.2016125
[WARN] [1786075806.456794256] [motor_controller_pid]: Left motor is saturated: target spd 0.2016125
[WARN] [1786075806.457682816] [motor_controller_pid]: Right motor is saturated: target spd 0.2016125
[WARN] [1786075806.507417865] [motor_controller_pid]: Left motor is saturated: target spd 0.2016125
[WARN] [1786075806.508494204] [motor_controller_pid]: Right motor is saturated: target spd 0.2016125
[WARN] [1786075806.556912875] [motor_controller_pid]: Left motor is saturated: target spd 0.2016125
[WARN] [1786075806.557961937] [motor_controller_pid]: Right motor is saturated: target spd 0.2016125
[WARN] [1786075806.607706004] [motor_controller_pid]: Left motor is saturated: target spd 0.2016125
[WARN] [1786075806.608803195] [motor_controller_pid]: Right motor is saturated: target spd 0.2016125
[WARN] [1786075806.656935957] [motor_controller_pid]: Left motor is saturated: target spd 0.2016125
[WARN] [1786075806.658560911] [motor_controller_pid]: Right motor is saturated: target spd 0.2016125
[WARN] [1786075806.707853124] [motor_controller_pid]: Left motor is saturated: target spd 0.2016125
[WARN] [1786075806.708916481] [motor_controller_pid]: Right motor is saturated: target spd 0.2016125
[WARN] [1786075806.756816020] [motor_controller_pid]: Left motor is saturated: target spd 0.2016125
[WARN] [1786075806.757900285] [motor_controller_pid]: Right motor is saturated: target spd 0.2016125
[WARN] [1786075806.807740964] [motor_controller_pid]: Left motor is saturated: target spd 0.2016125
[WARN] [1786075806.809287935] [motor_controller_pid]: Right motor is saturated: target spd 0.2016125
[WARN] [1786075806.856946491] [motor_controller_pid]: Left motor is saturated: target spd 0.2016125
[WARN] [1786075806.858567334] [motor_controller_pid]: Right motor is saturated: target spd 0.2016125
[WARN] [1786075806.907937825] [motor_controller_pid]: Left motor is saturated: target spd 0.2016125
[WARN] [1786075806.908862034] [motor_controller_pid]: Right motor is saturated: target spd 0.2016125
[WARN] [1786075806.956885721] [motor_controller_pid]: Left motor is saturated: target spd 0.2016125
[WARN] [1786075806.957855152] [motor_controller_pid]: Right motor is saturated: target spd 0.2016125
[WARN] [1786075807.009801657] [motor_controller_pid]: Left motor is saturated: target spd 0.2016125
[WARN] [1786075807.010948664] [motor_controller_pid]: Right motor is saturated: target spd 0.2016125
[WARN] [1786075807.056793228] [motor_controller_pid]: Left motor is saturated: target spd 0.2016125
[WARN] [1786075807.057614548] [motor_controller_pid]: Right motor is saturated: target spd 0.2016125
[WARN] [1786075807.107299966] [motor_controller_pid]: Left motor is saturated: target spd 0.2016125
[WARN] [1786075807.108134527] [motor_controller_pid]: Right motor is saturated: target spd 0.2016125
[WARN] [1786075807.157699574] [motor_controller_pid]: Left motor is saturated: target spd 0.2016125
[WARN] [1786075807.158697635] [motor_controller_pid]: Right motor is saturated: target spd 0.2016125
[WARN] [1786075807.208360202] [motor_controller_pid]: Left motor is saturated: target spd 0.2016125
[WARN] [1786075807.209263152] [motor_controller_pid]: Right motor is saturated: target spd 0.2016125
[WARN] [1786075807.256850318] [motor_controller_pid]: Left motor is saturated: target spd 0.2016125
[WARN] [1786075807.258337863] [motor_controller_pid]: Right motor is saturated: target spd 0.2016125
[WARN] [1786075807.308822268] [motor_controller_pid]: Left motor is saturated: target spd 0.2016125
[WARN] [1786075807.309730569] [motor_controller_pid]: Right motor is saturated: target spd 0.2016125
[WARN] [1786075807.357142513] [motor_controller_pid]: Left motor is saturated: target spd 0.2016125
[WARN] [1786075807.358968893] [motor_controller_pid]: Right motor is saturated: target spd 0.2016125
[WARN] [1786075807.408085698] [motor_controller_pid]: Left motor is saturated: target spd 0.2016125
[WARN] [1786075807.408896832] [motor_controller_pid]: Right motor is saturated: target spd 0.2016125
[WARN] [1786075807.456881667] [motor_controller_pid]: Left motor is saturated: target spd 0.2016125
[WARN] [1786075807.457924840] [motor_controller_pid]: Right motor is saturated: target spd 0.2016125
[WARN] [1786075807.508309577] [motor_controller_pid]: Left motor is saturated: target spd 0.2016125
[WARN] [1786075807.509321360] [motor_controller_pid]: Right motor is saturated: target spd 0.2016125
[WARN] [1786075807.556772341] [motor_controller_pid]: Left motor is saturated: target spd 0.2016125
[WARN] [1786075807.558326461] [motor_controller_pid]: Right motor is saturated: target spd 0.2016125
[WARN] [1786075807.609620925] [motor_controller_pid]: Left motor is saturated: target spd 0.2016125
[WARN] [1786075807.610540838] [motor_controller_pid]: Right motor is saturated: target spd 0.2016125
[WARN] [1786075807.656768849] [motor_controller_pid]: Left motor is saturated: target spd 0.2016125
[WARN] [1786075807.657712021] [motor_controller_pid]: Right motor is saturated: target spd 0.2016125
[WARN] [1786075807.707218457] [motor_controller_pid]: Left motor is saturated: target spd 0.2016125
[WARN] [1786075807.708844244] [motor_controller_pid]: Right motor is saturated: target spd 0.2016125
[WARN] [1786075807.757052117] [motor_controller_pid]: Left motor is saturated: target spd 0.2016125
[WARN] [1786075807.760230431] [motor_controller_pid]: Right motor is saturated: target spd 0.2016125
[WARN] [1786075807.808139396] [motor_controller_pid]: Left motor is saturated: target spd 0.2016125
[WARN] [1786075807.809889942] [motor_controller_pid]: Right motor is saturated: target spd 0.2016125
[WARN] [1786075807.857211330] [motor_controller_pid]: Left motor is saturated: target spd 0.2016125
[WARN] [1786075807.858934580] [motor_controller_pid]: Right motor is saturated: target spd 0.2016125
[WARN] [1786075807.909090686] [motor_controller_pid]: Left motor is saturated: target spd 0.2016125
[WARN] [1786075807.909952395] [motor_controller_pid]: Right motor is saturated: target spd 0.2016125
[WARN] [1786075807.956738576] [motor_controller_pid]: Left motor is saturated: target spd 0.2016125
[WARN] [1786075807.957826785] [motor_controller_pid]: Right motor is saturated: target spd 0.2016125
[WARN] [1786075808.006920645] [motor_controller_pid]: Left motor is saturated: target spd 0.2016125
[WARN] [1786075808.007753909] [motor_controller_pid]: Right motor is saturated: target spd 0.2016125
[WARN] [1786075808.056802139] [motor_controller_pid]: Left motor is saturated: target spd 0.2016125
[WARN] [1786075808.057764274] [motor_controller_pid]: Right motor is saturated: target spd 0.2016125
[WARN] [1786075808.108305772] [motor_controller_pid]: Left motor is saturated: target spd 0.2016125
[WARN] [1786075808.109729354] [motor_controller_pid]: Right motor is saturated: target spd 0.2016125
[WARN] [1786075808.156993815] [motor_controller_pid]: Left motor is saturated: target spd 0.2016125
[WARN] [1786075808.158471138] [motor_controller_pid]: Right motor is saturated: target spd 0.2016125
[WARN] [1786075808.208889931] [motor_controller_pid]: Left motor is saturated: target spd 0.2016125
[WARN] [1786075808.209769324] [motor_controller_pid]: Right motor is saturated: target spd 0.2016125
[WARN] [1786075808.257027841] [motor_controller_pid]: Left motor is saturated: target spd 0.2016125
[WARN] [1786075808.259647633] [motor_controller_pid]: Right motor is saturated: target spd 0.2016125
[WARN] [1786075808.309140884] [motor_controller_pid]: Left motor is saturated: target spd 0.2016125
[WARN] [1786075808.310052723] [motor_controller_pid]: Right motor is saturated: target spd 0.2016125
[WARN] [1786075808.357225461] [motor_controller_pid]: Left motor is saturated: target spd 0.2016125
[WARN] [1786075808.359000934] [motor_controller_pid]: Right motor is saturated: target spd 0.2016125
[WARN] [1786075808.409333764] [motor_controller_pid]: Left motor is saturated: target spd 0.2016125
[WARN] [1786075808.410192250] [motor_controller_pid]: Right motor is saturated: target spd 0.2016125
[WARN] [1786075808.456840708] [motor_controller_pid]: Left motor is saturated: target spd 0.2016125
[WARN] [1786075808.458969404] [motor_controller_pid]: Right motor is saturated: target spd 0.2016125
[WARN] [1786075808.506747479] [motor_controller_pid]: Left motor is saturated: target spd 0.2016125
[WARN] [1786075808.508014338] [motor_controller_pid]: Right motor is saturated: target spd 0.2016125
[WARN] [1786075808.556804623] [motor_controller_pid]: Left motor is saturated: target spd 0.2016125
[WARN] [1786075808.557685683] [motor_controller_pid]: Right motor is saturated: target spd 0.2016125
[WARN] [1786075808.608612164] [motor_controller_pid]: Left motor is saturated: target spd 0.2016125
[WARN] [1786075808.609437224] [motor_controller_pid]: Right motor is saturated: target spd 0.2016125
[WARN] [1786075808.656872205] [motor_controller_pid]: Left motor is saturated: target spd 0.2016125
[WARN] [1786075808.658944957] [motor_controller_pid]: Right motor is saturated: target spd 0.2016125
[WARN] [1786075808.707289350] [motor_controller_pid]: Left motor is saturated: target spd 0.2016125
[WARN] [1786075808.709122693] [motor_controller_pid]: Right motor is saturated: target spd 0.2016125
[WARN] [1786075808.756809082] [motor_controller_pid]: Left motor is saturated: target spd 0.2016125
[WARN] [1786075808.757735051] [motor_controller_pid]: Right motor is saturated: target spd 0.2016125
[WARN] [1786075808.809438221] [motor_controller_pid]: Left motor is saturated: target spd 0.2016125
[WARN] [1786075808.810384282] [motor_controller_pid]: Right motor is saturated: target spd 0.2016125
[WARN] [1786075808.858434969] [motor_controller_pid]: Left motor is saturated: target spd 0.2016125
[WARN] [1786075808.859958959] [motor_controller_pid]: Right motor is saturated: target spd 0.2016125
[WARN] [1786075808.907558941] [motor_controller_pid]: Left motor is saturated: target spd 0.2016125
[WARN] [1786075808.908952022] [motor_controller_pid]: Right motor is saturated: target spd 0.2016125
[WARN] [1786075808.956777894] [motor_controller_pid]: Left motor is saturated: target spd 0.2016125
[WARN] [1786075808.958693627] [motor_controller_pid]: Right motor is saturated: target spd 0.2016125
[WARN] [1786075809.008354694] [motor_controller_pid]: Left motor is saturated: target spd 0.2016125
[WARN] [1786075809.009260013] [motor_controller_pid]: Right motor is saturated: target spd 0.2016125
[WARN] [1786075809.056922421] [motor_controller_pid]: Left motor is saturated: target spd 0.2016125
[WARN] [1786075809.058031001] [motor_controller_pid]: Right motor is saturated: target spd 0.2016125
[WARN] [1786075809.107140769] [motor_controller_pid]: Left motor is saturated: target spd 0.2016125
[WARN] [1786075809.109568023] [motor_controller_pid]: Right motor is saturated: target spd 0.2016125
[WARN] [1786075809.156854114] [motor_controller_pid]: Left motor is saturated: target spd 0.2016125
[WARN] [1786075809.159662351] [motor_controller_pid]: Right motor is saturated: target spd 0.2016125
[WARN] [1786075809.207602687] [motor_controller_pid]: Left motor is saturated: target spd 0.2016125
[WARN] [1786075809.209598309] [motor_controller_pid]: Right motor is saturated: target spd 0.2016125
[WARN] [1786075809.256796658] [motor_controller_pid]: Left motor is saturated: target spd 0.2016125
[WARN] [1786075809.257684700] [motor_controller_pid]: Right motor is saturated: target spd 0.2016125
[WARN] [1786075809.307498138] [motor_controller_pid]: Left motor is saturated: target spd 0.2016125
[WARN] [1786075809.310127301] [motor_controller_pid]: Right motor is saturated: target spd 0.2016125
[WARN] [1786075809.356828796] [motor_controller_pid]: Left motor is saturated: target spd 0.2016125
[WARN] [1786075809.359705811] [motor_controller_pid]: Right motor is saturated: target spd 0.2016125
[WARN] [1786075809.414502480] [motor_controller_pid]: Left motor is saturated: target spd 0.2016125
[WARN] [1786075809.420127048] [motor_controller_pid]: Right motor is saturated: target spd 0.2016125
[WARN] [1786075809.457232195] [motor_controller_pid]: Left motor is saturated: target spd 0.2016125
[WARN] [1786075809.458255200] [motor_controller_pid]: Right motor is saturated: target spd 0.2016125
[WARN] [1786075809.507423820] [motor_controller_pid]: Left motor is saturated: target spd 0.2016125
[WARN] [1786075809.509069292] [motor_controller_pid]: Right motor is saturated: target spd 0.2016125
[WARN] [1786075809.579476268] [motor_controller_pid]: Left motor is saturated: target spd 0.2016125
[WARN] [1786075809.588767967] [motor_controller_pid]: Right motor is saturated: target spd 0.2016125
[WARN] [1786075809.608018905] [motor_controller_pid]: Left motor is saturated: target spd 0.2016125
[WARN] [1786075809.609231301] [motor_controller_pid]: Right motor is saturated: target spd 0.2016125
[WARN] [1786075809.656809912] [motor_controller_pid]: Left motor is saturated: target spd 0.2016125
[WARN] [1786075809.657722083] [motor_controller_pid]: Right motor is saturated: target spd 0.2016125
[WARN] [1786075809.707608448] [motor_controller_pid]: Left motor is saturated: target spd 0.2016125
[WARN] [1786075809.712653123] [motor_controller_pid]: Right motor is saturated: target spd 0.2016125
[WARN] [1786075809.756722808] [motor_controller_pid]: Left motor is saturated: target spd 0.2016125
[WARN] [1786075809.757577072] [motor_controller_pid]: Right motor is saturated: target spd 0.2016125
[WARN] [1786075809.807765308] [motor_controller_pid]: Left motor is saturated: target spd 0.2016125
[WARN] [1786075809.808966444] [motor_controller_pid]: Right motor is saturated: target spd 0.2016125
[WARN] [1786075809.857151096] [motor_controller_pid]: Left motor is saturated: target spd 0.2016125
[WARN] [1786075809.858298657] [motor_controller_pid]: Right motor is saturated: target spd 0.2016125
[WARN] [1786075809.907270721] [motor_controller_pid]: Left motor is saturated: target spd 0.2016125
[WARN] [1786075809.908315004] [motor_controller_pid]: Right motor is saturated: target spd 0.2016125
[WARN] [1786075809.958907187] [motor_controller_pid]: Left motor is saturated: target spd 0.2016125
[WARN] [1786075809.959986452] [motor_controller_pid]: Right motor is saturated: target spd 0.2016125
[WARN] [1786075810.007611878] [motor_controller_pid]: Left motor is saturated: target spd 0.2016125
[WARN] [1786075810.008629421] [motor_controller_pid]: Right motor is saturated: target spd 0.2016125
[WARN] [1786075810.056989999] [motor_controller_pid]: Left motor is saturated: target spd 0.2016125
[WARN] [1786075810.059176289] [motor_controller_pid]: Right motor is saturated: target spd 0.2016125
[WARN] [1786075810.107023475] [motor_controller_pid]: Left motor is saturated: target spd 0.2016125
[WARN] [1786075810.108065055] [motor_controller_pid]: Right motor is saturated: target spd 0.2016125
[WARN] [1786075810.156878951] [motor_controller_pid]: Left motor is saturated: target spd 0.2016125
[WARN] [1786075810.158493719] [motor_controller_pid]: Right motor is saturated: target spd 0.2016125
[WARN] [1786075810.207270873] [motor_controller_pid]: Left motor is saturated: target spd 0.2016125
[WARN] [1786075810.208292749] [motor_controller_pid]: Right motor is saturated: target spd 0.2016125
[WARN] [1786075810.256859125] [motor_controller_pid]: Left motor is saturated: target spd 0.2016125
[WARN] [1786075810.261170408] [motor_controller_pid]: Right motor is saturated: target spd 0.2016125
[WARN] [1786075810.307308548] [motor_controller_pid]: Left motor is saturated: target spd 0.2016125
[WARN] [1786075810.308455888] [motor_controller_pid]: Right motor is saturated: target spd 0.2016125
[WARN] [1786075810.360782265] [motor_controller_pid]: Left motor is saturated: target spd 0.2016125
[WARN] [1786075810.362206292] [motor_controller_pid]: Right motor is saturated: target spd 0.2016125
[WARN] [1786075810.408195672] [motor_controller_pid]: Left motor is saturated: target spd 0.2016125
[WARN] [1786075810.410376813] [motor_controller_pid]: Right motor is saturated: target spd 0.2016125
[WARN] [1786075810.456983012] [motor_controller_pid]: Left motor is saturated: target spd 0.2016125
[WARN] [1786075810.458428890] [motor_controller_pid]: Right motor is saturated: target spd 0.2016125
[WARN] [1786075810.507150600] [motor_controller_pid]: Left motor is saturated: target spd 0.2016125
[WARN] [1786075810.508222069] [motor_controller_pid]: Right motor is saturated: target spd 0.2016125
[WARN] [1786075810.557006557] [motor_controller_pid]: Left motor is saturated: target spd 0.2016125
[WARN] [1786075810.558998290] [motor_controller_pid]: Right motor is saturated: target spd 0.2016125
[WARN] [1786075810.607232015] [motor_controller_pid]: Left motor is saturated: target spd 0.2016125
[WARN] [1786075810.608249539] [motor_controller_pid]: Right motor is saturated: target spd 0.2016125
[WARN] [1786075810.656783230] [motor_controller_pid]: Left motor is saturated: target spd 0.2016125
[WARN] [1786075810.657686198] [motor_controller_pid]: Right motor is saturated: target spd 0.2016125
[WARN] [1786075810.706894188] [motor_controller_pid]: Left motor is saturated: target spd 0.2016125
[WARN] [1786075810.708453178] [motor_controller_pid]: Right motor is saturated: target spd 0.2016125
[WARN] [1786075810.756707441] [motor_controller_pid]: Left motor is saturated: target spd 0.2016125
[WARN] [1786075810.757538075] [motor_controller_pid]: Right motor is saturated: target spd 0.2016125
[WARN] [1786075810.808355204] [motor_controller_pid]: Left motor is saturated: target spd 0.2016125
[WARN] [1786075810.809302042] [motor_controller_pid]: Right motor is saturated: target spd 0.2016125
[WARN] [1786075810.856987598] [motor_controller_pid]: Left motor is saturated: target spd 0.2016125
[WARN] [1786075810.859089795] [motor_controller_pid]: Right motor is saturated: target spd 0.2016125
[WARN] [1786075810.907714097] [motor_controller_pid]: Left motor is saturated: target spd 0.2016125
[WARN] [1786075810.910914077] [motor_controller_pid]: Right motor is saturated: target spd 0.2016125
[WARN] [1786075810.956915069] [motor_controller_pid]: Left motor is saturated: target spd 0.2016125
[WARN] [1786075810.959673528] [motor_controller_pid]: Right motor is saturated: target spd 0.2016125
[WARN] [1786075811.507334104] [motor_controller_pid]: Command timeout; stopping motors
[WARN] [1786075820.868967439] [motor_controller_pid]: Left motor is saturated: target spd -0.023169458118849434
[WARN] [1786075820.907728243] [motor_controller_pid]: Left motor is saturated: target spd -0.023169458118849434
[WARN] [1786075820.956769955] [motor_controller_pid]: Left motor is saturated: target spd -0.01964011092176661
[WARN] [1786075821.008013734] [motor_controller_pid]: Left motor is saturated: target spd -0.01964011092176661
[WARN] [1786075821.056879722] [motor_controller_pid]: Left motor is saturated: target spd -0.018032797131547706
[WARN] [1786075821.109752455] [motor_controller_pid]: Left motor is saturated: target spd -0.018032797131547706
[WARN] [1786075821.156986897] [motor_controller_pid]: Left motor is saturated: target spd -0.017465019408334045
[WARN] [1786075821.235410010] [motor_controller_pid]: Left motor is saturated: target spd -0.017465019408334045
[WARN] [1786075821.257801391] [motor_controller_pid]: Left motor is saturated: target spd -0.017465019408334045
[WARN] [1786075821.307397624] [motor_controller_pid]: Left motor is saturated: target spd -0.01714462019628845
[WARN] [1786075821.356863708] [motor_controller_pid]: Left motor is saturated: target spd -0.017492889622482473
[WARN] [1786075821.409819126] [motor_controller_pid]: Left motor is saturated: target spd -0.017492889622482473
[WARN] [1786075821.482597245] [motor_controller_pid]: Left motor is saturated: target spd -0.017492889622482473
[WARN] [1786075821.507252657] [motor_controller_pid]: Left motor is saturated: target spd -0.017492889622482473
[WARN] [1786075821.575825512] [motor_controller_pid]: Left motor is saturated: target spd -0.017129031864204444
[WARN] [1786075821.607068868] [motor_controller_pid]: Left motor is saturated: target spd -0.013204455184028484
[WARN] [1786075821.656952658] [motor_controller_pid]: Left motor is saturated: target spd -0.013872531786211766
[WARN] [1786075821.710181466] [motor_controller_pid]: Left motor is saturated: target spd -0.013872531786211766
[WARN] [1786075821.757975745] [motor_controller_pid]: Left motor is saturated: target spd -0.013872531786211766
[WARN] [1786075821.807674164] [motor_controller_pid]: Left motor is saturated: target spd -0.016581092712446115
[WARN] [1786075821.860102635] [motor_controller_pid]: Left motor is saturated: target spd -0.016581092712446115
[WARN] [1786075821.908240083] [motor_controller_pid]: Left motor is saturated: target spd -0.022668486250122077
[WARN] [1786075821.956971681] [motor_controller_pid]: Left motor is saturated: target spd -0.022668486250122077
[WARN] [1786075822.009638598] [motor_controller_pid]: Left motor is saturated: target spd -0.021116813201550393
[WARN] [1786075822.060661894] [motor_controller_pid]: Left motor is saturated: target spd -0.015739762008260005
[WARN] [1786075822.107217778] [motor_controller_pid]: Left motor is saturated: target spd -0.015739762008260005
[WARN] [1786075822.756969058] [motor_controller_pid]: Left motor is saturated: target spd -0.013186214449163526
[WARN] [1786075822.807065590] [motor_controller_pid]: Left motor is saturated: target spd -0.013186214449163526
[WARN] [1786075822.856980140] [motor_controller_pid]: Left motor is saturated: target spd -0.016152177257766017
[WARN] [1786075822.907402415] [motor_controller_pid]: Left motor is saturated: target spd -0.016152177257766017
[WARN] [1786075822.956973407] [motor_controller_pid]: Left motor is saturated: target spd -0.016253117207216564
[WARN] [1786075823.007154329] [motor_controller_pid]: Left motor is saturated: target spd -0.016253117207216564
[WARN] [1786075823.056943118] [motor_controller_pid]: Left motor is saturated: target spd -0.018707801708509213
[WARN] [1786075823.107111929] [motor_controller_pid]: Left motor is saturated: target spd -0.018707801708509213
[WARN] [1786075823.156964793] [motor_controller_pid]: Left motor is saturated: target spd -0.019298566063400358
[WARN] [1786075823.206934121] [motor_controller_pid]: Left motor is saturated: target spd -0.019298566063400358
[WARN] [1786075823.256889245] [motor_controller_pid]: Left motor is saturated: target spd -0.018820238641579636
[WARN] [1786075823.307115889] [motor_controller_pid]: Left motor is saturated: target spd -0.018820238641579636
[WARN] [1786075823.357194476] [motor_controller_pid]: Left motor is saturated: target spd -0.011982951853272972
[WARN] [1786075823.407327046] [motor_controller_pid]: Left motor is saturated: target spd -0.011982951853272972
[WARN] [1786075823.456965316] [motor_controller_pid]: Left motor is saturated: target spd -0.013053679870441556
[WARN] [1786075823.507096941] [motor_controller_pid]: Left motor is saturated: target spd -0.013053679870441556
[WARN] [1786075823.556946342] [motor_controller_pid]: Left motor is saturated: target spd -0.012606784037512262
[WARN] [1786075823.638447675] [motor_controller_pid]: Left motor is saturated: target spd -0.012606784037512262
[WARN] [1786075823.656763497] [motor_controller_pid]: Left motor is saturated: target spd -0.014782240393804387
[WARN] [1786075823.707526774] [motor_controller_pid]: Left motor is saturated: target spd -0.014782240393804387
[WARN] [1786075823.757080988] [motor_controller_pid]: Left motor is saturated: target spd -0.018942669456801377
[WARN] [1786075823.807259891] [motor_controller_pid]: Left motor is saturated: target spd -0.018942669456801377
[WARN] [1786075823.857445424] [motor_controller_pid]: Left motor is saturated: target spd -0.01565423851730302
[WARN] [1786075823.907651605] [motor_controller_pid]: Left motor is saturated: target spd -0.01565423851730302
[WARN] [1786075823.957126448] [motor_controller_pid]: Left motor is saturated: target spd -0.015134472759556957
[WARN] [1786075824.007467204] [motor_controller_pid]: Left motor is saturated: target spd -0.015134472759556957
[WARN] [1786075824.057123993] [motor_controller_pid]: Left motor is saturated: target spd -0.016968803872936405
[WARN] [1786075824.107106154] [motor_controller_pid]: Left motor is saturated: target spd -0.016968803872936405
[WARN] [1786075824.157047130] [motor_controller_pid]: Left motor is saturated: target spd -0.020277650131098925
[WARN] [1786075824.207477516] [motor_controller_pid]: Left motor is saturated: target spd -0.020277650131098925
[WARN] [1786075824.257031490] [motor_controller_pid]: Left motor is saturated: target spd -0.02122791689559817
[WARN] [1786075824.307457209] [motor_controller_pid]: Left motor is saturated: target spd -0.02122791689559817
[WARN] [1786075824.357397999] [motor_controller_pid]: Left motor is saturated: target spd -0.017608385739661753
[WARN] [1786075824.407609699] [motor_controller_pid]: Left motor is saturated: target spd -0.017608385739661753
[WARN] [1786075824.456993746] [motor_controller_pid]: Left motor is saturated: target spd -0.016808810399472712
[WARN] [1786075824.507154889] [motor_controller_pid]: Left motor is saturated: target spd -0.016808810399472712
[WARN] [1786075824.557043754] [motor_controller_pid]: Left motor is saturated: target spd -0.017318694935785608
[WARN] [1786075824.607273342] [motor_controller_pid]: Left motor is saturated: target spd -0.017318694935785608
[WARN] [1786075824.657073188] [motor_controller_pid]: Left motor is saturated: target spd -0.019203160815616137
[WARN] [1786075824.712901084] [motor_controller_pid]: Left motor is saturated: target spd -0.019203160815616137
[WARN] [1786075824.757146196] [motor_controller_pid]: Left motor is saturated: target spd -0.023369290025904776
[WARN] [1786075824.807374766] [motor_controller_pid]: Left motor is saturated: target spd -0.023369290025904776
[WARN] [1786075824.857173833] [motor_controller_pid]: Left motor is saturated: target spd -0.022484685394074767
[WARN] [1786075824.907328125] [motor_controller_pid]: Left motor is saturated: target spd -0.022484685394074767
[WARN] [1786075824.957138767] [motor_controller_pid]: Left motor is saturated: target spd -0.021386626738170163
[WARN] [1786075825.007127261] [motor_controller_pid]: Left motor is saturated: target spd -0.021386626738170163
[WARN] [1786075825.057073774] [motor_controller_pid]: Left motor is saturated: target spd -0.019290077999792994
[WARN] [1786075825.107397919] [motor_controller_pid]: Left motor is saturated: target spd -0.019290077999792994
[WARN] [1786075825.157088912] [motor_controller_pid]: Left motor is saturated: target spd -0.01902089252178557
[WARN] [1786075825.207253685] [motor_controller_pid]: Left motor is saturated: target spd -0.01902089252178557
[WARN] [1786075825.257078456] [motor_controller_pid]: Left motor is saturated: target spd -0.016075216390611605
[WARN] [1786075825.307373619] [motor_controller_pid]: Left motor is saturated: target spd -0.016075216390611605
[WARN] [1786075825.357166261] [motor_controller_pid]: Left motor is saturated: target spd -0.020286299873690586
[WARN] [1786075825.407582554] [motor_controller_pid]: Left motor is saturated: target spd -0.020286299873690586
[WARN] [1786075825.457163343] [motor_controller_pid]: Left motor is saturated: target spd -0.0199375460926909
[WARN] [1786075825.507444654] [motor_controller_pid]: Left motor is saturated: target spd -0.0199375460926909
[WARN] [1786075825.557069461] [motor_controller_pid]: Left motor is saturated: target spd -0.019749906314513645
[WARN] [1786075825.607449902] [motor_controller_pid]: Left motor is saturated: target spd -0.019749906314513645
[WARN] [1786075825.657114043] [motor_controller_pid]: Left motor is saturated: target spd -0.01685059324320755
[WARN] [1786075825.707343076] [motor_controller_pid]: Left motor is saturated: target spd -0.01685059324320755
[WARN] [1786075825.759851029] [motor_controller_pid]: Left motor is saturated: target spd -0.0173509342534584
[WARN] [1786075825.806831303] [motor_controller_pid]: Left motor is saturated: target spd -0.0173509342534584
[WARN] [1786075825.856911891] [motor_controller_pid]: Left motor is saturated: target spd -0.015384660949127283
[WARN] [1786075825.907268721] [motor_controller_pid]: Left motor is saturated: target spd -0.015384660949127283
[WARN] [1786075825.957050233] [motor_controller_pid]: Left motor is saturated: target spd -0.011977685847738758
[WARN] [1786075826.007428470] [motor_controller_pid]: Left motor is saturated: target spd -0.011977685847738758
[WARN] [1786075826.057078481] [motor_controller_pid]: Left motor is saturated: target spd -0.014298648575227708
[WARN] [1786075826.107138810] [motor_controller_pid]: Left motor is saturated: target spd -0.014298648575227708
[WARN] [1786075826.108161371] [motor_controller_pid]: Right motor is saturated: target spd 0.00967385712834075
[WARN] [1786075826.156980229] [motor_controller_pid]: Left motor is saturated: target spd -0.013982594485924347
[WARN] [1786075826.158541682] [motor_controller_pid]: Right motor is saturated: target spd 0.010838925365760223
[WARN] [1786075826.207382430] [motor_controller_pid]: Left motor is saturated: target spd -0.013982594485924347
[WARN] [1786075826.208406769] [motor_controller_pid]: Right motor is saturated: target spd 0.010838925365760223
[WARN] [1786075826.256911292] [motor_controller_pid]: Left motor is saturated: target spd -0.016307436776254326
[WARN] [1786075826.258336245] [motor_controller_pid]: Right motor is saturated: target spd 0.010724796998407692
[WARN] [1786075826.307099732] [motor_controller_pid]: Left motor is saturated: target spd -0.016307436776254326
[WARN] [1786075826.308154127] [motor_controller_pid]: Right motor is saturated: target spd 0.010724796998407692
[WARN] [1786075826.357124709] [motor_controller_pid]: Left motor is saturated: target spd -0.012957262156449724
[WARN] [1786075826.358912496] [motor_controller_pid]: Right motor is saturated: target spd 0.007883345427073073
[WARN] [1786075826.407234167] [motor_controller_pid]: Left motor is saturated: target spd -0.012957262156449724
[WARN] [1786075826.408207431] [motor_controller_pid]: Right motor is saturated: target spd 0.007883345427073073
[WARN] [1786075826.456891197] [motor_controller_pid]: Left motor is saturated: target spd -0.015955422485794405
[WARN] [1786075826.458272130] [motor_controller_pid]: Right motor is saturated: target spd 0.009705666040454525
[WARN] [1786075826.507319434] [motor_controller_pid]: Left motor is saturated: target spd -0.015955422485794405
[WARN] [1786075826.508390255] [motor_controller_pid]: Right motor is saturated: target spd 0.009705666040454525
[WARN] [1786075826.556872630] [motor_controller_pid]: Left motor is saturated: target spd -0.016416309244418517
[WARN] [1786075826.558013877] [motor_controller_pid]: Right motor is saturated: target spd 0.009860260569071397
[WARN] [1786075826.606998940] [motor_controller_pid]: Left motor is saturated: target spd -0.016416309244418517
[WARN] [1786075826.608008557] [motor_controller_pid]: Right motor is saturated: target spd 0.009860260569071397
[WARN] [1786075826.656964861] [motor_controller_pid]: Left motor is saturated: target spd -0.015199655021796935
[WARN] [1786075826.658620907] [motor_controller_pid]: Right motor is saturated: target spd 0.011294883389701135
[WARN] [1786075826.707008263] [motor_controller_pid]: Left motor is saturated: target spd -0.015199655021796935
[WARN] [1786075826.708021120] [motor_controller_pid]: Right motor is saturated: target spd 0.011294883389701135
[WARN] [1786075826.756975165] [motor_controller_pid]: Left motor is saturated: target spd -0.01799811951816082
[WARN] [1786075826.758581766] [motor_controller_pid]: Right motor is saturated: target spd 0.010129360780119896
[WARN] [1786075826.807192179] [motor_controller_pid]: Left motor is saturated: target spd -0.01799811951816082
[WARN] [1786075826.808254944] [motor_controller_pid]: Right motor is saturated: target spd 0.010129360780119896
[WARN] [1786075826.859655706] [motor_controller_pid]: Left motor is saturated: target spd -0.01799811951816082
[WARN] [1786075826.860697526] [motor_controller_pid]: Right motor is saturated: target spd 0.010129360780119896
[WARN] [1786075826.907973302] [motor_controller_pid]: Left motor is saturated: target spd -0.020517644343874417
[WARN] [1786075826.908942604] [motor_controller_pid]: Right motor is saturated: target spd 0.012382744940021076
[WARN] [1786075826.956967791] [motor_controller_pid]: Left motor is saturated: target spd -0.020033093147864566
[WARN] [1786075826.958705893] [motor_controller_pid]: Right motor is saturated: target spd 0.011389398968825116
[WARN] [1786075827.007007397] [motor_controller_pid]: Left motor is saturated: target spd -0.020033093147864566
[WARN] [1786075827.008021032] [motor_controller_pid]: Right motor is saturated: target spd 0.011389398968825116
[WARN] [1786075827.056937206] [motor_controller_pid]: Left motor is saturated: target spd -0.021179146843589843
[WARN] [1786075827.058015768] [motor_controller_pid]: Right motor is saturated: target spd 0.012245696259103715
[WARN] [1786075827.106920053] [motor_controller_pid]: Left motor is saturated: target spd -0.021179146843589843
[WARN] [1786075827.107911151] [motor_controller_pid]: Right motor is saturated: target spd 0.012245696259103715
[WARN] [1786075827.156927288] [motor_controller_pid]: Left motor is saturated: target spd -0.017212224778780365
[WARN] [1786075827.158396592] [motor_controller_pid]: Right motor is saturated: target spd 0.016662100675454712
[WARN] [1786075827.207223970] [motor_controller_pid]: Left motor is saturated: target spd -0.017212224778780365
[WARN] [1786075827.208286790] [motor_controller_pid]: Right motor is saturated: target spd 0.016662100675454712
[WARN] [1786075827.256879981] [motor_controller_pid]: Left motor is saturated: target spd -0.01709783177464269
[WARN] [1786075827.257909894] [motor_controller_pid]: Right motor is saturated: target spd 0.013082957755634561
[WARN] [1786075827.306983309] [motor_controller_pid]: Left motor is saturated: target spd -0.01709783177464269
[WARN] [1786075827.308143390] [motor_controller_pid]: Right motor is saturated: target spd 0.013082957755634561
[WARN] [1786075827.356989952] [motor_controller_pid]: Left motor is saturated: target spd -0.015553516024677083
[WARN] [1786075827.358597961] [motor_controller_pid]: Right motor is saturated: target spd 0.012057892357977107
[WARN] [1786075827.407170651] [motor_controller_pid]: Left motor is saturated: target spd -0.015553516024677083
[WARN] [1786075827.408264898] [motor_controller_pid]: Right motor is saturated: target spd 0.012057892357977107
[WARN] [1786075827.456930145] [motor_controller_pid]: Left motor is saturated: target spd -0.017122652947471943
[WARN] [1786075827.458508524] [motor_controller_pid]: Right motor is saturated: target spd 0.012138094187213573
[WARN] [1786075827.507026177] [motor_controller_pid]: Left motor is saturated: target spd -0.017122652947471943
[WARN] [1786075827.508129053] [motor_controller_pid]: Right motor is saturated: target spd 0.012138094187213573
[WARN] [1786075827.556980801] [motor_controller_pid]: Left motor is saturated: target spd -0.013038287827273598
[WARN] [1786075827.558906867] [motor_controller_pid]: Right motor is saturated: target spd 0.010475152215460548
[WARN] [1786075827.607068796] [motor_controller_pid]: Left motor is saturated: target spd -0.013038287827273598
[WARN] [1786075827.608172284] [motor_controller_pid]: Right motor is saturated: target spd 0.010475152215460548
[WARN] [1786075827.656952086] [motor_controller_pid]: Left motor is saturated: target spd -0.01667765145575395
[WARN] [1786075827.658119704] [motor_controller_pid]: Right motor is saturated: target spd 0.014303332293278072
[WARN] [1786075827.707028692] [motor_controller_pid]: Left motor is saturated: target spd -0.01667765145575395
[WARN] [1786075827.708109550] [motor_controller_pid]: Right motor is saturated: target spd 0.014303332293278072
[WARN] [1786075827.756971965] [motor_controller_pid]: Left motor is saturated: target spd -0.01890680837132968
[WARN] [1786075827.758466454] [motor_controller_pid]: Right motor is saturated: target spd 0.012631093238806353
[WARN] [1786075827.807000256] [motor_controller_pid]: Left motor is saturated: target spd -0.01890680837132968
[WARN] [1786075827.808177484] [motor_controller_pid]: Right motor is saturated: target spd 0.012631093238806353
[WARN] [1786075827.857096084] [motor_controller_pid]: Left motor is saturated: target spd -0.01652747650084784
[WARN] [1786075827.858767741] [motor_controller_pid]: Right motor is saturated: target spd 0.012800338897726034
[WARN] [1786075827.919972519] [motor_controller_pid]: Left motor is saturated: target spd -0.01652747650084784
[WARN] [1786075827.921545639] [motor_controller_pid]: Right motor is saturated: target spd 0.012800338897726034
[WARN] [1786075827.956984647] [motor_controller_pid]: Left motor is saturated: target spd -0.01310654908020515
[WARN] [1786075827.958425636] [motor_controller_pid]: Right motor is saturated: target spd 0.008476607579994015
[WARN] [1786075828.007301995] [motor_controller_pid]: Left motor is saturated: target spd -0.01310654908020515
[WARN] [1786075828.008327501] [motor_controller_pid]: Right motor is saturated: target spd 0.008476607579994015
[WARN] [1786075828.056928376] [motor_controller_pid]: Left motor is saturated: target spd -0.012175148554623592
[WARN] [1786075828.058835628] [motor_controller_pid]: Right motor is saturated: target spd 0.007111824847280514
[WARN] [1786075828.107085557] [motor_controller_pid]: Left motor is saturated: target spd -0.012175148554623592
[WARN] [1786075828.108156600] [motor_controller_pid]: Right motor is saturated: target spd 0.007111824847280514
[WARN] [1786075828.156964570] [motor_controller_pid]: Left motor is saturated: target spd -0.01347125841663219
[WARN] [1786075828.158751302] [motor_controller_pid]: Right motor is saturated: target spd 0.007525807634135708
[WARN] [1786075828.206962379] [motor_controller_pid]: Left motor is saturated: target spd -0.01347125841663219
[WARN] [1786075828.207974422] [motor_controller_pid]: Right motor is saturated: target spd 0.007525807634135708
[WARN] [1786075828.256935855] [motor_controller_pid]: Left motor is saturated: target spd -0.017503210193640553
[WARN] [1786075828.258023565] [motor_controller_pid]: Right motor is saturated: target spd 0.013432870768778957
[WARN] [1786075833.506908086] [motor_controller_pid]: Left motor is saturated: target spd 0.15000000596046448
[WARN] [1786075833.507926425] [motor_controller_pid]: Right motor is saturated: target spd -0.15000000596046448
[WARN] [1786075833.557032267] [motor_controller_pid]: Left motor is saturated: target spd 0.15000000596046448
[WARN] [1786075833.559042963] [motor_controller_pid]: Right motor is saturated: target spd -0.15000000596046448
[WARN] [1786075833.606867483] [motor_controller_pid]: Left motor is saturated: target spd 0.15000000596046448
[WARN] [1786075833.607823840] [motor_controller_pid]: Right motor is saturated: target spd -0.15000000596046448
[WARN] [1786075833.656949015] [motor_controller_pid]: Left motor is saturated: target spd 0.15000000596046448
[WARN] [1786075833.658641505] [motor_controller_pid]: Right motor is saturated: target spd -0.15000000596046448
[WARN] [1786075833.706940343] [motor_controller_pid]: Left motor is saturated: target spd 0.15000000596046448
[WARN] [1786075833.707950718] [motor_controller_pid]: Right motor is saturated: target spd -0.15000000596046448
[WARN] [1786075833.757019189] [motor_controller_pid]: Left motor is saturated: target spd 0.15000000596046448
[WARN] [1786075833.758233363] [motor_controller_pid]: Right motor is saturated: target spd -0.15000000596046448
[WARN] [1786075833.806911961] [motor_controller_pid]: Left motor is saturated: target spd 0.15000000596046448
[WARN] [1786075833.807954115] [motor_controller_pid]: Right motor is saturated: target spd -0.15000000596046448
[WARN] [1786075833.857086216] [motor_controller_pid]: Left motor is saturated: target spd 0.15000000596046448
[WARN] [1786075833.858812059] [motor_controller_pid]: Right motor is saturated: target spd -0.15000000596046448
[WARN] [1786075833.906977062] [motor_controller_pid]: Left motor is saturated: target spd 0.15000000596046448
[WARN] [1786075833.907987845] [motor_controller_pid]: Right motor is saturated: target spd -0.15000000596046448
[WARN] [1786075833.956937834] [motor_controller_pid]: Left motor is saturated: target spd 0.15000000596046448
[WARN] [1786075833.958048803] [motor_controller_pid]: Right motor is saturated: target spd -0.15000000596046448
[WARN] [1786075834.007076922] [motor_controller_pid]: Left motor is saturated: target spd 0.15000000596046448
[WARN] [1786075834.008144354] [motor_controller_pid]: Right motor is saturated: target spd -0.15000000596046448
[WARN] [1786075834.056979824] [motor_controller_pid]: Left motor is saturated: target spd 0.15000000596046448
[WARN] [1786075834.058882038] [motor_controller_pid]: Right motor is saturated: target spd -0.15000000596046448
[WARN] [1786075834.106991929] [motor_controller_pid]: Left motor is saturated: target spd 0.15000000596046448
[WARN] [1786075834.108095584] [motor_controller_pid]: Right motor is saturated: target spd -0.15000000596046448
[WARN] [1786075834.157093276] [motor_controller_pid]: Left motor is saturated: target spd 0.15000000596046448
[WARN] [1786075834.158670674] [motor_controller_pid]: Right motor is saturated: target spd -0.15000000596046448
[WARN] [1786075834.206869770] [motor_controller_pid]: Left motor is saturated: target spd 0.15000000596046448
[WARN] [1786075834.207881257] [motor_controller_pid]: Right motor is saturated: target spd -0.15000000596046448
[WARN] [1786075834.256962172] [motor_controller_pid]: Left motor is saturated: target spd 0.15000000596046448
[WARN] [1786075834.258429884] [motor_controller_pid]: Right motor is saturated: target spd -0.15000000596046448
[WARN] [1786075834.306958871] [motor_controller_pid]: Left motor is saturated: target spd 0.15000000596046448
[WARN] [1786075834.308114821] [motor_controller_pid]: Right motor is saturated: target spd -0.15000000596046448
[WARN] [1786075834.357019217] [motor_controller_pid]: Left motor is saturated: target spd 0.15000000596046448
[WARN] [1786075834.358233687] [motor_controller_pid]: Right motor is saturated: target spd -0.15000000596046448
[WARN] [1786075834.406861433] [motor_controller_pid]: Left motor is saturated: target spd 0.15000000596046448
[WARN] [1786075834.407909124] [motor_controller_pid]: Right motor is saturated: target spd -0.15000000596046448
[WARN] [1786075834.456983244] [motor_controller_pid]: Left motor is saturated: target spd 0.15000000596046448
[WARN] [1786075834.458181565] [motor_controller_pid]: Right motor is saturated: target spd -0.15000000596046448
[WARN] [1786075834.506900904] [motor_controller_pid]: Left motor is saturated: target spd 0.15000000596046448
[WARN] [1786075834.507926632] [motor_controller_pid]: Right motor is saturated: target spd -0.15000000596046448
[WARN] [1786075834.557062937] [motor_controller_pid]: Left motor is saturated: target spd 0.15000000596046448
[WARN] [1786075834.559257912] [motor_controller_pid]: Right motor is saturated: target spd -0.15000000596046448
[WARN] [1786075834.607003172] [motor_controller_pid]: Left motor is saturated: target spd 0.15000000596046448
[WARN] [1786075834.608082882] [motor_controller_pid]: Right motor is saturated: target spd -0.15000000596046448
[WARN] [1786075834.657037352] [motor_controller_pid]: Left motor is saturated: target spd 0.15000000596046448
[WARN] [1786075834.658239525] [motor_controller_pid]: Right motor is saturated: target spd -0.15000000596046448
[WARN] [1786075834.707068458] [motor_controller_pid]: Left motor is saturated: target spd 0.15000000596046448
[WARN] [1786075834.708134019] [motor_controller_pid]: Right motor is saturated: target spd -0.15000000596046448
[WARN] [1786075834.757063434] [motor_controller_pid]: Left motor is saturated: target spd 0.15000000596046448
[WARN] [1786075834.758549461] [motor_controller_pid]: Right motor is saturated: target spd -0.15000000596046448
[WARN] [1786075834.806968539] [motor_controller_pid]: Left motor is saturated: target spd 0.15000000596046448
[WARN] [1786075834.808185731] [motor_controller_pid]: Right motor is saturated: target spd -0.15000000596046448
[WARN] [1786075834.856989089] [motor_controller_pid]: Left motor is saturated: target spd 0.15000000596046448
[WARN] [1786075834.858680784] [motor_controller_pid]: Right motor is saturated: target spd -0.15000000596046448
[WARN] [1786075834.907447050] [motor_controller_pid]: Left motor is saturated: target spd 0.15000000596046448
[WARN] [1786075834.908524741] [motor_controller_pid]: Right motor is saturated: target spd -0.15000000596046448
[WARN] [1786075834.956961764] [motor_controller_pid]: Left motor is saturated: target spd 0.15000000596046448
[WARN] [1786075834.958669551] [motor_controller_pid]: Right motor is saturated: target spd -0.15000000596046448
[WARN] [1786075835.007032092] [motor_controller_pid]: Left motor is saturated: target spd 0.15000000596046448
[WARN] [1786075835.008101098] [motor_controller_pid]: Right motor is saturated: target spd -0.15000000596046448
[WARN] [1786075835.057018087] [motor_controller_pid]: Left motor is saturated: target spd 0.15000000596046448
[WARN] [1786075835.058705077] [motor_controller_pid]: Right motor is saturated: target spd -0.15000000596046448
[WARN] [1786075835.107049285] [motor_controller_pid]: Left motor is saturated: target spd 0.15000000596046448
[WARN] [1786075835.108133939] [motor_controller_pid]: Right motor is saturated: target spd -0.15000000596046448
[WARN] [1786075835.157061206] [motor_controller_pid]: Left motor is saturated: target spd 0.15000000596046448
[WARN] [1786075835.158482547] [motor_controller_pid]: Right motor is saturated: target spd -0.15000000596046448
[WARN] [1786075835.206940311] [motor_controller_pid]: Left motor is saturated: target spd 0.15000000596046448
[WARN] [1786075835.207971835] [motor_controller_pid]: Right motor is saturated: target spd -0.15000000596046448
[WARN] [1786075835.256946509] [motor_controller_pid]: Left motor is saturated: target spd 0.15000000596046448
[WARN] [1786075835.258781556] [motor_controller_pid]: Right motor is saturated: target spd -0.15000000596046448
[WARN] [1786075835.307030208] [motor_controller_pid]: Left motor is saturated: target spd 0.15000000596046448
[WARN] [1786075835.308208140] [motor_controller_pid]: Right motor is saturated: target spd -0.15000000596046448
[WARN] [1786075835.357133833] [motor_controller_pid]: Left motor is saturated: target spd 0.15000000596046448
[WARN] [1786075835.358957213] [motor_controller_pid]: Right motor is saturated: target spd -0.15000000596046448
[WARN] [1786075835.406986456] [motor_controller_pid]: Left motor is saturated: target spd 0.15000000596046448
[WARN] [1786075835.408006851] [motor_controller_pid]: Right motor is saturated: target spd -0.15000000596046448
[WARN] [1786075835.457091100] [motor_controller_pid]: Left motor is saturated: target spd 0.15000000596046448
[WARN] [1786075835.458597071] [motor_controller_pid]: Right motor is saturated: target spd -0.15000000596046448
[WARN] [1786075835.506894297] [motor_controller_pid]: Left motor is saturated: target spd 0.15000000596046448
[WARN] [1786075835.507907580] [motor_controller_pid]: Right motor is saturated: target spd -0.15000000596046448
[WARN] [1786075835.556976718] [motor_controller_pid]: Left motor is saturated: target spd 0.15000000596046448
[WARN] [1786075835.559025599] [motor_controller_pid]: Right motor is saturated: target spd -0.15000000596046448
[WARN] [1786075835.606919416] [motor_controller_pid]: Left motor is saturated: target spd 0.15000000596046448
[WARN] [1786075835.607923255] [motor_controller_pid]: Right motor is saturated: target spd -0.15000000596046448
[WARN] [1786075835.656908355] [motor_controller_pid]: Left motor is saturated: target spd 0.15000000596046448
[WARN] [1786075835.657955138] [motor_controller_pid]: Right motor is saturated: target spd -0.15000000596046448
[WARN] [1786075835.707040369] [motor_controller_pid]: Left motor is saturated: target spd 0.15000000596046448
[WARN] [1786075835.708130134] [motor_controller_pid]: Right motor is saturated: target spd -0.15000000596046448
[WARN] [1786075835.756987363] [motor_controller_pid]: Left motor is saturated: target spd 0.15000000596046448
[WARN] [1786075835.758366019] [motor_controller_pid]: Right motor is saturated: target spd -0.15000000596046448
[WARN] [1786075835.806914468] [motor_controller_pid]: Left motor is saturated: target spd 0.15000000596046448
[WARN] [1786075835.807984159] [motor_controller_pid]: Right motor is saturated: target spd -0.15000000596046448
[WARN] [1786075835.857011075] [motor_controller_pid]: Left motor is saturated: target spd 0.15000000596046448
[WARN] [1786075835.858856085] [motor_controller_pid]: Right motor is saturated: target spd -0.15000000596046448
[WARN] [1786075835.907888092] [motor_controller_pid]: Left motor is saturated: target spd 0.15000000596046448
[WARN] [1786075835.908990784] [motor_controller_pid]: Right motor is saturated: target spd -0.15000000596046448
[WARN] [1786075835.957035323] [motor_controller_pid]: Left motor is saturated: target spd 0.15000000596046448
[WARN] [1786075835.958461312] [motor_controller_pid]: Right motor is saturated: target spd -0.15000000596046448
[WARN] [1786075836.007039077] [motor_controller_pid]: Left motor is saturated: target spd 0.15000000596046448
[WARN] [1786075836.008113842] [motor_controller_pid]: Right motor is saturated: target spd -0.15000000596046448
[WARN] [1786075836.057093702] [motor_controller_pid]: Left motor is saturated: target spd 0.15000000596046448
[WARN] [1786075836.059140361] [motor_controller_pid]: Right motor is saturated: target spd -0.15000000596046448
[WARN] [1786075836.106956047] [motor_controller_pid]: Left motor is saturated: target spd 0.15000000596046448
[WARN] [1786075836.107994220] [motor_controller_pid]: Right motor is saturated: target spd -0.15000000596046448
[WARN] [1786075836.156976542] [motor_controller_pid]: Left motor is saturated: target spd 0.15000000596046448
[WARN] [1786075836.158519236] [motor_controller_pid]: Right motor is saturated: target spd -0.15000000596046448
[WARN] [1786075836.206965370] [motor_controller_pid]: Left motor is saturated: target spd 0.15000000596046448
[WARN] [1786075836.208046839] [motor_controller_pid]: Right motor is saturated: target spd -0.15000000596046448
[WARN] [1786075836.256935772] [motor_controller_pid]: Left motor is saturated: target spd 0.15000000596046448
[WARN] [1786075836.258530781] [motor_controller_pid]: Right motor is saturated: target spd -0.15000000596046448
[WARN] [1786075836.307040063] [motor_controller_pid]: Left motor is saturated: target spd 0.15000000596046448
[WARN] [1786075836.308289848] [motor_controller_pid]: Right motor is saturated: target spd -0.15000000596046448
[WARN] [1786075836.357106781] [motor_controller_pid]: Left motor is saturated: target spd 0.15000000596046448
[WARN] [1786075836.358902809] [motor_controller_pid]: Right motor is saturated: target spd -0.15000000596046448
[WARN] [1786075836.407103275] [motor_controller_pid]: Left motor is saturated: target spd 0.15000000596046448
[WARN] [1786075836.408173799] [motor_controller_pid]: Right motor is saturated: target spd -0.15000000596046448
[WARN] [1786075836.456988214] [motor_controller_pid]: Left motor is saturated: target spd 0.15000000596046448
[WARN] [1786075836.458552074] [motor_controller_pid]: Right motor is saturated: target spd -0.15000000596046448
[WARN] [1786075836.506998060] [motor_controller_pid]: Left motor is saturated: target spd 0.15000000596046448
[WARN] [1786075836.508113196] [motor_controller_pid]: Right motor is saturated: target spd -0.15000000596046448
[WARN] [1786075836.557043314] [motor_controller_pid]: Left motor is saturated: target spd 0.15000000596046448
[WARN] [1786075836.558904732] [motor_controller_pid]: Right motor is saturated: target spd -0.15000000596046448
[WARN] [1786075836.607001123] [motor_controller_pid]: Left motor is saturated: target spd 0.15000000596046448
[WARN] [1786075836.608084277] [motor_controller_pid]: Right motor is saturated: target spd -0.15000000596046448
[WARN] [1786075836.656971525] [motor_controller_pid]: Left motor is saturated: target spd 0.15000000596046448
[WARN] [1786075836.658508126] [motor_controller_pid]: Right motor is saturated: target spd -0.15000000596046448
[WARN] [1786075836.706896427] [motor_controller_pid]: Left motor is saturated: target spd 0.15000000596046448
[WARN] [1786075836.707915562] [motor_controller_pid]: Right motor is saturated: target spd -0.15000000596046448
[WARN] [1786075836.757020181] [motor_controller_pid]: Left motor is saturated: target spd 0.15000000596046448
[WARN] [1786075836.758322800] [motor_controller_pid]: Right motor is saturated: target spd -0.15000000596046448
[WARN] [1786075836.807104991] [motor_controller_pid]: Left motor is saturated: target spd 0.15000000596046448
[WARN] [1786075836.808292535] [motor_controller_pid]: Right motor is saturated: target spd -0.15000000596046448
[WARN] [1786075836.857028208] [motor_controller_pid]: Left motor is saturated: target spd 0.15000000596046448
[WARN] [1786075836.858256992] [motor_controller_pid]: Right motor is saturated: target spd -0.15000000596046448
[WARN] [1786075836.907149092] [motor_controller_pid]: Left motor is saturated: target spd 0.15000000596046448
[WARN] [1786075836.908154153] [motor_controller_pid]: Right motor is saturated: target spd -0.15000000596046448
[WARN] [1786075836.957079160] [motor_controller_pid]: Left motor is saturated: target spd 0.15000000596046448
[WARN] [1786075836.958351908] [motor_controller_pid]: Right motor is saturated: target spd -0.15000000596046448
[WARN] [1786075837.006963506] [motor_controller_pid]: Left motor is saturated: target spd 0.15000000596046448
[WARN] [1786075837.008001882] [motor_controller_pid]: Right motor is saturated: target spd -0.15000000596046448
[WARN] [1786075837.056975908] [motor_controller_pid]: Left motor is saturated: target spd 0.15000000596046448
[WARN] [1786075837.058786714] [motor_controller_pid]: Right motor is saturated: target spd -0.15000000596046448
[WARN] [1786075837.106978329] [motor_controller_pid]: Left motor is saturated: target spd 0.15000000596046448
[WARN] [1786075837.108048075] [motor_controller_pid]: Right motor is saturated: target spd -0.15000000596046448
[WARN] [1786075837.157070731] [motor_controller_pid]: Left motor is saturated: target spd 0.15000000596046448
[WARN] [1786075837.158403590] [motor_controller_pid]: Right motor is saturated: target spd -0.15000000596046448
[WARN] [1786075837.206875151] [motor_controller_pid]: Left motor is saturated: target spd 0.15000000596046448
[WARN] [1786075837.207866101] [motor_controller_pid]: Right motor is saturated: target spd -0.15000000596046448
[WARN] [1786075837.256922646] [motor_controller_pid]: Left motor is saturated: target spd 0.15000000596046448
[WARN] [1786075837.258543395] [motor_controller_pid]: Right motor is saturated: target spd -0.15000000596046448
[WARN] [1786075837.306919270] [motor_controller_pid]: Left motor is saturated: target spd 0.15000000596046448
[WARN] [1786075837.307960109] [motor_controller_pid]: Right motor is saturated: target spd -0.15000000596046448
[WARN] [1786075837.356976246] [motor_controller_pid]: Left motor is saturated: target spd 0.15000000596046448
[WARN] [1786075837.358306846] [motor_controller_pid]: Right motor is saturated: target spd -0.15000000596046448
[WARN] [1786075837.406973908] [motor_controller_pid]: Left motor is saturated: target spd 0.15000000596046448
[WARN] [1786075837.408039784] [motor_controller_pid]: Right motor is saturated: target spd -0.15000000596046448
[WARN] [1786075837.456970235] [motor_controller_pid]: Left motor is saturated: target spd 0.15000000596046448
[WARN] [1786075837.458611263] [motor_controller_pid]: Right motor is saturated: target spd -0.15000000596046448
[WARN] [1786075837.506893248] [motor_controller_pid]: Left motor is saturated: target spd 0.15000000596046448
[WARN] [1786075837.507966550] [motor_controller_pid]: Right motor is saturated: target spd -0.15000000596046448
[WARN] [1786075837.557044558] [motor_controller_pid]: Left motor is saturated: target spd 0.15000000596046448
[WARN] [1786075837.558953921] [motor_controller_pid]: Right motor is saturated: target spd -0.15000000596046448
[WARN] [1786075837.606898812] [motor_controller_pid]: Left motor is saturated: target spd 0.15000000596046448
[WARN] [1786075837.607908743] [motor_controller_pid]: Right motor is saturated: target spd -0.15000000596046448
[WARN] [1786075837.657050807] [motor_controller_pid]: Left motor is saturated: target spd 0.15000000596046448
[WARN] [1786075837.658768779] [motor_controller_pid]: Right motor is saturated: target spd -0.15000000596046448
[WARN] [1786075837.706860597] [motor_controller_pid]: Left motor is saturated: target spd 0.15000000596046448
[WARN] [1786075837.707970418] [motor_controller_pid]: Right motor is saturated: target spd -0.15000000596046448
[WARN] [1786075837.757043481] [motor_controller_pid]: Left motor is saturated: target spd 0.15000000596046448
[WARN] [1786075837.759050492] [motor_controller_pid]: Right motor is saturated: target spd -0.15000000596046448
[WARN] [1786075837.806924420] [motor_controller_pid]: Left motor is saturated: target spd 0.15000000596046448
[WARN] [1786075837.807983444] [motor_controller_pid]: Right motor is saturated: target spd -0.15000000596046448
[WARN] [1786075837.857141286] [motor_controller_pid]: Left motor is saturated: target spd 0.15000000596046448
[WARN] [1786075837.858802221] [motor_controller_pid]: Right motor is saturated: target spd -0.15000000596046448
[WARN] [1786075837.907696024] [motor_controller_pid]: Left motor is saturated: target spd 0.15000000596046448
[WARN] [1786075837.908701622] [motor_controller_pid]: Right motor is saturated: target spd -0.15000000596046448
[WARN] [1786075837.956989719] [motor_controller_pid]: Left motor is saturated: target spd 0.15000000596046448
[WARN] [1786075837.958266392] [motor_controller_pid]: Right motor is saturated: target spd -0.15000000596046448
[WARN] [1786075838.007013806] [motor_controller_pid]: Left motor is saturated: target spd 0.15000000596046448
[WARN] [1786075838.008091256] [motor_controller_pid]: Right motor is saturated: target spd -0.15000000596046448
[WARN] [1786075838.057052894] [motor_controller_pid]: Left motor is saturated: target spd 0.15000000596046448
[WARN] [1786075838.058428586] [motor_controller_pid]: Right motor is saturated: target spd -0.15000000596046448
[WARN] [1786075838.106837646] [motor_controller_pid]: Left motor is saturated: target spd 0.15000000596046448
[WARN] [1786075838.107877615] [motor_controller_pid]: Right motor is saturated: target spd -0.15000000596046448
[WARN] [1786075838.157066124] [motor_controller_pid]: Left motor is saturated: target spd 0.15000000596046448
[WARN] [1786075838.158353186] [motor_controller_pid]: Right motor is saturated: target spd -0.15000000596046448
[WARN] [1786075838.206967321] [motor_controller_pid]: Left motor is saturated: target spd 0.15000000596046448
[WARN] [1786075838.208030198] [motor_controller_pid]: Right motor is saturated: target spd -0.15000000596046448
[WARN] [1786075838.256933945] [motor_controller_pid]: Left motor is saturated: target spd 0.15000000596046448
[WARN] [1786075838.258519639] [motor_controller_pid]: Right motor is saturated: target spd -0.15000000596046448
[WARN] [1786075838.306979477] [motor_controller_pid]: Left motor is saturated: target spd 0.2016125
[WARN] [1786075838.357409697] [motor_controller_pid]: Left motor is saturated: target spd 0.2016125
[WARN] [1786075838.406979300] [motor_controller_pid]: Left motor is saturated: target spd 0.2016125
[WARN] [1786075838.456979480] [motor_controller_pid]: Left motor is saturated: target spd 0.2016125
[WARN] [1786075838.506836937] [motor_controller_pid]: Left motor is saturated: target spd 0.2016125
[WARN] [1786075838.556999469] [motor_controller_pid]: Left motor is saturated: target spd 0.2016125
[WARN] [1786075838.606856222] [motor_controller_pid]: Left motor is saturated: target spd 0.2016125
[WARN] [1786075838.656980217] [motor_controller_pid]: Left motor is saturated: target spd 0.2016125
[WARN] [1786075838.706865786] [motor_controller_pid]: Left motor is saturated: target spd 0.2016125
[WARN] [1786075838.757009837] [motor_controller_pid]: Left motor is saturated: target spd 0.2016125
[WARN] [1786075838.806977849] [motor_controller_pid]: Left motor is saturated: target spd 0.2016125
[WARN] [1786075838.857041530] [motor_controller_pid]: Left motor is saturated: target spd 0.2016125
[WARN] [1786075838.906993765] [motor_controller_pid]: Left motor is saturated: target spd 0.2016125
[WARN] [1786075838.957103908] [motor_controller_pid]: Left motor is saturated: target spd 0.2016125
[WARN] [1786075839.006867105] [motor_controller_pid]: Left motor is saturated: target spd 0.2016125
[WARN] [1786075839.056987249] [motor_controller_pid]: Left motor is saturated: target spd 0.2016125
[WARN] [1786075839.106915854] [motor_controller_pid]: Left motor is saturated: target spd 0.2016125
[WARN] [1786075839.156972627] [motor_controller_pid]: Left motor is saturated: target spd 0.2016125
[WARN] [1786075839.206909991] [motor_controller_pid]: Left motor is saturated: target spd 0.2016125
[WARN] [1786075839.256990820] [motor_controller_pid]: Left motor is saturated: target spd 0.2016125
[WARN] [1786075839.307007685] [motor_controller_pid]: Left motor is saturated: target spd 0.2016125
[WARN] [1786075839.357001309] [motor_controller_pid]: Left motor is saturated: target spd 0.2016125
[WARN] [1786075839.406926488] [motor_controller_pid]: Left motor is saturated: target spd 0.2016125
[WARN] [1786075839.456973502] [motor_controller_pid]: Left motor is saturated: target spd 0.2016125
[WARN] [1786075839.506791606] [motor_controller_pid]: Left motor is saturated: target spd 0.2016125
[WARN] [1786075839.557016250] [motor_controller_pid]: Left motor is saturated: target spd 0.2016125
[WARN] [1786075839.606938726] [motor_controller_pid]: Left motor is saturated: target spd 0.2016125
[WARN] [1786075839.656969591] [motor_controller_pid]: Left motor is saturated: target spd 0.2016125
[WARN] [1786075839.706992401] [motor_controller_pid]: Left motor is saturated: target spd 0.2016125
[WARN] [1786075839.757020155] [motor_controller_pid]: Left motor is saturated: target spd 0.2016125
[WARN] [1786075839.807045890] [motor_controller_pid]: Left motor is saturated: target spd 0.2016125
[WARN] [1786075839.857039737] [motor_controller_pid]: Left motor is saturated: target spd 0.2016125
[WARN] [1786075839.906809415] [motor_controller_pid]: Left motor is saturated: target spd 0.2016125
[WARN] [1786075839.956985355] [motor_controller_pid]: Left motor is saturated: target spd 0.2016125
[WARN] [1786075840.006938831] [motor_controller_pid]: Left motor is saturated: target spd 0.2016125
[WARN] [1786075840.056983382] [motor_controller_pid]: Left motor is saturated: target spd 0.2016125
[WARN] [1786075840.106918839] [motor_controller_pid]: Left motor is saturated: target spd 0.2016125
[WARN] [1786075840.156952130] [motor_controller_pid]: Left motor is saturated: target spd 0.2016125
[WARN] [1786075840.206924032] [motor_controller_pid]: Left motor is saturated: target spd 0.2016125
[WARN] [1786075840.256887156] [motor_controller_pid]: Left motor is saturated: target spd 0.2016125
[WARN] [1786075840.306910836] [motor_controller_pid]: Left motor is saturated: target spd 0.2016125
[WARN] [1786075840.357092128] [motor_controller_pid]: Left motor is saturated: target spd 0.2016125
[WARN] [1786075840.406895436] [motor_controller_pid]: Left motor is saturated: target spd 0.2016125
[WARN] [1786075840.457059320] [motor_controller_pid]: Left motor is saturated: target spd 0.2016125
[WARN] [1786075840.506923981] [motor_controller_pid]: Left motor is saturated: target spd 0.2016125
[WARN] [1786075840.556976809] [motor_controller_pid]: Left motor is saturated: target spd 0.2016125
[WARN] [1786075840.607092249] [motor_controller_pid]: Left motor is saturated: target spd 0.2016125
[WARN] [1786075840.656955576] [motor_controller_pid]: Left motor is saturated: target spd 0.2016125
[WARN] [1786075840.707278369] [motor_controller_pid]: Left motor is saturated: target spd 0.2016125
[WARN] [1786075840.756973584] [motor_controller_pid]: Left motor is saturated: target spd 0.2016125
[WARN] [1786075840.807349618] [motor_controller_pid]: Left motor is saturated: target spd 0.2016125
[WARN] [1786075840.856990870] [motor_controller_pid]: Left motor is saturated: target spd 0.2016125
[WARN] [1786075840.907181458] [motor_controller_pid]: Left motor is saturated: target spd 0.2016125
[WARN] [1786075840.956965470] [motor_controller_pid]: Left motor is saturated: target spd 0.2016125
[WARN] [1786075841.007229466] [motor_controller_pid]: Left motor is saturated: target spd 0.2016125
[WARN] [1786075841.057074367] [motor_controller_pid]: Left motor is saturated: target spd 0.2016125
[WARN] [1786075841.107247492] [motor_controller_pid]: Left motor is saturated: target spd 0.2016125
[WARN] [1786075841.156974022] [motor_controller_pid]: Left motor is saturated: target spd 0.2016125
[WARN] [1786075841.207010906] [motor_controller_pid]: Left motor is saturated: target spd 0.2016125
[WARN] [1786075841.256962252] [motor_controller_pid]: Left motor is saturated: target spd 0.2016125
[WARN] [1786075841.306911839] [motor_controller_pid]: Left motor is saturated: target spd 0.2016125
[WARN] [1786075841.357070020] [motor_controller_pid]: Left motor is saturated: target spd 0.2016125
[WARN] [1786075841.407280757] [motor_controller_pid]: Left motor is saturated: target spd 0.2016125
[WARN] [1786075841.456956305] [motor_controller_pid]: Left motor is saturated: target spd 0.2016125
[WARN] [1786075841.507007300] [motor_controller_pid]: Left motor is saturated: target spd 0.2016125
[WARN] [1786075841.556991165] [motor_controller_pid]: Left motor is saturated: target spd 0.2016125
[WARN] [1786075841.607090012] [motor_controller_pid]: Left motor is saturated: target spd 0.2016125
[WARN] [1786075841.656988839] [motor_controller_pid]: Left motor is saturated: target spd 0.2016125
[WARN] [1786075841.707125575] [motor_controller_pid]: Left motor is saturated: target spd 0.2016125
[WARN] [1786075841.757018791] [motor_controller_pid]: Left motor is saturated: target spd 0.2016125
[WARN] [1786075841.807525918] [motor_controller_pid]: Left motor is saturated: target spd 0.2016125
[WARN] [1786075841.857078614] [motor_controller_pid]: Left motor is saturated: target spd 0.2016125
[WARN] [1786075841.907046757] [motor_controller_pid]: Left motor is saturated: target spd 0.2016125
[WARN] [1786075841.956992270] [motor_controller_pid]: Left motor is saturated: target spd 0.2016125
[WARN] [1786075842.007051339] [motor_controller_pid]: Left motor is saturated: target spd 0.2016125
[WARN] [1786075842.056950611] [motor_controller_pid]: Left motor is saturated: target spd 0.2016125
[WARN] [1786075842.107118254] [motor_controller_pid]: Left motor is saturated: target spd 0.2016125
[WARN] [1786075842.157022156] [motor_controller_pid]: Left motor is saturated: target spd 0.2016125
[WARN] [1786075842.206985595] [motor_controller_pid]: Left motor is saturated: target spd 0.2016125
[WARN] [1786075842.256943608] [motor_controller_pid]: Left motor is saturated: target spd 0.2016125
[WARN] [1786075842.306996491] [motor_controller_pid]: Left motor is saturated: target spd 0.2016125
[WARN] [1786075842.357196043] [motor_controller_pid]: Left motor is saturated: target spd 0.2016125
[WARN] [1786075842.407267741] [motor_controller_pid]: Left motor is saturated: target spd 0.2016125
[WARN] [1786075842.456964605] [motor_controller_pid]: Left motor is saturated: target spd 0.2016125
[WARN] [1786075842.507389454] [motor_controller_pid]: Left motor is saturated: target spd 0.2016125
[WARN] [1786075842.556977150] [motor_controller_pid]: Left motor is saturated: target spd 0.2016125
[WARN] [1786075842.607183664] [motor_controller_pid]: Left motor is saturated: target spd 0.2016125
[WARN] [1786075842.656949379] [motor_controller_pid]: Left motor is saturated: target spd 0.2016125
[WARN] [1786075842.707443988] [motor_controller_pid]: Left motor is saturated: target spd 0.2016125
[WARN] [1786075842.756946165] [motor_controller_pid]: Left motor is saturated: target spd 0.2016125
[WARN] [1786075842.807397458] [motor_controller_pid]: Left motor is saturated: target spd 0.2016125
[WARN] [1786075842.857064081] [motor_controller_pid]: Left motor is saturated: target spd 0.2016125
[WARN] [1786075842.907518670] [motor_controller_pid]: Left motor is saturated: target spd 0.2016125
[WARN] [1786075842.957062977] [motor_controller_pid]: Left motor is saturated: target spd 0.2016125
[WARN] [1786075843.007495845] [motor_controller_pid]: Left motor is saturated: target spd 0.2016125
[WARN] [1786075843.056951022] [motor_controller_pid]: Left motor is saturated: target spd 0.2016125
[WARN] [1786075843.107189814] [motor_controller_pid]: Left motor is saturated: target spd 0.2016125
[WARN] [1786075843.157052641] [motor_controller_pid]: Left motor is saturated: target spd 0.2016125
[WARN] [1786075843.207240766] [motor_controller_pid]: Left motor is saturated: target spd 0.2016125
[WARN] [1786075843.256937926] [motor_controller_pid]: Left motor is saturated: target spd 0.2016125
[WARN] [1786075843.307001680] [motor_controller_pid]: Left motor is saturated: target spd 0.2016125
[WARN] [1786075843.357049601] [motor_controller_pid]: Left motor is saturated: target spd 0.2016125
[WARN] [1786075843.407364449] [motor_controller_pid]: Left motor is saturated: target spd 0.2016125
[WARN] [1786075843.457216943] [motor_controller_pid]: Left motor is saturated: target spd 0.2016125
[WARN] [1786075843.458925267] [motor_controller_pid]: Right motor is saturated: target spd 0.2016125
[WARN] [1786075843.507190493] [motor_controller_pid]: Left motor is saturated: target spd 0.2016125
[WARN] [1786075843.508213980] [motor_controller_pid]: Right motor is saturated: target spd 0.2016125
[WARN] [1786075843.557050339] [motor_controller_pid]: Left motor is saturated: target spd 0.2016125
[WARN] [1786075843.559032979] [motor_controller_pid]: Right motor is saturated: target spd 0.2016125
[WARN] [1786075843.607300020] [motor_controller_pid]: Left motor is saturated: target spd 0.2016125
[WARN] [1786075843.608403026] [motor_controller_pid]: Right motor is saturated: target spd 0.2016125
[WARN] [1786075843.657043032] [motor_controller_pid]: Left motor is saturated: target spd 0.2016125
[WARN] [1786075843.658318594] [motor_controller_pid]: Right motor is saturated: target spd 0.2016125
[WARN] [1786075843.707154434] [motor_controller_pid]: Left motor is saturated: target spd 0.2016125
[WARN] [1786075843.708241811] [motor_controller_pid]: Right motor is saturated: target spd 0.2016125
[WARN] [1786075843.757070410] [motor_controller_pid]: Left motor is saturated: target spd 0.2016125
[WARN] [1786075843.758793475] [motor_controller_pid]: Right motor is saturated: target spd 0.2016125
[WARN] [1786075843.807691204] [motor_controller_pid]: Left motor is saturated: target spd 0.2016125
[WARN] [1786075843.808683154] [motor_controller_pid]: Right motor is saturated: target spd 0.2016125
[WARN] [1786075843.856976139] [motor_controller_pid]: Left motor is saturated: target spd 0.2016125
[WARN] [1786075843.858314813] [motor_controller_pid]: Right motor is saturated: target spd 0.2016125
[WARN] [1786075843.907641545] [motor_controller_pid]: Left motor is saturated: target spd 0.2016125
[WARN] [1786075843.908682773] [motor_controller_pid]: Right motor is saturated: target spd 0.2016125
[WARN] [1786075843.956991555] [motor_controller_pid]: Left motor is saturated: target spd 0.2016125
[WARN] [1786075843.958600063] [motor_controller_pid]: Right motor is saturated: target spd 0.2016125
[WARN] [1786075844.007456052] [motor_controller_pid]: Left motor is saturated: target spd 0.2016125
[WARN] [1786075844.008525558] [motor_controller_pid]: Right motor is saturated: target spd 0.2016125
[WARN] [1786075844.057148582] [motor_controller_pid]: Left motor is saturated: target spd 0.2016125
[WARN] [1786075844.058706164] [motor_controller_pid]: Right motor is saturated: target spd 0.2016125
[WARN] [1786075844.107247855] [motor_controller_pid]: Left motor is saturated: target spd 0.2016125
[WARN] [1786075844.108262749] [motor_controller_pid]: Right motor is saturated: target spd 0.2016125
[WARN] [1786075844.157027459] [motor_controller_pid]: Left motor is saturated: target spd 0.2016125
[WARN] [1786075844.158286114] [motor_controller_pid]: Right motor is saturated: target spd 0.2016125
[WARN] [1786075844.207846440] [motor_controller_pid]: Left motor is saturated: target spd 0.2016125
[WARN] [1786075844.208943261] [motor_controller_pid]: Right motor is saturated: target spd 0.2016125
[WARN] [1786075844.256946633] [motor_controller_pid]: Left motor is saturated: target spd 0.2016125
[WARN] [1786075844.258315344] [motor_controller_pid]: Right motor is saturated: target spd 0.2016125
[WARN] [1786075844.307564039] [motor_controller_pid]: Left motor is saturated: target spd 0.2016125
[WARN] [1786075844.308616767] [motor_controller_pid]: Right motor is saturated: target spd 0.2016125
[WARN] [1786075844.357306754] [motor_controller_pid]: Left motor is saturated: target spd 0.2016125
[WARN] [1786075844.358530335] [motor_controller_pid]: Right motor is saturated: target spd 0.2016125
[WARN] [1786075844.407576361] [motor_controller_pid]: Left motor is saturated: target spd 0.2016125
[WARN] [1786075844.409464427] [motor_controller_pid]: Right motor is saturated: target spd 0.2016125
[WARN] [1786075844.456985760] [motor_controller_pid]: Left motor is saturated: target spd 0.2016125
[WARN] [1786075844.458489935] [motor_controller_pid]: Right motor is saturated: target spd 0.2016125
[WARN] [1786075844.507033514] [motor_controller_pid]: Left motor is saturated: target spd 0.2016125
[WARN] [1786075844.508103927] [motor_controller_pid]: Right motor is saturated: target spd 0.2016125
[WARN] [1786075844.557039953] [motor_controller_pid]: Left motor is saturated: target spd 0.2016125
[WARN] [1786075844.558324164] [motor_controller_pid]: Right motor is saturated: target spd 0.2016125
[WARN] [1786075844.607436431] [motor_controller_pid]: Left motor is saturated: target spd 0.2016125
[WARN] [1786075844.608496548] [motor_controller_pid]: Right motor is saturated: target spd 0.2016125
[WARN] [1786075844.656944294] [motor_controller_pid]: Left motor is saturated: target spd 0.2016125
[WARN] [1786075844.658462376] [motor_controller_pid]: Right motor is saturated: target spd 0.2016125
[WARN] [1786075844.707977090] [motor_controller_pid]: Left motor is saturated: target spd 0.2016125
[WARN] [1786075844.709754581] [motor_controller_pid]: Right motor is saturated: target spd 0.2016125
[WARN] [1786075844.756971635] [motor_controller_pid]: Left motor is saturated: target spd 0.2016125
[WARN] [1786075844.758526347] [motor_controller_pid]: Right motor is saturated: target spd 0.2016125
[WARN] [1786075844.808004746] [motor_controller_pid]: Left motor is saturated: target spd 0.2016125
[WARN] [1786075844.809038104] [motor_controller_pid]: Right motor is saturated: target spd 0.2016125
[WARN] [1786075844.857017273] [motor_controller_pid]: Left motor is saturated: target spd 0.2016125
[WARN] [1786075844.858362669] [motor_controller_pid]: Right motor is saturated: target spd 0.2016125
[WARN] [1786075844.907358251] [motor_controller_pid]: Left motor is saturated: target spd 0.2016125
[WARN] [1786075844.908608387] [motor_controller_pid]: Right motor is saturated: target spd 0.2016125
[WARN] [1786075844.956983965] [motor_controller_pid]: Left motor is saturated: target spd 0.2016125
[WARN] [1786075844.958512252] [motor_controller_pid]: Right motor is saturated: target spd 0.2016125
[WARN] [1786075845.007243313] [motor_controller_pid]: Left motor is saturated: target spd 0.2016125
[WARN] [1786075845.008264745] [motor_controller_pid]: Right motor is saturated: target spd 0.2016125
[WARN] [1786075845.056940103] [motor_controller_pid]: Left motor is saturated: target spd 0.2016125
[WARN] [1786075845.058755464] [motor_controller_pid]: Right motor is saturated: target spd 0.2016125
[WARN] [1786075845.107202691] [motor_controller_pid]: Left motor is saturated: target spd 0.2016125
[WARN] [1786075845.108222845] [motor_controller_pid]: Right motor is saturated: target spd 0.2016125
[WARN] [1786075845.157076333] [motor_controller_pid]: Left motor is saturated: target spd 0.2016125
[WARN] [1786075845.158371600] [motor_controller_pid]: Right motor is saturated: target spd 0.2016125
[WARN] [1786075845.207872073] [motor_controller_pid]: Left motor is saturated: target spd 0.2016125
[WARN] [1786075845.208961190] [motor_controller_pid]: Right motor is saturated: target spd 0.2016125
[WARN] [1786075845.257005933] [motor_controller_pid]: Left motor is saturated: target spd 0.2016125
[WARN] [1786075845.258693461] [motor_controller_pid]: Right motor is saturated: target spd 0.2016125
[WARN] [1786075845.307970192] [motor_controller_pid]: Left motor is saturated: target spd 0.2016125
[WARN] [1786075845.309174162] [motor_controller_pid]: Right motor is saturated: target spd 0.2016125
[WARN] [1786075845.357082756] [motor_controller_pid]: Left motor is saturated: target spd 0.2016125
[WARN] [1786075845.358414745] [motor_controller_pid]: Right motor is saturated: target spd 0.2016125
[WARN] [1786075845.407655272] [motor_controller_pid]: Left motor is saturated: target spd 0.2016125
[WARN] [1786075845.408617944] [motor_controller_pid]: Right motor is saturated: target spd 0.2016125
[WARN] [1786075845.456991838] [motor_controller_pid]: Left motor is saturated: target spd 0.2016125
[WARN] [1786075845.458595420] [motor_controller_pid]: Right motor is saturated: target spd 0.2016125
[WARN] [1786075845.507425298] [motor_controller_pid]: Left motor is saturated: target spd 0.2016125
[WARN] [1786075845.508479525] [motor_controller_pid]: Right motor is saturated: target spd 0.2016125
[WARN] [1786075845.556982234] [motor_controller_pid]: Left motor is saturated: target spd 0.2016125
[WARN] [1786075845.558839578] [motor_controller_pid]: Right motor is saturated: target spd 0.2016125
[WARN] [1786075845.607361231] [motor_controller_pid]: Left motor is saturated: target spd 0.2016125
[WARN] [1786075845.609101796] [motor_controller_pid]: Right motor is saturated: target spd 0.2016125
[WARN] [1786075845.656972705] [motor_controller_pid]: Left motor is saturated: target spd 0.2016125
[WARN] [1786075845.658393657] [motor_controller_pid]: Right motor is saturated: target spd 0.2016125
[WARN] [1786075845.707195756] [motor_controller_pid]: Left motor is saturated: target spd 0.2016125
[WARN] [1786075845.708237706] [motor_controller_pid]: Right motor is saturated: target spd 0.2016125
[WARN] [1786075845.757118065] [motor_controller_pid]: Left motor is saturated: target spd 0.2016125
[WARN] [1786075845.758756537] [motor_controller_pid]: Right motor is saturated: target spd 0.2016125
[WARN] [1786075845.807610563] [motor_controller_pid]: Left motor is saturated: target spd 0.2016125
[WARN] [1786075845.809238497] [motor_controller_pid]: Right motor is saturated: target spd 0.2016125
[WARN] [1786075845.856996943] [motor_controller_pid]: Left motor is saturated: target spd 0.2016125
[WARN] [1786075845.858182301] [motor_controller_pid]: Right motor is saturated: target spd 0.2016125
[WARN] [1786075845.907982646] [motor_controller_pid]: Left motor is saturated: target spd 0.2016125
[WARN] [1786075845.909531988] [motor_controller_pid]: Right motor is saturated: target spd 0.2016125
[WARN] [1786075845.957031710] [motor_controller_pid]: Left motor is saturated: target spd 0.2016125
[WARN] [1786075845.958241679] [motor_controller_pid]: Right motor is saturated: target spd 0.2016125
[WARN] [1786075846.007601226] [motor_controller_pid]: Left motor is saturated: target spd 0.2016125
[WARN] [1786075846.008583861] [motor_controller_pid]: Right motor is saturated: target spd 0.2016125
[WARN] [1786075846.056975902] [motor_controller_pid]: Left motor is saturated: target spd 0.2016125
[WARN] [1786075846.058912469] [motor_controller_pid]: Right motor is saturated: target spd 0.2016125
[WARN] [1786075846.108949186] [motor_controller_pid]: Left motor is saturated: target spd 0.2016125
[WARN] [1786075846.109983747] [motor_controller_pid]: Right motor is saturated: target spd 0.2016125
[WARN] [1786075846.156977466] [motor_controller_pid]: Left motor is saturated: target spd 0.2016125
[WARN] [1786075846.158203102] [motor_controller_pid]: Right motor is saturated: target spd 0.2016125
[WARN] [1786075846.207080128] [motor_controller_pid]: Left motor is saturated: target spd 0.2016125
[WARN] [1786075846.208105911] [motor_controller_pid]: Right motor is saturated: target spd 0.2016125
[WARN] [1786075846.257000085] [motor_controller_pid]: Left motor is saturated: target spd 0.2016125
[WARN] [1786075846.258525112] [motor_controller_pid]: Right motor is saturated: target spd 0.2016125
[WARN] [1786075846.307256766] [motor_controller_pid]: Left motor is saturated: target spd 0.2016125
[WARN] [1786075846.308373328] [motor_controller_pid]: Right motor is saturated: target spd 0.2016125
[WARN] [1786075846.357095297] [motor_controller_pid]: Left motor is saturated: target spd 0.2016125
[WARN] [1786075846.359028733] [motor_controller_pid]: Right motor is saturated: target spd 0.2016125
[WARN] [1786075846.407786591] [motor_controller_pid]: Left motor is saturated: target spd 0.2016125
[WARN] [1786075846.408846597] [motor_controller_pid]: Right motor is saturated: target spd 0.2016125
[WARN] [1786075846.457011674] [motor_controller_pid]: Left motor is saturated: target spd 0.2016125
[WARN] [1786075846.458452534] [motor_controller_pid]: Right motor is saturated: target spd 0.2016125
[WARN] [1786075846.507268208] [motor_controller_pid]: Left motor is saturated: target spd 0.2016125
[WARN] [1786075846.508871550] [motor_controller_pid]: Right motor is saturated: target spd 0.2016125
[WARN] [1786075846.556969552] [motor_controller_pid]: Left motor is saturated: target spd 0.2016125
[WARN] [1786075846.558229337] [motor_controller_pid]: Right motor is saturated: target spd 0.2016125
[WARN] [1786075846.608399610] [motor_controller_pid]: Left motor is saturated: target spd 0.2016125
[WARN] [1786075846.609383153] [motor_controller_pid]: Right motor is saturated: target spd 0.2016125
[WARN] [1786075846.656964079] [motor_controller_pid]: Left motor is saturated: target spd 0.2016125
[WARN] [1786075846.658280197] [motor_controller_pid]: Right motor is saturated: target spd 0.2016125
[WARN] [1786075846.708484026] [motor_controller_pid]: Left motor is saturated: target spd 0.2016125
[WARN] [1786075846.709602643] [motor_controller_pid]: Right motor is saturated: target spd 0.2016125
[WARN] [1786075846.757028142] [motor_controller_pid]: Left motor is saturated: target spd 0.2016125
[WARN] [1786075846.758299371] [motor_controller_pid]: Right motor is saturated: target spd 0.2016125
[WARN] [1786075846.808208088] [motor_controller_pid]: Left motor is saturated: target spd 0.2016125
[WARN] [1786075846.809775004] [motor_controller_pid]: Right motor is saturated: target spd 0.2016125
[WARN] [1786075846.857039983] [motor_controller_pid]: Left motor is saturated: target spd 0.2016125
[WARN] [1786075846.858750974] [motor_controller_pid]: Right motor is saturated: target spd 0.2016125
[WARN] [1786075846.908893155] [motor_controller_pid]: Left motor is saturated: target spd 0.2016125
[WARN] [1786075846.909818623] [motor_controller_pid]: Right motor is saturated: target spd 0.2016125
[WARN] [1786075846.957071936] [motor_controller_pid]: Left motor is saturated: target spd 0.2016125
[WARN] [1786075846.959109317] [motor_controller_pid]: Right motor is saturated: target spd 0.2016125
[WARN] [1786075847.007331487] [motor_controller_pid]: Left motor is saturated: target spd 0.2016125
[WARN] [1786075847.008362086] [motor_controller_pid]: Right motor is saturated: target spd 0.2016125
[WARN] [1786075847.057146962] [motor_controller_pid]: Left motor is saturated: target spd 0.2016125
[WARN] [1786075847.059034565] [motor_controller_pid]: Right motor is saturated: target spd 0.2016125
[WARN] [1786075847.107751368] [motor_controller_pid]: Left motor is saturated: target spd 0.2016125
[WARN] [1786075847.108959393] [motor_controller_pid]: Right motor is saturated: target spd 0.2016125
[WARN] [1786075847.156987729] [motor_controller_pid]: Left motor is saturated: target spd 0.2016125
[WARN] [1786075847.158400773] [motor_controller_pid]: Right motor is saturated: target spd 0.2016125
[WARN] [1786075847.207844691] [motor_controller_pid]: Left motor is saturated: target spd 0.2016125
[WARN] [1786075847.209132790] [motor_controller_pid]: Right motor is saturated: target spd 0.2016125
[WARN] [1786075847.256899514] [motor_controller_pid]: Left motor is saturated: target spd 0.2016125
[WARN] [1786075847.258466874] [motor_controller_pid]: Right motor is saturated: target spd 0.2016125
[WARN] [1786075847.307409011] [motor_controller_pid]: Left motor is saturated: target spd 0.2016125
[WARN] [1786075847.309276169] [motor_controller_pid]: Right motor is saturated: target spd 0.2016125
[WARN] [1786075847.357257672] [motor_controller_pid]: Left motor is saturated: target spd 0.2016125
[WARN] [1786075847.358720254] [motor_controller_pid]: Right motor is saturated: target spd 0.2016125
[WARN] [1786075847.407452260] [motor_controller_pid]: Left motor is saturated: target spd 0.2016125
[WARN] [1786075847.408746841] [motor_controller_pid]: Right motor is saturated: target spd 0.2016125
[WARN] [1786075847.457045511] [motor_controller_pid]: Left motor is saturated: target spd 0.2016125
[WARN] [1786075847.458702354] [motor_controller_pid]: Right motor is saturated: target spd 0.2016125
[WARN] [1786075847.507215803] [motor_controller_pid]: Left motor is saturated: target spd 0.2016125
[WARN] [1786075847.508786756] [motor_controller_pid]: Right motor is saturated: target spd 0.2016125
[WARN] [1786075847.557047686] [motor_controller_pid]: Left motor is saturated: target spd 0.2016125
[WARN] [1786075847.558553805] [motor_controller_pid]: Right motor is saturated: target spd 0.2016125
[WARN] [1786075847.608341928] [motor_controller_pid]: Left motor is saturated: target spd 0.2016125
[WARN] [1786075847.609348823] [motor_controller_pid]: Right motor is saturated: target spd 0.2016125
[WARN] [1786075847.656941378] [motor_controller_pid]: Left motor is saturated: target spd 0.2016125
[WARN] [1786075847.658478331] [motor_controller_pid]: Right motor is saturated: target spd 0.2016125
[WARN] [1786075847.707888508] [motor_controller_pid]: Left motor is saturated: target spd 0.2016125
[WARN] [1786075847.708999310] [motor_controller_pid]: Right motor is saturated: target spd 0.2016125
[WARN] [1786075847.756947793] [motor_controller_pid]: Left motor is saturated: target spd 0.2016125
[WARN] [1786075847.758389598] [motor_controller_pid]: Right motor is saturated: target spd 0.2016125
[WARN] [1786075847.808500963] [motor_controller_pid]: Left motor is saturated: target spd 0.2016125
[WARN] [1786075847.809625488] [motor_controller_pid]: Right motor is saturated: target spd 0.2016125
[WARN] [1786075847.857077765] [motor_controller_pid]: Left motor is saturated: target spd 0.2016125
[WARN] [1786075847.858877830] [motor_controller_pid]: Right motor is saturated: target spd 0.2016125
[WARN] [1786075847.907631318] [motor_controller_pid]: Left motor is saturated: target spd 0.2016125
[WARN] [1786075847.908814473] [motor_controller_pid]: Right motor is saturated: target spd 0.2016125
[WARN] [1786075847.956913327] [motor_controller_pid]: Left motor is saturated: target spd 0.2016125
[WARN] [1786075847.958305964] [motor_controller_pid]: Right motor is saturated: target spd 0.2016125
[WARN] [1786075848.007661104] [motor_controller_pid]: Left motor is saturated: target spd 0.2016125
[WARN] [1786075848.008753628] [motor_controller_pid]: Right motor is saturated: target spd 0.2016125
[WARN] [1786075848.056975113] [motor_controller_pid]: Left motor is saturated: target spd 0.2016125
[WARN] [1786075848.058717437] [motor_controller_pid]: Right motor is saturated: target spd 0.2016125
[WARN] [1786075848.107944502] [motor_controller_pid]: Left motor is saturated: target spd 0.2016125
[WARN] [1786075848.108963415] [motor_controller_pid]: Right motor is saturated: target spd 0.2016125
[WARN] [1786075848.156983288] [motor_controller_pid]: Left motor is saturated: target spd 0.2016125
[WARN] [1786075848.158559315] [motor_controller_pid]: Right motor is saturated: target spd 0.2016125
[WARN] [1786075848.208566069] [motor_controller_pid]: Left motor is saturated: target spd 0.2016125
[WARN] [1786075848.209513963] [motor_controller_pid]: Right motor is saturated: target spd 0.2016125
[WARN] [1786075848.257016296] [motor_controller_pid]: Left motor is saturated: target spd 0.2016125
[WARN] [1786075848.258597767] [motor_controller_pid]: Right motor is saturated: target spd 0.2016125
[WARN] [1786075848.807487591] [motor_controller_pid]: Command timeout; stopping motors
[WARN] [1786075857.657983696] [motor_controller_pid]: Left motor is saturated: target spd -0.011697814310644754
[WARN] [1786075857.721006595] [motor_controller_pid]: Left motor is saturated: target spd -0.011697814310644754
[WARN] [1786075857.758793468] [motor_controller_pid]: Left motor is saturated: target spd -0.014678875317622441
[WARN] [1786075857.809395392] [motor_controller_pid]: Left motor is saturated: target spd -0.01964235312456731
[WARN] [1786075857.856819076] [motor_controller_pid]: Left motor is saturated: target spd -0.01964235312456731
[WARN] [1786075857.908360579] [motor_controller_pid]: Left motor is saturated: target spd -0.023140429697744547
[WARN] [1786075857.957004529] [motor_controller_pid]: Left motor is saturated: target spd -0.023140429697744547
[WARN] [1786075858.006909949] [motor_controller_pid]: Left motor is saturated: target spd -0.019122814853372985
[WARN] [1786075858.056927574] [motor_controller_pid]: Left motor is saturated: target spd -0.019122814853372985
[WARN] [1786075858.109025209] [motor_controller_pid]: Left motor is saturated: target spd -0.021636072164657526
[WARN] [1786075858.156959544] [motor_controller_pid]: Left motor is saturated: target spd -0.021636072164657526
[WARN] [1786075858.206858557] [motor_controller_pid]: Left motor is saturated: target spd -0.01937291406453587
[WARN] [1786075858.256984608] [motor_controller_pid]: Left motor is saturated: target spd -0.01937291406453587
[WARN] [1786075858.307099622] [motor_controller_pid]: Left motor is saturated: target spd -0.01855218695490621
[WARN] [1786075858.357018838] [motor_controller_pid]: Left motor is saturated: target spd -0.01855218695490621
[WARN] [1786075858.406987018] [motor_controller_pid]: Left motor is saturated: target spd -0.02048375056843506
[WARN] [1786075858.456990994] [motor_controller_pid]: Left motor is saturated: target spd -0.02048375056843506
[WARN] [1786075858.507186360] [motor_controller_pid]: Left motor is saturated: target spd -0.014785039885574952
[WARN] [1786075858.557085780] [motor_controller_pid]: Left motor is saturated: target spd -0.014785039885574952
[WARN] [1786075858.606894477] [motor_controller_pid]: Left motor is saturated: target spd -0.01828280395367183
[WARN] [1786075858.656962917] [motor_controller_pid]: Left motor is saturated: target spd -0.01828280395367183
[WARN] [1786075858.706971596] [motor_controller_pid]: Left motor is saturated: target spd -0.011431439664855134
[WARN] [1786075858.756928739] [motor_controller_pid]: Left motor is saturated: target spd -0.011431439664855134
[WARN] [1786075858.817799534] [motor_controller_pid]: Left motor is saturated: target spd -0.020595381631003693
[WARN] [1786075858.857122359] [motor_controller_pid]: Left motor is saturated: target spd -0.020595381631003693
[WARN] [1786075858.906942204] [motor_controller_pid]: Left motor is saturated: target spd -0.017686321121000218
[WARN] [1786075858.956929958] [motor_controller_pid]: Left motor is saturated: target spd -0.017686321121000218
[WARN] [1786075859.006924082] [motor_controller_pid]: Left motor is saturated: target spd -0.01801674780055182
[WARN] [1786075859.057041893] [motor_controller_pid]: Left motor is saturated: target spd -0.01801674780055182
[WARN] [1786075859.107533223] [motor_controller_pid]: Left motor is saturated: target spd -0.015310639126505703
[WARN] [1786075859.108404987] [motor_controller_pid]: Right motor is saturated: target spd 0.011556854860577732
[WARN] [1786075859.156982900] [motor_controller_pid]: Left motor is saturated: target spd -0.015310639126505703
[WARN] [1786075859.158708243] [motor_controller_pid]: Right motor is saturated: target spd 0.011556854860577732
[WARN] [1786075859.206841875] [motor_controller_pid]: Left motor is saturated: target spd -0.016097231871751137
[WARN] [1786075859.207792862] [motor_controller_pid]: Right motor is saturated: target spd 0.012310393982264214
[WARN] [1786075859.256951519] [motor_controller_pid]: Left motor is saturated: target spd -0.016097231871751137
[WARN] [1786075859.258699862] [motor_controller_pid]: Right motor is saturated: target spd 0.012310393982264214
[WARN] [1786075859.319479767] [motor_controller_pid]: Left motor is saturated: target spd -0.01816082819355652
[WARN] [1786075859.321394277] [motor_controller_pid]: Right motor is saturated: target spd 0.009342930475343018
[WARN] [1786075859.359046760] [motor_controller_pid]: Left motor is saturated: target spd -0.01816082819355652
[WARN] [1786075859.360404675] [motor_controller_pid]: Right motor is saturated: target spd 0.009342930475343018
[WARN] [1786075859.409244052] [motor_controller_pid]: Left motor is saturated: target spd -0.020770325701031836
[WARN] [1786075859.410577948] [motor_controller_pid]: Right motor is saturated: target spd 0.010060206611361354
[WARN] [1786075859.460039625] [motor_controller_pid]: Left motor is saturated: target spd -0.020770325701031836
[WARN] [1786075859.462672306] [motor_controller_pid]: Right motor is saturated: target spd 0.010060206611361354
[WARN] [1786075859.507595477] [motor_controller_pid]: Left motor is saturated: target spd -0.013113724179682321
[WARN] [1786075859.508379000] [motor_controller_pid]: Right motor is saturated: target spd 0.008824357651057654
[WARN] [1786075859.556890505] [motor_controller_pid]: Left motor is saturated: target spd -0.013113724179682321
[WARN] [1786075859.558771441] [motor_controller_pid]: Right motor is saturated: target spd 0.008824357651057654
[WARN] [1786075859.608648731] [motor_controller_pid]: Left motor is saturated: target spd -0.017193527463451028
[WARN] [1786075859.609648848] [motor_controller_pid]: Right motor is saturated: target spd 0.014481509533151984
[WARN] [1786075859.656771697] [motor_controller_pid]: Left motor is saturated: target spd -0.017193527463451028
[WARN] [1786075859.657668424] [motor_controller_pid]: Right motor is saturated: target spd 0.014481509533151984
[WARN] [1786075859.707217398] [motor_controller_pid]: Left motor is saturated: target spd -0.019778051378007512
[WARN] [1786075859.708327941] [motor_controller_pid]: Right motor is saturated: target spd 0.017016097007517238
[WARN] [1786075859.756740556] [motor_controller_pid]: Left motor is saturated: target spd -0.019778051378007512
[WARN] [1786075859.757581561] [motor_controller_pid]: Right motor is saturated: target spd 0.017016097007517238
[WARN] [1786075859.807137368] [motor_controller_pid]: Left motor is saturated: target spd -0.02112751635516761
[WARN] [1786075859.808043428] [motor_controller_pid]: Right motor is saturated: target spd 0.016820350710500497
[WARN] [1786075859.882124999] [motor_controller_pid]: Left motor is saturated: target spd -0.02112751635516761
[WARN] [1786075859.888515848] [motor_controller_pid]: Right motor is saturated: target spd 0.016820350710500497
[WARN] [1786075859.907116598] [motor_controller_pid]: Left motor is saturated: target spd -0.02018774339185329
[WARN] [1786075859.908195696] [motor_controller_pid]: Right motor is saturated: target spd 0.014915939036745112
[WARN] [1786075859.956896462] [motor_controller_pid]: Left motor is saturated: target spd -0.02018774339185329
[WARN] [1786075859.957835837] [motor_controller_pid]: Right motor is saturated: target spd 0.014915939036745112
[WARN] [1786075860.008106703] [motor_controller_pid]: Left motor is saturated: target spd -0.019444097321282605
[WARN] [1786075860.008982634] [motor_controller_pid]: Right motor is saturated: target spd 0.014291412640560884
[WARN] [1786075860.056916469] [motor_controller_pid]: Left motor is saturated: target spd -0.019444097321282605
[WARN] [1786075860.058045957] [motor_controller_pid]: Right motor is saturated: target spd 0.014291412640560884
[WARN] [1786075860.107973507] [motor_controller_pid]: Left motor is saturated: target spd -0.018810757741145788
[WARN] [1786075860.108901216] [motor_controller_pid]: Right motor is saturated: target spd 0.011485223353095353
[WARN] [1786075860.156742810] [motor_controller_pid]: Left motor is saturated: target spd -0.018810757741145788
[WARN] [1786075860.157670648] [motor_controller_pid]: Right motor is saturated: target spd 0.011485223353095353
[WARN] [1786075860.207786847] [motor_controller_pid]: Left motor is saturated: target spd -0.02015263552565593
[WARN] [1786075860.208700111] [motor_controller_pid]: Right motor is saturated: target spd 0.012220170695590787
[WARN] [1786075860.256802373] [motor_controller_pid]: Left motor is saturated: target spd -0.02015263552565593
[WARN] [1786075860.257931194] [motor_controller_pid]: Right motor is saturated: target spd 0.012220170695590787
[WARN] [1786075860.309515901] [motor_controller_pid]: Left motor is saturated: target spd -0.02236747618932277
[WARN] [1786075860.310530036] [motor_controller_pid]: Right motor is saturated: target spd 0.013388817494921386
[WARN] [1786075860.356960160] [motor_controller_pid]: Left motor is saturated: target spd -0.02236747618932277
[WARN] [1786075860.359190616] [motor_controller_pid]: Right motor is saturated: target spd 0.013388817494921386
[WARN] [1786075860.409417482] [motor_controller_pid]: Left motor is saturated: target spd -0.019538239984458777
[WARN] [1786075860.410636341] [motor_controller_pid]: Right motor is saturated: target spd 0.013269806803518441
[WARN] [1786075860.458721251] [motor_controller_pid]: Left motor is saturated: target spd -0.019538239984458777
[WARN] [1786075860.460853818] [motor_controller_pid]: Right motor is saturated: target spd 0.013269806803518441
[WARN] [1786075860.506971032] [motor_controller_pid]: Left motor is saturated: target spd -0.0176277624594979
[WARN] [1786075860.508822339] [motor_controller_pid]: Right motor is saturated: target spd 0.012289351023454218
[WARN] [1786075860.556864767] [motor_controller_pid]: Left motor is saturated: target spd -0.0176277624594979
[WARN] [1786075860.558696481] [motor_controller_pid]: Right motor is saturated: target spd 0.012289351023454218
[WARN] [1786075860.607357468] [motor_controller_pid]: Left motor is saturated: target spd -0.01730856509320438
[WARN] [1786075860.608583679] [motor_controller_pid]: Right motor is saturated: target spd 0.012497963147237896
[WARN] [1786075860.656764163] [motor_controller_pid]: Left motor is saturated: target spd -0.01730856509320438
[WARN] [1786075860.658302838] [motor_controller_pid]: Right motor is saturated: target spd 0.012497963147237896
[WARN] [1786075860.707213142] [motor_controller_pid]: Left motor is saturated: target spd -0.01593244238314219
[WARN] [1786075860.708042461] [motor_controller_pid]: Right motor is saturated: target spd 0.012540715052513406
[WARN] [1786075860.756739338] [motor_controller_pid]: Left motor is saturated: target spd -0.01593244238314219
[WARN] [1786075860.757616157] [motor_controller_pid]: Right motor is saturated: target spd 0.012540715052513406
[WARN] [1786075860.808896029] [motor_controller_pid]: Left motor is saturated: target spd -0.019402176040690392
[WARN] [1786075860.809948053] [motor_controller_pid]: Right motor is saturated: target spd 0.014013629507739097
[WARN] [1786075860.856804457] [motor_controller_pid]: Left motor is saturated: target spd -0.019402176040690392
[WARN] [1786075860.857750666] [motor_controller_pid]: Right motor is saturated: target spd 0.014013629507739097
[WARN] [1786075860.909609522] [motor_controller_pid]: Left motor is saturated: target spd -0.01857846119651804
[WARN] [1786075860.910629028] [motor_controller_pid]: Right motor is saturated: target spd 0.015512016776704695
[WARN] [1786075860.973892021] [motor_controller_pid]: Left motor is saturated: target spd -0.01857846119651804
[WARN] [1786075860.974837081] [motor_controller_pid]: Right motor is saturated: target spd 0.015512016776704695
[WARN] [1786075861.009370177] [motor_controller_pid]: Left motor is saturated: target spd -0.01857846119651804
[WARN] [1786075861.010530091] [motor_controller_pid]: Right motor is saturated: target spd 0.015512016776704695
[WARN] [1786075861.056781509] [motor_controller_pid]: Left motor is saturated: target spd -0.017159635755582714
[WARN] [1786075861.057701255] [motor_controller_pid]: Right motor is saturated: target spd 0.012501729097799398
[WARN] [1786075861.108156974] [motor_controller_pid]: Left motor is saturated: target spd -0.020340517559740694
[WARN] [1786075861.109849983] [motor_controller_pid]: Right motor is saturated: target spd 0.01172419970324263
[WARN] [1786075861.156776572] [motor_controller_pid]: Left motor is saturated: target spd -0.020340517559740694
[WARN] [1786075861.157681837] [motor_controller_pid]: Right motor is saturated: target spd 0.01172419970324263
[WARN] [1786075861.208278038] [motor_controller_pid]: Left motor is saturated: target spd -0.01916219185551163
[WARN] [1786075861.209097413] [motor_controller_pid]: Right motor is saturated: target spd 0.01256417591611389
[WARN] [1786075861.256801303] [motor_controller_pid]: Left motor is saturated: target spd -0.01916219185551163
[WARN] [1786075861.257717178] [motor_controller_pid]: Right motor is saturated: target spd 0.01256417591611389
[WARN] [1786075861.307754988] [motor_controller_pid]: Left motor is saturated: target spd -0.018764189934753813
[WARN] [1786075861.308558733] [motor_controller_pid]: Right motor is saturated: target spd 0.012209469893551431
[WARN] [1786075861.357290072] [motor_controller_pid]: Left motor is saturated: target spd -0.018764189934753813
[WARN] [1786075861.359739215] [motor_controller_pid]: Right motor is saturated: target spd 0.012209469893551431
[WARN] [1786075861.409618117] [motor_controller_pid]: Left motor is saturated: target spd -0.015159623560553882
[WARN] [1786075861.410522751] [motor_controller_pid]: Right motor is saturated: target spd 0.012341475251072553
[WARN] [1786075861.456854837] [motor_controller_pid]: Left motor is saturated: target spd -0.015159623560553882
[WARN] [1786075861.459427629] [motor_controller_pid]: Right motor is saturated: target spd 0.012341475251072553
[WARN] [1786075861.507673725] [motor_controller_pid]: Left motor is saturated: target spd -0.014203601983445696
[WARN] [1786075861.509762107] [motor_controller_pid]: Right motor is saturated: target spd 0.008045869412762113
[WARN] [1786075861.557013660] [motor_controller_pid]: Left motor is saturated: target spd -0.014203601983445696
[WARN] [1786075861.559558193] [motor_controller_pid]: Right motor is saturated: target spd 0.008045869412762113
[WARN] [1786075861.608584071] [motor_controller_pid]: Left motor is saturated: target spd -0.01731914610748645
[WARN] [1786075861.609458909] [motor_controller_pid]: Right motor is saturated: target spd 0.009897986863204278
[WARN] [1786075861.657102039] [motor_controller_pid]: Left motor is saturated: target spd -0.01731914610748645
[WARN] [1786075861.658343398] [motor_controller_pid]: Right motor is saturated: target spd 0.009897986863204278
[WARN] [1786075861.707741111] [motor_controller_pid]: Left motor is saturated: target spd -0.021997060676594266
[WARN] [1786075861.709729733] [motor_controller_pid]: Right motor is saturated: target spd 0.013199362853984348
[WARN] [1786075861.756848416] [motor_controller_pid]: Left motor is saturated: target spd -0.021997060676594266
[WARN] [1786075861.758888742] [motor_controller_pid]: Right motor is saturated: target spd 0.013199362853984348
[WARN] [1786075861.808618383] [motor_controller_pid]: Left motor is saturated: target spd -0.018167111015121917
[WARN] [1786075861.810922673] [motor_controller_pid]: Right motor is saturated: target spd 0.013021227979857941
[WARN] [1786075861.856898553] [motor_controller_pid]: Left motor is saturated: target spd -0.018167111015121917
[WARN] [1786075861.859264159] [motor_controller_pid]: Right motor is saturated: target spd 0.013021227979857941
[WARN] [1786075861.908330000] [motor_controller_pid]: Left motor is saturated: target spd -0.019047661013435573
[WARN] [1786075861.909277154] [motor_controller_pid]: Right motor is saturated: target spd 0.01251833673613146
[WARN] [1786075861.956879728] [motor_controller_pid]: Left motor is saturated: target spd -0.019047661013435573
[WARN] [1786075861.959226537] [motor_controller_pid]: Right motor is saturated: target spd 0.01251833673613146
[WARN] [1786075862.012683939] [motor_controller_pid]: Left motor is saturated: target spd -0.01656628103933763
[WARN] [1786075862.014893729] [motor_controller_pid]: Right motor is saturated: target spd 0.009533978234906681
[WARN] [1786075862.057743759] [motor_controller_pid]: Left motor is saturated: target spd -0.01656628103933763
[WARN] [1786075862.058557856] [motor_controller_pid]: Right motor is saturated: target spd 0.009533978234906681
[WARN] [1786075862.108933371] [motor_controller_pid]: Left motor is saturated: target spd -0.017275863428716547
[WARN] [1786075862.110092007] [motor_controller_pid]: Right motor is saturated: target spd 0.009311054731602781
[WARN] [1786075862.159795185] [motor_controller_pid]: Left motor is saturated: target spd -0.017275863428716547
[WARN] [1786075862.163287648] [motor_controller_pid]: Right motor is saturated: target spd 0.009311054731602781
[WARN] [1786075862.230757275] [motor_controller_pid]: Left motor is saturated: target spd -0.018427951414184643
[WARN] [1786075862.239814102] [motor_controller_pid]: Right motor is saturated: target spd 0.010288975980086252
[WARN] [1786075862.268928761] [motor_controller_pid]: Left motor is saturated: target spd -0.018427951414184643
[WARN] [1786075862.273360322] [motor_controller_pid]: Right motor is saturated: target spd 0.010288975980086252
[WARN] [1786075862.319440277] [motor_controller_pid]: Left motor is saturated: target spd -0.018427951414184643
[WARN] [1786075862.322773110] [motor_controller_pid]: Right motor is saturated: target spd 0.010288975980086252
[WARN] [1786075862.376085956] [motor_controller_pid]: Left motor is saturated: target spd -0.018427951414184643
[WARN] [1786075862.380563277] [motor_controller_pid]: Right motor is saturated: target spd 0.010288975980086252
[WARN] [1786075862.411184258] [motor_controller_pid]: Left motor is saturated: target spd -0.019576120391068978
[WARN] [1786075862.414982242] [motor_controller_pid]: Right motor is saturated: target spd 0.01256664170366712
[WARN] [1786075862.459538911] [motor_controller_pid]: Left motor is saturated: target spd -0.019576120391068978
[WARN] [1786075862.467216712] [motor_controller_pid]: Right motor is saturated: target spd 0.01256664170366712
[WARN] [1786075862.512287272] [motor_controller_pid]: Left motor is saturated: target spd -0.02291152477392461
[WARN] [1786075862.517171002] [motor_controller_pid]: Right motor is saturated: target spd 0.01554936319461558
[WARN] [1786075862.558670062] [motor_controller_pid]: Left motor is saturated: target spd -0.02291152477392461
[WARN] [1786075862.560106384] [motor_controller_pid]: Right motor is saturated: target spd 0.01554936319461558
[WARN] [1786075862.607475791] [motor_controller_pid]: Left motor is saturated: target spd -0.02056633060129825
[WARN] [1786075862.610199083] [motor_controller_pid]: Right motor is saturated: target spd 0.013140326987183653
[WARN] [1786075862.663613282] [motor_controller_pid]: Left motor is saturated: target spd -0.02056633060129825
[WARN] [1786075862.667368506] [motor_controller_pid]: Right motor is saturated: target spd 0.013140326987183653
[WARN] [1786075862.706933481] [motor_controller_pid]: Left motor is saturated: target spd -0.020994475334580057
[WARN] [1786075862.707853652] [motor_controller_pid]: Right motor is saturated: target spd 0.009786478951876051
[WARN] [1786075862.757368644] [motor_controller_pid]: Left motor is saturated: target spd -0.020994475334580057
[WARN] [1786075862.759386915] [motor_controller_pid]: Right motor is saturated: target spd 0.009786478951876051
[WARN] [1786075862.806895303] [motor_controller_pid]: Left motor is saturated: target spd -0.021289567067706957
[WARN] [1786075862.807887697] [motor_controller_pid]: Right motor is saturated: target spd 0.009838496730243788
[WARN] [1786075862.856952650] [motor_controller_pid]: Left motor is saturated: target spd -0.021289567067706957
[WARN] [1786075862.858178619] [motor_controller_pid]: Right motor is saturated: target spd 0.009838496730243788
[WARN] [1786075862.907152164] [motor_controller_pid]: Left motor is saturated: target spd -0.020090002925833687
[WARN] [1786075862.908329133] [motor_controller_pid]: Right motor is saturated: target spd 0.009754093004623429
[WARN] [1786075862.957525901] [motor_controller_pid]: Left motor is saturated: target spd -0.020090002925833687
[WARN] [1786075862.960756567] [motor_controller_pid]: Right motor is saturated: target spd 0.009754093004623429
[WARN] [1786075863.007240635] [motor_controller_pid]: Left motor is saturated: target spd -0.019963827194063925
[WARN] [1786075863.008205511] [motor_controller_pid]: Right motor is saturated: target spd 0.009914174466044642
[WARN] [1786075863.059833959] [motor_controller_pid]: Left motor is saturated: target spd -0.019963827194063925
[WARN] [1786075863.062811605] [motor_controller_pid]: Right motor is saturated: target spd 0.009914174466044642
[WARN] [1786075863.132767856] [motor_controller_pid]: Left motor is saturated: target spd -0.018959351701079867
[WARN] [1786075863.143966547] [motor_controller_pid]: Right motor is saturated: target spd 0.0105984538072953
[WARN] [1786075863.157037062] [motor_controller_pid]: Left motor is saturated: target spd -0.018959351701079867
[WARN] [1786075863.158021457] [motor_controller_pid]: Right motor is saturated: target spd 0.0105984538072953
[WARN] [1786075863.207368429] [motor_controller_pid]: Left motor is saturated: target spd -0.018708761028316805
[WARN] [1786075863.211068505] [motor_controller_pid]: Right motor is saturated: target spd 0.010369867839547806
[WARN] [1786075863.256916088] [motor_controller_pid]: Left motor is saturated: target spd -0.018708761028316805
[WARN] [1786075863.258398281] [motor_controller_pid]: Right motor is saturated: target spd 0.010369867839547806
[WARN] [1786075863.307297048] [motor_controller_pid]: Left motor is saturated: target spd -0.015790475341933778
[WARN] [1786075863.308264331] [motor_controller_pid]: Right motor is saturated: target spd 0.0060314277229132135
[WARN] [1786075863.356979578] [motor_controller_pid]: Left motor is saturated: target spd -0.015790475341933778
[WARN] [1786075863.358953996] [motor_controller_pid]: Right motor is saturated: target spd 0.0060314277229132135
[WARN] [1786075863.407244314] [motor_controller_pid]: Left motor is saturated: target spd -0.018756233767792584
[WARN] [1786075863.408316042] [motor_controller_pid]: Right motor is saturated: target spd 0.006870574637129903
[WARN] [1786075863.456893733] [motor_controller_pid]: Left motor is saturated: target spd -0.018756233767792584
[WARN] [1786075863.458558261] [motor_controller_pid]: Right motor is saturated: target spd 0.006870574637129903
[WARN] [1786075863.507009747] [motor_controller_pid]: Left motor is saturated: target spd -0.019972149975202046
[WARN] [1786075863.508020345] [motor_controller_pid]: Right motor is saturated: target spd 0.011186215334036388
[WARN] [1786075863.556889741] [motor_controller_pid]: Left motor is saturated: target spd -0.019972149975202046
[WARN] [1786075863.558625417] [motor_controller_pid]: Right motor is saturated: target spd 0.011186215334036388
[WARN] [1786075863.607014866] [motor_controller_pid]: Left motor is saturated: target spd -0.02570019314759411
[WARN] [1786075863.608087909] [motor_controller_pid]: Right motor is saturated: target spd 0.01678628077036701
[WARN] [1786075863.656910063] [motor_controller_pid]: Left motor is saturated: target spd -0.02570019314759411
[WARN] [1786075863.658843296] [motor_controller_pid]: Right motor is saturated: target spd 0.01678628077036701
[WARN] [1786075863.706941021] [motor_controller_pid]: Left motor is saturated: target spd -0.022387375597120264
[WARN] [1786075863.707976582] [motor_controller_pid]: Right motor is saturated: target spd 0.015124725635885261
[WARN] [1786075863.756974609] [motor_controller_pid]: Left motor is saturated: target spd -0.022387375597120264
[WARN] [1786075863.758468172] [motor_controller_pid]: Right motor is saturated: target spd 0.015124725635885261
[WARN] [1786075863.806926529] [motor_controller_pid]: Left motor is saturated: target spd -0.02221191877843812
[WARN] [1786075863.807970498] [motor_controller_pid]: Right motor is saturated: target spd 0.015593373976927252
[WARN] [1786075863.856864560] [motor_controller_pid]: Left motor is saturated: target spd -0.02221191877843812
[WARN] [1786075863.858445291] [motor_controller_pid]: Right motor is saturated: target spd 0.015593373976927252
[WARN] [1786075863.906858055] [motor_controller_pid]: Left motor is saturated: target spd -0.018409238776611166
[WARN] [1786075863.907796078] [motor_controller_pid]: Right motor is saturated: target spd 0.01310058904583566
[WARN] [1786075863.956955605] [motor_controller_pid]: Left motor is saturated: target spd -0.018409238776611166
[WARN] [1786075863.958325168] [motor_controller_pid]: Right motor is saturated: target spd 0.01310058904583566
[WARN] [1786075864.006888748] [motor_controller_pid]: Left motor is saturated: target spd -0.010266635572696395
[WARN] [1786075864.007832160] [motor_controller_pid]: Right motor is saturated: target spd 0.009997304523205094
[WARN] [1786075864.057116373] [motor_controller_pid]: Left motor is saturated: target spd -0.010266635572696395
[WARN] [1786075864.060765171] [motor_controller_pid]: Right motor is saturated: target spd 0.009997304523205094
[WARN] [1786075864.107039534] [motor_controller_pid]: Left motor is saturated: target spd -0.011741022917500232
[WARN] [1786075864.107962317] [motor_controller_pid]: Right motor is saturated: target spd 0.008436484855541493
[WARN] [1786075864.156947991] [motor_controller_pid]: Left motor is saturated: target spd -0.011741022917500232
[WARN] [1786075864.158533241] [motor_controller_pid]: Right motor is saturated: target spd 0.008436484855541493
[WARN] [1786075864.212738388] [motor_controller_pid]: Left motor is saturated: target spd -0.011741022917500232
[WARN] [1786075864.218004861] [motor_controller_pid]: Right motor is saturated: target spd 0.008436484855541493
[WARN] [1786075864.261456968] [motor_controller_pid]: Left motor is saturated: target spd -0.017657196075469256
[WARN] [1786075864.275408637] [motor_controller_pid]: Right motor is saturated: target spd 0.009712273328751325
[WARN] [1786075864.309875139] [motor_controller_pid]: Left motor is saturated: target spd -0.01895192774864845
[WARN] [1786075864.310922145] [motor_controller_pid]: Right motor is saturated: target spd 0.010045607137354091
[WARN] [1786075864.360667046] [motor_controller_pid]: Left motor is saturated: target spd -0.01895192774864845
[WARN] [1786075864.362477537] [motor_controller_pid]: Right motor is saturated: target spd 0.010045607137354091
[WARN] [1786075864.407149354] [motor_controller_pid]: Left motor is saturated: target spd -0.022214593091933056
[WARN] [1786075864.408474547] [motor_controller_pid]: Right motor is saturated: target spd 0.007940884953411297
[WARN] [1786075864.457336628] [motor_controller_pid]: Left motor is saturated: target spd -0.022214593091933056
[WARN] [1786075864.459286472] [motor_controller_pid]: Right motor is saturated: target spd 0.007940884953411297
[WARN] [1786075864.508428332] [motor_controller_pid]: Left motor is saturated: target spd -0.01742122934293002
[WARN] [1786075864.509517486] [motor_controller_pid]: Right motor is saturated: target spd 0.005455290366895496
[WARN] [1786075864.556931911] [motor_controller_pid]: Left motor is saturated: target spd -0.01742122934293002
[WARN] [1786075864.558015936] [motor_controller_pid]: Right motor is saturated: target spd 0.005455290366895496
[WARN] [1786075864.606831998] [motor_controller_pid]: Left motor is saturated: target spd -0.01570009705857374
[WARN] [1786075864.608818490] [motor_controller_pid]: Right motor is saturated: target spd 0.005468552138051018
[WARN] [1786075864.656723455] [motor_controller_pid]: Left motor is saturated: target spd -0.01570009705857374
[WARN] [1786075864.658020017] [motor_controller_pid]: Right motor is saturated: target spd 0.005468552138051018
[WARN] [1786075864.706772876] [motor_controller_pid]: Left motor is saturated: target spd -0.01293323769522831
[WARN] [1786075864.707654029] [motor_controller_pid]: Right motor is saturated: target spd 0.005429379424918443
[WARN] [1786075864.756992520] [motor_controller_pid]: Left motor is saturated: target spd -0.01293323769522831
[WARN] [1786075864.759644349] [motor_controller_pid]: Right motor is saturated: target spd 0.005429379424918443
[WARN] [1786075864.808258410] [motor_controller_pid]: Left motor is saturated: target spd -0.01514029582515359
[WARN] [1786075864.809765992] [motor_controller_pid]: Right motor is saturated: target spd 0.006353170745819807
[WARN] [1786075864.856995675] [motor_controller_pid]: Left motor is saturated: target spd -0.01514029582515359
[WARN] [1786075864.858098385] [motor_controller_pid]: Right motor is saturated: target spd 0.006353170745819807
[WARN] [1786075864.907064985] [motor_controller_pid]: Left motor is saturated: target spd -0.014851167220273055
[WARN] [1786075864.911656862] [motor_controller_pid]: Right motor is saturated: target spd 0.005005255919299088
[WARN] [1786075864.956799127] [motor_controller_pid]: Left motor is saturated: target spd -0.014851167220273055
[WARN] [1786075864.957795114] [motor_controller_pid]: Right motor is saturated: target spd 0.005005255919299088
[WARN] [1786075865.008487649] [motor_controller_pid]: Left motor is saturated: target spd -0.017610624897922388
[WARN] [1786075865.009313228] [motor_controller_pid]: Right motor is saturated: target spd 0.008687668945943005
[WARN] [1786075865.056812616] [motor_controller_pid]: Left motor is saturated: target spd -0.017610624897922388
[WARN] [1786075865.057735732] [motor_controller_pid]: Right motor is saturated: target spd 0.008687668945943005
[WARN] [1786075865.107843116] [motor_controller_pid]: Left motor is saturated: target spd -0.019046417332522107
[WARN] [1786075865.108669454] [motor_controller_pid]: Right motor is saturated: target spd 0.012790222757228185
[WARN] [1786075865.156791457] [motor_controller_pid]: Left motor is saturated: target spd -0.019046417332522107
[WARN] [1786075865.157665758] [motor_controller_pid]: Right motor is saturated: target spd 0.012790222757228185
[WARN] [1786075865.208846907] [motor_controller_pid]: Left motor is saturated: target spd -0.01602345240698196
[WARN] [1786075865.210564250] [motor_controller_pid]: Right motor is saturated: target spd 0.007474581697722897
[WARN] [1786075865.299475994] [motor_controller_pid]: Left motor is saturated: target spd -0.01602345240698196
[WARN] [1786075865.301376522] [motor_controller_pid]: Right motor is saturated: target spd 0.007474581697722897
[WARN] [1786075865.312144359] [motor_controller_pid]: Left motor is saturated: target spd -0.01602345240698196
[WARN] [1786075865.313043530] [motor_controller_pid]: Right motor is saturated: target spd 0.007474581697722897
[WARN] [1786075865.357104715] [motor_controller_pid]: Left motor is saturated: target spd -0.018422834046324714
[WARN] [1786075865.359995286] [motor_controller_pid]: Right motor is saturated: target spd 0.011074312560120599
[WARN] [1786075865.406767819] [motor_controller_pid]: Left motor is saturated: target spd -0.01882295380833093
[WARN] [1786075865.409810502] [motor_controller_pid]: Right motor is saturated: target spd 0.00902642053065356
[WARN] [1786075865.456813388] [motor_controller_pid]: Left motor is saturated: target spd -0.01882295380833093
[WARN] [1786075865.457856338] [motor_controller_pid]: Right motor is saturated: target spd 0.00902642053065356
[WARN] [1786075865.507438071] [motor_controller_pid]: Left motor is saturated: target spd -0.018223520328616724
[WARN] [1786075865.510786589] [motor_controller_pid]: Right motor is saturated: target spd 0.01061306339004077
[WARN] [1786075870.756948485] [motor_controller_pid]: Left motor is saturated: target spd 0.15000000596046448
[WARN] [1786075870.758645698] [motor_controller_pid]: Right motor is saturated: target spd -0.15000000596046448
[WARN] [1786075870.807666465] [motor_controller_pid]: Left motor is saturated: target spd 0.15000000596046448
[WARN] [1786075870.808677415] [motor_controller_pid]: Right motor is saturated: target spd -0.15000000596046448
[WARN] [1786075870.856958881] [motor_controller_pid]: Left motor is saturated: target spd 0.15000000596046448
[WARN] [1786075870.857996739] [motor_controller_pid]: Right motor is saturated: target spd -0.15000000596046448
[WARN] [1786075870.907205581] [motor_controller_pid]: Left motor is saturated: target spd 0.15000000596046448
[WARN] [1786075870.908422051] [motor_controller_pid]: Right motor is saturated: target spd -0.15000000596046448
[WARN] [1786075870.957015408] [motor_controller_pid]: Left motor is saturated: target spd 0.15000000596046448
[WARN] [1786075870.958707010] [motor_controller_pid]: Right motor is saturated: target spd -0.15000000596046448
[WARN] [1786075871.007461405] [motor_controller_pid]: Left motor is saturated: target spd 0.15000000596046448
[WARN] [1786075871.008622467] [motor_controller_pid]: Right motor is saturated: target spd -0.15000000596046448
[WARN] [1786075871.057195454] [motor_controller_pid]: Left motor is saturated: target spd 0.15000000596046448
[WARN] [1786075871.059218817] [motor_controller_pid]: Right motor is saturated: target spd -0.15000000596046448
[WARN] [1786075871.107498839] [motor_controller_pid]: Left motor is saturated: target spd 0.15000000596046448
[WARN] [1786075871.108537363] [motor_controller_pid]: Right motor is saturated: target spd -0.15000000596046448
[WARN] [1786075871.157183795] [motor_controller_pid]: Left motor is saturated: target spd 0.15000000596046448
[WARN] [1786075871.158803396] [motor_controller_pid]: Right motor is saturated: target spd -0.15000000596046448
[WARN] [1786075871.208121961] [motor_controller_pid]: Left motor is saturated: target spd 0.15000000596046448
[WARN] [1786075871.209196115] [motor_controller_pid]: Right motor is saturated: target spd -0.15000000596046448
[WARN] [1786075871.256943542] [motor_controller_pid]: Left motor is saturated: target spd 0.15000000596046448
[WARN] [1786075871.258517254] [motor_controller_pid]: Right motor is saturated: target spd -0.15000000596046448
[WARN] [1786075871.310123017] [motor_controller_pid]: Left motor is saturated: target spd 0.15000000596046448
[WARN] [1786075871.312378418] [motor_controller_pid]: Right motor is saturated: target spd -0.15000000596046448
[WARN] [1786075871.357103088] [motor_controller_pid]: Left motor is saturated: target spd 0.15000000596046448
[WARN] [1786075871.358480799] [motor_controller_pid]: Right motor is saturated: target spd -0.15000000596046448
[WARN] [1786075871.408445497] [motor_controller_pid]: Left motor is saturated: target spd 0.15000000596046448
[WARN] [1786075871.409462928] [motor_controller_pid]: Right motor is saturated: target spd -0.15000000596046448
[WARN] [1786075871.457112688] [motor_controller_pid]: Left motor is saturated: target spd 0.15000000596046448
[WARN] [1786075871.460624059] [motor_controller_pid]: Right motor is saturated: target spd -0.15000000596046448
[WARN] [1786075871.509744734] [motor_controller_pid]: Left motor is saturated: target spd 0.15000000596046448
[WARN] [1786075871.511336391] [motor_controller_pid]: Right motor is saturated: target spd -0.15000000596046448
[WARN] [1786075871.556924658] [motor_controller_pid]: Left motor is saturated: target spd 0.15000000596046448
[WARN] [1786075871.559080595] [motor_controller_pid]: Right motor is saturated: target spd -0.15000000596046448
[WARN] [1786075871.607151765] [motor_controller_pid]: Left motor is saturated: target spd 0.15000000596046448
[WARN] [1786075871.608176159] [motor_controller_pid]: Right motor is saturated: target spd -0.15000000596046448
[WARN] [1786075871.656880036] [motor_controller_pid]: Left motor is saturated: target spd 0.15000000596046448
[WARN] [1786075871.658309395] [motor_controller_pid]: Right motor is saturated: target spd -0.15000000596046448
[WARN] [1786075871.707380718] [motor_controller_pid]: Left motor is saturated: target spd 0.15000000596046448
[WARN] [1786075871.708477039] [motor_controller_pid]: Right motor is saturated: target spd -0.15000000596046448
[WARN] [1786075871.756961248] [motor_controller_pid]: Left motor is saturated: target spd 0.15000000596046448
[WARN] [1786075871.758684090] [motor_controller_pid]: Right motor is saturated: target spd -0.15000000596046448
[WARN] [1786075871.807499282] [motor_controller_pid]: Left motor is saturated: target spd 0.15000000596046448
[WARN] [1786075871.808563751] [motor_controller_pid]: Right motor is saturated: target spd -0.15000000596046448
[WARN] [1786075871.856938755] [motor_controller_pid]: Left motor is saturated: target spd 0.15000000596046448
[WARN] [1786075871.858037780] [motor_controller_pid]: Right motor is saturated: target spd -0.15000000596046448
[WARN] [1786075871.907571179] [motor_controller_pid]: Left motor is saturated: target spd 0.15000000596046448
[WARN] [1786075871.908654037] [motor_controller_pid]: Right motor is saturated: target spd -0.15000000596046448
[WARN] [1786075871.958755958] [motor_controller_pid]: Left motor is saturated: target spd 0.15000000596046448
[WARN] [1786075871.964179932] [motor_controller_pid]: Right motor is saturated: target spd -0.15000000596046448
[WARN] [1786075872.007152722] [motor_controller_pid]: Left motor is saturated: target spd 0.15000000596046448
[WARN] [1786075872.008160820] [motor_controller_pid]: Right motor is saturated: target spd -0.15000000596046448
[WARN] [1786075872.060251511] [motor_controller_pid]: Left motor is saturated: target spd 0.15000000596046448
[WARN] [1786075872.063157879] [motor_controller_pid]: Right motor is saturated: target spd -0.15000000596046448
[WARN] [1786075872.110233931] [motor_controller_pid]: Left motor is saturated: target spd 0.15000000596046448
[WARN] [1786075872.111544864] [motor_controller_pid]: Right motor is saturated: target spd -0.15000000596046448
[WARN] [1786075872.156933890] [motor_controller_pid]: Left motor is saturated: target spd 0.15000000596046448
[WARN] [1786075872.158642454] [motor_controller_pid]: Right motor is saturated: target spd -0.15000000596046448
[WARN] [1786075872.208764339] [motor_controller_pid]: Left motor is saturated: target spd 0.15000000596046448
[WARN] [1786075872.210513718] [motor_controller_pid]: Right motor is saturated: target spd -0.15000000596046448
[WARN] [1786075872.256909379] [motor_controller_pid]: Left motor is saturated: target spd 0.15000000596046448
[WARN] [1786075872.257983181] [motor_controller_pid]: Right motor is saturated: target spd -0.15000000596046448
[WARN] [1786075872.307596747] [motor_controller_pid]: Left motor is saturated: target spd 0.15000000596046448
[WARN] [1786075872.308675253] [motor_controller_pid]: Right motor is saturated: target spd -0.15000000596046448
[WARN] [1786075872.357553964] [motor_controller_pid]: Left motor is saturated: target spd 0.15000000596046448
[WARN] [1786075872.359761457] [motor_controller_pid]: Right motor is saturated: target spd -0.15000000596046448
[WARN] [1786075872.416787583] [motor_controller_pid]: Left motor is saturated: target spd 0.15000000596046448
[WARN] [1786075872.417758070] [motor_controller_pid]: Right motor is saturated: target spd -0.15000000596046448
[WARN] [1786075872.457254674] [motor_controller_pid]: Left motor is saturated: target spd 0.15000000596046448
[WARN] [1786075872.458882349] [motor_controller_pid]: Right motor is saturated: target spd -0.15000000596046448
[WARN] [1786075872.507597411] [motor_controller_pid]: Left motor is saturated: target spd 0.15000000596046448
[WARN] [1786075872.508581083] [motor_controller_pid]: Right motor is saturated: target spd -0.15000000596046448
[WARN] [1786075872.557494664] [motor_controller_pid]: Left motor is saturated: target spd 0.15000000596046448
[WARN] [1786075872.558574874] [motor_controller_pid]: Right motor is saturated: target spd -0.15000000596046448
[WARN] [1786075872.610659028] [motor_controller_pid]: Left motor is saturated: target spd 0.15000000596046448
[WARN] [1786075872.611619348] [motor_controller_pid]: Right motor is saturated: target spd -0.15000000596046448
[WARN] [1786075872.676907704] [motor_controller_pid]: Left motor is saturated: target spd 0.15000000596046448
[WARN] [1786075872.682744606] [motor_controller_pid]: Right motor is saturated: target spd -0.15000000596046448
[WARN] [1786075872.712420749] [motor_controller_pid]: Left motor is saturated: target spd 0.15000000596046448
[WARN] [1786075872.717461240] [motor_controller_pid]: Right motor is saturated: target spd -0.15000000596046448
[WARN] [1786075872.768236905] [motor_controller_pid]: Left motor is saturated: target spd 0.15000000596046448
[WARN] [1786075872.771280588] [motor_controller_pid]: Right motor is saturated: target spd -0.15000000596046448
[WARN] [1786075872.807971307] [motor_controller_pid]: Left motor is saturated: target spd 0.15000000596046448
[WARN] [1786075872.811038009] [motor_controller_pid]: Right motor is saturated: target spd -0.15000000596046448
[WARN] [1786075872.859400383] [motor_controller_pid]: Left motor is saturated: target spd 0.15000000596046448
[WARN] [1786075872.860614482] [motor_controller_pid]: Right motor is saturated: target spd -0.15000000596046448
[WARN] [1786075872.907627331] [motor_controller_pid]: Left motor is saturated: target spd 0.15000000596046448
[WARN] [1786075872.908575466] [motor_controller_pid]: Right motor is saturated: target spd -0.15000000596046448
[WARN] [1786075872.957507214] [motor_controller_pid]: Left motor is saturated: target spd 0.15000000596046448
[WARN] [1786075872.959197853] [motor_controller_pid]: Right motor is saturated: target spd -0.15000000596046448
[WARN] [1786075873.008221157] [motor_controller_pid]: Left motor is saturated: target spd 0.15000000596046448
[WARN] [1786075873.010823264] [motor_controller_pid]: Right motor is saturated: target spd -0.15000000596046448
[WARN] [1786075873.056911737] [motor_controller_pid]: Left motor is saturated: target spd 0.15000000596046448
[WARN] [1786075873.058120818] [motor_controller_pid]: Right motor is saturated: target spd -0.15000000596046448
[WARN] [1786075873.107433957] [motor_controller_pid]: Left motor is saturated: target spd 0.15000000596046448
[WARN] [1786075873.108399536] [motor_controller_pid]: Right motor is saturated: target spd -0.15000000596046448
[WARN] [1786075873.157007912] [motor_controller_pid]: Left motor is saturated: target spd 0.15000000596046448
[WARN] [1786075873.158716514] [motor_controller_pid]: Right motor is saturated: target spd -0.15000000596046448
[WARN] [1786075873.207694744] [motor_controller_pid]: Left motor is saturated: target spd 0.15000000596046448
[WARN] [1786075873.208758305] [motor_controller_pid]: Right motor is saturated: target spd -0.15000000596046448
[WARN] [1786075873.256946345] [motor_controller_pid]: Left motor is saturated: target spd 0.15000000596046448
[WARN] [1786075873.258114926] [motor_controller_pid]: Right motor is saturated: target spd -0.15000000596046448
[WARN] [1786075873.307399898] [motor_controller_pid]: Left motor is saturated: target spd 0.15000000596046448
[WARN] [1786075873.308429959] [motor_controller_pid]: Right motor is saturated: target spd -0.15000000596046448
[WARN] [1786075873.356988427] [motor_controller_pid]: Left motor is saturated: target spd 0.15000000596046448
[WARN] [1786075873.358737752] [motor_controller_pid]: Right motor is saturated: target spd -0.15000000596046448
[WARN] [1786075873.407133071] [motor_controller_pid]: Left motor is saturated: target spd 0.15000000596046448
[WARN] [1786075873.408273485] [motor_controller_pid]: Right motor is saturated: target spd -0.15000000596046448
[WARN] [1786075873.457005991] [motor_controller_pid]: Left motor is saturated: target spd 0.15000000596046448
[WARN] [1786075873.459038372] [motor_controller_pid]: Right motor is saturated: target spd -0.15000000596046448
[WARN] [1786075873.507820101] [motor_controller_pid]: Left motor is saturated: target spd 0.15000000596046448
[WARN] [1786075873.508922311] [motor_controller_pid]: Right motor is saturated: target spd -0.15000000596046448
[WARN] [1786075873.556989591] [motor_controller_pid]: Left motor is saturated: target spd 0.15000000596046448
[WARN] [1786075873.559368048] [motor_controller_pid]: Right motor is saturated: target spd -0.15000000596046448
[WARN] [1786075873.607035530] [motor_controller_pid]: Left motor is saturated: target spd 0.15000000596046448
[WARN] [1786075873.608044814] [motor_controller_pid]: Right motor is saturated: target spd -0.15000000596046448
[WARN] [1786075873.656947987] [motor_controller_pid]: Left motor is saturated: target spd 0.15000000596046448
[WARN] [1786075873.658407625] [motor_controller_pid]: Right motor is saturated: target spd -0.15000000596046448
[WARN] [1786075873.707183428] [motor_controller_pid]: Left motor is saturated: target spd 0.15000000596046448
[WARN] [1786075873.708211341] [motor_controller_pid]: Right motor is saturated: target spd -0.15000000596046448
[WARN] [1786075873.756958032] [motor_controller_pid]: Left motor is saturated: target spd 0.15000000596046448
[WARN] [1786075873.758716375] [motor_controller_pid]: Right motor is saturated: target spd -0.15000000596046448
[WARN] [1786075873.807575290] [motor_controller_pid]: Left motor is saturated: target spd 0.15000000596046448
[WARN] [1786075873.808631647] [motor_controller_pid]: Right motor is saturated: target spd -0.15000000596046448
[WARN] [1786075873.856992318] [motor_controller_pid]: Left motor is saturated: target spd 0.15000000596046448
[WARN] [1786075873.858472937] [motor_controller_pid]: Right motor is saturated: target spd -0.15000000596046448
[WARN] [1786075873.907405722] [motor_controller_pid]: Left motor is saturated: target spd 0.15000000596046448
[WARN] [1786075873.908407802] [motor_controller_pid]: Right motor is saturated: target spd -0.15000000596046448
[WARN] [1786075873.957324902] [motor_controller_pid]: Left motor is saturated: target spd 0.15000000596046448
[WARN] [1786075873.959264486] [motor_controller_pid]: Right motor is saturated: target spd -0.15000000596046448
[WARN] [1786075874.007389248] [motor_controller_pid]: Left motor is saturated: target spd 0.15000000596046448
[WARN] [1786075874.008420680] [motor_controller_pid]: Right motor is saturated: target spd -0.15000000596046448
[WARN] [1786075874.056981685] [motor_controller_pid]: Left motor is saturated: target spd 0.15000000596046448
[WARN] [1786075874.058687917] [motor_controller_pid]: Right motor is saturated: target spd -0.15000000596046448
[WARN] [1786075874.107131718] [motor_controller_pid]: Left motor is saturated: target spd 0.15000000596046448
[WARN] [1786075874.108215964] [motor_controller_pid]: Right motor is saturated: target spd -0.15000000596046448
[WARN] [1786075874.156988786] [motor_controller_pid]: Left motor is saturated: target spd 0.15000000596046448
[WARN] [1786075874.158485220] [motor_controller_pid]: Right motor is saturated: target spd -0.15000000596046448
[WARN] [1786075874.207280930] [motor_controller_pid]: Left motor is saturated: target spd 0.15000000596046448
[WARN] [1786075874.208378436] [motor_controller_pid]: Right motor is saturated: target spd -0.15000000596046448
[WARN] [1786075874.256984497] [motor_controller_pid]: Left motor is saturated: target spd 0.15000000596046448
[WARN] [1786075874.258548339] [motor_controller_pid]: Right motor is saturated: target spd -0.15000000596046448
[WARN] [1786075874.307459309] [motor_controller_pid]: Left motor is saturated: target spd 0.15000000596046448
[WARN] [1786075874.308525130] [motor_controller_pid]: Right motor is saturated: target spd -0.15000000596046448
[WARN] [1786075874.357041098] [motor_controller_pid]: Left motor is saturated: target spd 0.15000000596046448
[WARN] [1786075874.358738607] [motor_controller_pid]: Right motor is saturated: target spd -0.15000000596046448
[WARN] [1786075874.407368909] [motor_controller_pid]: Left motor is saturated: target spd 0.15000000596046448
[WARN] [1786075874.408464748] [motor_controller_pid]: Right motor is saturated: target spd -0.15000000596046448
[WARN] [1786075874.456943938] [motor_controller_pid]: Left motor is saturated: target spd 0.15000000596046448
[WARN] [1786075874.458623207] [motor_controller_pid]: Right motor is saturated: target spd -0.15000000596046448
[WARN] [1786075874.507528770] [motor_controller_pid]: Left motor is saturated: target spd 0.15000000596046448
[WARN] [1786075874.508598831] [motor_controller_pid]: Right motor is saturated: target spd -0.15000000596046448
[WARN] [1786075874.556973391] [motor_controller_pid]: Left motor is saturated: target spd 0.15000000596046448
[WARN] [1786075874.558875697] [motor_controller_pid]: Right motor is saturated: target spd -0.15000000596046448
[WARN] [1786075874.607486610] [motor_controller_pid]: Left motor is saturated: target spd 0.15000000596046448
[WARN] [1786075874.608557838] [motor_controller_pid]: Right motor is saturated: target spd -0.15000000596046448
[WARN] [1786075874.656890528] [motor_controller_pid]: Left motor is saturated: target spd 0.15000000596046448
[WARN] [1786075874.657913663] [motor_controller_pid]: Right motor is saturated: target spd -0.15000000596046448
[WARN] [1786075874.707155894] [motor_controller_pid]: Left motor is saturated: target spd 0.15000000596046448
[WARN] [1786075874.708168937] [motor_controller_pid]: Right motor is saturated: target spd -0.15000000596046448
[WARN] [1786075874.757069203] [motor_controller_pid]: Left motor is saturated: target spd 0.15000000596046448
[WARN] [1786075874.758653915] [motor_controller_pid]: Right motor is saturated: target spd -0.15000000596046448
[WARN] [1786075874.807414422] [motor_controller_pid]: Left motor is saturated: target spd 0.15000000596046448
[WARN] [1786075874.808542539] [motor_controller_pid]: Right motor is saturated: target spd -0.15000000596046448
[WARN] [1786075874.856983025] [motor_controller_pid]: Left motor is saturated: target spd 0.15000000596046448
[WARN] [1786075874.858205384] [motor_controller_pid]: Right motor is saturated: target spd -0.15000000596046448
[WARN] [1786075874.907313096] [motor_controller_pid]: Left motor is saturated: target spd 0.15000000596046448
[WARN] [1786075874.908554047] [motor_controller_pid]: Right motor is saturated: target spd -0.15000000596046448
[WARN] [1786075874.957210164] [motor_controller_pid]: Left motor is saturated: target spd 0.15000000596046448
[WARN] [1786075874.959219304] [motor_controller_pid]: Right motor is saturated: target spd -0.15000000596046448
[WARN] [1786075875.007352955] [motor_controller_pid]: Left motor is saturated: target spd 0.15000000596046448
[WARN] [1786075875.008396609] [motor_controller_pid]: Right motor is saturated: target spd -0.15000000596046448
[WARN] [1786075875.056932596] [motor_controller_pid]: Left motor is saturated: target spd 0.15000000596046448
[WARN] [1786075875.059023367] [motor_controller_pid]: Right motor is saturated: target spd -0.15000000596046448
[WARN] [1786075875.107601742] [motor_controller_pid]: Left motor is saturated: target spd 0.15000000596046448
[WARN] [1786075875.108598359] [motor_controller_pid]: Right motor is saturated: target spd -0.15000000596046448
[WARN] [1786075875.156935919] [motor_controller_pid]: Left motor is saturated: target spd 0.15000000596046448
[WARN] [1786075875.158030387] [motor_controller_pid]: Right motor is saturated: target spd -0.15000000596046448
[WARN] [1786075875.207535750] [motor_controller_pid]: Left motor is saturated: target spd 0.15000000596046448
[WARN] [1786075875.208608496] [motor_controller_pid]: Right motor is saturated: target spd -0.15000000596046448
[WARN] [1786075875.256863796] [motor_controller_pid]: Left motor is saturated: target spd 0.15000000596046448
[WARN] [1786075875.257862857] [motor_controller_pid]: Right motor is saturated: target spd -0.15000000596046448
[WARN] [1786075875.307156941] [motor_controller_pid]: Left motor is saturated: target spd 0.15000000596046448
[WARN] [1786075875.308184409] [motor_controller_pid]: Right motor is saturated: target spd -0.15000000596046448
[WARN] [1786075875.356984657] [motor_controller_pid]: Left motor is saturated: target spd 0.15000000596046448
[WARN] [1786075875.358808463] [motor_controller_pid]: Right motor is saturated: target spd -0.15000000596046448
[WARN] [1786075875.407029540] [motor_controller_pid]: Left motor is saturated: target spd 0.15000000596046448
[WARN] [1786075875.408169806] [motor_controller_pid]: Right motor is saturated: target spd -0.15000000596046448
[WARN] [1786075875.457155202] [motor_controller_pid]: Left motor is saturated: target spd 0.15000000596046448
[WARN] [1786075875.458610321] [motor_controller_pid]: Right motor is saturated: target spd -0.15000000596046448
[WARN] [1786075875.507223919] [motor_controller_pid]: Left motor is saturated: target spd 0.15000000596046448
[WARN] [1786075875.508363481] [motor_controller_pid]: Right motor is saturated: target spd -0.15000000596046448
[WARN] [1786075875.607262946] [motor_controller_pid]: Left motor is saturated: target spd 0.2016125
[WARN] [1786075875.657213588] [motor_controller_pid]: Left motor is saturated: target spd 0.2016125
[WARN] [1786075875.707423251] [motor_controller_pid]: Left motor is saturated: target spd 0.2016125
[WARN] [1786075875.757131244] [motor_controller_pid]: Left motor is saturated: target spd 0.2016125
[WARN] [1786075875.807490037] [motor_controller_pid]: Left motor is saturated: target spd 0.2016125
[WARN] [1786075875.857151122] [motor_controller_pid]: Left motor is saturated: target spd 0.2016125
[WARN] [1786075875.907446989] [motor_controller_pid]: Left motor is saturated: target spd 0.2016125
[WARN] [1786075875.957425891] [motor_controller_pid]: Left motor is saturated: target spd 0.2016125
[WARN] [1786075876.007631627] [motor_controller_pid]: Left motor is saturated: target spd 0.2016125
[WARN] [1786075876.057051045] [motor_controller_pid]: Left motor is saturated: target spd 0.2016125
[WARN] [1786075876.107403097] [motor_controller_pid]: Left motor is saturated: target spd 0.2016125
[WARN] [1786075876.157184683] [motor_controller_pid]: Left motor is saturated: target spd 0.2016125
[WARN] [1786075876.207252567] [motor_controller_pid]: Left motor is saturated: target spd 0.2016125
[WARN] [1786075876.257177283] [motor_controller_pid]: Left motor is saturated: target spd 0.2016125
[WARN] [1786075876.307210407] [motor_controller_pid]: Left motor is saturated: target spd 0.2016125
[WARN] [1786075876.357245698] [motor_controller_pid]: Left motor is saturated: target spd 0.2016125
[WARN] [1786075876.407218397] [motor_controller_pid]: Left motor is saturated: target spd 0.2016125
[WARN] [1786075876.457218539] [motor_controller_pid]: Left motor is saturated: target spd 0.2016125
[WARN] [1786075876.507139793] [motor_controller_pid]: Left motor is saturated: target spd 0.2016125
[WARN] [1786075876.557187714] [motor_controller_pid]: Left motor is saturated: target spd 0.2016125
[WARN] [1786075876.607466488] [motor_controller_pid]: Left motor is saturated: target spd 0.2016125
[WARN] [1786075876.657080443] [motor_controller_pid]: Left motor is saturated: target spd 0.2016125
[WARN] [1786075876.707347347] [motor_controller_pid]: Left motor is saturated: target spd 0.2016125
[WARN] [1786075876.757383138] [motor_controller_pid]: Left motor is saturated: target spd 0.2016125
[WARN] [1786075876.807359428] [motor_controller_pid]: Left motor is saturated: target spd 0.2016125
[WARN] [1786075876.857133663] [motor_controller_pid]: Left motor is saturated: target spd 0.2016125
[WARN] [1786075876.907278362] [motor_controller_pid]: Left motor is saturated: target spd 0.2016125
[WARN] [1786075876.958444066] [motor_controller_pid]: Left motor is saturated: target spd 0.2016125
[WARN] [1786075877.007155535] [motor_controller_pid]: Left motor is saturated: target spd 0.2016125
[WARN] [1786075877.057177160] [motor_controller_pid]: Left motor is saturated: target spd 0.2016125
[WARN] [1786075877.107070043] [motor_controller_pid]: Left motor is saturated: target spd 0.2016125
[WARN] [1786075877.157185223] [motor_controller_pid]: Left motor is saturated: target spd 0.2016125
[WARN] [1786075877.207267366] [motor_controller_pid]: Left motor is saturated: target spd 0.2016125
[WARN] [1786075877.257103008] [motor_controller_pid]: Left motor is saturated: target spd 0.2016125
[WARN] [1786075877.307119984] [motor_controller_pid]: Left motor is saturated: target spd 0.2016125
[WARN] [1786075877.357261424] [motor_controller_pid]: Left motor is saturated: target spd 0.2016125
[WARN] [1786075877.407174770] [motor_controller_pid]: Left motor is saturated: target spd 0.2016125
[WARN] [1786075877.457249136] [motor_controller_pid]: Left motor is saturated: target spd 0.2016125
[WARN] [1786075877.507700874] [motor_controller_pid]: Left motor is saturated: target spd 0.2016125
[WARN] [1786075877.557234514] [motor_controller_pid]: Left motor is saturated: target spd 0.2016125
[WARN] [1786075877.607377565] [motor_controller_pid]: Left motor is saturated: target spd 0.2016125
[WARN] [1786075877.657181058] [motor_controller_pid]: Left motor is saturated: target spd 0.2016125
[WARN] [1786075877.707413869] [motor_controller_pid]: Left motor is saturated: target spd 0.2016125
[WARN] [1786075877.757166196] [motor_controller_pid]: Left motor is saturated: target spd 0.2016125
[WARN] [1786075877.807265783] [motor_controller_pid]: Left motor is saturated: target spd 0.2016125
[WARN] [1786075877.857125536] [motor_controller_pid]: Left motor is saturated: target spd 0.2016125
[WARN] [1786075877.907606089] [motor_controller_pid]: Left motor is saturated: target spd 0.2016125
[WARN] [1786075877.957431953] [motor_controller_pid]: Left motor is saturated: target spd 0.2016125
[WARN] [1786075878.007333355] [motor_controller_pid]: Left motor is saturated: target spd 0.2016125
[WARN] [1786075878.057174904] [motor_controller_pid]: Left motor is saturated: target spd 0.2016125
[WARN] [1786075878.107260695] [motor_controller_pid]: Left motor is saturated: target spd 0.2016125
[WARN] [1786075878.157139208] [motor_controller_pid]: Left motor is saturated: target spd 0.2016125
[WARN] [1786075878.207207907] [motor_controller_pid]: Left motor is saturated: target spd 0.2016125
[WARN] [1786075878.257242994] [motor_controller_pid]: Left motor is saturated: target spd 0.2016125
[WARN] [1786075878.307515360] [motor_controller_pid]: Left motor is saturated: target spd 0.2016125
[WARN] [1786075878.357159353] [motor_controller_pid]: Left motor is saturated: target spd 0.2016125
[WARN] [1786075878.406994514] [motor_controller_pid]: Left motor is saturated: target spd 0.2016125
[WARN] [1786075878.457178787] [motor_controller_pid]: Left motor is saturated: target spd 0.2016125
[WARN] [1786075878.507168152] [motor_controller_pid]: Left motor is saturated: target spd 0.2016125
[WARN] [1786075878.557134294] [motor_controller_pid]: Left motor is saturated: target spd 0.2016125
[WARN] [1786075878.607351605] [motor_controller_pid]: Left motor is saturated: target spd 0.2016125
[WARN] [1786075878.657121117] [motor_controller_pid]: Left motor is saturated: target spd 0.2016125
[WARN] [1786075878.707203075] [motor_controller_pid]: Left motor is saturated: target spd 0.2016125
[WARN] [1786075878.757172255] [motor_controller_pid]: Left motor is saturated: target spd 0.2016125
[WARN] [1786075878.807142416] [motor_controller_pid]: Left motor is saturated: target spd 0.2016125
[WARN] [1786075878.857143410] [motor_controller_pid]: Left motor is saturated: target spd 0.2016125
[WARN] [1786075878.908201689] [motor_controller_pid]: Left motor is saturated: target spd 0.2016125
[WARN] [1786075878.957252530] [motor_controller_pid]: Left motor is saturated: target spd 0.2016125
[WARN] [1786075879.007225191] [motor_controller_pid]: Left motor is saturated: target spd 0.2016125
[WARN] [1786075879.057283316] [motor_controller_pid]: Left motor is saturated: target spd 0.2016125
[WARN] [1786075879.107256236] [motor_controller_pid]: Left motor is saturated: target spd 0.2016125
[WARN] [1786075879.157126248] [motor_controller_pid]: Left motor is saturated: target spd 0.2016125
[WARN] [1786075879.207029242] [motor_controller_pid]: Left motor is saturated: target spd 0.2016125
[WARN] [1786075879.257117293] [motor_controller_pid]: Left motor is saturated: target spd 0.2016125
[WARN] [1786075879.307487123] [motor_controller_pid]: Left motor is saturated: target spd 0.2016125
[WARN] [1786075879.357291135] [motor_controller_pid]: Left motor is saturated: target spd 0.2016125
[WARN] [1786075879.407698521] [motor_controller_pid]: Left motor is saturated: target spd 0.2016125
[WARN] [1786075879.457349532] [motor_controller_pid]: Left motor is saturated: target spd 0.2016125
[WARN] [1786075879.507597732] [motor_controller_pid]: Left motor is saturated: target spd 0.2016125
[WARN] [1786075879.557198909] [motor_controller_pid]: Left motor is saturated: target spd 0.2016125
[WARN] [1786075879.607316608] [motor_controller_pid]: Left motor is saturated: target spd 0.2016125
[WARN] [1786075879.657164306] [motor_controller_pid]: Left motor is saturated: target spd 0.2016125
[WARN] [1786075879.707287468] [motor_controller_pid]: Left motor is saturated: target spd 0.2016125
[WARN] [1786075879.757280351] [motor_controller_pid]: Left motor is saturated: target spd 0.2016125
[WARN] [1786075879.807734441] [motor_controller_pid]: Left motor is saturated: target spd 0.2016125
[WARN] [1786075879.857120340] [motor_controller_pid]: Left motor is saturated: target spd 0.2016125
[WARN] [1786075879.907172927] [motor_controller_pid]: Left motor is saturated: target spd 0.2016125
[WARN] [1786075879.957169292] [motor_controller_pid]: Left motor is saturated: target spd 0.2016125
[WARN] [1786075880.007476955] [motor_controller_pid]: Left motor is saturated: target spd 0.2016125
[WARN] [1786075880.057172818] [motor_controller_pid]: Left motor is saturated: target spd 0.2016125
[WARN] [1786075880.107212813] [motor_controller_pid]: Left motor is saturated: target spd 0.2016125
[WARN] [1786075880.157148715] [motor_controller_pid]: Left motor is saturated: target spd 0.2016125
[WARN] [1786075880.207395748] [motor_controller_pid]: Left motor is saturated: target spd 0.2016125
[WARN] [1786075880.257152371] [motor_controller_pid]: Left motor is saturated: target spd 0.2016125
[WARN] [1786075880.307281959] [motor_controller_pid]: Left motor is saturated: target spd 0.2016125
[WARN] [1786075880.357167175] [motor_controller_pid]: Left motor is saturated: target spd 0.2016125
[WARN] [1786075880.407665598] [motor_controller_pid]: Left motor is saturated: target spd 0.2016125
[WARN] [1786075880.457314332] [motor_controller_pid]: Left motor is saturated: target spd 0.2016125
[WARN] [1786075880.507670939] [motor_controller_pid]: Left motor is saturated: target spd 0.2016125
[WARN] [1786075880.557164931] [motor_controller_pid]: Left motor is saturated: target spd 0.2016125
[WARN] [1786075880.607355149] [motor_controller_pid]: Left motor is saturated: target spd 0.2016125
[WARN] [1786075880.657043531] [motor_controller_pid]: Left motor is saturated: target spd 0.2016125
[WARN] [1786075880.707338194] [motor_controller_pid]: Left motor is saturated: target spd 0.2016125
[WARN] [1786075880.708366292] [motor_controller_pid]: Right motor is saturated: target spd 0.2016125
[WARN] [1786075880.757142891] [motor_controller_pid]: Left motor is saturated: target spd 0.2016125
[WARN] [1786075880.758629121] [motor_controller_pid]: Right motor is saturated: target spd 0.2016125
[WARN] [1786075880.807339516] [motor_controller_pid]: Left motor is saturated: target spd 0.2016125
[WARN] [1786075880.808422096] [motor_controller_pid]: Right motor is saturated: target spd 0.2016125
[WARN] [1786075880.857196066] [motor_controller_pid]: Left motor is saturated: target spd 0.2016125
[WARN] [1786075880.858754500] [motor_controller_pid]: Right motor is saturated: target spd 0.2016125
[WARN] [1786075880.908035509] [motor_controller_pid]: Left motor is saturated: target spd 0.2016125
[WARN] [1786075880.909004367] [motor_controller_pid]: Right motor is saturated: target spd 0.2016125
[WARN] [1786075880.957952615] [motor_controller_pid]: Left motor is saturated: target spd 0.2016125
[WARN] [1786075880.959188770] [motor_controller_pid]: Right motor is saturated: target spd 0.2016125
[WARN] [1786075881.007144475] [motor_controller_pid]: Left motor is saturated: target spd 0.2016125
[WARN] [1786075881.008203426] [motor_controller_pid]: Right motor is saturated: target spd 0.2016125
[WARN] [1786075881.057119988] [motor_controller_pid]: Left motor is saturated: target spd 0.2016125
[WARN] [1786075881.058259328] [motor_controller_pid]: Right motor is saturated: target spd 0.2016125
[WARN] [1786075881.107277336] [motor_controller_pid]: Left motor is saturated: target spd 0.2016125
[WARN] [1786075881.108334786] [motor_controller_pid]: Right motor is saturated: target spd 0.2016125
[WARN] [1786075881.157151552] [motor_controller_pid]: Left motor is saturated: target spd 0.2016125
[WARN] [1786075881.158301891] [motor_controller_pid]: Right motor is saturated: target spd 0.2016125
[WARN] [1786075881.207214695] [motor_controller_pid]: Left motor is saturated: target spd 0.2016125
[WARN] [1786075881.208285553] [motor_controller_pid]: Right motor is saturated: target spd 0.2016125
[WARN] [1786075881.257037596] [motor_controller_pid]: Left motor is saturated: target spd 0.2016125
[WARN] [1786075881.258309584] [motor_controller_pid]: Right motor is saturated: target spd 0.2016125
[WARN] [1786075881.307205591] [motor_controller_pid]: Left motor is saturated: target spd 0.2016125
[WARN] [1786075881.308302338] [motor_controller_pid]: Right motor is saturated: target spd 0.2016125
[WARN] [1786075881.357262568] [motor_controller_pid]: Left motor is saturated: target spd 0.2016125
[WARN] [1786075881.359092430] [motor_controller_pid]: Right motor is saturated: target spd 0.2016125
[WARN] [1786075881.407463934] [motor_controller_pid]: Left motor is saturated: target spd 0.2016125
[WARN] [1786075881.408572718] [motor_controller_pid]: Right motor is saturated: target spd 0.2016125
[WARN] [1786075881.457227075] [motor_controller_pid]: Left motor is saturated: target spd 0.2016125
[WARN] [1786075881.459044900] [motor_controller_pid]: Right motor is saturated: target spd 0.2016125
[WARN] [1786075881.507411312] [motor_controller_pid]: Left motor is saturated: target spd 0.2016125
[WARN] [1786075881.508476373] [motor_controller_pid]: Right motor is saturated: target spd 0.2016125
[WARN] [1786075881.557280972] [motor_controller_pid]: Left motor is saturated: target spd 0.2016125
[WARN] [1786075881.559460447] [motor_controller_pid]: Right motor is saturated: target spd 0.2016125
[WARN] [1786075881.607286189] [motor_controller_pid]: Left motor is saturated: target spd 0.2016125
[WARN] [1786075881.608301010] [motor_controller_pid]: Right motor is saturated: target spd 0.2016125
[WARN] [1786075881.657149720] [motor_controller_pid]: Left motor is saturated: target spd 0.2016125
[WARN] [1786075881.658433931] [motor_controller_pid]: Right motor is saturated: target spd 0.2016125
[WARN] [1786075881.707111011] [motor_controller_pid]: Left motor is saturated: target spd 0.2016125
[WARN] [1786075881.708106887] [motor_controller_pid]: Right motor is saturated: target spd 0.2016125
[WARN] [1786075881.757147987] [motor_controller_pid]: Left motor is saturated: target spd 0.2016125
[WARN] [1786075881.758295364] [motor_controller_pid]: Right motor is saturated: target spd 0.2016125
[WARN] [1786075881.807389557] [motor_controller_pid]: Left motor is saturated: target spd 0.2016125
[WARN] [1786075881.808463489] [motor_controller_pid]: Right motor is saturated: target spd 0.2016125
[WARN] [1786075881.857135754] [motor_controller_pid]: Left motor is saturated: target spd 0.2016125
[WARN] [1786075881.858815856] [motor_controller_pid]: Right motor is saturated: target spd 0.2016125
[WARN] [1786075881.909437095] [motor_controller_pid]: Left motor is saturated: target spd 0.2016125
[WARN] [1786075881.910375211] [motor_controller_pid]: Right motor is saturated: target spd 0.2016125
[WARN] [1786075881.957442727] [motor_controller_pid]: Left motor is saturated: target spd 0.2016125
[WARN] [1786075881.959004642] [motor_controller_pid]: Right motor is saturated: target spd 0.2016125
[WARN] [1786075882.007268128] [motor_controller_pid]: Left motor is saturated: target spd 0.2016125
[WARN] [1786075882.008386004] [motor_controller_pid]: Right motor is saturated: target spd 0.2016125
[WARN] [1786075882.057216640] [motor_controller_pid]: Left motor is saturated: target spd 0.2016125
[WARN] [1786075882.059524042] [motor_controller_pid]: Right motor is saturated: target spd 0.2016125
[WARN] [1786075882.107276080] [motor_controller_pid]: Left motor is saturated: target spd 0.2016125
[WARN] [1786075882.108318808] [motor_controller_pid]: Right motor is saturated: target spd 0.2016125
[WARN] [1786075882.157219630] [motor_controller_pid]: Left motor is saturated: target spd 0.2016125
[WARN] [1786075882.158419710] [motor_controller_pid]: Right motor is saturated: target spd 0.2016125
[WARN] [1786075882.207316680] [motor_controller_pid]: Left motor is saturated: target spd 0.2016125
[WARN] [1786075882.208378964] [motor_controller_pid]: Right motor is saturated: target spd 0.2016125
[WARN] [1786075882.257204508] [motor_controller_pid]: Left motor is saturated: target spd 0.2016125
[WARN] [1786075882.258680757] [motor_controller_pid]: Right motor is saturated: target spd 0.2016125
[WARN] [1786075882.307276651] [motor_controller_pid]: Left motor is saturated: target spd 0.2016125
[WARN] [1786075882.308325675] [motor_controller_pid]: Right motor is saturated: target spd 0.2016125
[WARN] [1786075882.357222756] [motor_controller_pid]: Left motor is saturated: target spd 0.2016125
[WARN] [1786075882.358783895] [motor_controller_pid]: Right motor is saturated: target spd 0.2016125
[WARN] [1786075882.407643994] [motor_controller_pid]: Left motor is saturated: target spd 0.2016125
[WARN] [1786075882.408709370] [motor_controller_pid]: Right motor is saturated: target spd 0.2016125
[WARN] [1786075882.457251783] [motor_controller_pid]: Left motor is saturated: target spd 0.2016125
[WARN] [1786075882.458598772] [motor_controller_pid]: Right motor is saturated: target spd 0.2016125
[WARN] [1786075882.507610687] [motor_controller_pid]: Left motor is saturated: target spd 0.2016125
[WARN] [1786075882.508720026] [motor_controller_pid]: Right motor is saturated: target spd 0.2016125
[WARN] [1786075882.557143031] [motor_controller_pid]: Left motor is saturated: target spd 0.2016125
[WARN] [1786075882.559066875] [motor_controller_pid]: Right motor is saturated: target spd 0.2016125
[WARN] [1786075882.606917339] [motor_controller_pid]: Left motor is saturated: target spd 0.2016125
[WARN] [1786075882.608244420] [motor_controller_pid]: Right motor is saturated: target spd 0.2016125
[WARN] [1786075882.657088279] [motor_controller_pid]: Left motor is saturated: target spd 0.2016125
[WARN] [1786075882.658613584] [motor_controller_pid]: Right motor is saturated: target spd 0.2016125
[WARN] [1786075882.707259793] [motor_controller_pid]: Left motor is saturated: target spd 0.2016125
[WARN] [1786075882.708369169] [motor_controller_pid]: Right motor is saturated: target spd 0.2016125
[WARN] [1786075882.757201732] [motor_controller_pid]: Left motor is saturated: target spd 0.2016125
[WARN] [1786075882.758894908] [motor_controller_pid]: Right motor is saturated: target spd 0.2016125
[WARN] [1786075882.807331005] [motor_controller_pid]: Left motor is saturated: target spd 0.2016125
[WARN] [1786075882.808469215] [motor_controller_pid]: Right motor is saturated: target spd 0.2016125
[WARN] [1786075882.857291888] [motor_controller_pid]: Left motor is saturated: target spd 0.2016125
[WARN] [1786075882.858850878] [motor_controller_pid]: Right motor is saturated: target spd 0.2016125
[WARN] [1786075882.908681909] [motor_controller_pid]: Left motor is saturated: target spd 0.2016125
[WARN] [1786075882.909733211] [motor_controller_pid]: Right motor is saturated: target spd 0.2016125
[WARN] [1786075882.957756935] [motor_controller_pid]: Left motor is saturated: target spd 0.2016125
[WARN] [1786075882.959166925] [motor_controller_pid]: Right motor is saturated: target spd 0.2016125
[WARN] [1786075883.007323094] [motor_controller_pid]: Left motor is saturated: target spd 0.2016125
[WARN] [1786075883.008403860] [motor_controller_pid]: Right motor is saturated: target spd 0.2016125
[WARN] [1786075883.057179199] [motor_controller_pid]: Left motor is saturated: target spd 0.2016125
[WARN] [1786075883.058660263] [motor_controller_pid]: Right motor is saturated: target spd 0.2016125
[WARN] [1786075883.107068527] [motor_controller_pid]: Left motor is saturated: target spd 0.2016125
[WARN] [1786075883.108096717] [motor_controller_pid]: Right motor is saturated: target spd 0.2016125
[WARN] [1786075883.157138429] [motor_controller_pid]: Left motor is saturated: target spd 0.2016125
[WARN] [1786075883.158376510] [motor_controller_pid]: Right motor is saturated: target spd 0.2016125
[WARN] [1786075883.207211183] [motor_controller_pid]: Left motor is saturated: target spd 0.2016125
[WARN] [1786075883.208318375] [motor_controller_pid]: Right motor is saturated: target spd 0.2016125
[WARN] [1786075883.257193641] [motor_controller_pid]: Left motor is saturated: target spd 0.2016125
[WARN] [1786075883.258678834] [motor_controller_pid]: Right motor is saturated: target spd 0.2016125
[WARN] [1786075883.307343396] [motor_controller_pid]: Left motor is saturated: target spd 0.2016125
[WARN] [1786075883.308415605] [motor_controller_pid]: Right motor is saturated: target spd 0.2016125
[WARN] [1786075883.357218815] [motor_controller_pid]: Left motor is saturated: target spd 0.2016125
[WARN] [1786075883.359184085] [motor_controller_pid]: Right motor is saturated: target spd 0.2016125
[WARN] [1786075883.407894925] [motor_controller_pid]: Left motor is saturated: target spd 0.2016125
[WARN] [1786075883.409023635] [motor_controller_pid]: Right motor is saturated: target spd 0.2016125
[WARN] [1786075883.457346102] [motor_controller_pid]: Left motor is saturated: target spd 0.2016125
[WARN] [1786075883.459123759] [motor_controller_pid]: Right motor is saturated: target spd 0.2016125
[WARN] [1786075883.507291263] [motor_controller_pid]: Left motor is saturated: target spd 0.2016125
[WARN] [1786075883.508364528] [motor_controller_pid]: Right motor is saturated: target spd 0.2016125
[WARN] [1786075883.557205479] [motor_controller_pid]: Left motor is saturated: target spd 0.2016125
[WARN] [1786075883.559042933] [motor_controller_pid]: Right motor is saturated: target spd 0.2016125
[WARN] [1786075883.607093214] [motor_controller_pid]: Left motor is saturated: target spd 0.2016125
[WARN] [1786075883.608110256] [motor_controller_pid]: Right motor is saturated: target spd 0.2016125
[WARN] [1786075883.657090801] [motor_controller_pid]: Left motor is saturated: target spd 0.2016125
[WARN] [1786075883.659004774] [motor_controller_pid]: Right motor is saturated: target spd 0.2016125
[WARN] [1786075883.706988776] [motor_controller_pid]: Left motor is saturated: target spd 0.2016125
[WARN] [1786075883.708012726] [motor_controller_pid]: Right motor is saturated: target spd 0.2016125
[WARN] [1786075883.757156809] [motor_controller_pid]: Left motor is saturated: target spd 0.2016125
[WARN] [1786075883.758882985] [motor_controller_pid]: Right motor is saturated: target spd 0.2016125
[WARN] [1786075883.807184193] [motor_controller_pid]: Left motor is saturated: target spd 0.2016125
[WARN] [1786075883.808195995] [motor_controller_pid]: Right motor is saturated: target spd 0.2016125
[WARN] [1786075883.857104446] [motor_controller_pid]: Left motor is saturated: target spd 0.2016125
[WARN] [1786075883.858781511] [motor_controller_pid]: Right motor is saturated: target spd 0.2016125
[WARN] [1786075883.907247330] [motor_controller_pid]: Left motor is saturated: target spd 0.2016125
[WARN] [1786075883.908254891] [motor_controller_pid]: Right motor is saturated: target spd 0.2016125
[WARN] [1786075883.957304807] [motor_controller_pid]: Left motor is saturated: target spd 0.2016125
[WARN] [1786075883.959116020] [motor_controller_pid]: Right motor is saturated: target spd 0.2016125
[WARN] [1786075884.007207708] [motor_controller_pid]: Left motor is saturated: target spd 0.2016125
[WARN] [1786075884.008290307] [motor_controller_pid]: Right motor is saturated: target spd 0.2016125
[WARN] [1786075884.057224314] [motor_controller_pid]: Left motor is saturated: target spd 0.2016125
[WARN] [1786075884.058452932] [motor_controller_pid]: Right motor is saturated: target spd 0.2016125
[WARN] [1786075884.107226309] [motor_controller_pid]: Left motor is saturated: target spd 0.2016125
[WARN] [1786075884.108247166] [motor_controller_pid]: Right motor is saturated: target spd 0.2016125
[WARN] [1786075884.157208748] [motor_controller_pid]: Left motor is saturated: target spd 0.2016125
[WARN] [1786075884.159030535] [motor_controller_pid]: Right motor is saturated: target spd 0.2016125
[WARN] [1786075884.207286854] [motor_controller_pid]: Left motor is saturated: target spd 0.2016125
[WARN] [1786075884.208418712] [motor_controller_pid]: Right motor is saturated: target spd 0.2016125
[WARN] [1786075884.257171885] [motor_controller_pid]: Left motor is saturated: target spd 0.2016125
[WARN] [1786075884.258739801] [motor_controller_pid]: Right motor is saturated: target spd 0.2016125
[WARN] [1786075884.307087861] [motor_controller_pid]: Left motor is saturated: target spd 0.2016125
[WARN] [1786075884.308046699] [motor_controller_pid]: Right motor is saturated: target spd 0.2016125
[WARN] [1786075884.357158856] [motor_controller_pid]: Left motor is saturated: target spd 0.2016125
[WARN] [1786075884.359155311] [motor_controller_pid]: Right motor is saturated: target spd 0.2016125
[WARN] [1786075884.407083220] [motor_controller_pid]: Left motor is saturated: target spd 0.2016125
[WARN] [1786075884.408298190] [motor_controller_pid]: Right motor is saturated: target spd 0.2016125
[WARN] [1786075884.457889830] [motor_controller_pid]: Left motor is saturated: target spd 0.2016125
[WARN] [1786075884.459115318] [motor_controller_pid]: Right motor is saturated: target spd 0.2016125
[WARN] [1786075884.507244951] [motor_controller_pid]: Left motor is saturated: target spd 0.2016125
[WARN] [1786075884.508358253] [motor_controller_pid]: Right motor is saturated: target spd 0.2016125
[WARN] [1786075884.557164797] [motor_controller_pid]: Left motor is saturated: target spd 0.2016125
[WARN] [1786075884.558983640] [motor_controller_pid]: Right motor is saturated: target spd 0.2016125
[WARN] [1786075884.607533942] [motor_controller_pid]: Left motor is saturated: target spd 0.2016125
[WARN] [1786075884.608621929] [motor_controller_pid]: Right motor is saturated: target spd 0.2016125
[WARN] [1786075884.657192157] [motor_controller_pid]: Left motor is saturated: target spd 0.2016125
[WARN] [1786075884.658753906] [motor_controller_pid]: Right motor is saturated: target spd 0.2016125
[WARN] [1786075884.707399116] [motor_controller_pid]: Left motor is saturated: target spd 0.2016125
[WARN] [1786075884.708465010] [motor_controller_pid]: Right motor is saturated: target spd 0.2016125
[WARN] [1786075884.757273647] [motor_controller_pid]: Left motor is saturated: target spd 0.2016125
[WARN] [1786075884.758875914] [motor_controller_pid]: Right motor is saturated: target spd 0.2016125
[WARN] [1786075884.807119863] [motor_controller_pid]: Left motor is saturated: target spd 0.2016125
[WARN] [1786075884.808226054] [motor_controller_pid]: Right motor is saturated: target spd 0.2016125
[WARN] [1786075884.857206024] [motor_controller_pid]: Left motor is saturated: target spd 0.2016125
[WARN] [1786075884.858880496] [motor_controller_pid]: Right motor is saturated: target spd 0.2016125
[WARN] [1786075884.907590910] [motor_controller_pid]: Left motor is saturated: target spd 0.2016125
[WARN] [1786075884.908575600] [motor_controller_pid]: Right motor is saturated: target spd 0.2016125
[WARN] [1786075884.958261093] [motor_controller_pid]: Left motor is saturated: target spd 0.2016125
[WARN] [1786075884.959493656] [motor_controller_pid]: Right motor is saturated: target spd 0.2016125
[WARN] [1786075885.007372342] [motor_controller_pid]: Left motor is saturated: target spd 0.2016125
[WARN] [1786075885.008460608] [motor_controller_pid]: Right motor is saturated: target spd 0.2016125
[WARN] [1786075885.057128539] [motor_controller_pid]: Left motor is saturated: target spd 0.2016125
[WARN] [1786075885.059192773] [motor_controller_pid]: Right motor is saturated: target spd 0.2016125
[WARN] [1786075885.107011848] [motor_controller_pid]: Left motor is saturated: target spd 0.2016125
[WARN] [1786075885.108146502] [motor_controller_pid]: Right motor is saturated: target spd 0.2016125
[WARN] [1786075885.157122177] [motor_controller_pid]: Left motor is saturated: target spd 0.2016125
[WARN] [1786075885.158671000] [motor_controller_pid]: Right motor is saturated: target spd 0.2016125
[WARN] [1786075885.207077727] [motor_controller_pid]: Left motor is saturated: target spd 0.2016125
[WARN] [1786075885.208084640] [motor_controller_pid]: Right motor is saturated: target spd 0.2016125
[WARN] [1786075885.257104110] [motor_controller_pid]: Left motor is saturated: target spd 0.2016125
[WARN] [1786075885.258691212] [motor_controller_pid]: Right motor is saturated: target spd 0.2016125
[WARN] [1786075885.307266643] [motor_controller_pid]: Left motor is saturated: target spd 0.2016125
[WARN] [1786075885.308284759] [motor_controller_pid]: Right motor is saturated: target spd 0.2016125
[WARN] [1786075885.357226193] [motor_controller_pid]: Left motor is saturated: target spd 0.2016125
[WARN] [1786075885.358422625] [motor_controller_pid]: Right motor is saturated: target spd 0.2016125
[WARN] [1786075885.407109576] [motor_controller_pid]: Left motor is saturated: target spd 0.2016125
[WARN] [1786075885.408256600] [motor_controller_pid]: Right motor is saturated: target spd 0.2016125
[WARN] [1786075885.457356479] [motor_controller_pid]: Left motor is saturated: target spd 0.2016125
[WARN] [1786075885.458920451] [motor_controller_pid]: Right motor is saturated: target spd 0.2016125
[WARN] [1786075885.507122065] [motor_controller_pid]: Left motor is saturated: target spd 0.2016125
[WARN] [1786075885.508109126] [motor_controller_pid]: Right motor is saturated: target spd 0.2016125
[WARN] [1786075885.557161152] [motor_controller_pid]: Left motor is saturated: target spd 0.2016125
[WARN] [1786075885.558867125] [motor_controller_pid]: Right motor is saturated: target spd 0.2016125
[WARN] [1786075886.106817388] [motor_controller_pid]: Command timeout; stopping motors
[WARN] [1786075895.357219617] [motor_controller_pid]: Left motor is saturated: target spd -0.022564066575444304
[WARN] [1786075895.407130370] [motor_controller_pid]: Left motor is saturated: target spd -0.022564066575444304
[WARN] [1786075895.457806220] [motor_controller_pid]: Left motor is saturated: target spd -0.02083063084925525
[WARN] [1786075895.507266638] [motor_controller_pid]: Left motor is saturated: target spd -0.02083063084925525
[WARN] [1786075895.557120687] [motor_controller_pid]: Left motor is saturated: target spd -0.019692347856773994
[WARN] [1786075895.607041570] [motor_controller_pid]: Left motor is saturated: target spd -0.019692347856773994
[WARN] [1786075895.657004120] [motor_controller_pid]: Left motor is saturated: target spd -0.020235370926605538
[WARN] [1786075895.707153856] [motor_controller_pid]: Left motor is saturated: target spd -0.020235370926605538
[WARN] [1786075895.757160036] [motor_controller_pid]: Left motor is saturated: target spd -0.020550227022822946
[WARN] [1786075895.807149920] [motor_controller_pid]: Left motor is saturated: target spd -0.020550227022822946
[WARN] [1786075895.857171303] [motor_controller_pid]: Left motor is saturated: target spd -0.017541591742413584
[WARN] [1786075895.907436725] [motor_controller_pid]: Left motor is saturated: target spd -0.017541591742413584
[WARN] [1786075895.957145181] [motor_controller_pid]: Left motor is saturated: target spd -0.02002838539702352
[WARN] [1786075896.034475232] [motor_controller_pid]: Left motor is saturated: target spd -0.02002838539702352
[WARN] [1786075896.057709081] [motor_controller_pid]: Left motor is saturated: target spd -0.01923198527947534
[WARN] [1786075896.107328370] [motor_controller_pid]: Left motor is saturated: target spd -0.01923198527947534
[WARN] [1786075896.157039381] [motor_controller_pid]: Left motor is saturated: target spd -0.01932067948973272
[WARN] [1786075896.207214784] [motor_controller_pid]: Left motor is saturated: target spd -0.01932067948973272
[WARN] [1786075896.257068408] [motor_controller_pid]: Left motor is saturated: target spd -0.01873187654684298
[WARN] [1786075896.307133681] [motor_controller_pid]: Left motor is saturated: target spd -0.01873187654684298
[WARN] [1786075896.357179675] [motor_controller_pid]: Left motor is saturated: target spd -0.01968970061864238
[WARN] [1786075896.407556246] [motor_controller_pid]: Left motor is saturated: target spd -0.01968970061864238
[WARN] [1786075896.457287221] [motor_controller_pid]: Left motor is saturated: target spd -0.021009375027846545
[WARN] [1786075896.507232030] [motor_controller_pid]: Left motor is saturated: target spd -0.021009375027846545
[WARN] [1786075896.557534452] [motor_controller_pid]: Left motor is saturated: target spd -0.021672566136717798
[WARN] [1786075896.607399742] [motor_controller_pid]: Left motor is saturated: target spd -0.021672566136717798
[WARN] [1786075896.658765152] [motor_controller_pid]: Left motor is saturated: target spd -0.014173398641764652
[WARN] [1786075896.707115711] [motor_controller_pid]: Left motor is saturated: target spd -0.014173398641764652
[WARN] [1786075897.157718092] [motor_controller_pid]: Left motor is saturated: target spd -0.01696251414564904
[WARN] [1786075897.207153028] [motor_controller_pid]: Left motor is saturated: target spd -0.01439043406022247
[WARN] [1786075897.257577229] [motor_controller_pid]: Left motor is saturated: target spd -0.01439043406022247
[WARN] [1786075897.307727187] [motor_controller_pid]: Left motor is saturated: target spd -0.016254149914404842
[WARN] [1786075897.358411426] [motor_controller_pid]: Left motor is saturated: target spd -0.016254149914404842
[WARN] [1786075897.407104247] [motor_controller_pid]: Left motor is saturated: target spd -0.016011432460322977
[WARN] [1786075897.457562004] [motor_controller_pid]: Left motor is saturated: target spd -0.016011432460322977
[WARN] [1786075897.507009680] [motor_controller_pid]: Left motor is saturated: target spd -0.020801872789720073
[WARN] [1786075897.557392510] [motor_controller_pid]: Left motor is saturated: target spd -0.020801872789720073
[WARN] [1786075897.607155300] [motor_controller_pid]: Left motor is saturated: target spd -0.020694233015470673
[WARN] [1786075897.657368722] [motor_controller_pid]: Left motor is saturated: target spd -0.020694233015470673
[WARN] [1786075897.707126196] [motor_controller_pid]: Left motor is saturated: target spd -0.019856376952072607
[WARN] [1786075897.757457211] [motor_controller_pid]: Left motor is saturated: target spd -0.019856376952072607
[WARN] [1786075897.807150519] [motor_controller_pid]: Left motor is saturated: target spd -0.01624273188721854
[WARN] [1786075897.857378311] [motor_controller_pid]: Left motor is saturated: target spd -0.01624273188721854
[WARN] [1786075897.906995748] [motor_controller_pid]: Left motor is saturated: target spd -0.017669813051167875
[WARN] [1786075897.958000193] [motor_controller_pid]: Left motor is saturated: target spd -0.017669813051167875
[WARN] [1786075898.007095331] [motor_controller_pid]: Left motor is saturated: target spd -0.015078593889437615
[WARN] [1786075898.057343827] [motor_controller_pid]: Left motor is saturated: target spd -0.015078593889437615
[WARN] [1786075898.107200098] [motor_controller_pid]: Left motor is saturated: target spd -0.015760216676956044
[WARN] [1786075898.197472997] [motor_controller_pid]: Left motor is saturated: target spd -0.015760216676956044
[WARN] [1786075898.206889586] [motor_controller_pid]: Left motor is saturated: target spd -0.015760216676956044
[WARN] [1786075898.257331824] [motor_controller_pid]: Left motor is saturated: target spd -0.01405556560108671
[WARN] [1786075898.307436022] [motor_controller_pid]: Left motor is saturated: target spd -0.012655049044080078
[WARN] [1786075898.357092404] [motor_controller_pid]: Left motor is saturated: target spd -0.012655049044080078
[WARN] [1786075898.407341604] [motor_controller_pid]: Left motor is saturated: target spd -0.011710257846850437
[WARN] [1786075898.457255579] [motor_controller_pid]: Left motor is saturated: target spd -0.011710257846850437
[WARN] [1786075898.507709873] [motor_controller_pid]: Left motor is saturated: target spd -0.015245058919664007
[WARN] [1786075898.557174642] [motor_controller_pid]: Left motor is saturated: target spd -0.015245058919664007
[WARN] [1786075898.607032507] [motor_controller_pid]: Left motor is saturated: target spd -0.018824015184747987
[WARN] [1786075898.656951482] [motor_controller_pid]: Left motor is saturated: target spd -0.018824015184747987
[WARN] [1786075898.707502184] [motor_controller_pid]: Left motor is saturated: target spd -0.01912997555648908
[WARN] [1786075898.757442993] [motor_controller_pid]: Left motor is saturated: target spd -0.01912997555648908
[WARN] [1786075898.807097282] [motor_controller_pid]: Left motor is saturated: target spd -0.01639355286594946
[WARN] [1786075898.856969683] [motor_controller_pid]: Left motor is saturated: target spd -0.01639355286594946
[WARN] [1786075898.906996196] [motor_controller_pid]: Left motor is saturated: target spd -0.019992569745052605
[WARN] [1786075898.956919283] [motor_controller_pid]: Left motor is saturated: target spd -0.019992569745052605
[WARN] [1786075899.007025445] [motor_controller_pid]: Left motor is saturated: target spd -0.019423296998860314
[WARN] [1786075899.056901902] [motor_controller_pid]: Left motor is saturated: target spd -0.019423296998860314
[WARN] [1786075899.107237528] [motor_controller_pid]: Left motor is saturated: target spd -0.020338883135397917
[WARN] [1786075899.157032040] [motor_controller_pid]: Left motor is saturated: target spd -0.020338883135397917
[WARN] [1786075899.207070257] [motor_controller_pid]: Left motor is saturated: target spd -0.019531228344957345
[WARN] [1786075899.274175234] [motor_controller_pid]: Left motor is saturated: target spd -0.019531228344957345
[WARN] [1786075899.307389600] [motor_controller_pid]: Left motor is saturated: target spd -0.018281395786674693
[WARN] [1786075899.357201816] [motor_controller_pid]: Left motor is saturated: target spd -0.018281395786674693
[WARN] [1786075899.407141717] [motor_controller_pid]: Left motor is saturated: target spd -0.019481911937589757
[WARN] [1786075899.456978693] [motor_controller_pid]: Left motor is saturated: target spd -0.019481911937589757
[WARN] [1786075899.506959743] [motor_controller_pid]: Left motor is saturated: target spd -0.01893279392099939
[WARN] [1786075899.556909348] [motor_controller_pid]: Left motor is saturated: target spd -0.01893279392099939
[WARN] [1786075899.607110955] [motor_controller_pid]: Left motor is saturated: target spd -0.022688031446537936
[WARN] [1786075899.656877596] [motor_controller_pid]: Left motor is saturated: target spd -0.022688031446537936
[WARN] [1786075899.707032907] [motor_controller_pid]: Left motor is saturated: target spd -0.023059858155064283
[WARN] [1786075899.756912956] [motor_controller_pid]: Left motor is saturated: target spd -0.023059858155064283
[WARN] [1786075899.806972859] [motor_controller_pid]: Left motor is saturated: target spd -0.022700192518765108
[WARN] [1786075899.856901519] [motor_controller_pid]: Left motor is saturated: target spd -0.022700192518765108
[WARN] [1786075899.907173053] [motor_controller_pid]: Left motor is saturated: target spd -0.021144685770454818
[WARN] [1786075899.957063658] [motor_controller_pid]: Left motor is saturated: target spd -0.021144685770454818
[WARN] [1786075900.007105041] [motor_controller_pid]: Left motor is saturated: target spd -0.02116063803699799
[WARN] [1786075900.056908794] [motor_controller_pid]: Left motor is saturated: target spd -0.02116063803699799
[WARN] [1786075900.107038364] [motor_controller_pid]: Left motor is saturated: target spd -0.019705195609410295
[WARN] [1786075900.156917709] [motor_controller_pid]: Left motor is saturated: target spd -0.019705195609410295
[WARN] [1786075900.207031538] [motor_controller_pid]: Left motor is saturated: target spd -0.016342425432126037
[WARN] [1786075900.257008218] [motor_controller_pid]: Left motor is saturated: target spd -0.016342425432126037
[WARN] [1786075900.309526096] [motor_controller_pid]: Left motor is saturated: target spd -0.01851059716248419
[WARN] [1786075900.357942305] [motor_controller_pid]: Left motor is saturated: target spd -0.01851059716248419
[WARN] [1786075900.407110128] [motor_controller_pid]: Left motor is saturated: target spd -0.01982833258032333
[WARN] [1786075900.456923677] [motor_controller_pid]: Left motor is saturated: target spd -0.01982833258032333
[WARN] [1786075900.506942209] [motor_controller_pid]: Left motor is saturated: target spd -0.019961443800083363
[WARN] [1786075900.556869648] [motor_controller_pid]: Left motor is saturated: target spd -0.019961443800083363
[WARN] [1786075900.606827994] [motor_controller_pid]: Left motor is saturated: target spd -0.022251901664794422
[WARN] [1786075900.656891415] [motor_controller_pid]: Left motor is saturated: target spd -0.022251901664794422
[WARN] [1786075900.707111485] [motor_controller_pid]: Left motor is saturated: target spd -0.021050336280907505
[WARN] [1786075900.757014571] [motor_controller_pid]: Left motor is saturated: target spd -0.021050336280907505
[WARN] [1786075900.807638384] [motor_controller_pid]: Left motor is saturated: target spd -0.02071031323049683
[WARN] [1786075900.856881319] [motor_controller_pid]: Left motor is saturated: target spd -0.02071031323049683
[WARN] [1786075900.857877010] [motor_controller_pid]: Right motor is saturated: target spd 0.013263216704386287
[WARN] [1786075900.908158210] [motor_controller_pid]: Left motor is saturated: target spd -0.019912765202182346
[WARN] [1786075900.909541458] [motor_controller_pid]: Right motor is saturated: target spd 0.01336952594195027
[WARN] [1786075900.956953031] [motor_controller_pid]: Left motor is saturated: target spd -0.019912765202182346
[WARN] [1786075900.958010315] [motor_controller_pid]: Right motor is saturated: target spd 0.01336952594195027
[WARN] [1786075901.007106045] [motor_controller_pid]: Left motor is saturated: target spd -0.015643290066055488
[WARN] [1786075901.008122902] [motor_controller_pid]: Right motor is saturated: target spd 0.010365571073361207
[WARN] [1786075901.056944020] [motor_controller_pid]: Left motor is saturated: target spd -0.015643290066055488
[WARN] [1786075901.060336816] [motor_controller_pid]: Right motor is saturated: target spd 0.010365571073361207
[WARN] [1786075901.107089979] [motor_controller_pid]: Left motor is saturated: target spd -0.015125872165791225
[WARN] [1786075901.108111225] [motor_controller_pid]: Right motor is saturated: target spd 0.010826340346701909
[WARN] [1786075901.156901213] [motor_controller_pid]: Left motor is saturated: target spd -0.015125872165791225
[WARN] [1786075901.158029886] [motor_controller_pid]: Right motor is saturated: target spd 0.010826340346701909
[WARN] [1786075901.206876856] [motor_controller_pid]: Left motor is saturated: target spd -0.011768234672769905
[WARN] [1786075901.207839120] [motor_controller_pid]: Right motor is saturated: target spd 0.0075817017231136555
[WARN] [1786075901.256895609] [motor_controller_pid]: Left motor is saturated: target spd -0.011768234672769905
[WARN] [1786075901.259419808] [motor_controller_pid]: Right motor is saturated: target spd 0.0075817017231136555
[WARN] [1786075901.307820554] [motor_controller_pid]: Left motor is saturated: target spd -0.016123854540032335
[WARN] [1786075901.308932597] [motor_controller_pid]: Right motor is saturated: target spd 0.0073512783425627275
[WARN] [1786075901.356951710] [motor_controller_pid]: Left motor is saturated: target spd -0.016123854540032335
[WARN] [1786075901.358033531] [motor_controller_pid]: Right motor is saturated: target spd 0.0073512783425627275
[WARN] [1786075901.421998046] [motor_controller_pid]: Left motor is saturated: target spd -0.015194125920301303
[WARN] [1786075901.425225989] [motor_controller_pid]: Right motor is saturated: target spd 0.009902789741987363
[WARN] [1786075901.456881495] [motor_controller_pid]: Left motor is saturated: target spd -0.015194125920301303
[WARN] [1786075901.457831667] [motor_controller_pid]: Right motor is saturated: target spd 0.009902789741987363
[WARN] [1786075901.507380030] [motor_controller_pid]: Left motor is saturated: target spd -0.015345923974353354
[WARN] [1786075901.508511480] [motor_controller_pid]: Right motor is saturated: target spd 0.009776770696800668
[WARN] [1786075901.556950689] [motor_controller_pid]: Left motor is saturated: target spd -0.015345923974353354
[WARN] [1786075901.558314696] [motor_controller_pid]: Right motor is saturated: target spd 0.009776770696800668
[WARN] [1786075901.607130666] [motor_controller_pid]: Left motor is saturated: target spd -0.01332396629891591
[WARN] [1786075901.608223542] [motor_controller_pid]: Right motor is saturated: target spd 0.010978482778451872
[WARN] [1786075901.656850492] [motor_controller_pid]: Left motor is saturated: target spd -0.01332396629891591
[WARN] [1786075901.658052517] [motor_controller_pid]: Right motor is saturated: target spd 0.010978482778451872
[WARN] [1786075901.707078321] [motor_controller_pid]: Left motor is saturated: target spd -0.014414773840107954
[WARN] [1786075901.708087364] [motor_controller_pid]: Right motor is saturated: target spd 0.011161892157397234
[WARN] [1786075901.757065353] [motor_controller_pid]: Left motor is saturated: target spd -0.014414773840107954
[WARN] [1786075901.758002339] [motor_controller_pid]: Right motor is saturated: target spd 0.011161892157397234
[WARN] [1786075901.806809939] [motor_controller_pid]: Left motor is saturated: target spd -0.018455818532523698
[WARN] [1786075901.807785037] [motor_controller_pid]: Right motor is saturated: target spd 0.013210087777557783
[WARN] [1786075901.860729862] [motor_controller_pid]: Left motor is saturated: target spd -0.018455818532523698
[WARN] [1786075901.864201622] [motor_controller_pid]: Right motor is saturated: target spd 0.013210087777557783
[WARN] [1786075901.908786402] [motor_controller_pid]: Left motor is saturated: target spd -0.022217056395253166
[WARN] [1786075901.911600954] [motor_controller_pid]: Right motor is saturated: target spd 0.01504859825805761
[WARN] [1786075901.992231282] [motor_controller_pid]: Left motor is saturated: target spd -0.022217056395253166
[WARN] [1786075902.009632358] [motor_controller_pid]: Right motor is saturated: target spd 0.01504859825805761
