[INFO] [1784957470.454607914] [motor_controller_pid]: PID Motor Controller started — Kp=0.4, Ki=0.1, Kd=0.0, max_pwm=0.95, max_linear=0.3, cmd_vel_topic=cmd_vel
[WARN] [1784957470.929507917] [motor_controller_pid]: Command timeout; stopping motors
[WARN] [1784958081.230009183] [motor_controller_pid]: Left motor is saturated: target spd 0.15000000596046448
[WARN] [1784958081.231121263] [motor_controller_pid]: Right motor is saturated: target spd -0.15000000596046448
[WARN] [1784958081.280635759] [motor_controller_pid]: Left motor is saturated: target spd 0.15000000596046448
[WARN] [1784958081.283050530] [motor_controller_pid]: Right motor is saturated: target spd -0.15000000596046448
[WARN] [1784958081.330109162] [motor_controller_pid]: Left motor is saturated: target spd 0.15000000596046448
[WARN] [1784958081.331226223] [motor_controller_pid]: Right motor is saturated: target spd -0.15000000596046448
[WARN] [1784958081.379891604] [motor_controller_pid]: Left motor is saturated: target spd 0.15000000596046448
[WARN] [1784958081.382473210] [motor_controller_pid]: Right motor is saturated: target spd -0.15000000596046448
[WARN] [1784958081.430048362] [motor_controller_pid]: Left motor is saturated: target spd 0.15000000596046448
[WARN] [1784958081.431231091] [motor_controller_pid]: Right motor is saturated: target spd -0.15000000596046448
[WARN] [1784958081.480737401] [motor_controller_pid]: Left motor is saturated: target spd 0.15000000596046448
[WARN] [1784958081.482337965] [motor_controller_pid]: Right motor is saturated: target spd -0.15000000596046448
[WARN] [1784958081.530140489] [motor_controller_pid]: Left motor is saturated: target spd 0.15000000596046448
[WARN] [1784958081.531360644] [motor_controller_pid]: Right motor is saturated: target spd -0.15000000596046448
[WARN] [1784958081.579990857] [motor_controller_pid]: Left motor is saturated: target spd 0.15000000596046448
[WARN] [1784958081.581270123] [motor_controller_pid]: Right motor is saturated: target spd -0.15000000596046448
[WARN] [1784958081.630103134] [motor_controller_pid]: Left motor is saturated: target spd 0.15000000596046448
[WARN] [1784958081.631411752] [motor_controller_pid]: Right motor is saturated: target spd -0.15000000596046448
[WARN] [1784958081.680461949] [motor_controller_pid]: Left motor is saturated: target spd 0.15000000596046448
[WARN] [1784958081.682159569] [motor_controller_pid]: Right motor is saturated: target spd -0.15000000596046448
[WARN] [1784958081.730153594] [motor_controller_pid]: Left motor is saturated: target spd 0.15000000596046448
[WARN] [1784958081.731378156] [motor_controller_pid]: Right motor is saturated: target spd -0.15000000596046448
[WARN] [1784958081.779918814] [motor_controller_pid]: Left motor is saturated: target spd 0.15000000596046448
[WARN] [1784958081.781271321] [motor_controller_pid]: Right motor is saturated: target spd -0.15000000596046448
[WARN] [1784958081.830981947] [motor_controller_pid]: Left motor is saturated: target spd 0.15000000596046448
[WARN] [1784958081.832055823] [motor_controller_pid]: Right motor is saturated: target spd -0.15000000596046448
[WARN] [1784958081.880754593] [motor_controller_pid]: Left motor is saturated: target spd 0.15000000596046448
[WARN] [1784958081.882886826] [motor_controller_pid]: Right motor is saturated: target spd -0.15000000596046448
[WARN] [1784958081.929888068] [motor_controller_pid]: Left motor is saturated: target spd 0.15000000596046448
[WARN] [1784958081.930887592] [motor_controller_pid]: Right motor is saturated: target spd -0.15000000596046448
[WARN] [1784958081.979876530] [motor_controller_pid]: Left motor is saturated: target spd 0.15000000596046448
[WARN] [1784958081.983884050] [motor_controller_pid]: Right motor is saturated: target spd -0.15000000596046448
[WARN] [1784958082.030011585] [motor_controller_pid]: Left motor is saturated: target spd 0.15000000596046448
[WARN] [1784958082.031248609] [motor_controller_pid]: Right motor is saturated: target spd -0.15000000596046448
[WARN] [1784958082.080152028] [motor_controller_pid]: Left motor is saturated: target spd 0.15000000596046448
[WARN] [1784958082.082105520] [motor_controller_pid]: Right motor is saturated: target spd -0.15000000596046448
[WARN] [1784958082.129899340] [motor_controller_pid]: Left motor is saturated: target spd 0.15000000596046448
[WARN] [1784958082.131051698] [motor_controller_pid]: Right motor is saturated: target spd -0.15000000596046448
[WARN] [1784958082.180404730] [motor_controller_pid]: Left motor is saturated: target spd 0.15000000596046448
[WARN] [1784958082.182097257] [motor_controller_pid]: Right motor is saturated: target spd -0.15000000596046448
[WARN] [1784958082.230172357] [motor_controller_pid]: Left motor is saturated: target spd 0.15000000596046448
[WARN] [1784958082.232140423] [motor_controller_pid]: Right motor is saturated: target spd -0.15000000596046448
[WARN] [1784958082.279894391] [motor_controller_pid]: Left motor is saturated: target spd 0.15000000596046448
[WARN] [1784958082.281135546] [motor_controller_pid]: Right motor is saturated: target spd -0.15000000596046448
[WARN] [1784958082.331806418] [motor_controller_pid]: Left motor is saturated: target spd 0.15000000596046448
[WARN] [1784958082.334253227] [motor_controller_pid]: Right motor is saturated: target spd -0.15000000596046448
[WARN] [1784958082.380676188] [motor_controller_pid]: Left motor is saturated: target spd 0.15000000596046448
[WARN] [1784958082.382295438] [motor_controller_pid]: Right motor is saturated: target spd -0.15000000596046448
[WARN] [1784958082.429780830] [motor_controller_pid]: Left motor is saturated: target spd 0.15000000596046448
[WARN] [1784958082.430722428] [motor_controller_pid]: Right motor is saturated: target spd -0.15000000596046448
[WARN] [1784958082.480115923] [motor_controller_pid]: Left motor is saturated: target spd 0.15000000596046448
[WARN] [1784958082.481584320] [motor_controller_pid]: Right motor is saturated: target spd -0.15000000596046448
[WARN] [1784958082.529941328] [motor_controller_pid]: Left motor is saturated: target spd 0.15000000596046448
[WARN] [1784958082.531061316] [motor_controller_pid]: Right motor is saturated: target spd -0.15000000596046448
[WARN] [1784958082.581044240] [motor_controller_pid]: Left motor is saturated: target spd 0.15000000596046448
[WARN] [1784958082.583841514] [motor_controller_pid]: Right motor is saturated: target spd -0.15000000596046448
[WARN] [1784958082.630011566] [motor_controller_pid]: Left motor is saturated: target spd 0.15000000596046448
[WARN] [1784958082.631029349] [motor_controller_pid]: Right motor is saturated: target spd -0.15000000596046448
[WARN] [1784958082.681782074] [motor_controller_pid]: Left motor is saturated: target spd 0.15000000596046448
[WARN] [1784958082.684174086] [motor_controller_pid]: Right motor is saturated: target spd -0.15000000596046448
[WARN] [1784958082.729931859] [motor_controller_pid]: Left motor is saturated: target spd 0.15000000596046448
[WARN] [1784958082.730984716] [motor_controller_pid]: Right motor is saturated: target spd -0.15000000596046448
[WARN] [1784958082.780022451] [motor_controller_pid]: Left motor is saturated: target spd 0.15000000596046448
[WARN] [1784958082.782838521] [motor_controller_pid]: Right motor is saturated: target spd -0.15000000596046448
[WARN] [1784958082.830046005] [motor_controller_pid]: Left motor is saturated: target spd 0.15000000596046448
[WARN] [1784958082.831105547] [motor_controller_pid]: Right motor is saturated: target spd -0.15000000596046448
[WARN] [1784958082.881328936] [motor_controller_pid]: Left motor is saturated: target spd 0.15000000596046448
[WARN] [1784958082.883743263] [motor_controller_pid]: Right motor is saturated: target spd -0.15000000596046448
[WARN] [1784958082.930155873] [motor_controller_pid]: Left motor is saturated: target spd 0.15000000596046448
[WARN] [1784958082.931286138] [motor_controller_pid]: Right motor is saturated: target spd -0.15000000596046448
[WARN] [1784958082.982917404] [motor_controller_pid]: Left motor is saturated: target spd 0.15000000596046448
[WARN] [1784958082.984360115] [motor_controller_pid]: Right motor is saturated: target spd -0.15000000596046448
[WARN] [1784958083.029941406] [motor_controller_pid]: Left motor is saturated: target spd 0.15000000596046448
[WARN] [1784958083.031070763] [motor_controller_pid]: Right motor is saturated: target spd -0.15000000596046448
[WARN] [1784958083.081993563] [motor_controller_pid]: Left motor is saturated: target spd 0.15000000596046448
[WARN] [1784958083.083576904] [motor_controller_pid]: Right motor is saturated: target spd -0.15000000596046448
[WARN] [1784958083.130019977] [motor_controller_pid]: Left motor is saturated: target spd 0.15000000596046448
[WARN] [1784958083.131039686] [motor_controller_pid]: Right motor is saturated: target spd -0.15000000596046448
[WARN] [1784958083.180404052] [motor_controller_pid]: Left motor is saturated: target spd 0.15000000596046448
[WARN] [1784958083.181527243] [motor_controller_pid]: Right motor is saturated: target spd -0.15000000596046448
[WARN] [1784958083.229948270] [motor_controller_pid]: Left motor is saturated: target spd 0.15000000596046448
[WARN] [1784958083.230997035] [motor_controller_pid]: Right motor is saturated: target spd -0.15000000596046448
[WARN] [1784958083.281286109] [motor_controller_pid]: Left motor is saturated: target spd 0.15000000596046448
[WARN] [1784958083.283983104] [motor_controller_pid]: Right motor is saturated: target spd -0.15000000596046448
[WARN] [1784958083.330207602] [motor_controller_pid]: Left motor is saturated: target spd 0.15000000596046448
[WARN] [1784958083.331298904] [motor_controller_pid]: Right motor is saturated: target spd -0.15000000596046448
[WARN] [1784958083.380588565] [motor_controller_pid]: Left motor is saturated: target spd 0.15000000596046448
[WARN] [1784958083.382426056] [motor_controller_pid]: Right motor is saturated: target spd -0.15000000596046448
[WARN] [1784958083.429925097] [motor_controller_pid]: Left motor is saturated: target spd 0.15000000596046448
[WARN] [1784958083.430970343] [motor_controller_pid]: Right motor is saturated: target spd -0.15000000596046448
[WARN] [1784958083.480995194] [motor_controller_pid]: Left motor is saturated: target spd 0.15000000596046448
[WARN] [1784958083.483522170] [motor_controller_pid]: Right motor is saturated: target spd -0.15000000596046448
[WARN] [1784958083.530567449] [motor_controller_pid]: Left motor is saturated: target spd 0.15000000596046448
[WARN] [1784958083.531678251] [motor_controller_pid]: Right motor is saturated: target spd -0.15000000596046448
[WARN] [1784958083.579654832] [motor_controller_pid]: Left motor is saturated: target spd 0.15000000596046448
[WARN] [1784958083.580830801] [motor_controller_pid]: Right motor is saturated: target spd -0.15000000596046448
[WARN] [1784958083.630121370] [motor_controller_pid]: Left motor is saturated: target spd 0.15000000596046448
[WARN] [1784958083.631181653] [motor_controller_pid]: Right motor is saturated: target spd -0.15000000596046448
[WARN] [1784958083.681297115] [motor_controller_pid]: Left motor is saturated: target spd 0.15000000596046448
[WARN] [1784958083.682660363] [motor_controller_pid]: Right motor is saturated: target spd -0.15000000596046448
[WARN] [1784958083.730019070] [motor_controller_pid]: Left motor is saturated: target spd 0.15000000596046448
[WARN] [1784958083.731220428] [motor_controller_pid]: Right motor is saturated: target spd -0.15000000596046448
[WARN] [1784958083.780439552] [motor_controller_pid]: Left motor is saturated: target spd 0.15000000596046448
[WARN] [1784958083.782497229] [motor_controller_pid]: Right motor is saturated: target spd -0.15000000596046448
[WARN] [1784958083.830092234] [motor_controller_pid]: Left motor is saturated: target spd 0.15000000596046448
[WARN] [1784958083.831492871] [motor_controller_pid]: Right motor is saturated: target spd -0.15000000596046448
[WARN] [1784958083.880260289] [motor_controller_pid]: Left motor is saturated: target spd 0.15000000596046448
[WARN] [1784958083.881861593] [motor_controller_pid]: Right motor is saturated: target spd -0.15000000596046448
[WARN] [1784958083.929989490] [motor_controller_pid]: Left motor is saturated: target spd 0.15000000596046448
[WARN] [1784958083.931173385] [motor_controller_pid]: Right motor is saturated: target spd -0.15000000596046448
[WARN] [1784958083.982405390] [motor_controller_pid]: Left motor is saturated: target spd 0.15000000596046448
[WARN] [1784958083.983609729] [motor_controller_pid]: Right motor is saturated: target spd -0.15000000596046448
[WARN] [1784958084.029988524] [motor_controller_pid]: Left motor is saturated: target spd 0.15000000596046448
[WARN] [1784958084.031091289] [motor_controller_pid]: Right motor is saturated: target spd -0.15000000596046448
[WARN] [1784958084.080138430] [motor_controller_pid]: Left motor is saturated: target spd 0.15000000596046448
[WARN] [1784958084.081616753] [motor_controller_pid]: Right motor is saturated: target spd -0.15000000596046448
[WARN] [1784958084.129899946] [motor_controller_pid]: Left motor is saturated: target spd 0.15000000596046448
[WARN] [1784958084.130955618] [motor_controller_pid]: Right motor is saturated: target spd -0.15000000596046448
[WARN] [1784958084.180848357] [motor_controller_pid]: Left motor is saturated: target spd 0.15000000596046448
[WARN] [1784958084.183118461] [motor_controller_pid]: Right motor is saturated: target spd -0.15000000596046448
[WARN] [1784958084.230084777] [motor_controller_pid]: Left motor is saturated: target spd 0.15000000596046448
[WARN] [1784958084.231216931] [motor_controller_pid]: Right motor is saturated: target spd -0.15000000596046448
[WARN] [1784958084.281470968] [motor_controller_pid]: Left motor is saturated: target spd 0.15000000596046448
[WARN] [1784958084.283919388] [motor_controller_pid]: Right motor is saturated: target spd -0.15000000596046448
[WARN] [1784958084.330064774] [motor_controller_pid]: Left motor is saturated: target spd 0.15000000596046448
[WARN] [1784958084.331105261] [motor_controller_pid]: Right motor is saturated: target spd -0.15000000596046448
[WARN] [1784958084.380298829] [motor_controller_pid]: Left motor is saturated: target spd 0.15000000596046448
[WARN] [1784958084.382013023] [motor_controller_pid]: Right motor is saturated: target spd -0.15000000596046448
[WARN] [1784958084.429955808] [motor_controller_pid]: Left motor is saturated: target spd 0.15000000596046448
[WARN] [1784958084.431050591] [motor_controller_pid]: Right motor is saturated: target spd -0.15000000596046448
[WARN] [1784958084.480058159] [motor_controller_pid]: Left motor is saturated: target spd 0.15000000596046448
[WARN] [1784958084.483846752] [motor_controller_pid]: Right motor is saturated: target spd -0.15000000596046448
[WARN] [1784958084.530136861] [motor_controller_pid]: Left motor is saturated: target spd 0.15000000596046448
[WARN] [1784958084.531354627] [motor_controller_pid]: Right motor is saturated: target spd -0.15000000596046448
[WARN] [1784958084.581292940] [motor_controller_pid]: Left motor is saturated: target spd 0.15000000596046448
[WARN] [1784958084.584183825] [motor_controller_pid]: Right motor is saturated: target spd -0.15000000596046448
[WARN] [1784958084.630689879] [motor_controller_pid]: Left motor is saturated: target spd 0.15000000596046448
[WARN] [1784958084.632267332] [motor_controller_pid]: Right motor is saturated: target spd -0.15000000596046448
[WARN] [1784958084.680978046] [motor_controller_pid]: Left motor is saturated: target spd 0.15000000596046448
[WARN] [1784958084.682623814] [motor_controller_pid]: Right motor is saturated: target spd -0.15000000596046448
[WARN] [1784958084.729971076] [motor_controller_pid]: Left motor is saturated: target spd 0.15000000596046448
[WARN] [1784958084.731068545] [motor_controller_pid]: Right motor is saturated: target spd -0.15000000596046448
[WARN] [1784958084.780215595] [motor_controller_pid]: Left motor is saturated: target spd 0.15000000596046448
[WARN] [1784958084.781677936] [motor_controller_pid]: Right motor is saturated: target spd -0.15000000596046448
[WARN] [1784958084.830201538] [motor_controller_pid]: Left motor is saturated: target spd 0.15000000596046448
[WARN] [1784958084.831334654] [motor_controller_pid]: Right motor is saturated: target spd -0.15000000596046448
[WARN] [1784958084.880823095] [motor_controller_pid]: Left motor is saturated: target spd 0.15000000596046448
[WARN] [1784958084.882595493] [motor_controller_pid]: Right motor is saturated: target spd -0.15000000596046448
[WARN] [1784958084.930142127] [motor_controller_pid]: Left motor is saturated: target spd 0.15000000596046448
[WARN] [1784958084.931250521] [motor_controller_pid]: Right motor is saturated: target spd -0.15000000596046448
[WARN] [1784958084.979751012] [motor_controller_pid]: Left motor is saturated: target spd 0.15000000596046448
[WARN] [1784958084.983211641] [motor_controller_pid]: Right motor is saturated: target spd -0.15000000596046448
[WARN] [1784958085.030024994] [motor_controller_pid]: Left motor is saturated: target spd 0.15000000596046448
[WARN] [1784958085.031227981] [motor_controller_pid]: Right motor is saturated: target spd -0.15000000596046448
[WARN] [1784958085.079977066] [motor_controller_pid]: Left motor is saturated: target spd 0.15000000596046448
[WARN] [1784958085.082284078] [motor_controller_pid]: Right motor is saturated: target spd -0.15000000596046448
[WARN] [1784958085.130204306] [motor_controller_pid]: Left motor is saturated: target spd 0.15000000596046448
[WARN] [1784958085.131239552] [motor_controller_pid]: Right motor is saturated: target spd -0.15000000596046448
[WARN] [1784958085.180077952] [motor_controller_pid]: Left motor is saturated: target spd 0.15000000596046448
[WARN] [1784958085.181460552] [motor_controller_pid]: Right motor is saturated: target spd -0.15000000596046448
[WARN] [1784958085.229953894] [motor_controller_pid]: Left motor is saturated: target spd 0.15000000596046448
[WARN] [1784958085.231097474] [motor_controller_pid]: Right motor is saturated: target spd -0.15000000596046448
[WARN] [1784958085.281712217] [motor_controller_pid]: Left motor is saturated: target spd 0.15000000596046448
[WARN] [1784958085.283231188] [motor_controller_pid]: Right motor is saturated: target spd -0.15000000596046448
[WARN] [1784958085.330047429] [motor_controller_pid]: Left motor is saturated: target spd 0.15000000596046448
[WARN] [1784958085.331208713] [motor_controller_pid]: Right motor is saturated: target spd -0.15000000596046448
[WARN] [1784958085.382875905] [motor_controller_pid]: Left motor is saturated: target spd 0.15000000596046448
[WARN] [1784958085.385093472] [motor_controller_pid]: Right motor is saturated: target spd -0.15000000596046448
[WARN] [1784958085.429983092] [motor_controller_pid]: Left motor is saturated: target spd 0.15000000596046448
[WARN] [1784958085.431099265] [motor_controller_pid]: Right motor is saturated: target spd -0.15000000596046448
[WARN] [1784958085.482521604] [motor_controller_pid]: Left motor is saturated: target spd 0.15000000596046448
[WARN] [1784958085.483730666] [motor_controller_pid]: Right motor is saturated: target spd -0.15000000596046448
[WARN] [1784958085.530137220] [motor_controller_pid]: Left motor is saturated: target spd 0.15000000596046448
[WARN] [1784958085.531342522] [motor_controller_pid]: Right motor is saturated: target spd -0.15000000596046448
[WARN] [1784958085.580917315] [motor_controller_pid]: Left motor is saturated: target spd 0.15000000596046448
[WARN] [1784958085.583631736] [motor_controller_pid]: Right motor is saturated: target spd -0.15000000596046448
[WARN] [1784958085.629991105] [motor_controller_pid]: Left motor is saturated: target spd 0.15000000596046448
[WARN] [1784958085.631000073] [motor_controller_pid]: Right motor is saturated: target spd -0.15000000596046448
[WARN] [1784958085.679663953] [motor_controller_pid]: Left motor is saturated: target spd 0.15000000596046448
[WARN] [1784958085.680647940] [motor_controller_pid]: Right motor is saturated: target spd -0.15000000596046448
[WARN] [1784958085.730065269] [motor_controller_pid]: Left motor is saturated: target spd 0.15000000596046448
[WARN] [1784958085.731055792] [motor_controller_pid]: Right motor is saturated: target spd -0.15000000596046448
[WARN] [1784958085.780427010] [motor_controller_pid]: Left motor is saturated: target spd 0.15000000596046448
[WARN] [1784958085.784476142] [motor_controller_pid]: Right motor is saturated: target spd -0.15000000596046448
[WARN] [1784958085.830229618] [motor_controller_pid]: Left motor is saturated: target spd 0.15000000596046448
[WARN] [1784958085.831414902] [motor_controller_pid]: Right motor is saturated: target spd -0.15000000596046448
[WARN] [1784958085.879749411] [motor_controller_pid]: Left motor is saturated: target spd 0.15000000596046448
[WARN] [1784958085.881384790] [motor_controller_pid]: Right motor is saturated: target spd -0.15000000596046448
[WARN] [1784958085.929901595] [motor_controller_pid]: Left motor is saturated: target spd 0.15000000596046448
[WARN] [1784958085.930997842] [motor_controller_pid]: Right motor is saturated: target spd -0.15000000596046448
[WARN] [1784958085.980899302] [motor_controller_pid]: Left motor is saturated: target spd 0.15000000596046448
[WARN] [1784958085.983302500] [motor_controller_pid]: Right motor is saturated: target spd -0.15000000596046448
[WARN] [1784958086.029960963] [motor_controller_pid]: Left motor is saturated: target spd 0.15000000596046448
[WARN] [1784958086.031076413] [motor_controller_pid]: Right motor is saturated: target spd -0.15000000596046448
[WARN] [1784958086.080350537] [motor_controller_pid]: Left motor is saturated: target spd 0.15000000596046448
[WARN] [1784958086.083178219] [motor_controller_pid]: Right motor is saturated: target spd -0.15000000596046448
[WARN] [1784958086.130467962] [motor_controller_pid]: Left motor is saturated: target spd 0.15000000596046448
[WARN] [1784958086.131551172] [motor_controller_pid]: Right motor is saturated: target spd -0.15000000596046448
[WARN] [1784958086.182842547] [motor_controller_pid]: Left motor is saturated: target spd 0.15000000596046448
[WARN] [1784958086.183859793] [motor_controller_pid]: Right motor is saturated: target spd -0.15000000596046448
[WARN] [1784958086.229933308] [motor_controller_pid]: Left motor is saturated: target spd 0.15000000596046448
[WARN] [1784958086.231079537] [motor_controller_pid]: Right motor is saturated: target spd -0.15000000596046448
[WARN] [1784958086.279979955] [motor_controller_pid]: Left motor is saturated: target spd 0.15000000596046448
[WARN] [1784958086.281553723] [motor_controller_pid]: Right motor is saturated: target spd -0.15000000596046448
[WARN] [1784958086.330172418] [motor_controller_pid]: Left motor is saturated: target spd 0.15000000596046448
[WARN] [1784958086.331341590] [motor_controller_pid]: Right motor is saturated: target spd -0.15000000596046448
[WARN] [1784958086.382774559] [motor_controller_pid]: Left motor is saturated: target spd 0.15000000596046448
[WARN] [1784958086.384858385] [motor_controller_pid]: Right motor is saturated: target spd -0.15000000596046448
[WARN] [1784958086.430352193] [motor_controller_pid]: Left motor is saturated: target spd 0.15000000596046448
[WARN] [1784958086.431585144] [motor_controller_pid]: Right motor is saturated: target spd -0.15000000596046448
[WARN] [1784958086.480033209] [motor_controller_pid]: Left motor is saturated: target spd 0.15000000596046448
[WARN] [1784958086.481066029] [motor_controller_pid]: Right motor is saturated: target spd -0.15000000596046448
[WARN] [1784958086.529923670] [motor_controller_pid]: Left motor is saturated: target spd 0.15000000596046448
[WARN] [1784958086.530958694] [motor_controller_pid]: Right motor is saturated: target spd -0.15000000596046448
[WARN] [1784958086.579909242] [motor_controller_pid]: Left motor is saturated: target spd 0.15000000596046448
[WARN] [1784958086.581748270] [motor_controller_pid]: Right motor is saturated: target spd -0.15000000596046448
[WARN] [1784958086.630006186] [motor_controller_pid]: Left motor is saturated: target spd 0.15000000596046448
[WARN] [1784958086.631132210] [motor_controller_pid]: Right motor is saturated: target spd -0.15000000596046448
[WARN] [1784958086.682425678] [motor_controller_pid]: Left motor is saturated: target spd 0.15000000596046448
[WARN] [1784958086.684206780] [motor_controller_pid]: Right motor is saturated: target spd -0.15000000596046448
[WARN] [1784958086.729957682] [motor_controller_pid]: Left motor is saturated: target spd 0.15000000596046448
[WARN] [1784958086.731062818] [motor_controller_pid]: Right motor is saturated: target spd -0.15000000596046448
[WARN] [1784958086.780419424] [motor_controller_pid]: Left motor is saturated: target spd 0.15000000596046448
[WARN] [1784958086.783404402] [motor_controller_pid]: Right motor is saturated: target spd -0.15000000596046448
[WARN] [1784958086.830043217] [motor_controller_pid]: Left motor is saturated: target spd 0.15000000596046448
[WARN] [1784958086.831096796] [motor_controller_pid]: Right motor is saturated: target spd -0.15000000596046448
[WARN] [1784958086.882182226] [motor_controller_pid]: Left motor is saturated: target spd 0.15000000596046448
[WARN] [1784958086.884119884] [motor_controller_pid]: Right motor is saturated: target spd -0.15000000596046448
[WARN] [1784958086.929811490] [motor_controller_pid]: Left motor is saturated: target spd 0.15000000596046448
[WARN] [1784958086.930870051] [motor_controller_pid]: Right motor is saturated: target spd -0.15000000596046448
[WARN] [1784958086.983702379] [motor_controller_pid]: Left motor is saturated: target spd 0.15000000596046448
[WARN] [1784958086.986717654] [motor_controller_pid]: Right motor is saturated: target spd -0.15000000596046448
[WARN] [1784958087.029952081] [motor_controller_pid]: Left motor is saturated: target spd 0.15000000596046448
[WARN] [1784958087.030997993] [motor_controller_pid]: Right motor is saturated: target spd -0.15000000596046448
[WARN] [1784958087.081401809] [motor_controller_pid]: Left motor is saturated: target spd 0.15000000596046448
[WARN] [1784958087.083031484] [motor_controller_pid]: Right motor is saturated: target spd -0.15000000596046448
[WARN] [1784958087.130096671] [motor_controller_pid]: Left motor is saturated: target spd 0.15000000596046448
[WARN] [1784958087.131152343] [motor_controller_pid]: Right motor is saturated: target spd -0.15000000596046448
[WARN] [1784958087.180447653] [motor_controller_pid]: Left motor is saturated: target spd 0.15000000596046448
[WARN] [1784958087.182343014] [motor_controller_pid]: Right motor is saturated: target spd -0.15000000596046448
[WARN] [1784958087.230200020] [motor_controller_pid]: Left motor is saturated: target spd 0.15000000596046448
[WARN] [1784958087.231241822] [motor_controller_pid]: Right motor is saturated: target spd -0.15000000596046448
[WARN] [1784958087.280105148] [motor_controller_pid]: Left motor is saturated: target spd 0.15000000596046448
[WARN] [1784958087.283366424] [motor_controller_pid]: Right motor is saturated: target spd -0.15000000596046448
[WARN] [1784958087.330476537] [motor_controller_pid]: Left motor is saturated: target spd 0.15000000596046448
[WARN] [1784958087.331575172] [motor_controller_pid]: Right motor is saturated: target spd -0.15000000596046448
[WARN] [1784958087.382890289] [motor_controller_pid]: Left motor is saturated: target spd 0.15000000596046448
[WARN] [1784958087.384413278] [motor_controller_pid]: Right motor is saturated: target spd -0.15000000596046448
[WARN] [1784958087.429977069] [motor_controller_pid]: Left motor is saturated: target spd 0.15000000596046448
[WARN] [1784958087.431020129] [motor_controller_pid]: Right motor is saturated: target spd -0.15000000596046448
[WARN] [1784958087.481134647] [motor_controller_pid]: Left motor is saturated: target spd 0.15000000596046448
[WARN] [1784958087.482351061] [motor_controller_pid]: Right motor is saturated: target spd -0.15000000596046448
[WARN] [1784958087.530004603] [motor_controller_pid]: Left motor is saturated: target spd 0.15000000596046448
[WARN] [1784958087.531175312] [motor_controller_pid]: Right motor is saturated: target spd -0.15000000596046448
[WARN] [1784958087.581060940] [motor_controller_pid]: Left motor is saturated: target spd 0.15000000596046448
[WARN] [1784958087.583838547] [motor_controller_pid]: Right motor is saturated: target spd -0.15000000596046448
[WARN] [1784958087.629966525] [motor_controller_pid]: Left motor is saturated: target spd 0.15000000596046448
[WARN] [1784958087.631188032] [motor_controller_pid]: Right motor is saturated: target spd -0.15000000596046448
[WARN] [1784958087.680554231] [motor_controller_pid]: Left motor is saturated: target spd 0.15000000596046448
[WARN] [1784958087.683371153] [motor_controller_pid]: Right motor is saturated: target spd -0.15000000596046448
[WARN] [1784958087.729939948] [motor_controller_pid]: Left motor is saturated: target spd 0.15000000596046448
[WARN] [1784958087.731057584] [motor_controller_pid]: Right motor is saturated: target spd -0.15000000596046448
[WARN] [1784958087.780284634] [motor_controller_pid]: Left motor is saturated: target spd 0.15000000596046448
[WARN] [1784958087.782891036] [motor_controller_pid]: Right motor is saturated: target spd -0.15000000596046448
[WARN] [1784958087.830123965] [motor_controller_pid]: Left motor is saturated: target spd 0.15000000596046448
[WARN] [1784958087.831301193] [motor_controller_pid]: Right motor is saturated: target spd -0.15000000596046448
[WARN] [1784958087.882409919] [motor_controller_pid]: Left motor is saturated: target spd 0.15000000596046448
[WARN] [1784958087.884678394] [motor_controller_pid]: Right motor is saturated: target spd -0.15000000596046448
[WARN] [1784958087.929892331] [motor_controller_pid]: Left motor is saturated: target spd 0.15000000596046448
[WARN] [1784958087.931023318] [motor_controller_pid]: Right motor is saturated: target spd -0.15000000596046448
[WARN] [1784958087.981187910] [motor_controller_pid]: Left motor is saturated: target spd 0.15000000596046448
[WARN] [1784958087.983678478] [motor_controller_pid]: Right motor is saturated: target spd -0.15000000596046448
[WARN] [1784958088.030045810] [motor_controller_pid]: Left motor is saturated: target spd 0.15000000596046448
[WARN] [1784958088.031684226] [motor_controller_pid]: Right motor is saturated: target spd -0.15000000596046448
[WARN] [1784958088.080874942] [motor_controller_pid]: Left motor is saturated: target spd 0.15000000596046448
[WARN] [1784958088.082506877] [motor_controller_pid]: Right motor is saturated: target spd -0.15000000596046448
[WARN] [1784958088.130039603] [motor_controller_pid]: Left motor is saturated: target spd 0.15000000596046448
[WARN] [1784958088.131121627] [motor_controller_pid]: Right motor is saturated: target spd -0.15000000596046448
[WARN] [1784958088.180863365] [motor_controller_pid]: Left motor is saturated: target spd 0.15000000596046448
[WARN] [1784958088.183324304] [motor_controller_pid]: Right motor is saturated: target spd -0.15000000596046448
[WARN] [1784958088.230010841] [motor_controller_pid]: Left motor is saturated: target spd 0.15000000596046448
[WARN] [1784958088.231088402] [motor_controller_pid]: Right motor is saturated: target spd -0.15000000596046448
[WARN] [1784958088.280860936] [motor_controller_pid]: Left motor is saturated: target spd 0.15000000596046448
[WARN] [1784958088.282847095] [motor_controller_pid]: Right motor is saturated: target spd -0.15000000596046448
[WARN] [1784958088.330088708] [motor_controller_pid]: Left motor is saturated: target spd 0.15000000596046448
[WARN] [1784958088.331099436] [motor_controller_pid]: Right motor is saturated: target spd -0.15000000596046448
[WARN] [1784958088.381170750] [motor_controller_pid]: Left motor is saturated: target spd 0.15000000596046448
[WARN] [1784958088.384034968] [motor_controller_pid]: Right motor is saturated: target spd -0.15000000596046448
[WARN] [1784958088.429995964] [motor_controller_pid]: Left motor is saturated: target spd 0.15000000596046448
[WARN] [1784958088.431219359] [motor_controller_pid]: Right motor is saturated: target spd -0.15000000596046448
[WARN] [1784958088.480036870] [motor_controller_pid]: Left motor is saturated: target spd 0.15000000596046448
[WARN] [1784958088.481168265] [motor_controller_pid]: Right motor is saturated: target spd -0.15000000596046448
[WARN] [1784958088.530105591] [motor_controller_pid]: Left motor is saturated: target spd 0.15000000596046448
[WARN] [1784958088.531254986] [motor_controller_pid]: Right motor is saturated: target spd -0.15000000596046448
[WARN] [1784958088.579859440] [motor_controller_pid]: Left motor is saturated: target spd 0.15000000596046448
[WARN] [1784958088.582626732] [motor_controller_pid]: Right motor is saturated: target spd -0.15000000596046448
[WARN] [1784958088.630387497] [motor_controller_pid]: Left motor is saturated: target spd 0.15000000596046448
[WARN] [1784958088.631365965] [motor_controller_pid]: Right motor is saturated: target spd -0.15000000596046448
[WARN] [1784958088.680656830] [motor_controller_pid]: Left motor is saturated: target spd 0.15000000596046448
[WARN] [1784958088.683177769] [motor_controller_pid]: Right motor is saturated: target spd -0.15000000596046448
[WARN] [1784958088.729894418] [motor_controller_pid]: Left motor is saturated: target spd 0.08008063096046446
[WARN] [1784958088.730928534] [motor_controller_pid]: Right motor is saturated: target spd -0.05991938096046446
[WARN] [1784958088.779655137] [motor_controller_pid]: Left motor is saturated: target spd 0.08008063096046446
[WARN] [1784958088.782880450] [motor_controller_pid]: Right motor is saturated: target spd -0.05991938096046446
[WARN] [1784958088.830063693] [motor_controller_pid]: Left motor is saturated: target spd 0.020161250000000002
[WARN] [1784958088.831122236] [motor_controller_pid]: Right motor is saturated: target spd 0.020161250000000002
[WARN] [1784958088.880969344] [motor_controller_pid]: Left motor is saturated: target spd 0.020161250000000002
[WARN] [1784958088.884076860] [motor_controller_pid]: Right motor is saturated: target spd 0.020161250000000002
[WARN] [1784958088.929878782] [motor_controller_pid]: Left motor is saturated: target spd 0.030241874999999998
[WARN] [1784958088.930925065] [motor_controller_pid]: Right motor is saturated: target spd 0.030241874999999998
[WARN] [1784958088.979906836] [motor_controller_pid]: Left motor is saturated: target spd 0.030241874999999998
[WARN] [1784958088.981466474] [motor_controller_pid]: Right motor is saturated: target spd 0.030241874999999998
[WARN] [1784958089.030263466] [motor_controller_pid]: Left motor is saturated: target spd 0.03681619565217392
[WARN] [1784958089.031386194] [motor_controller_pid]: Right motor is saturated: target spd 0.03681619565217392
[WARN] [1784958089.082315568] [motor_controller_pid]: Left motor is saturated: target spd 0.035501331521739135
[WARN] [1784958089.083486462] [motor_controller_pid]: Right motor is saturated: target spd 0.035501331521739135
[WARN] [1784958089.130012517] [motor_controller_pid]: Left motor is saturated: target spd 0.03506304347826088
[WARN] [1784958089.130976485] [motor_controller_pid]: Right motor is saturated: target spd 0.03506304347826088
[WARN] [1784958089.181229522] [motor_controller_pid]: Left motor is saturated: target spd 0.03506304347826088
[WARN] [1784958089.183117680] [motor_controller_pid]: Right motor is saturated: target spd 0.03506304347826088
[WARN] [1784958089.229941143] [motor_controller_pid]: Left motor is saturated: target spd 0.03506304347826088
[WARN] [1784958089.231034945] [motor_controller_pid]: Right motor is saturated: target spd 0.03506304347826088
[WARN] [1784958089.280121254] [motor_controller_pid]: Left motor is saturated: target spd 0.03506304347826088
[WARN] [1784958089.283228659] [motor_controller_pid]: Right motor is saturated: target spd 0.03506304347826088
[WARN] [1784958089.330922868] [motor_controller_pid]: Left motor is saturated: target spd 0.03506304347826088
[WARN] [1784958089.332041373] [motor_controller_pid]: Right motor is saturated: target spd 0.03506304347826088
[WARN] [1784958089.381035756] [motor_controller_pid]: Left motor is saturated: target spd 0.03506304347826088
[WARN] [1784958089.383307119] [motor_controller_pid]: Right motor is saturated: target spd 0.03506304347826088
[WARN] [1784958089.429842415] [motor_controller_pid]: Left motor is saturated: target spd 0.03506304347826088
[WARN] [1784958089.430808068] [motor_controller_pid]: Right motor is saturated: target spd 0.03506304347826088
[WARN] [1784958089.482153703] [motor_controller_pid]: Left motor is saturated: target spd 0.03506304347826088
[WARN] [1784958089.484531363] [motor_controller_pid]: Right motor is saturated: target spd 0.03506304347826088
[WARN] [1784958089.529878152] [motor_controller_pid]: Left motor is saturated: target spd 0.03506304347826088
[WARN] [1784958089.530937343] [motor_controller_pid]: Right motor is saturated: target spd 0.03506304347826088
[WARN] [1784958089.580506432] [motor_controller_pid]: Left motor is saturated: target spd 0.03506304347826088
[WARN] [1784958089.583308243] [motor_controller_pid]: Right motor is saturated: target spd 0.03506304347826088
[WARN] [1784958089.630199392] [motor_controller_pid]: Left motor is saturated: target spd 0.03506304347826088
[WARN] [1784958089.631374879] [motor_controller_pid]: Right motor is saturated: target spd 0.03506304347826088
[WARN] [1784958089.681400878] [motor_controller_pid]: Left motor is saturated: target spd 0.03506304347826088
[WARN] [1784958089.682883293] [motor_controller_pid]: Right motor is saturated: target spd 0.03506304347826088
[WARN] [1784958089.730271000] [motor_controller_pid]: Left motor is saturated: target spd 0.03506304347826088
[WARN] [1784958089.731266487] [motor_controller_pid]: Right motor is saturated: target spd 0.03506304347826088
[WARN] [1784958089.782730604] [motor_controller_pid]: Left motor is saturated: target spd 0.03506304347826088
[WARN] [1784958089.784285019] [motor_controller_pid]: Right motor is saturated: target spd 0.03506304347826088
[WARN] [1784958089.830547239] [motor_controller_pid]: Left motor is saturated: target spd 0.03506304347826088
[WARN] [1784958089.831685245] [motor_controller_pid]: Right motor is saturated: target spd 0.03506304347826088
[WARN] [1784958089.880355978] [motor_controller_pid]: Left motor is saturated: target spd 0.03506304347826088
[WARN] [1784958089.882065338] [motor_controller_pid]: Right motor is saturated: target spd 0.03506304347826088
[WARN] [1784958089.929913177] [motor_controller_pid]: Left motor is saturated: target spd 0.03287160326086957
[WARN] [1784958089.930975479] [motor_controller_pid]: Right motor is saturated: target spd 0.03287160326086957
[WARN] [1784958089.982623949] [motor_controller_pid]: Left motor is saturated: target spd 0.03287160326086957
[WARN] [1784958089.984053623] [motor_controller_pid]: Right motor is saturated: target spd 0.03287160326086957
[WARN] [1784958090.029976508] [motor_controller_pid]: Left motor is saturated: target spd 0.03287160326086957
[WARN] [1784958090.031100551] [motor_controller_pid]: Right motor is saturated: target spd 0.03287160326086957
[WARN] [1784958090.079824228] [motor_controller_pid]: Left motor is saturated: target spd 0.03287160326086957
[WARN] [1784958090.082051388] [motor_controller_pid]: Right motor is saturated: target spd 0.03287160326086957
[WARN] [1784958090.130160895] [motor_controller_pid]: Left motor is saturated: target spd 0.03506304347826088
[WARN] [1784958090.131287864] [motor_controller_pid]: Right motor is saturated: target spd 0.03506304347826088
[WARN] [1784958090.180017559] [motor_controller_pid]: Left motor is saturated: target spd 0.03506304347826088
[WARN] [1784958090.184052969] [motor_controller_pid]: Right motor is saturated: target spd 0.03506304347826088
[WARN] [1784958090.230324078] [motor_controller_pid]: Left motor is saturated: target spd 0.03506304347826088
[WARN] [1784958090.231488862] [motor_controller_pid]: Right motor is saturated: target spd 0.03506304347826088
[WARN] [1784958090.279893463] [motor_controller_pid]: Left motor is saturated: target spd 0.03506304347826088
[WARN] [1784958090.284811174] [motor_controller_pid]: Right motor is saturated: target spd 0.03506304347826088
[WARN] [1784958090.330138778] [motor_controller_pid]: Left motor is saturated: target spd 0.03287160326086957
[WARN] [1784958090.331277006] [motor_controller_pid]: Right motor is saturated: target spd 0.03287160326086957
[WARN] [1784958090.380526426] [motor_controller_pid]: Left motor is saturated: target spd 0.03287160326086957
[WARN] [1784958090.382420417] [motor_controller_pid]: Right motor is saturated: target spd 0.03287160326086957
[WARN] [1784958090.429935033] [motor_controller_pid]: Left motor is saturated: target spd 0.03506304347826088
[WARN] [1784958090.431003890] [motor_controller_pid]: Right motor is saturated: target spd 0.03506304347826088
[WARN] [1784958090.480916314] [motor_controller_pid]: Left motor is saturated: target spd 0.03506304347826088
[WARN] [1784958090.482630175] [motor_controller_pid]: Right motor is saturated: target spd 0.03506304347826088
[WARN] [1784958090.530487218] [motor_controller_pid]: Left motor is saturated: target spd 0.03506304347826088
[WARN] [1784958090.531616687] [motor_controller_pid]: Right motor is saturated: target spd 0.03506304347826088
[WARN] [1784958090.580105177] [motor_controller_pid]: Left motor is saturated: target spd 0.03287160326086957
[WARN] [1784958090.582129206] [motor_controller_pid]: Right motor is saturated: target spd 0.03287160326086957
[WARN] [1784958090.630575123] [motor_controller_pid]: Left motor is saturated: target spd 0.03506304347826088
[WARN] [1784958090.633437526] [motor_controller_pid]: Right motor is saturated: target spd 0.03506304347826088
[WARN] [1784958090.680212193] [motor_controller_pid]: Left motor is saturated: target spd 0.03506304347826088
[WARN] [1784958090.681491367] [motor_controller_pid]: Right motor is saturated: target spd 0.03506304347826088
[WARN] [1784958090.731394346] [motor_controller_pid]: Left motor is saturated: target spd 0.03506304347826088
[WARN] [1784958090.732408999] [motor_controller_pid]: Right motor is saturated: target spd 0.03506304347826088
[WARN] [1784958090.779970911] [motor_controller_pid]: Left motor is saturated: target spd 0.03506304347826088
[WARN] [1784958090.781947162] [motor_controller_pid]: Right motor is saturated: target spd 0.03506304347826088
[WARN] [1784958090.830005614] [motor_controller_pid]: Left motor is saturated: target spd 0.03506304347826088
[WARN] [1784958090.831056675] [motor_controller_pid]: Right motor is saturated: target spd 0.03506304347826088
[WARN] [1784958090.880950672] [motor_controller_pid]: Left motor is saturated: target spd 0.03506304347826088
[WARN] [1784958090.882025660] [motor_controller_pid]: Right motor is saturated: target spd 0.03506304347826088
[WARN] [1784958090.929899332] [motor_controller_pid]: Left motor is saturated: target spd 0.03506304347826088
[WARN] [1784958090.930963967] [motor_controller_pid]: Right motor is saturated: target spd 0.03506304347826088
[WARN] [1784958090.983025273] [motor_controller_pid]: Left motor is saturated: target spd 0.03506304347826088
[WARN] [1784958090.985673749] [motor_controller_pid]: Right motor is saturated: target spd 0.03506304347826088
[WARN] [1784958091.030138349] [motor_controller_pid]: Left motor is saturated: target spd 0.03506304347826088
[WARN] [1784958091.031178836] [motor_controller_pid]: Right motor is saturated: target spd 0.03506304347826088
[WARN] [1784958091.082212747] [motor_controller_pid]: Left motor is saturated: target spd 0.03506304347826088
[WARN] [1784958091.083907422] [motor_controller_pid]: Right motor is saturated: target spd 0.03506304347826088
[WARN] [1784958091.130397440] [motor_controller_pid]: Left motor is saturated: target spd 0.03506304347826088
[WARN] [1784958091.131576983] [motor_controller_pid]: Right motor is saturated: target spd 0.03506304347826088
[WARN] [1784958091.181965335] [motor_controller_pid]: Left motor is saturated: target spd 0.03506304347826088
[WARN] [1784958091.183307213] [motor_controller_pid]: Right motor is saturated: target spd 0.03506304347826088
[WARN] [1784958091.230057379] [motor_controller_pid]: Left motor is saturated: target spd 0.03506304347826088
[WARN] [1784958091.231125570] [motor_controller_pid]: Right motor is saturated: target spd 0.03506304347826088
[WARN] [1784958091.281073976] [motor_controller_pid]: Left motor is saturated: target spd 0.03506304347826088
[WARN] [1784958091.283695434] [motor_controller_pid]: Right motor is saturated: target spd 0.03506304347826088
[WARN] [1784958091.330987492] [motor_controller_pid]: Left motor is saturated: target spd 0.050403125
[WARN] [1784958091.332032164] [motor_controller_pid]: Right motor is saturated: target spd 0.050403125
[WARN] [1784958091.382515832] [motor_controller_pid]: Left motor is saturated: target spd 0.050403125
[WARN] [1784958091.384917178] [motor_controller_pid]: Right motor is saturated: target spd 0.050403125
[WARN] [1784958091.430010021] [motor_controller_pid]: Left motor is saturated: target spd 0.03506304347826088
[WARN] [1784958091.431243935] [motor_controller_pid]: Right motor is saturated: target spd 0.03506304347826088
[WARN] [1784958091.479895353] [motor_controller_pid]: Left motor is saturated: target spd 0.03506304347826088
[WARN] [1784958091.483563483] [motor_controller_pid]: Right motor is saturated: target spd 0.03506304347826088
[WARN] [1784958091.530065667] [motor_controller_pid]: Left motor is saturated: target spd 0.03506304347826088
[WARN] [1784958091.531240265] [motor_controller_pid]: Right motor is saturated: target spd 0.03506304347826088
[WARN] [1784958091.579974831] [motor_controller_pid]: Left motor is saturated: target spd 0.03506304347826088
[WARN] [1784958091.581323486] [motor_controller_pid]: Right motor is saturated: target spd 0.03506304347826088
[WARN] [1784958091.630390369] [motor_controller_pid]: Left motor is saturated: target spd 0.03506304347826088
[WARN] [1784958091.631391856] [motor_controller_pid]: Right motor is saturated: target spd 0.03506304347826088
[WARN] [1784958091.682329396] [motor_controller_pid]: Left motor is saturated: target spd 0.03506304347826088
[WARN] [1784958091.684093535] [motor_controller_pid]: Right motor is saturated: target spd 0.03506304347826088
[WARN] [1784958091.730160661] [motor_controller_pid]: Left motor is saturated: target spd 0.03506304347826088
[WARN] [1784958091.731334038] [motor_controller_pid]: Right motor is saturated: target spd 0.03506304347826088
[WARN] [1784958091.780231901] [motor_controller_pid]: Left motor is saturated: target spd 0.03506304347826088
[WARN] [1784958091.785572002] [motor_controller_pid]: Right motor is saturated: target spd 0.03506304347826088
[WARN] [1784958091.830552271] [motor_controller_pid]: Left motor is saturated: target spd 0.03506304347826088
[WARN] [1784958091.831781037] [motor_controller_pid]: Right motor is saturated: target spd 0.03506304347826088
[WARN] [1784958091.879937489] [motor_controller_pid]: Left motor is saturated: target spd 0.03506304347826088
[WARN] [1784958091.882055574] [motor_controller_pid]: Right motor is saturated: target spd 0.03506304347826088
[WARN] [1784958091.929914987] [motor_controller_pid]: Left motor is saturated: target spd 0.03506304347826088
[WARN] [1784958091.931012771] [motor_controller_pid]: Right motor is saturated: target spd 0.03506304347826088
[WARN] [1784958091.979972356] [motor_controller_pid]: Left motor is saturated: target spd 0.03506304347826088
[WARN] [1784958091.981221252] [motor_controller_pid]: Right motor is saturated: target spd 0.03506304347826088
[WARN] [1784958092.029931243] [motor_controller_pid]: Left motor is saturated: target spd 0.03287160326086957
[WARN] [1784958092.030978175] [motor_controller_pid]: Right motor is saturated: target spd 0.03287160326086957
[WARN] [1784958092.081618936] [motor_controller_pid]: Left motor is saturated: target spd 0.03287160326086957
[WARN] [1784958092.083851632] [motor_controller_pid]: Right motor is saturated: target spd 0.03287160326086957
[WARN] [1784958092.130155464] [motor_controller_pid]: Left motor is saturated: target spd 0.03287160326086957
[WARN] [1784958092.131369600] [motor_controller_pid]: Right motor is saturated: target spd 0.03287160326086957
[WARN] [1784958092.183075551] [motor_controller_pid]: Left motor is saturated: target spd 0.03506304347826088
[WARN] [1784958092.185955437] [motor_controller_pid]: Right motor is saturated: target spd 0.03506304347826088
[WARN] [1784958092.230011553] [motor_controller_pid]: Left motor is saturated: target spd 0.03506304347826088
[WARN] [1784958092.231030576] [motor_controller_pid]: Right motor is saturated: target spd 0.03506304347826088
[WARN] [1784958092.283482976] [motor_controller_pid]: Left motor is saturated: target spd 0.03506304347826088
[WARN] [1784958092.285159004] [motor_controller_pid]: Right motor is saturated: target spd 0.03506304347826088
[WARN] [1784958092.330062568] [motor_controller_pid]: Left motor is saturated: target spd 0.03287160326086957
[WARN] [1784958092.331166481] [motor_controller_pid]: Right motor is saturated: target spd 0.03287160326086957
[WARN] [1784958092.383590770] [motor_controller_pid]: Left motor is saturated: target spd 0.03287160326086957
[WARN] [1784958092.385412965] [motor_controller_pid]: Right motor is saturated: target spd 0.03287160326086957
[WARN] [1784958092.430021584] [motor_controller_pid]: Left motor is saturated: target spd 0.03287160326086957
[WARN] [1784958092.431029830] [motor_controller_pid]: Right motor is saturated: target spd 0.03287160326086957
[WARN] [1784958092.480415103] [motor_controller_pid]: Left motor is saturated: target spd 0.03287160326086957
[WARN] [1784958092.481896777] [motor_controller_pid]: Right motor is saturated: target spd 0.03287160326086957
[WARN] [1784958092.530128877] [motor_controller_pid]: Left motor is saturated: target spd 0.03506304347826088
[WARN] [1784958092.531351995] [motor_controller_pid]: Right motor is saturated: target spd 0.03506304347826088
[WARN] [1784958092.579871838] [motor_controller_pid]: Left motor is saturated: target spd 0.03506304347826088
[WARN] [1784958092.581099418] [motor_controller_pid]: Right motor is saturated: target spd 0.03506304347826088
[WARN] [1784958092.630184838] [motor_controller_pid]: Left motor is saturated: target spd 0.03506304347826088
[WARN] [1784958092.631247325] [motor_controller_pid]: Right motor is saturated: target spd 0.03506304347826088
[WARN] [1784958092.680023632] [motor_controller_pid]: Left motor is saturated: target spd 0.03506304347826088
[WARN] [1784958092.681259564] [motor_controller_pid]: Right motor is saturated: target spd 0.03506304347826088
[WARN] [1784958092.729961056] [motor_controller_pid]: Left motor is saturated: target spd 0.03287160326086957
[WARN] [1784958092.731030746] [motor_controller_pid]: Right motor is saturated: target spd 0.03287160326086957
[WARN] [1784958092.783085329] [motor_controller_pid]: Left motor is saturated: target spd 0.03287160326086957
[WARN] [1784958092.784051557] [motor_controller_pid]: Right motor is saturated: target spd 0.03287160326086957
[WARN] [1784958092.829998331] [motor_controller_pid]: Left motor is saturated: target spd 0.03287160326086957
[WARN] [1784958092.831077392] [motor_controller_pid]: Right motor is saturated: target spd 0.03287160326086957
[WARN] [1784958092.881512707] [motor_controller_pid]: Left motor is saturated: target spd 0.03287160326086957
[WARN] [1784958092.883819071] [motor_controller_pid]: Right motor is saturated: target spd 0.03287160326086957
[WARN] [1784958092.929887438] [motor_controller_pid]: Left motor is saturated: target spd 0.03506304347826088
[WARN] [1784958092.930891221] [motor_controller_pid]: Right motor is saturated: target spd 0.03506304347826088
[WARN] [1784958092.981922577] [motor_controller_pid]: Left motor is saturated: target spd 0.03506304347826088
[WARN] [1784958092.983212824] [motor_controller_pid]: Right motor is saturated: target spd 0.03506304347826088
[WARN] [1784958093.029838935] [motor_controller_pid]: Left motor is saturated: target spd 0.050403125
[WARN] [1784958093.080043175] [motor_controller_pid]: Left motor is saturated: target spd 0.050403125
[WARN] [1784958093.130237063] [motor_controller_pid]: Left motor is saturated: target spd 0.03506304347826088
[WARN] [1784958093.181866978] [motor_controller_pid]: Left motor is saturated: target spd 0.03506304347826088
[WARN] [1784958093.230046374] [motor_controller_pid]: Left motor is saturated: target spd 0.03287160326086957
[WARN] [1784958093.280434856] [motor_controller_pid]: Left motor is saturated: target spd 0.03287160326086957
[WARN] [1784958093.330262354] [motor_controller_pid]: Left motor is saturated: target spd 0.03287160326086957
[WARN] [1784958093.380520761] [motor_controller_pid]: Left motor is saturated: target spd 0.03287160326086957
[WARN] [1784958093.429993572] [motor_controller_pid]: Left motor is saturated: target spd 0.03287160326086957
[WARN] [1784958093.484229759] [motor_controller_pid]: Left motor is saturated: target spd 0.03287160326086957
[WARN] [1784958093.530018976] [motor_controller_pid]: Left motor is saturated: target spd 0.03287160326086957
[WARN] [1784958093.580368069] [motor_controller_pid]: Left motor is saturated: target spd 0.03287160326086957
[WARN] [1784958093.630037825] [motor_controller_pid]: Left motor is saturated: target spd 0.03287160326086957
[WARN] [1784958093.681587128] [motor_controller_pid]: Left motor is saturated: target spd 0.03287160326086957
[WARN] [1784958093.729953229] [motor_controller_pid]: Left motor is saturated: target spd 0.03506304347826088
[WARN] [1784958093.779737819] [motor_controller_pid]: Left motor is saturated: target spd 0.03506304347826088
[WARN] [1784958093.830766563] [motor_controller_pid]: Left motor is saturated: target spd 0.03506304347826088
[WARN] [1784958093.881708937] [motor_controller_pid]: Left motor is saturated: target spd 0.03506304347826088
[WARN] [1784958093.929878889] [motor_controller_pid]: Left motor is saturated: target spd 0.03287160326086957
[WARN] [1784958093.981307599] [motor_controller_pid]: Left motor is saturated: target spd 0.03287160326086957
[WARN] [1784958094.029911701] [motor_controller_pid]: Left motor is saturated: target spd 0.03287160326086957
[WARN] [1784958094.080945594] [motor_controller_pid]: Left motor is saturated: target spd 0.03287160326086957
[WARN] [1784958094.130017699] [motor_controller_pid]: Left motor is saturated: target spd 0.03287160326086957
[WARN] [1784958094.180023753] [motor_controller_pid]: Left motor is saturated: target spd 0.03287160326086957
[WARN] [1784958094.229976936] [motor_controller_pid]: Left motor is saturated: target spd 0.03506304347826088
[WARN] [1784958094.280804439] [motor_controller_pid]: Left motor is saturated: target spd 0.03506304347826088
[WARN] [1784958094.330480602] [motor_controller_pid]: Left motor is saturated: target spd 0.03287160326086957
[WARN] [1784958094.379995283] [motor_controller_pid]: Left motor is saturated: target spd 0.03287160326086957
[WARN] [1784958094.430038690] [motor_controller_pid]: Left motor is saturated: target spd 0.03287160326086957
[WARN] [1784958094.480290430] [motor_controller_pid]: Left motor is saturated: target spd 0.03287160326086957
[WARN] [1784958094.530362207] [motor_controller_pid]: Left motor is saturated: target spd 0.03506304347826088
[WARN] [1784958094.584796339] [motor_controller_pid]: Left motor is saturated: target spd 0.03506304347826088
[WARN] [1784958094.631096967] [motor_controller_pid]: Left motor is saturated: target spd 0.03506304347826088
[WARN] [1784958094.680350702] [motor_controller_pid]: Left motor is saturated: target spd 0.03506304347826088
[WARN] [1784958094.730184144] [motor_controller_pid]: Left motor is saturated: target spd 0.03506304347826088
[WARN] [1784958094.780090716] [motor_controller_pid]: Left motor is saturated: target spd 0.03506304347826088
[WARN] [1784958094.830003400] [motor_controller_pid]: Left motor is saturated: target spd 0.03506304347826088
[WARN] [1784958094.882667115] [motor_controller_pid]: Left motor is saturated: target spd 0.03506304347826088
[WARN] [1784958094.929940063] [motor_controller_pid]: Left motor is saturated: target spd 0.03287160326086957
[WARN] [1784958094.980778547] [motor_controller_pid]: Left motor is saturated: target spd 0.03287160326086957
[WARN] [1784958095.029955023] [motor_controller_pid]: Left motor is saturated: target spd 0.03287160326086957
[WARN] [1784958095.081202472] [motor_controller_pid]: Left motor is saturated: target spd 0.03287160326086957
[WARN] [1784958095.130036020] [motor_controller_pid]: Left motor is saturated: target spd 0.03287160326086957
[WARN] [1784958095.180133649] [motor_controller_pid]: Left motor is saturated: target spd 0.03287160326086957
[WARN] [1784958095.229904128] [motor_controller_pid]: Left motor is saturated: target spd 0.03287160326086957
[WARN] [1784958095.280958298] [motor_controller_pid]: Left motor is saturated: target spd 0.03287160326086957
[WARN] [1784958095.330150052] [motor_controller_pid]: Left motor is saturated: target spd 0.03287160326086957
[WARN] [1784958095.382468673] [motor_controller_pid]: Left motor is saturated: target spd 0.03287160326086957
[WARN] [1784958095.429967937] [motor_controller_pid]: Left motor is saturated: target spd 0.03506304347826088
[WARN] [1784958095.480001732] [motor_controller_pid]: Left motor is saturated: target spd 0.03506304347826088
[WARN] [1784958095.530511862] [motor_controller_pid]: Left motor is saturated: target spd 0.03506304347826088
[WARN] [1784958095.583121504] [motor_controller_pid]: Left motor is saturated: target spd 0.03506304347826088
[WARN] [1784958095.630036690] [motor_controller_pid]: Left motor is saturated: target spd 0.03287160326086957
[WARN] [1784958095.679964688] [motor_controller_pid]: Left motor is saturated: target spd 0.03287160326086957
[WARN] [1784958095.730001057] [motor_controller_pid]: Left motor is saturated: target spd 0.03287160326086957
[WARN] [1784958095.783326795] [motor_controller_pid]: Left motor is saturated: target spd 0.03506304347826088
[WARN] [1784958095.830679724] [motor_controller_pid]: Left motor is saturated: target spd 0.050403125
[WARN] [1784958095.879933164] [motor_controller_pid]: Left motor is saturated: target spd 0.050403125
[WARN] [1784958095.929936421] [motor_controller_pid]: Left motor is saturated: target spd 0.050403125
[WARN] [1784958095.981249352] [motor_controller_pid]: Left motor is saturated: target spd 0.050403125
[WARN] [1784958096.030156586] [motor_controller_pid]: Left motor is saturated: target spd 0.03506304347826088
[WARN] [1784958096.082566967] [motor_controller_pid]: Left motor is saturated: target spd 0.03506304347826088
[WARN] [1784958096.130682808] [motor_controller_pid]: Left motor is saturated: target spd 0.03506304347826088
[WARN] [1784958096.180172785] [motor_controller_pid]: Left motor is saturated: target spd 0.03506304347826088
[WARN] [1784958096.230346859] [motor_controller_pid]: Left motor is saturated: target spd 0.03287160326086957
[WARN] [1784958096.282547387] [motor_controller_pid]: Left motor is saturated: target spd 0.03287160326086957
[WARN] [1784958096.330009095] [motor_controller_pid]: Left motor is saturated: target spd 0.03506304347826088
[WARN] [1784958096.380122186] [motor_controller_pid]: Left motor is saturated: target spd 0.03506304347826088
[WARN] [1784958096.429957962] [motor_controller_pid]: Left motor is saturated: target spd 0.03287160326086957
[WARN] [1784958096.479868775] [motor_controller_pid]: Left motor is saturated: target spd 0.03287160326086957
[WARN] [1784958096.530505350] [motor_controller_pid]: Left motor is saturated: target spd 0.03287160326086957
[WARN] [1784958096.582849231] [motor_controller_pid]: Left motor is saturated: target spd 0.03287160326086957
[WARN] [1784958096.630314995] [motor_controller_pid]: Left motor is saturated: target spd 0.050403125
[WARN] [1784958096.680371086] [motor_controller_pid]: Left motor is saturated: target spd 0.050403125
[WARN] [1784958096.729911212] [motor_controller_pid]: Left motor is saturated: target spd 0.03287160326086957
[WARN] [1784958096.782605520] [motor_controller_pid]: Left motor is saturated: target spd 0.03287160326086957
[WARN] [1784958096.829996746] [motor_controller_pid]: Left motor is saturated: target spd 0.03506304347826088
[WARN] [1784958096.882938297] [motor_controller_pid]: Left motor is saturated: target spd 0.03506304347826088
[WARN] [1784958096.929837205] [motor_controller_pid]: Left motor is saturated: target spd 0.03506304347826088
[WARN] [1784958096.980479263] [motor_controller_pid]: Left motor is saturated: target spd 0.03506304347826088
[WARN] [1784958097.029928110] [motor_controller_pid]: Left motor is saturated: target spd 0.03287160326086957
[WARN] [1784958097.080485852] [motor_controller_pid]: Left motor is saturated: target spd 0.03287160326086957
[WARN] [1784958097.130048571] [motor_controller_pid]: Left motor is saturated: target spd 0.03287160326086957
[WARN] [1784958097.180211088] [motor_controller_pid]: Left motor is saturated: target spd 0.03287160326086957
[WARN] [1784958097.229994104] [motor_controller_pid]: Left motor is saturated: target spd 0.03287160326086957
[WARN] [1784958097.280098770] [motor_controller_pid]: Left motor is saturated: target spd 0.03287160326086957
[WARN] [1784958097.330256010] [motor_controller_pid]: Left motor is saturated: target spd 0.03287160326086957
[WARN] [1784958097.381413274] [motor_controller_pid]: Left motor is saturated: target spd 0.03287160326086957
[WARN] [1784958097.430054913] [motor_controller_pid]: Left motor is saturated: target spd 0.050403125
[WARN] [1784958097.484112211] [motor_controller_pid]: Left motor is saturated: target spd 0.050403125
[WARN] [1784958097.530135300] [motor_controller_pid]: Left motor is saturated: target spd 0.050403125
[WARN] [1784958097.580024131] [motor_controller_pid]: Left motor is saturated: target spd 0.050403125
[WARN] [1784958097.629966981] [motor_controller_pid]: Left motor is saturated: target spd 0.03506304347826088
[WARN] [1784958097.683105885] [motor_controller_pid]: Left motor is saturated: target spd 0.03506304347826088
[WARN] [1784958097.730083497] [motor_controller_pid]: Left motor is saturated: target spd 0.03506304347826088
[WARN] [1784958097.779940013] [motor_controller_pid]: Left motor is saturated: target spd 0.03506304347826088
[WARN] [1784958097.830458626] [motor_controller_pid]: Left motor is saturated: target spd 0.03506304347826088
[WARN] [1784958097.881380999] [motor_controller_pid]: Left motor is saturated: target spd 0.03506304347826088
[WARN] [1784958097.929906490] [motor_controller_pid]: Left motor is saturated: target spd 0.03287160326086957
[WARN] [1784958097.980886123] [motor_controller_pid]: Left motor is saturated: target spd 0.03287160326086957
[WARN] [1784958098.029980691] [motor_controller_pid]: Left motor is saturated: target spd 0.03506304347826088
[WARN] [1784958098.080686582] [motor_controller_pid]: Left motor is saturated: target spd 0.03506304347826088
[WARN] [1784958098.130158893] [motor_controller_pid]: Left motor is saturated: target spd 0.03506304347826088
[WARN] [1784958098.181532528] [motor_controller_pid]: Left motor is saturated: target spd 0.03506304347826088
[WARN] [1784958098.230089093] [motor_controller_pid]: Left motor is saturated: target spd 0.03506304347826088
[WARN] [1784958098.281387172] [motor_controller_pid]: Left motor is saturated: target spd 0.03506304347826088
[WARN] [1784958098.330171461] [motor_controller_pid]: Left motor is saturated: target spd 0.03287160326086957
[WARN] [1784958098.381633319] [motor_controller_pid]: Left motor is saturated: target spd 0.03287160326086957
[WARN] [1784958098.430039939] [motor_controller_pid]: Left motor is saturated: target spd 0.03506304347826088
[WARN] [1784958098.480500254] [motor_controller_pid]: Left motor is saturated: target spd 0.03506304347826088
[WARN] [1784958098.529898231] [motor_controller_pid]: Left motor is saturated: target spd 0.03506304347826088
[WARN] [1784958098.580332880] [motor_controller_pid]: Left motor is saturated: target spd 0.03506304347826088
[WARN] [1784958098.630156637] [motor_controller_pid]: Left motor is saturated: target spd 0.03506304347826088
[WARN] [1784958098.682714130] [motor_controller_pid]: Left motor is saturated: target spd 0.03506304347826088
[WARN] [1784958098.730445969] [motor_controller_pid]: Left motor is saturated: target spd 0.03330989130434784
[WARN] [1784958098.779891742] [motor_controller_pid]: Left motor is saturated: target spd 0.03330989130434784
[WARN] [1784958098.830150705] [motor_controller_pid]: Left motor is saturated: target spd 0.030241875000000005
[WARN] [1784958098.880756966] [motor_controller_pid]: Left motor is saturated: target spd 0.030241875000000005
[WARN] [1784958098.929966275] [motor_controller_pid]: Left motor is saturated: target spd 0.020161250000000006
[WARN] [1784958098.980041903] [motor_controller_pid]: Left motor is saturated: target spd 0.020161250000000006
[WARN] [1784958099.030088921] [motor_controller_pid]: Left motor is saturated: target spd 0.010080625000000008
[WARN] [1784958099.080094752] [motor_controller_pid]: Left motor is saturated: target spd 0.010080625000000008
[WARN] [1784958100.131002559] [motor_controller_pid]: Command timeout; stopping motors
[WARN] [1784958106.380667108] [motor_controller_pid]: Left motor is saturated: target spd -0.088118471503458
[WARN] [1784958106.382766137] [motor_controller_pid]: Right motor is saturated: target spd 0.09306077757983433
[WARN] [1784958106.430019362] [motor_controller_pid]: Left motor is saturated: target spd -0.088118471503458
[WARN] [1784958106.431224331] [motor_controller_pid]: Right motor is saturated: target spd 0.09306077757983433
[WARN] [1784958106.481370886] [motor_controller_pid]: Left motor is saturated: target spd -0.088118471503458
[WARN] [1784958106.482560226] [motor_controller_pid]: Right motor is saturated: target spd 0.09306077757983433
[WARN] [1784958106.529904896] [motor_controller_pid]: Left motor is saturated: target spd -0.088118471503458
[WARN] [1784958106.531135624] [motor_controller_pid]: Right motor is saturated: target spd 0.09306077757983433
[WARN] [1784958106.584631289] [motor_controller_pid]: Left motor is saturated: target spd -0.088118471503458
[WARN] [1784958106.585862740] [motor_controller_pid]: Right motor is saturated: target spd 0.09306077757983433
[WARN] [1784958106.629997319] [motor_controller_pid]: Left motor is saturated: target spd -0.088118471503458
[WARN] [1784958106.631167714] [motor_controller_pid]: Right motor is saturated: target spd 0.09306077757983433
[WARN] [1784958106.680668117] [motor_controller_pid]: Left motor is saturated: target spd -0.088118471503458
[WARN] [1784958106.683033518] [motor_controller_pid]: Right motor is saturated: target spd 0.09306077757983433
[WARN] [1784958106.730022409] [motor_controller_pid]: Left motor is saturated: target spd -0.088118471503458
[WARN] [1784958106.731234007] [motor_controller_pid]: Right motor is saturated: target spd 0.09306077757983433
[WARN] [1784958106.780080981] [motor_controller_pid]: Left motor is saturated: target spd -0.088118471503458
[WARN] [1784958106.782788458] [motor_controller_pid]: Right motor is saturated: target spd 0.09306077757983433
[WARN] [1784958106.830561168] [motor_controller_pid]: Left motor is saturated: target spd -0.088118471503458
[WARN] [1784958106.831983879] [motor_controller_pid]: Right motor is saturated: target spd 0.09306077757983433
[WARN] [1784958106.884397315] [motor_controller_pid]: Left motor is saturated: target spd -0.088118471503458
[WARN] [1784958106.886460678] [motor_controller_pid]: Right motor is saturated: target spd 0.09306077757983433
[WARN] [1784958106.930902352] [motor_controller_pid]: Left motor is saturated: target spd -0.088118471503458
[WARN] [1784958106.935380708] [motor_controller_pid]: Right motor is saturated: target spd 0.09306077757983433
[WARN] [1784958106.988739724] [motor_controller_pid]: Left motor is saturated: target spd -0.088118471503458
[WARN] [1784958106.992055926] [motor_controller_pid]: Right motor is saturated: target spd 0.09306077757983433
[WARN] [1784958107.030252901] [motor_controller_pid]: Left motor is saturated: target spd -0.088118471503458
[WARN] [1784958107.031580741] [motor_controller_pid]: Right motor is saturated: target spd 0.09306077757983433
[WARN] [1784958107.082480985] [motor_controller_pid]: Left motor is saturated: target spd -0.088118471503458
[WARN] [1784958107.084476606] [motor_controller_pid]: Right motor is saturated: target spd 0.09306077757983433
[WARN] [1784958107.130090952] [motor_controller_pid]: Left motor is saturated: target spd -0.088118471503458
[WARN] [1784958107.131544941] [motor_controller_pid]: Right motor is saturated: target spd 0.09306077757983433
[WARN] [1784958107.180158470] [motor_controller_pid]: Left motor is saturated: target spd -0.088118471503458
[WARN] [1784958107.182312203] [motor_controller_pid]: Right motor is saturated: target spd 0.09306077757983433
[WARN] [1784958107.230108986] [motor_controller_pid]: Left motor is saturated: target spd -0.0881184715034575
[WARN] [1784958107.231260918] [motor_controller_pid]: Right motor is saturated: target spd 0.09306077757983483
[WARN] [1784958107.280330912] [motor_controller_pid]: Left motor is saturated: target spd -0.0881184715034575
[WARN] [1784958107.283323039] [motor_controller_pid]: Right motor is saturated: target spd 0.09306077757983483
[WARN] [1784958107.330408744] [motor_controller_pid]: Left motor is saturated: target spd -0.088118471503458
[WARN] [1784958107.331546306] [motor_controller_pid]: Right motor is saturated: target spd 0.09306077757983433
[WARN] [1784958107.381010987] [motor_controller_pid]: Left motor is saturated: target spd -0.088118471503458
[WARN] [1784958107.382644125] [motor_controller_pid]: Right motor is saturated: target spd 0.09306077757983433
[WARN] [1784958107.430013850] [motor_controller_pid]: Left motor is saturated: target spd -0.088118471503458
[WARN] [1784958107.431106467] [motor_controller_pid]: Right motor is saturated: target spd 0.09306077757983433
[WARN] [1784958107.481594746] [motor_controller_pid]: Left motor is saturated: target spd -0.088118471503458
[WARN] [1784958107.483650979] [motor_controller_pid]: Right motor is saturated: target spd 0.09306077757983433
[WARN] [1784958107.530168348] [motor_controller_pid]: Left motor is saturated: target spd -0.088118471503458
[WARN] [1784958107.531408206] [motor_controller_pid]: Right motor is saturated: target spd 0.09306077757983433
[WARN] [1784958107.580492959] [motor_controller_pid]: Left motor is saturated: target spd -0.088118471503458
[WARN] [1784958107.582950694] [motor_controller_pid]: Right motor is saturated: target spd 0.09306077757983433
[WARN] [1784958107.630486717] [motor_controller_pid]: Left motor is saturated: target spd -0.088118471503458
[WARN] [1784958107.631700908] [motor_controller_pid]: Right motor is saturated: target spd 0.09306077757983433
[WARN] [1784958107.682134094] [motor_controller_pid]: Left motor is saturated: target spd -0.088118471503458
[WARN] [1784958107.683763566] [motor_controller_pid]: Right motor is saturated: target spd 0.09306077757983433
[WARN] [1784958107.729971359] [motor_controller_pid]: Left motor is saturated: target spd -0.088118471503458
[WARN] [1784958107.731050291] [motor_controller_pid]: Right motor is saturated: target spd 0.09306077757983433
[WARN] [1784958107.781960498] [motor_controller_pid]: Left motor is saturated: target spd -0.088118471503458
[WARN] [1784958107.784772716] [motor_controller_pid]: Right motor is saturated: target spd 0.09306077757983433
[WARN] [1784958107.830279377] [motor_controller_pid]: Left motor is saturated: target spd -0.088118471503458
[WARN] [1784958107.831536902] [motor_controller_pid]: Right motor is saturated: target spd 0.09306077757983433
[WARN] [1784958107.879990503] [motor_controller_pid]: Left motor is saturated: target spd -0.088118471503458
[WARN] [1784958107.882635183] [motor_controller_pid]: Right motor is saturated: target spd 0.09306077757983433
[WARN] [1784958107.930348966] [motor_controller_pid]: Left motor is saturated: target spd -0.088118471503458
[WARN] [1784958107.931596121] [motor_controller_pid]: Right motor is saturated: target spd 0.09306077757983433
[WARN] [1784958107.983399536] [motor_controller_pid]: Left motor is saturated: target spd -0.088118471503458
[WARN] [1784958107.984773803] [motor_controller_pid]: Right motor is saturated: target spd 0.09306077757983433
[WARN] [1784958108.030436056] [motor_controller_pid]: Left motor is saturated: target spd -0.088118471503458
[WARN] [1784958108.032646290] [motor_controller_pid]: Right motor is saturated: target spd 0.09306077757983433
[WARN] [1784958108.083919332] [motor_controller_pid]: Left motor is saturated: target spd -0.088118471503458
[WARN] [1784958108.089717844] [motor_controller_pid]: Right motor is saturated: target spd 0.09306077757983433
[WARN] [1784958108.130593276] [motor_controller_pid]: Left motor is saturated: target spd -0.08811847150345871
[WARN] [1784958108.132046914] [motor_controller_pid]: Right motor is saturated: target spd 0.09306077757983362
[WARN] [1784958108.180046050] [motor_controller_pid]: Left motor is saturated: target spd -0.08811847150345871
[WARN] [1784958108.182948176] [motor_controller_pid]: Right motor is saturated: target spd 0.09306077757983362
[WARN] [1784958108.229914696] [motor_controller_pid]: Left motor is saturated: target spd -0.088118471503458
[WARN] [1784958108.231131795] [motor_controller_pid]: Right motor is saturated: target spd 0.09306077757983433
[WARN] [1784958108.280457512] [motor_controller_pid]: Left motor is saturated: target spd -0.088118471503458
[WARN] [1784958108.282891450] [motor_controller_pid]: Right motor is saturated: target spd 0.09306077757983433
[WARN] [1784958108.330084064] [motor_controller_pid]: Left motor is saturated: target spd -0.088118471503458
[WARN] [1784958108.331252311] [motor_controller_pid]: Right motor is saturated: target spd 0.09306077757983433
[WARN] [1784958108.380544065] [motor_controller_pid]: Left motor is saturated: target spd -0.088118471503458
[WARN] [1784958108.383902323] [motor_controller_pid]: Right motor is saturated: target spd 0.09306077757983433
[WARN] [1784958108.429873023] [motor_controller_pid]: Left motor is saturated: target spd -0.088118471503458
[WARN] [1784958108.430952121] [motor_controller_pid]: Right motor is saturated: target spd 0.09306077757983433
[WARN] [1784958108.479883558] [motor_controller_pid]: Left motor is saturated: target spd -0.088118471503458
[WARN] [1784958108.481855791] [motor_controller_pid]: Right motor is saturated: target spd 0.09306077757983433
[WARN] [1784958108.530165318] [motor_controller_pid]: Left motor is saturated: target spd -0.088118471503458
[WARN] [1784958108.531351768] [motor_controller_pid]: Right motor is saturated: target spd 0.09306077757983433
[WARN] [1784958108.580625059] [motor_controller_pid]: Left motor is saturated: target spd -0.088118471503458
[WARN] [1784958108.584019743] [motor_controller_pid]: Right motor is saturated: target spd 0.09306077757983433
[WARN] [1784958108.629899998] [motor_controller_pid]: Left motor is saturated: target spd -0.088118471503458
[WARN] [1784958108.631017171] [motor_controller_pid]: Right motor is saturated: target spd 0.09306077757983433
[WARN] [1784958108.684775689] [motor_controller_pid]: Left motor is saturated: target spd -0.088118471503458
[WARN] [1784958108.689465917] [motor_controller_pid]: Right motor is saturated: target spd 0.09306077757983433
[WARN] [1784958108.730042441] [motor_controller_pid]: Left motor is saturated: target spd -0.088118471503458
[WARN] [1784958108.731271762] [motor_controller_pid]: Right motor is saturated: target spd 0.09306077757983433
[WARN] [1784958108.780336700] [motor_controller_pid]: Left motor is saturated: target spd -0.088118471503458
[WARN] [1784958108.782545378] [motor_controller_pid]: Right motor is saturated: target spd 0.09306077757983433
[WARN] [1784958108.830431236] [motor_controller_pid]: Left motor is saturated: target spd -0.088118471503458
[WARN] [1784958108.832165745] [motor_controller_pid]: Right motor is saturated: target spd 0.09306077757983433
[WARN] [1784958108.880051455] [motor_controller_pid]: Left motor is saturated: target spd -0.088118471503458
[WARN] [1784958108.881924575] [motor_controller_pid]: Right motor is saturated: target spd 0.09306077757983433
[WARN] [1784958108.929925786] [motor_controller_pid]: Left motor is saturated: target spd -0.088118471503458
[WARN] [1784958108.931022884] [motor_controller_pid]: Right motor is saturated: target spd 0.09306077757983433
[WARN] [1784958108.979791876] [motor_controller_pid]: Left motor is saturated: target spd -0.088118471503458
[WARN] [1784958108.984673679] [motor_controller_pid]: Right motor is saturated: target spd 0.09306077757983433
[WARN] [1784958109.029903820] [motor_controller_pid]: Left motor is saturated: target spd -0.0881184715034585
[WARN] [1784958109.031049622] [motor_controller_pid]: Right motor is saturated: target spd 0.09306077757983383
[WARN] [1784958109.083477781] [motor_controller_pid]: Left motor is saturated: target spd -0.0881184715034585
[WARN] [1784958109.084766232] [motor_controller_pid]: Right motor is saturated: target spd 0.09306077757983383
[WARN] [1784958109.131530825] [motor_controller_pid]: Left motor is saturated: target spd -0.088118471503458
[WARN] [1784958109.141380783] [motor_controller_pid]: Right motor is saturated: target spd 0.09306077757983433
[WARN] [1784958109.182356513] [motor_controller_pid]: Left motor is saturated: target spd -0.088118471503458
[WARN] [1784958109.184861211] [motor_controller_pid]: Right motor is saturated: target spd 0.09306077757983433
[WARN] [1784958109.229995055] [motor_controller_pid]: Left motor is saturated: target spd -0.088118471503458
[WARN] [1784958109.231274876] [motor_controller_pid]: Right motor is saturated: target spd 0.09306077757983433
[WARN] [1784958109.281134689] [motor_controller_pid]: Left motor is saturated: target spd -0.088118471503458
[WARN] [1784958109.282179324] [motor_controller_pid]: Right motor is saturated: target spd 0.09306077757983433
[WARN] [1784958109.330216905] [motor_controller_pid]: Left motor is saturated: target spd -0.088118471503458
[WARN] [1784958109.331478745] [motor_controller_pid]: Right motor is saturated: target spd 0.09306077757983433
[WARN] [1784958109.379825827] [motor_controller_pid]: Left motor is saturated: target spd -0.088118471503458
[WARN] [1784958109.381865152] [motor_controller_pid]: Right motor is saturated: target spd 0.09306077757983433
[WARN] [1784958109.429903974] [motor_controller_pid]: Left motor is saturated: target spd -0.088118471503458
[WARN] [1784958109.431050202] [motor_controller_pid]: Right motor is saturated: target spd 0.09306077757983433
[WARN] [1784958109.479871843] [motor_controller_pid]: Left motor is saturated: target spd -0.088118471503458
[WARN] [1784958109.482442708] [motor_controller_pid]: Right motor is saturated: target spd 0.09306077757983433
[WARN] [1784958109.531495553] [motor_controller_pid]: Left motor is saturated: target spd -0.088118471503458
[WARN] [1784958109.533092951] [motor_controller_pid]: Right motor is saturated: target spd 0.09306077757983433
[WARN] [1784958109.579910840] [motor_controller_pid]: Left motor is saturated: target spd -0.088118471503458
[WARN] [1784958109.583550988] [motor_controller_pid]: Right motor is saturated: target spd 0.09306077757983433
[WARN] [1784958109.629917061] [motor_controller_pid]: Left motor is saturated: target spd -0.088118471503458
[WARN] [1784958109.631223660] [motor_controller_pid]: Right motor is saturated: target spd 0.09306077757983433
[WARN] [1784958109.679867837] [motor_controller_pid]: Left motor is saturated: target spd -0.088118471503458
[WARN] [1784958109.682144811] [motor_controller_pid]: Right motor is saturated: target spd 0.09306077757983433
[WARN] [1784958109.730137466] [motor_controller_pid]: Left motor is saturated: target spd -0.088118471503458
[WARN] [1784958109.731531936] [motor_controller_pid]: Right motor is saturated: target spd 0.09306077757983433
[WARN] [1784958109.780836820] [motor_controller_pid]: Left motor is saturated: target spd -0.088118471503458
[WARN] [1784958109.782372532] [motor_controller_pid]: Right motor is saturated: target spd 0.09306077757983433
[WARN] [1784958109.830164704] [motor_controller_pid]: Left motor is saturated: target spd -0.088118471503458
[WARN] [1784958109.831327692] [motor_controller_pid]: Right motor is saturated: target spd 0.09306077757983433
[WARN] [1784958109.879856516] [motor_controller_pid]: Left motor is saturated: target spd -0.088118471503458
[WARN] [1784958109.882069935] [motor_controller_pid]: Right motor is saturated: target spd 0.09306077757983433
[WARN] [1784958109.929937978] [motor_controller_pid]: Left motor is saturated: target spd -0.088118471503458
[WARN] [1784958109.931377096] [motor_controller_pid]: Right motor is saturated: target spd 0.09306077757983433
[WARN] [1784958109.979906513] [motor_controller_pid]: Left motor is saturated: target spd -0.088118471503458
[WARN] [1784958109.983582865] [motor_controller_pid]: Right motor is saturated: target spd 0.09306077757983433
[WARN] [1784958110.030057494] [motor_controller_pid]: Left motor is saturated: target spd -0.088118471503458
[WARN] [1784958110.031338723] [motor_controller_pid]: Right motor is saturated: target spd 0.09306077757983433
[WARN] [1784958110.082955415] [motor_controller_pid]: Left motor is saturated: target spd -0.088118471503458
[WARN] [1784958110.085452446] [motor_controller_pid]: Right motor is saturated: target spd 0.09306077757983433
[WARN] [1784958110.130063083] [motor_controller_pid]: Left motor is saturated: target spd -0.088118471503458
[WARN] [1784958110.131206404] [motor_controller_pid]: Right motor is saturated: target spd 0.09306077757983433
[WARN] [1784958110.181796443] [motor_controller_pid]: Left motor is saturated: target spd -0.088118471503458
[WARN] [1784958110.183996102] [motor_controller_pid]: Right motor is saturated: target spd 0.09306077757983433
[WARN] [1784958110.229608263] [motor_controller_pid]: Left motor is saturated: target spd -0.088118471503458
[WARN] [1784958110.230453082] [motor_controller_pid]: Right motor is saturated: target spd 0.09306077757983433
[WARN] [1784958110.280380692] [motor_controller_pid]: Left motor is saturated: target spd -0.088118471503458
[WARN] [1784958110.282040682] [motor_controller_pid]: Right motor is saturated: target spd 0.09306077757983433
[WARN] [1784958110.329954317] [motor_controller_pid]: Left motor is saturated: target spd -0.010589624541646164
[WARN] [1784958110.331052675] [motor_controller_pid]: Right motor is saturated: target spd 0.010589624541646164
[WARN] [1784958110.379737389] [motor_controller_pid]: Left motor is saturated: target spd -0.010589624541646164
[WARN] [1784958110.382605867] [motor_controller_pid]: Right motor is saturated: target spd 0.010589624541646164
[WARN] [1784958110.429912351] [motor_controller_pid]: Left motor is saturated: target spd 0.059410375458353835
[WARN] [1784958110.431025764] [motor_controller_pid]: Right motor is saturated: target spd -0.059410375458353835
[WARN] [1784958110.480809780] [motor_controller_pid]: Left motor is saturated: target spd 0.059410375458353835
[WARN] [1784958110.483573313] [motor_controller_pid]: Right motor is saturated: target spd -0.059410375458353835
[WARN] [1784958115.729993950] [motor_controller_pid]: Left motor is saturated: target spd 0.15000000596046448
[WARN] [1784958115.731030937] [motor_controller_pid]: Right motor is saturated: target spd -0.15000000596046448
[WARN] [1784958115.780878527] [motor_controller_pid]: Left motor is saturated: target spd 0.15000000596046448
[WARN] [1784958115.783302317] [motor_controller_pid]: Right motor is saturated: target spd -0.15000000596046448
[WARN] [1784958115.830024855] [motor_controller_pid]: Left motor is saturated: target spd 0.15000000596046448
[WARN] [1784958115.831114786] [motor_controller_pid]: Right motor is saturated: target spd -0.15000000596046448
[WARN] [1784958115.880019112] [motor_controller_pid]: Left motor is saturated: target spd 0.15000000596046448
[WARN] [1784958115.883593353] [motor_controller_pid]: Right motor is saturated: target spd -0.15000000596046448
[WARN] [1784958115.929793128] [motor_controller_pid]: Left motor is saturated: target spd 0.15000000596046448
[WARN] [1784958115.930824356] [motor_controller_pid]: Right motor is saturated: target spd -0.15000000596046448
[WARN] [1784958115.982111694] [motor_controller_pid]: Left motor is saturated: target spd 0.15000000596046448
[WARN] [1784958115.983410386] [motor_controller_pid]: Right motor is saturated: target spd -0.15000000596046448
[WARN] [1784958116.030019645] [motor_controller_pid]: Left motor is saturated: target spd 0.15000000596046448
[WARN] [1784958116.031511467] [motor_controller_pid]: Right motor is saturated: target spd -0.15000000596046448
[WARN] [1784958116.081846579] [motor_controller_pid]: Left motor is saturated: target spd 0.15000000596046448
[WARN] [1784958116.084587130] [motor_controller_pid]: Right motor is saturated: target spd -0.15000000596046448
[WARN] [1784958116.129884919] [motor_controller_pid]: Left motor is saturated: target spd 0.15000000596046448
[WARN] [1784958116.130977924] [motor_controller_pid]: Right motor is saturated: target spd -0.15000000596046448
[WARN] [1784958116.180697014] [motor_controller_pid]: Left motor is saturated: target spd 0.15000000596046448
[WARN] [1784958116.183095526] [motor_controller_pid]: Right motor is saturated: target spd -0.15000000596046448
[WARN] [1784958116.229946435] [motor_controller_pid]: Left motor is saturated: target spd 0.15000000596046448
[WARN] [1784958116.231011514] [motor_controller_pid]: Right motor is saturated: target spd -0.15000000596046448
[WARN] [1784958116.280330713] [motor_controller_pid]: Left motor is saturated: target spd 0.15000000596046448
[WARN] [1784958116.284128751] [motor_controller_pid]: Right motor is saturated: target spd -0.15000000596046448
[WARN] [1784958116.330246563] [motor_controller_pid]: Left motor is saturated: target spd 0.15000000596046448
[WARN] [1784958116.331430310] [motor_controller_pid]: Right motor is saturated: target spd -0.15000000596046448
[WARN] [1784958116.380401525] [motor_controller_pid]: Left motor is saturated: target spd 0.15000000596046448
[WARN] [1784958116.381535494] [motor_controller_pid]: Right motor is saturated: target spd -0.15000000596046448
[WARN] [1784958116.429941447] [motor_controller_pid]: Left motor is saturated: target spd 0.15000000596046448
[WARN] [1784958116.431014953] [motor_controller_pid]: Right motor is saturated: target spd -0.15000000596046448
[WARN] [1784958116.480150947] [motor_controller_pid]: Left motor is saturated: target spd 0.15000000596046448
[WARN] [1784958116.482624719] [motor_controller_pid]: Right motor is saturated: target spd -0.15000000596046448
[WARN] [1784958116.530169853] [motor_controller_pid]: Left motor is saturated: target spd 0.15000000596046448
[WARN] [1784958116.531674823] [motor_controller_pid]: Right motor is saturated: target spd -0.15000000596046448
[WARN] [1784958116.582213954] [motor_controller_pid]: Left motor is saturated: target spd 0.15000000596046448
[WARN] [1784958116.583321608] [motor_controller_pid]: Right motor is saturated: target spd -0.15000000596046448
[WARN] [1784958116.630463110] [motor_controller_pid]: Left motor is saturated: target spd 0.15000000596046448
[WARN] [1784958116.631631172] [motor_controller_pid]: Right motor is saturated: target spd -0.15000000596046448
[WARN] [1784958116.679871828] [motor_controller_pid]: Left motor is saturated: target spd 0.15000000596046448
[WARN] [1784958116.681267280] [motor_controller_pid]: Right motor is saturated: target spd -0.15000000596046448
[WARN] [1784958116.730140402] [motor_controller_pid]: Left motor is saturated: target spd 0.15000000596046448
[WARN] [1784958116.731234148] [motor_controller_pid]: Right motor is saturated: target spd -0.15000000596046448
[WARN] [1784958116.780457013] [motor_controller_pid]: Left motor is saturated: target spd 0.15000000596046448
[WARN] [1784958116.782982637] [motor_controller_pid]: Right motor is saturated: target spd -0.15000000596046448
[WARN] [1784958116.830202862] [motor_controller_pid]: Left motor is saturated: target spd 0.15000000596046448
[WARN] [1784958116.831726166] [motor_controller_pid]: Right motor is saturated: target spd -0.15000000596046448
[WARN] [1784958116.880056045] [motor_controller_pid]: Left motor is saturated: target spd 0.15000000596046448
[WARN] [1784958116.881563368] [motor_controller_pid]: Right motor is saturated: target spd -0.15000000596046448
[WARN] [1784958116.929839524] [motor_controller_pid]: Left motor is saturated: target spd 0.15000000596046448
[WARN] [1784958116.931052382] [motor_controller_pid]: Right motor is saturated: target spd -0.15000000596046448
[WARN] [1784958116.980224210] [motor_controller_pid]: Left motor is saturated: target spd 0.15000000596046448
[WARN] [1784958116.981575365] [motor_controller_pid]: Right motor is saturated: target spd -0.15000000596046448
[WARN] [1784958117.030026244] [motor_controller_pid]: Left motor is saturated: target spd 0.15000000596046448
[WARN] [1784958117.031171361] [motor_controller_pid]: Right motor is saturated: target spd -0.15000000596046448
[WARN] [1784958117.079894520] [motor_controller_pid]: Left motor is saturated: target spd 0.15000000596046448
[WARN] [1784958117.081033303] [motor_controller_pid]: Right motor is saturated: target spd -0.15000000596046448
[WARN] [1784958117.129927481] [motor_controller_pid]: Left motor is saturated: target spd 0.15000000596046448
[WARN] [1784958117.131112524] [motor_controller_pid]: Right motor is saturated: target spd -0.15000000596046448
[WARN] [1784958117.181258042] [motor_controller_pid]: Left motor is saturated: target spd 0.15000000596046448
[WARN] [1784958117.184170853] [motor_controller_pid]: Right motor is saturated: target spd -0.15000000596046448
[WARN] [1784958117.229992349] [motor_controller_pid]: Left motor is saturated: target spd 0.15000000596046448
[WARN] [1784958117.231387041] [motor_controller_pid]: Right motor is saturated: target spd -0.15000000596046448
[WARN] [1784958117.281214650] [motor_controller_pid]: Left motor is saturated: target spd 0.15000000596046448
[WARN] [1784958117.283365920] [motor_controller_pid]: Right motor is saturated: target spd -0.15000000596046448
[WARN] [1784958117.330105106] [motor_controller_pid]: Left motor is saturated: target spd 0.15000000596046448
[WARN] [1784958117.331333186] [motor_controller_pid]: Right motor is saturated: target spd -0.15000000596046448
[WARN] [1784958117.379768991] [motor_controller_pid]: Left motor is saturated: target spd 0.15000000596046448
[WARN] [1784958117.382312634] [motor_controller_pid]: Right motor is saturated: target spd -0.15000000596046448
[WARN] [1784958117.429857138] [motor_controller_pid]: Left motor is saturated: target spd 0.15000000596046448
[WARN] [1784958117.431098163] [motor_controller_pid]: Right motor is saturated: target spd -0.15000000596046448
[WARN] [1784958117.480781345] [motor_controller_pid]: Left motor is saturated: target spd 0.15000000596046448
[WARN] [1784958117.484005955] [motor_controller_pid]: Right motor is saturated: target spd -0.15000000596046448
[WARN] [1784958117.529999525] [motor_controller_pid]: Left motor is saturated: target spd 0.15000000596046448
[WARN] [1784958117.531069419] [motor_controller_pid]: Right motor is saturated: target spd -0.15000000596046448
[WARN] [1784958117.580966288] [motor_controller_pid]: Left motor is saturated: target spd 0.15000000596046448
[WARN] [1784958117.582462925] [motor_controller_pid]: Right motor is saturated: target spd -0.15000000596046448
[WARN] [1784958117.629931559] [motor_controller_pid]: Left motor is saturated: target spd 0.15000000596046448
[WARN] [1784958117.633136964] [motor_controller_pid]: Right motor is saturated: target spd -0.15000000596046448
[WARN] [1784958117.680242114] [motor_controller_pid]: Left motor is saturated: target spd 0.15000000596046448
[WARN] [1784958117.683709540] [motor_controller_pid]: Right motor is saturated: target spd -0.15000000596046448
[WARN] [1784958117.729909074] [motor_controller_pid]: Left motor is saturated: target spd 0.15000000596046448
[WARN] [1784958117.730999598] [motor_controller_pid]: Right motor is saturated: target spd -0.15000000596046448
[WARN] [1784958117.780958096] [motor_controller_pid]: Left motor is saturated: target spd 0.15000000596046448
[WARN] [1784958117.783305534] [motor_controller_pid]: Right motor is saturated: target spd -0.15000000596046448
[WARN] [1784958117.830252851] [motor_controller_pid]: Left motor is saturated: target spd 0.15000000596046448
[WARN] [1784958117.831464042] [motor_controller_pid]: Right motor is saturated: target spd -0.15000000596046448
[WARN] [1784958117.880274923] [motor_controller_pid]: Left motor is saturated: target spd 0.15000000596046448
[WARN] [1784958117.882971567] [motor_controller_pid]: Right motor is saturated: target spd -0.15000000596046448
[WARN] [1784958117.929852197] [motor_controller_pid]: Left motor is saturated: target spd 0.15000000596046448
[WARN] [1784958117.931074722] [motor_controller_pid]: Right motor is saturated: target spd -0.15000000596046448
[WARN] [1784958117.981888577] [motor_controller_pid]: Left motor is saturated: target spd 0.15000000596046448
[WARN] [1784958117.985569244] [motor_controller_pid]: Right motor is saturated: target spd -0.15000000596046448
[WARN] [1784958118.029913546] [motor_controller_pid]: Left motor is saturated: target spd 0.15000000596046448
[WARN] [1784958118.031047219] [motor_controller_pid]: Right motor is saturated: target spd -0.15000000596046448
[WARN] [1784958118.084151419] [motor_controller_pid]: Left motor is saturated: target spd 0.15000000596046448
[WARN] [1784958118.085647889] [motor_controller_pid]: Right motor is saturated: target spd -0.15000000596046448
[WARN] [1784958118.130243397] [motor_controller_pid]: Left motor is saturated: target spd 0.15000000596046448
[WARN] [1784958118.131637441] [motor_controller_pid]: Right motor is saturated: target spd -0.15000000596046448
[WARN] [1784958118.180384785] [motor_controller_pid]: Left motor is saturated: target spd 0.15000000596046448
[WARN] [1784958118.183275300] [motor_controller_pid]: Right motor is saturated: target spd -0.15000000596046448
[WARN] [1784958118.229953633] [motor_controller_pid]: Left motor is saturated: target spd 0.15000000596046448
[WARN] [1784958118.232201663] [motor_controller_pid]: Right motor is saturated: target spd -0.15000000596046448
[WARN] [1784958118.279773334] [motor_controller_pid]: Left motor is saturated: target spd 0.15000000596046448
[WARN] [1784958118.280952470] [motor_controller_pid]: Right motor is saturated: target spd -0.15000000596046448
[WARN] [1784958118.330021334] [motor_controller_pid]: Left motor is saturated: target spd 0.15000000596046448
[WARN] [1784958118.331623102] [motor_controller_pid]: Right motor is saturated: target spd -0.15000000596046448
[WARN] [1784958118.380143611] [motor_controller_pid]: Left motor is saturated: target spd 0.15000000596046448
[WARN] [1784958118.383009755] [motor_controller_pid]: Right motor is saturated: target spd -0.15000000596046448
[WARN] [1784958118.430016109] [motor_controller_pid]: Left motor is saturated: target spd 0.15000000596046448
[WARN] [1784958118.431112263] [motor_controller_pid]: Right motor is saturated: target spd -0.15000000596046448
[WARN] [1784958118.482773085] [motor_controller_pid]: Left motor is saturated: target spd 0.15000000596046448
[WARN] [1784958118.483968887] [motor_controller_pid]: Right motor is saturated: target spd -0.15000000596046448
[WARN] [1784958118.530071995] [motor_controller_pid]: Left motor is saturated: target spd 0.15000000596046448
[WARN] [1784958118.531298020] [motor_controller_pid]: Right motor is saturated: target spd -0.15000000596046448
[WARN] [1784958118.580669719] [motor_controller_pid]: Left motor is saturated: target spd 0.15000000596046448
[WARN] [1784958118.583753735] [motor_controller_pid]: Right motor is saturated: target spd -0.15000000596046448
[WARN] [1784958118.630111418] [motor_controller_pid]: Left motor is saturated: target spd 0.15000000596046448
[WARN] [1784958118.631203035] [motor_controller_pid]: Right motor is saturated: target spd -0.15000000596046448
[WARN] [1784958118.679972490] [motor_controller_pid]: Left motor is saturated: target spd 0.15000000596046448
[WARN] [1784958118.682411484] [motor_controller_pid]: Right motor is saturated: target spd -0.15000000596046448
[WARN] [1784958118.730362879] [motor_controller_pid]: Left motor is saturated: target spd 0.15000000596046448
[WARN] [1784958118.731592219] [motor_controller_pid]: Right motor is saturated: target spd -0.15000000596046448
[WARN] [1784958118.780053561] [motor_controller_pid]: Left motor is saturated: target spd 0.15000000596046448
[WARN] [1784958118.783528061] [motor_controller_pid]: Right motor is saturated: target spd -0.15000000596046448
[WARN] [1784958118.830122282] [motor_controller_pid]: Left motor is saturated: target spd 0.15000000596046448
[WARN] [1784958118.831279325] [motor_controller_pid]: Right motor is saturated: target spd -0.15000000596046448
[WARN] [1784958118.881811271] [motor_controller_pid]: Left motor is saturated: target spd 0.15000000596046448
[WARN] [1784958118.883752151] [motor_controller_pid]: Right motor is saturated: target spd -0.15000000596046448
[WARN] [1784958118.929829945] [motor_controller_pid]: Left motor is saturated: target spd 0.15000000596046448
[WARN] [1784958118.930848579] [motor_controller_pid]: Right motor is saturated: target spd -0.15000000596046448
[WARN] [1784958118.982650680] [motor_controller_pid]: Left motor is saturated: target spd 0.15000000596046448
[WARN] [1784958118.984413411] [motor_controller_pid]: Right motor is saturated: target spd -0.15000000596046448
[WARN] [1784958119.030006961] [motor_controller_pid]: Left motor is saturated: target spd 0.15000000596046448
[WARN] [1784958119.031042448] [motor_controller_pid]: Right motor is saturated: target spd -0.15000000596046448
[WARN] [1784958119.082775918] [motor_controller_pid]: Left motor is saturated: target spd 0.15000000596046448
[WARN] [1784958119.083910091] [motor_controller_pid]: Right motor is saturated: target spd -0.15000000596046448
[WARN] [1784958119.129991680] [motor_controller_pid]: Left motor is saturated: target spd 0.15000000596046448
[WARN] [1784958119.131076297] [motor_controller_pid]: Right motor is saturated: target spd -0.15000000596046448
[WARN] [1784958119.179869159] [motor_controller_pid]: Left motor is saturated: target spd 0.15000000596046448
[WARN] [1784958119.181713039] [motor_controller_pid]: Right motor is saturated: target spd -0.15000000596046448
[WARN] [1784958119.230010270] [motor_controller_pid]: Left motor is saturated: target spd 0.15000000596046448
[WARN] [1784958119.231126201] [motor_controller_pid]: Right motor is saturated: target spd -0.15000000596046448
[WARN] [1784958119.280064639] [motor_controller_pid]: Left motor is saturated: target spd 0.15000000596046448
[WARN] [1784958119.282475633] [motor_controller_pid]: Right motor is saturated: target spd -0.15000000596046448
[WARN] [1784958119.330592473] [motor_controller_pid]: Left motor is saturated: target spd 0.15000000596046448
[WARN] [1784958119.331657923] [motor_controller_pid]: Right motor is saturated: target spd -0.15000000596046448
[WARN] [1784958119.383361042] [motor_controller_pid]: Left motor is saturated: target spd 0.15000000596046448
[WARN] [1784958119.384359158] [motor_controller_pid]: Right motor is saturated: target spd -0.15000000596046448
[WARN] [1784958119.429937800] [motor_controller_pid]: Left motor is saturated: target spd 0.15000000596046448
[WARN] [1784958119.431070936] [motor_controller_pid]: Right motor is saturated: target spd -0.15000000596046448
[WARN] [1784958119.480026688] [motor_controller_pid]: Left motor is saturated: target spd 0.15000000596046448
[WARN] [1784958119.482601516] [motor_controller_pid]: Right motor is saturated: target spd -0.15000000596046448
[WARN] [1784958119.529879871] [motor_controller_pid]: Left motor is saturated: target spd 0.15000000596046448
[WARN] [1784958119.530967414] [motor_controller_pid]: Right motor is saturated: target spd -0.15000000596046448
[WARN] [1784958119.583254776] [motor_controller_pid]: Left motor is saturated: target spd 0.15000000596046448
[WARN] [1784958119.584290226] [motor_controller_pid]: Right motor is saturated: target spd -0.15000000596046448
[WARN] [1784958119.630316074] [motor_controller_pid]: Left motor is saturated: target spd 0.15000000596046448
[WARN] [1784958119.631468691] [motor_controller_pid]: Right motor is saturated: target spd -0.15000000596046448
[WARN] [1784958119.680729426] [motor_controller_pid]: Left motor is saturated: target spd 0.15000000596046448
[WARN] [1784958119.682945549] [motor_controller_pid]: Right motor is saturated: target spd -0.15000000596046448
[WARN] [1784958119.729945088] [motor_controller_pid]: Left motor is saturated: target spd 0.15000000596046448
[WARN] [1784958119.731240428] [motor_controller_pid]: Right motor is saturated: target spd -0.15000000596046448
[WARN] [1784958119.780054161] [motor_controller_pid]: Left motor is saturated: target spd 0.15000000596046448
[WARN] [1784958119.782957250] [motor_controller_pid]: Right motor is saturated: target spd -0.15000000596046448
[WARN] [1784958119.830695385] [motor_controller_pid]: Left motor is saturated: target spd 0.15000000596046448
[WARN] [1784958119.831759742] [motor_controller_pid]: Right motor is saturated: target spd -0.15000000596046448
[WARN] [1784958119.883254156] [motor_controller_pid]: Left motor is saturated: target spd 0.15000000596046448
[WARN] [1784958119.887903365] [motor_controller_pid]: Right motor is saturated: target spd -0.15000000596046448
[WARN] [1784958119.930471658] [motor_controller_pid]: Left motor is saturated: target spd 0.15000000596046448
[WARN] [1784958119.931700331] [motor_controller_pid]: Right motor is saturated: target spd -0.15000000596046448
[WARN] [1784958119.980954548] [motor_controller_pid]: Left motor is saturated: target spd 0.15000000596046448
[WARN] [1784958119.983150967] [motor_controller_pid]: Right motor is saturated: target spd -0.15000000596046448
[WARN] [1784958120.030031542] [motor_controller_pid]: Left motor is saturated: target spd 0.15000000596046448
[WARN] [1784958120.031227992] [motor_controller_pid]: Right motor is saturated: target spd -0.15000000596046448
[WARN] [1784958120.081691234] [motor_controller_pid]: Left motor is saturated: target spd 0.15000000596046448
[WARN] [1784958120.082936370] [motor_controller_pid]: Right motor is saturated: target spd -0.15000000596046448
[WARN] [1784958120.130412115] [motor_controller_pid]: Left motor is saturated: target spd 0.15000000596046448
[WARN] [1784958120.131545954] [motor_controller_pid]: Right motor is saturated: target spd -0.15000000596046448
[WARN] [1784958120.180990005] [motor_controller_pid]: Left motor is saturated: target spd 0.15000000596046448
[WARN] [1784958120.184819655] [motor_controller_pid]: Right motor is saturated: target spd -0.15000000596046448
[WARN] [1784958120.230179648] [motor_controller_pid]: Left motor is saturated: target spd 0.15000000596046448
[WARN] [1784958120.231325654] [motor_controller_pid]: Right motor is saturated: target spd -0.15000000596046448
[WARN] [1784958120.280888872] [motor_controller_pid]: Left motor is saturated: target spd 0.15000000596046448
[WARN] [1784958120.283491200] [motor_controller_pid]: Right motor is saturated: target spd -0.15000000596046448
[WARN] [1784958120.331031575] [motor_controller_pid]: Left motor is saturated: target spd 0.07504031846046447
[WARN] [1784958120.332511045] [motor_controller_pid]: Right motor is saturated: target spd -0.06495969346046446
[WARN] [1784958120.381769170] [motor_controller_pid]: Left motor is saturated: target spd 0.040080630960464464
[WARN] [1784958120.383332659] [motor_controller_pid]: Right motor is saturated: target spd -0.01991938096046446
[WARN] [1784958120.429891288] [motor_controller_pid]: Left motor is saturated: target spd 0.015120937500000002
[WARN] [1784958120.430908182] [motor_controller_pid]: Right motor is saturated: target spd 0.015120937500000002
[WARN] [1784958120.480893014] [motor_controller_pid]: Left motor is saturated: target spd 0.015120937500000002
[WARN] [1784958120.483211693] [motor_controller_pid]: Right motor is saturated: target spd 0.015120937500000002
[WARN] [1784958120.530003119] [motor_controller_pid]: Left motor is saturated: target spd 0.0252015625
[WARN] [1784958120.531067495] [motor_controller_pid]: Right motor is saturated: target spd 0.0252015625
[WARN] [1784958120.579755042] [motor_controller_pid]: Left motor is saturated: target spd 0.0252015625
[WARN] [1784958120.582774447] [motor_controller_pid]: Right motor is saturated: target spd 0.0252015625
[WARN] [1784958120.629988042] [motor_controller_pid]: Left motor is saturated: target spd 0.0337481793478261
[WARN] [1784958120.631024566] [motor_controller_pid]: Right motor is saturated: target spd 0.0337481793478261
[WARN] [1784958120.680764730] [motor_controller_pid]: Left motor is saturated: target spd 0.0337481793478261
[WARN] [1784958120.682844148] [motor_controller_pid]: Right motor is saturated: target spd 0.0337481793478261
[WARN] [1784958120.729843946] [motor_controller_pid]: Left motor is saturated: target spd 0.03155673913043479
[WARN] [1784958120.730935284] [motor_controller_pid]: Right motor is saturated: target spd 0.03155673913043479
[WARN] [1784958120.780156946] [motor_controller_pid]: Left motor is saturated: target spd 0.03155673913043479
[WARN] [1784958120.782002214] [motor_controller_pid]: Right motor is saturated: target spd 0.03155673913043479
[WARN] [1784958120.830326815] [motor_controller_pid]: Left motor is saturated: target spd 0.03287160326086957
[WARN] [1784958120.831475877] [motor_controller_pid]: Right motor is saturated: target spd 0.03287160326086957
[WARN] [1784958120.880632334] [motor_controller_pid]: Left motor is saturated: target spd 0.03506304347826088
[WARN] [1784958120.882365287] [motor_controller_pid]: Right motor is saturated: target spd 0.03506304347826088
[WARN] [1784958120.930315460] [motor_controller_pid]: Left motor is saturated: target spd 0.03506304347826088
[WARN] [1784958120.931424744] [motor_controller_pid]: Right motor is saturated: target spd 0.03506304347826088
[WARN] [1784958120.981843115] [motor_controller_pid]: Left motor is saturated: target spd 0.03287160326086957
[WARN] [1784958120.984710130] [motor_controller_pid]: Right motor is saturated: target spd 0.03287160326086957
[WARN] [1784958121.030163716] [motor_controller_pid]: Left motor is saturated: target spd 0.03287160326086957
[WARN] [1784958121.031417648] [motor_controller_pid]: Right motor is saturated: target spd 0.03287160326086957
[WARN] [1784958121.083300064] [motor_controller_pid]: Left motor is saturated: target spd 0.03506304347826088
[WARN] [1784958121.085531872] [motor_controller_pid]: Right motor is saturated: target spd 0.03506304347826088
[WARN] [1784958121.130550363] [motor_controller_pid]: Left motor is saturated: target spd 0.03506304347826088
[WARN] [1784958121.131647980] [motor_controller_pid]: Right motor is saturated: target spd 0.03506304347826088
[WARN] [1784958121.180143396] [motor_controller_pid]: Left motor is saturated: target spd 0.03506304347826088
[WARN] [1784958121.181678201] [motor_controller_pid]: Right motor is saturated: target spd 0.03506304347826088
[WARN] [1784958121.231439272] [motor_controller_pid]: Left motor is saturated: target spd 0.03506304347826088
[WARN] [1784958121.234102452] [motor_controller_pid]: Right motor is saturated: target spd 0.03506304347826088
[WARN] [1784958121.282947260] [motor_controller_pid]: Left motor is saturated: target spd 0.03506304347826088
[WARN] [1784958121.284042599] [motor_controller_pid]: Right motor is saturated: target spd 0.03506304347826088
[WARN] [1784958121.330330708] [motor_controller_pid]: Left motor is saturated: target spd 0.03506304347826088
[WARN] [1784958121.331460195] [motor_controller_pid]: Right motor is saturated: target spd 0.03506304347826088
[WARN] [1784958121.381953696] [motor_controller_pid]: Left motor is saturated: target spd 0.03506304347826088
[WARN] [1784958121.385324232] [motor_controller_pid]: Right motor is saturated: target spd 0.03506304347826088
[WARN] [1784958121.429940499] [motor_controller_pid]: Left motor is saturated: target spd 0.03506304347826088
[WARN] [1784958121.431282876] [motor_controller_pid]: Right motor is saturated: target spd 0.03506304347826088
[WARN] [1784958121.480674316] [motor_controller_pid]: Left motor is saturated: target spd 0.03506304347826088
[WARN] [1784958121.484717707] [motor_controller_pid]: Right motor is saturated: target spd 0.03506304347826088
[WARN] [1784958121.530114589] [motor_controller_pid]: Left motor is saturated: target spd 0.03506304347826088
[WARN] [1784958121.531591449] [motor_controller_pid]: Right motor is saturated: target spd 0.03506304347826088
[WARN] [1784958121.581959116] [motor_controller_pid]: Left motor is saturated: target spd 0.03506304347826088
[WARN] [1784958121.584270017] [motor_controller_pid]: Right motor is saturated: target spd 0.03506304347826088
[WARN] [1784958121.629862122] [motor_controller_pid]: Left motor is saturated: target spd 0.03287160326086957
[WARN] [1784958121.630917368] [motor_controller_pid]: Right motor is saturated: target spd 0.03287160326086957
[WARN] [1784958121.680343308] [motor_controller_pid]: Left motor is saturated: target spd 0.03287160326086957
[WARN] [1784958121.683407065] [motor_controller_pid]: Right motor is saturated: target spd 0.03287160326086957
[WARN] [1784958121.730062472] [motor_controller_pid]: Left motor is saturated: target spd 0.03506304347826088
[WARN] [1784958121.731509868] [motor_controller_pid]: Right motor is saturated: target spd 0.03506304347826088
[WARN] [1784958121.781794294] [motor_controller_pid]: Left motor is saturated: target spd 0.03506304347826088
[WARN] [1784958121.783842027] [motor_controller_pid]: Right motor is saturated: target spd 0.03506304347826088
[WARN] [1784958121.831138956] [motor_controller_pid]: Left motor is saturated: target spd 0.03506304347826088
[WARN] [1784958121.832243721] [motor_controller_pid]: Right motor is saturated: target spd 0.03506304347826088
[WARN] [1784958121.879960578] [motor_controller_pid]: Left motor is saturated: target spd 0.03506304347826088
[WARN] [1784958121.881449234] [motor_controller_pid]: Right motor is saturated: target spd 0.03506304347826088
[WARN] [1784958121.929901039] [motor_controller_pid]: Left motor is saturated: target spd 0.03287160326086957
[WARN] [1784958121.931426491] [motor_controller_pid]: Right motor is saturated: target spd 0.03287160326086957
[WARN] [1784958121.981971585] [motor_controller_pid]: Left motor is saturated: target spd 0.03287160326086957
[WARN] [1784958121.983563630] [motor_controller_pid]: Right motor is saturated: target spd 0.03287160326086957
[WARN] [1784958122.029967203] [motor_controller_pid]: Left motor is saturated: target spd 0.03287160326086957
[WARN] [1784958122.031045431] [motor_controller_pid]: Right motor is saturated: target spd 0.03287160326086957
[WARN] [1784958122.083783888] [motor_controller_pid]: Left motor is saturated: target spd 0.03287160326086957
[WARN] [1784958122.084868023] [motor_controller_pid]: Right motor is saturated: target spd 0.03287160326086957
[WARN] [1784958122.130008200] [motor_controller_pid]: Left motor is saturated: target spd 0.03506304347826088
[WARN] [1784958122.131251021] [motor_controller_pid]: Right motor is saturated: target spd 0.03506304347826088
[WARN] [1784958122.181359428] [motor_controller_pid]: Left motor is saturated: target spd 0.03506304347826088
[WARN] [1784958122.184495166] [motor_controller_pid]: Right motor is saturated: target spd 0.03506304347826088
[WARN] [1784958122.229898215] [motor_controller_pid]: Left motor is saturated: target spd 0.03287160326086957
[WARN] [1784958122.231070721] [motor_controller_pid]: Right motor is saturated: target spd 0.03287160326086957
[WARN] [1784958122.280038196] [motor_controller_pid]: Left motor is saturated: target spd 0.03287160326086957
[WARN] [1784958122.281330128] [motor_controller_pid]: Right motor is saturated: target spd 0.03287160326086957
[WARN] [1784958122.330040342] [motor_controller_pid]: Left motor is saturated: target spd 0.03506304347826088
[WARN] [1784958122.331928352] [motor_controller_pid]: Right motor is saturated: target spd 0.03506304347826088
[WARN] [1784958122.382956115] [motor_controller_pid]: Left motor is saturated: target spd 0.03506304347826088
[WARN] [1784958122.383971657] [motor_controller_pid]: Right motor is saturated: target spd 0.03506304347826088
[WARN] [1784958122.430584416] [motor_controller_pid]: Left motor is saturated: target spd 0.03506304347826088
[WARN] [1784958122.431936201] [motor_controller_pid]: Right motor is saturated: target spd 0.03506304347826088
[WARN] [1784958122.481048843] [motor_controller_pid]: Left motor is saturated: target spd 0.03287160326086957
[WARN] [1784958122.482349016] [motor_controller_pid]: Right motor is saturated: target spd 0.03287160326086957
[WARN] [1784958122.529900873] [motor_controller_pid]: Left motor is saturated: target spd 0.03287160326086957
[WARN] [1784958122.531823197] [motor_controller_pid]: Right motor is saturated: target spd 0.03287160326086957
[WARN] [1784958122.582150049] [motor_controller_pid]: Left motor is saturated: target spd 0.03287160326086957
[WARN] [1784958122.583748317] [motor_controller_pid]: Right motor is saturated: target spd 0.03287160326086957
[WARN] [1784958122.630973690] [motor_controller_pid]: Left motor is saturated: target spd 0.03287160326086957
[WARN] [1784958122.632087659] [motor_controller_pid]: Right motor is saturated: target spd 0.03287160326086957
[WARN] [1784958122.682776401] [motor_controller_pid]: Left motor is saturated: target spd 0.03287160326086957
[WARN] [1784958122.684149168] [motor_controller_pid]: Right motor is saturated: target spd 0.03287160326086957
[WARN] [1784958122.729897441] [motor_controller_pid]: Left motor is saturated: target spd 0.03287160326086957
[WARN] [1784958122.731375893] [motor_controller_pid]: Right motor is saturated: target spd 0.03287160326086957
[WARN] [1784958122.780349349] [motor_controller_pid]: Left motor is saturated: target spd 0.03506304347826088
[WARN] [1784958122.781548411] [motor_controller_pid]: Right motor is saturated: target spd 0.03506304347826088
[WARN] [1784958122.830005420] [motor_controller_pid]: Left motor is saturated: target spd 0.03506304347826088
[WARN] [1784958122.831019795] [motor_controller_pid]: Right motor is saturated: target spd 0.03506304347826088
[WARN] [1784958122.880049085] [motor_controller_pid]: Left motor is saturated: target spd 0.03506304347826088
[WARN] [1784958122.882983971] [motor_controller_pid]: Right motor is saturated: target spd 0.03506304347826088
[WARN] [1784958122.931113663] [motor_controller_pid]: Left motor is saturated: target spd 0.03506304347826088
[WARN] [1784958122.933105747] [motor_controller_pid]: Right motor is saturated: target spd 0.03506304347826088
[WARN] [1784958122.982438983] [motor_controller_pid]: Left motor is saturated: target spd 0.03506304347826088
[WARN] [1784958122.984458642] [motor_controller_pid]: Right motor is saturated: target spd 0.03506304347826088
[WARN] [1784958123.030260285] [motor_controller_pid]: Left motor is saturated: target spd 0.050403125
[WARN] [1784958123.031460199] [motor_controller_pid]: Right motor is saturated: target spd 0.050403125
[WARN] [1784958123.081378567] [motor_controller_pid]: Left motor is saturated: target spd 0.050403125
[WARN] [1784958123.084021673] [motor_controller_pid]: Right motor is saturated: target spd 0.050403125
[WARN] [1784958123.130754044] [motor_controller_pid]: Left motor is saturated: target spd 0.03287160326086957
[WARN] [1784958123.131878235] [motor_controller_pid]: Right motor is saturated: target spd 0.03287160326086957
[WARN] [1784958123.180204762] [motor_controller_pid]: Left motor is saturated: target spd 0.03287160326086957
[WARN] [1784958123.182944869] [motor_controller_pid]: Right motor is saturated: target spd 0.03287160326086957
[WARN] [1784958123.230172945] [motor_controller_pid]: Left motor is saturated: target spd 0.03506304347826088
[WARN] [1784958123.231794843] [motor_controller_pid]: Right motor is saturated: target spd 0.03506304347826088
[WARN] [1784958123.280012906] [motor_controller_pid]: Left motor is saturated: target spd 0.03506304347826088
[WARN] [1784958123.281823304] [motor_controller_pid]: Right motor is saturated: target spd 0.03506304347826088
[WARN] [1784958123.330229850] [motor_controller_pid]: Left motor is saturated: target spd 0.03287160326086957
[WARN] [1784958123.331324152] [motor_controller_pid]: Right motor is saturated: target spd 0.03287160326086957
[WARN] [1784958123.383651292] [motor_controller_pid]: Left motor is saturated: target spd 0.03287160326086957
[WARN] [1784958123.385991897] [motor_controller_pid]: Right motor is saturated: target spd 0.03287160326086957
[WARN] [1784958123.430083513] [motor_controller_pid]: Left motor is saturated: target spd 0.03506304347826088
[WARN] [1784958123.431229223] [motor_controller_pid]: Right motor is saturated: target spd 0.03506304347826088
[WARN] [1784958123.481141850] [motor_controller_pid]: Left motor is saturated: target spd 0.03506304347826088
[WARN] [1784958123.484553775] [motor_controller_pid]: Right motor is saturated: target spd 0.03506304347826088
[WARN] [1784958123.529867324] [motor_controller_pid]: Left motor is saturated: target spd 0.03506304347826088
[WARN] [1784958123.530949588] [motor_controller_pid]: Right motor is saturated: target spd 0.03506304347826088
[WARN] [1784958123.580348547] [motor_controller_pid]: Left motor is saturated: target spd 0.03506304347826088
[WARN] [1784958123.581891240] [motor_controller_pid]: Right motor is saturated: target spd 0.03506304347826088
[WARN] [1784958123.629854358] [motor_controller_pid]: Left motor is saturated: target spd 0.03725448369565219
[WARN] [1784958123.630894789] [motor_controller_pid]: Right motor is saturated: target spd 0.03725448369565219
[WARN] [1784958123.680027190] [motor_controller_pid]: Left motor is saturated: target spd 0.03725448369565219
[WARN] [1784958123.682158053] [motor_controller_pid]: Right motor is saturated: target spd 0.03725448369565219
[WARN] [1784958123.730144819] [motor_controller_pid]: Left motor is saturated: target spd 0.03725448369565219
[WARN] [1784958123.731340918] [motor_controller_pid]: Right motor is saturated: target spd 0.03725448369565219
[WARN] [1784958123.779873075] [motor_controller_pid]: Left motor is saturated: target spd 0.03725448369565219
[WARN] [1784958123.782166161] [motor_controller_pid]: Right motor is saturated: target spd 0.03725448369565219
[WARN] [1784958123.831452100] [motor_controller_pid]: Left motor is saturated: target spd 0.03506304347826088
[WARN] [1784958123.832658070] [motor_controller_pid]: Right motor is saturated: target spd 0.03506304347826088
[WARN] [1784958123.880094296] [motor_controller_pid]: Left motor is saturated: target spd 0.03506304347826088
[WARN] [1784958123.881351191] [motor_controller_pid]: Right motor is saturated: target spd 0.03506304347826088
[WARN] [1784958123.930308610] [motor_controller_pid]: Left motor is saturated: target spd 0.03287160326086957
[WARN] [1784958123.931370078] [motor_controller_pid]: Right motor is saturated: target spd 0.03287160326086957
[WARN] [1784958123.981102409] [motor_controller_pid]: Left motor is saturated: target spd 0.03287160326086957
[WARN] [1784958123.983529292] [motor_controller_pid]: Right motor is saturated: target spd 0.03287160326086957
[WARN] [1784958124.031671929] [motor_controller_pid]: Left motor is saturated: target spd 0.03287160326086957
[WARN] [1784958124.033253307] [motor_controller_pid]: Right motor is saturated: target spd 0.03287160326086957
[WARN] [1784958124.079836344] [motor_controller_pid]: Left motor is saturated: target spd 0.03287160326086957
[WARN] [1784958124.081561297] [motor_controller_pid]: Right motor is saturated: target spd 0.03287160326086957
[WARN] [1784958124.132096243] [motor_controller_pid]: Left motor is saturated: target spd 0.03287160326086957
[WARN] [1784958124.134243791] [motor_controller_pid]: Right motor is saturated: target spd 0.03287160326086957
[WARN] [1784958124.181781869] [motor_controller_pid]: Left motor is saturated: target spd 0.03506304347826088
[WARN] [1784958124.183305710] [motor_controller_pid]: Right motor is saturated: target spd 0.03506304347826088
[WARN] [1784958124.230042488] [motor_controller_pid]: Left motor is saturated: target spd 0.03506304347826088
[WARN] [1784958124.231481588] [motor_controller_pid]: Right motor is saturated: target spd 0.03506304347826088
[WARN] [1784958124.279986468] [motor_controller_pid]: Left motor is saturated: target spd 0.03506304347826088
[WARN] [1784958124.282503629] [motor_controller_pid]: Right motor is saturated: target spd 0.03506304347826088
[WARN] [1784958124.330071486] [motor_controller_pid]: Left motor is saturated: target spd 0.03287160326086957
[WARN] [1784958124.331162973] [motor_controller_pid]: Right motor is saturated: target spd 0.03287160326086957
[WARN] [1784958124.381759159] [motor_controller_pid]: Left motor is saturated: target spd 0.03506304347826088
[WARN] [1784958124.383972189] [motor_controller_pid]: Right motor is saturated: target spd 0.03506304347826088
[WARN] [1784958124.429877056] [motor_controller_pid]: Left motor is saturated: target spd 0.03506304347826088
[WARN] [1784958124.430886357] [motor_controller_pid]: Right motor is saturated: target spd 0.03506304347826088
[WARN] [1784958124.481291858] [motor_controller_pid]: Left motor is saturated: target spd 0.03506304347826088
[WARN] [1784958124.483396943] [motor_controller_pid]: Right motor is saturated: target spd 0.03506304347826088
[WARN] [1784958124.529955701] [motor_controller_pid]: Left motor is saturated: target spd 0.050403125
[WARN] [1784958124.579876940] [motor_controller_pid]: Left motor is saturated: target spd 0.050403125
[WARN] [1784958124.629874049] [motor_controller_pid]: Left motor is saturated: target spd 0.03506304347826088
[WARN] [1784958124.680532181] [motor_controller_pid]: Left motor is saturated: target spd 0.03506304347826088
[WARN] [1784958124.730490439] [motor_controller_pid]: Left motor is saturated: target spd 0.03506304347826088
[WARN] [1784958124.780491493] [motor_controller_pid]: Left motor is saturated: target spd 0.03506304347826088
[WARN] [1784958124.831105272] [motor_controller_pid]: Left motor is saturated: target spd 0.03506304347826088
[WARN] [1784958124.881182938] [motor_controller_pid]: Left motor is saturated: target spd 0.03287160326086957
[WARN] [1784958124.929885966] [motor_controller_pid]: Left motor is saturated: target spd 0.03287160326086957
[WARN] [1784958124.981178601] [motor_controller_pid]: Left motor is saturated: target spd 0.03287160326086957
[WARN] [1784958125.029810204] [motor_controller_pid]: Left motor is saturated: target spd 0.03506304347826088
[WARN] [1784958125.081062727] [motor_controller_pid]: Left motor is saturated: target spd 0.03506304347826088
[WARN] [1784958125.130026257] [motor_controller_pid]: Left motor is saturated: target spd 0.03287160326086957
[WARN] [1784958125.131031485] [motor_controller_pid]: Right motor is saturated: target spd 0.03287160326086957
[WARN] [1784958125.181810821] [motor_controller_pid]: Left motor is saturated: target spd 0.03506304347826088
[WARN] [1784958125.229810438] [motor_controller_pid]: Left motor is saturated: target spd 0.03506304347826088
[WARN] [1784958125.280487996] [motor_controller_pid]: Left motor is saturated: target spd 0.03506304347826088
[WARN] [1784958125.330039251] [motor_controller_pid]: Left motor is saturated: target spd 0.03506304347826088
[WARN] [1784958125.381871167] [motor_controller_pid]: Left motor is saturated: target spd 0.03506304347826088
[WARN] [1784958125.429895785] [motor_controller_pid]: Left motor is saturated: target spd 0.03506304347826088
[WARN] [1784958125.480995270] [motor_controller_pid]: Left motor is saturated: target spd 0.03506304347826088
[WARN] [1784958125.530068782] [motor_controller_pid]: Left motor is saturated: target spd 0.03506304347826088
[WARN] [1784958125.580959193] [motor_controller_pid]: Left motor is saturated: target spd 0.03506304347826088
[WARN] [1784958125.630065761] [motor_controller_pid]: Left motor is saturated: target spd 0.03506304347826088
[WARN] [1784958125.681239247] [motor_controller_pid]: Left motor is saturated: target spd 0.03506304347826088
[WARN] [1784958125.729983850] [motor_controller_pid]: Left motor is saturated: target spd 0.03287160326086957
[WARN] [1784958125.779886718] [motor_controller_pid]: Left motor is saturated: target spd 0.03287160326086957
[WARN] [1784958125.830312589] [motor_controller_pid]: Left motor is saturated: target spd 0.03287160326086957
[WARN] [1784958125.882633026] [motor_controller_pid]: Left motor is saturated: target spd 0.03287160326086957
[WARN] [1784958125.930042881] [motor_controller_pid]: Left motor is saturated: target spd 0.03725448369565219
[WARN] [1784958125.980274881] [motor_controller_pid]: Left motor is saturated: target spd 0.03287160326086957
[WARN] [1784958126.029798877] [motor_controller_pid]: Left motor is saturated: target spd 0.03287160326086957
[WARN] [1784958126.080518064] [motor_controller_pid]: Left motor is saturated: target spd 0.03287160326086957
[WARN] [1784958126.130303191] [motor_controller_pid]: Left motor is saturated: target spd 0.03287160326086957
[WARN] [1784958126.180644599] [motor_controller_pid]: Left motor is saturated: target spd 0.03287160326086957
[WARN] [1784958126.230223614] [motor_controller_pid]: Left motor is saturated: target spd 0.03287160326086957
[WARN] [1784958126.280737467] [motor_controller_pid]: Left motor is saturated: target spd 0.03287160326086957
[WARN] [1784958126.330272130] [motor_controller_pid]: Left motor is saturated: target spd 0.03506304347826088
[WARN] [1784958126.380863094] [motor_controller_pid]: Left motor is saturated: target spd 0.03506304347826088
[WARN] [1784958126.430095366] [motor_controller_pid]: Left motor is saturated: target spd 0.03506304347826088
[WARN] [1784958126.480436089] [motor_controller_pid]: Left motor is saturated: target spd 0.03287160326086957
[WARN] [1784958126.529795806] [motor_controller_pid]: Left motor is saturated: target spd 0.03287160326086957
[WARN] [1784958126.581123349] [motor_controller_pid]: Left motor is saturated: target spd 0.03287160326086957
[WARN] [1784958126.630037341] [motor_controller_pid]: Left motor is saturated: target spd 0.03506304347826088
[WARN] [1784958126.681748015] [motor_controller_pid]: Left motor is saturated: target spd 0.03506304347826088
[WARN] [1784958126.729907338] [motor_controller_pid]: Left motor is saturated: target spd 0.03506304347826088
[WARN] [1784958126.780330746] [motor_controller_pid]: Left motor is saturated: target spd 0.03506304347826088
[WARN] [1784958126.830014057] [motor_controller_pid]: Left motor is saturated: target spd 0.03506304347826088
[WARN] [1784958126.880077593] [motor_controller_pid]: Left motor is saturated: target spd 0.03506304347826088
[WARN] [1784958126.929799720] [motor_controller_pid]: Left motor is saturated: target spd 0.03287160326086957
[WARN] [1784958126.982936179] [motor_controller_pid]: Left motor is saturated: target spd 0.03287160326086957
[WARN] [1784958127.029804347] [motor_controller_pid]: Left motor is saturated: target spd 0.03287160326086957
[WARN] [1784958127.082320747] [motor_controller_pid]: Left motor is saturated: target spd 0.03287160326086957
[WARN] [1784958127.130567070] [motor_controller_pid]: Left motor is saturated: target spd 0.03506304347826088
[WARN] [1784958127.180284585] [motor_controller_pid]: Left motor is saturated: target spd 0.03287160326086957
[WARN] [1784958127.230028619] [motor_controller_pid]: Left motor is saturated: target spd 0.03287160326086957
[WARN] [1784958127.279861413] [motor_controller_pid]: Left motor is saturated: target spd 0.03287160326086957
[WARN] [1784958127.330150562] [motor_controller_pid]: Left motor is saturated: target spd 0.03287160326086957
[WARN] [1784958127.381697642] [motor_controller_pid]: Left motor is saturated: target spd 0.03506304347826088
[WARN] [1784958127.430005632] [motor_controller_pid]: Left motor is saturated: target spd 0.03506304347826088
[WARN] [1784958127.483723964] [motor_controller_pid]: Left motor is saturated: target spd 0.03506304347826088
[WARN] [1784958127.529943610] [motor_controller_pid]: Left motor is saturated: target spd 0.03506304347826088
[WARN] [1784958127.581093781] [motor_controller_pid]: Left motor is saturated: target spd 0.03506304347826088
[WARN] [1784958127.630203367] [motor_controller_pid]: Left motor is saturated: target spd 0.03506304347826088
[WARN] [1784958127.680055050] [motor_controller_pid]: Left motor is saturated: target spd 0.03506304347826088
[WARN] [1784958127.729810362] [motor_controller_pid]: Left motor is saturated: target spd 0.03506304347826088
[WARN] [1784958127.779829361] [motor_controller_pid]: Left motor is saturated: target spd 0.03506304347826088
[WARN] [1784958127.829854674] [motor_controller_pid]: Left motor is saturated: target spd 0.03506304347826088
[WARN] [1784958127.879952859] [motor_controller_pid]: Left motor is saturated: target spd 0.03506304347826088
[WARN] [1784958127.929766393] [motor_controller_pid]: Left motor is saturated: target spd 0.03506304347826088
[WARN] [1784958127.980433025] [motor_controller_pid]: Left motor is saturated: target spd 0.03506304347826088
[WARN] [1784958128.029870891] [motor_controller_pid]: Left motor is saturated: target spd 0.03725448369565219
[WARN] [1784958128.084014244] [motor_controller_pid]: Left motor is saturated: target spd 0.03725448369565219
[WARN] [1784958128.131023264] [motor_controller_pid]: Left motor is saturated: target spd 0.03506304347826088
[WARN] [1784958128.179987202] [motor_controller_pid]: Left motor is saturated: target spd 0.03506304347826088
[WARN] [1784958128.229839125] [motor_controller_pid]: Left motor is saturated: target spd 0.03506304347826088
[WARN] [1784958128.279893717] [motor_controller_pid]: Left motor is saturated: target spd 0.03506304347826088
[WARN] [1784958128.330971646] [motor_controller_pid]: Left motor is saturated: target spd 0.03506304347826088
[WARN] [1784958128.380274567] [motor_controller_pid]: Left motor is saturated: target spd 0.03506304347826088
[WARN] [1784958128.430094361] [motor_controller_pid]: Left motor is saturated: target spd 0.03287160326086957
[WARN] [1784958128.481730646] [motor_controller_pid]: Left motor is saturated: target spd 0.03287160326086957
[WARN] [1784958128.529765671] [motor_controller_pid]: Left motor is saturated: target spd 0.03506304347826088
[WARN] [1784958128.580502636] [motor_controller_pid]: Left motor is saturated: target spd 0.03506304347826088
[WARN] [1784958128.630018336] [motor_controller_pid]: Left motor is saturated: target spd 0.03506304347826088
[WARN] [1784958128.682256050] [motor_controller_pid]: Left motor is saturated: target spd 0.03506304347826088
[WARN] [1784958128.729751128] [motor_controller_pid]: Left motor is saturated: target spd 0.03506304347826088
[WARN] [1784958128.779908479] [motor_controller_pid]: Left motor is saturated: target spd 0.03506304347826088
[WARN] [1784958128.829947904] [motor_controller_pid]: Left motor is saturated: target spd 0.03506304347826088
[WARN] [1784958128.880275404] [motor_controller_pid]: Left motor is saturated: target spd 0.03506304347826088
[WARN] [1784958128.930720016] [motor_controller_pid]: Left motor is saturated: target spd 0.03506304347826088
[WARN] [1784958128.980661662] [motor_controller_pid]: Left motor is saturated: target spd 0.03506304347826088
[WARN] [1784958129.029741415] [motor_controller_pid]: Left motor is saturated: target spd 0.03506304347826088
[WARN] [1784958129.080063619] [motor_controller_pid]: Left motor is saturated: target spd 0.03506304347826088
[WARN] [1784958129.129907432] [motor_controller_pid]: Left motor is saturated: target spd 0.03287160326086957
[WARN] [1784958129.180165005] [motor_controller_pid]: Left motor is saturated: target spd 0.03287160326086957
[WARN] [1784958129.230024762] [motor_controller_pid]: Left motor is saturated: target spd 0.03287160326086957
[WARN] [1784958129.280407948] [motor_controller_pid]: Left motor is saturated: target spd 0.03287160326086957
[WARN] [1784958129.330099501] [motor_controller_pid]: Left motor is saturated: target spd 0.03506304347826088
[WARN] [1784958129.380182499] [motor_controller_pid]: Left motor is saturated: target spd 0.03068016304347827
[WARN] [1784958129.430129238] [motor_controller_pid]: Left motor is saturated: target spd 0.03068016304347827
[WARN] [1784958129.481861968] [motor_controller_pid]: Left motor is saturated: target spd 0.03068016304347827
[WARN] [1784958129.530163661] [motor_controller_pid]: Left motor is saturated: target spd 0.03287160326086957
[WARN] [1784958129.580542403] [motor_controller_pid]: Left motor is saturated: target spd 0.03287160326086957
[WARN] [1784958129.629998398] [motor_controller_pid]: Left motor is saturated: target spd 0.03287160326086957
[WARN] [1784958129.679845877] [motor_controller_pid]: Left motor is saturated: target spd 0.03287160326086957
[WARN] [1784958129.730398249] [motor_controller_pid]: Left motor is saturated: target spd 0.03287160326086957
[WARN] [1784958129.780944899] [motor_controller_pid]: Left motor is saturated: target spd 0.03287160326086957
[WARN] [1784958129.830493339] [motor_controller_pid]: Left motor is saturated: target spd 0.03287160326086957
[WARN] [1784958129.880431060] [motor_controller_pid]: Left motor is saturated: target spd 0.03287160326086957
[WARN] [1784958129.929915000] [motor_controller_pid]: Left motor is saturated: target spd 0.03506304347826088
[WARN] [1784958129.982189140] [motor_controller_pid]: Left motor is saturated: target spd 0.03506304347826088
[WARN] [1784958130.030005127] [motor_controller_pid]: Left motor is saturated: target spd 0.03506304347826088
[WARN] [1784958130.081137983] [motor_controller_pid]: Left motor is saturated: target spd 0.03506304347826088
[WARN] [1784958130.130565997] [motor_controller_pid]: Left motor is saturated: target spd 0.03506304347826088
[WARN] [1784958130.180878164] [motor_controller_pid]: Left motor is saturated: target spd 0.03506304347826088
[WARN] [1784958130.229912213] [motor_controller_pid]: Left motor is saturated: target spd 0.03287160326086957
[WARN] [1784958130.281497442] [motor_controller_pid]: Left motor is saturated: target spd 0.03287160326086957
[WARN] [1784958130.330680788] [motor_controller_pid]: Left motor is saturated: target spd 0.03550133152173914
[WARN] [1784958130.381162882] [motor_controller_pid]: Left motor is saturated: target spd 0.03550133152173914
[WARN] [1784958130.430007448] [motor_controller_pid]: Left motor is saturated: target spd 0.035282187500000006
[WARN] [1784958130.480360893] [motor_controller_pid]: Left motor is saturated: target spd 0.035282187500000006
[WARN] [1784958130.530084223] [motor_controller_pid]: Left motor is saturated: target spd 0.025201562500000007
[WARN] [1784958130.584813968] [motor_controller_pid]: Left motor is saturated: target spd 0.020161250000000006
[WARN] [1784958130.629895386] [motor_controller_pid]: Left motor is saturated: target spd 0.015120937500000008
[WARN] [1784958130.680093848] [motor_controller_pid]: Left motor is saturated: target spd 0.015120937500000008
[WARN] [1784958131.829570866] [motor_controller_pid]: Command timeout; stopping motors
[WARN] [1784958138.380146541] [motor_controller_pid]: Left motor is saturated: target spd 0.15000000596046448
[WARN] [1784958138.382442830] [motor_controller_pid]: Right motor is saturated: target spd -0.15000000596046448
[WARN] [1784958138.429853390] [motor_controller_pid]: Left motor is saturated: target spd 0.15000000596046448
[WARN] [1784958138.430959636] [motor_controller_pid]: Right motor is saturated: target spd -0.15000000596046448
[WARN] [1784958138.481722064] [motor_controller_pid]: Left motor is saturated: target spd 0.15000000596046448
[WARN] [1784958138.484746432] [motor_controller_pid]: Right motor is saturated: target spd -0.15000000596046448
[WARN] [1784958138.529893794] [motor_controller_pid]: Left motor is saturated: target spd 0.15000000596046448
[WARN] [1784958138.530943151] [motor_controller_pid]: Right motor is saturated: target spd -0.15000000596046448
[WARN] [1784958138.583109235] [motor_controller_pid]: Left motor is saturated: target spd 0.15000000596046448
[WARN] [1784958138.584489224] [motor_controller_pid]: Right motor is saturated: target spd -0.15000000596046448
[WARN] [1784958138.630344238] [motor_controller_pid]: Left motor is saturated: target spd 0.15000000596046448
[WARN] [1784958138.631391503] [motor_controller_pid]: Right motor is saturated: target spd -0.15000000596046448
[WARN] [1784958138.680162143] [motor_controller_pid]: Left motor is saturated: target spd 0.15000000596046448
[WARN] [1784958138.682080208] [motor_controller_pid]: Right motor is saturated: target spd -0.15000000596046448
[WARN] [1784958138.730135400] [motor_controller_pid]: Left motor is saturated: target spd 0.15000000596046448
[WARN] [1784958138.731404666] [motor_controller_pid]: Right motor is saturated: target spd -0.15000000596046448
[WARN] [1784958138.780457678] [motor_controller_pid]: Left motor is saturated: target spd 0.15000000596046448
[WARN] [1784958138.783483546] [motor_controller_pid]: Right motor is saturated: target spd -0.15000000596046448
[WARN] [1784958138.830616715] [motor_controller_pid]: Left motor is saturated: target spd 0.15000000596046448
[WARN] [1784958138.831710239] [motor_controller_pid]: Right motor is saturated: target spd -0.15000000596046448
[WARN] [1784958138.879827135] [motor_controller_pid]: Left motor is saturated: target spd 0.15000000596046448
[WARN] [1784958138.881115401] [motor_controller_pid]: Right motor is saturated: target spd -0.15000000596046448
[WARN] [1784958138.930302469] [motor_controller_pid]: Left motor is saturated: target spd 0.15000000596046448
[WARN] [1784958138.932034237] [motor_controller_pid]: Right motor is saturated: target spd -0.15000000596046448
[WARN] [1784958138.981485418] [motor_controller_pid]: Left motor is saturated: target spd 0.15000000596046448
[WARN] [1784958138.982964889] [motor_controller_pid]: Right motor is saturated: target spd -0.15000000596046448
[WARN] [1784958139.029925779] [motor_controller_pid]: Left motor is saturated: target spd 0.15000000596046448
[WARN] [1784958139.030951210] [motor_controller_pid]: Right motor is saturated: target spd -0.15000000596046448
[WARN] [1784958139.080326724] [motor_controller_pid]: Left motor is saturated: target spd 0.15000000596046448
[WARN] [1784958139.081451248] [motor_controller_pid]: Right motor is saturated: target spd -0.15000000596046448
[WARN] [1784958139.131249079] [motor_controller_pid]: Left motor is saturated: target spd 0.15000000596046448
[WARN] [1784958139.133250645] [motor_controller_pid]: Right motor is saturated: target spd -0.15000000596046448
[WARN] [1784958139.182940586] [motor_controller_pid]: Left motor is saturated: target spd 0.15000000596046448
[WARN] [1784958139.183940980] [motor_controller_pid]: Right motor is saturated: target spd -0.15000000596046448
[WARN] [1784958139.230117904] [motor_controller_pid]: Left motor is saturated: target spd 0.15000000596046448
[WARN] [1784958139.231240354] [motor_controller_pid]: Right motor is saturated: target spd -0.15000000596046448
[WARN] [1784958139.279910438] [motor_controller_pid]: Left motor is saturated: target spd 0.15000000596046448
[WARN] [1784958139.281487261] [motor_controller_pid]: Right motor is saturated: target spd -0.15000000596046448
[WARN] [1784958139.330087919] [motor_controller_pid]: Left motor is saturated: target spd 0.15000000596046448
[WARN] [1784958139.331004090] [motor_controller_pid]: Right motor is saturated: target spd -0.15000000596046448
[WARN] [1784958139.381644592] [motor_controller_pid]: Left motor is saturated: target spd 0.15000000596046448
[WARN] [1784958139.384479514] [motor_controller_pid]: Right motor is saturated: target spd -0.15000000596046448
[WARN] [1784958139.429857952] [motor_controller_pid]: Left motor is saturated: target spd 0.15000000596046448
[WARN] [1784958139.430856309] [motor_controller_pid]: Right motor is saturated: target spd -0.15000000596046448
[WARN] [1784958139.479875784] [motor_controller_pid]: Left motor is saturated: target spd 0.15000000596046448
[WARN] [1784958139.483376543] [motor_controller_pid]: Right motor is saturated: target spd -0.15000000596046448
[WARN] [1784958139.529903838] [motor_controller_pid]: Left motor is saturated: target spd 0.15000000596046448
[WARN] [1784958139.530980010] [motor_controller_pid]: Right motor is saturated: target spd -0.15000000596046448
[WARN] [1784958139.584927696] [motor_controller_pid]: Left motor is saturated: target spd 0.15000000596046448
[WARN] [1784958139.586670464] [motor_controller_pid]: Right motor is saturated: target spd -0.15000000596046448
[WARN] [1784958139.630814210] [motor_controller_pid]: Left motor is saturated: target spd 0.15000000596046448
[WARN] [1784958139.631904179] [motor_controller_pid]: Right motor is saturated: target spd -0.15000000596046448
[WARN] [1784958139.680215076] [motor_controller_pid]: Left motor is saturated: target spd 0.15000000596046448
[WARN] [1784958139.682778996] [motor_controller_pid]: Right motor is saturated: target spd -0.15000000596046448
[WARN] [1784958139.729784442] [motor_controller_pid]: Left motor is saturated: target spd 0.15000000596046448
[WARN] [1784958139.730718558] [motor_controller_pid]: Right motor is saturated: target spd -0.15000000596046448
[WARN] [1784958139.780060164] [motor_controller_pid]: Left motor is saturated: target spd 0.15000000596046448
[WARN] [1784958139.781232652] [motor_controller_pid]: Right motor is saturated: target spd -0.15000000596046448
[WARN] [1784958139.830384294] [motor_controller_pid]: Left motor is saturated: target spd 0.15000000596046448
[WARN] [1784958139.831615597] [motor_controller_pid]: Right motor is saturated: target spd -0.15000000596046448
[WARN] [1784958139.881069000] [motor_controller_pid]: Left motor is saturated: target spd 0.15000000596046448
[WARN] [1784958139.883161233] [motor_controller_pid]: Right motor is saturated: target spd -0.15000000596046448
[WARN] [1784958139.929847770] [motor_controller_pid]: Left motor is saturated: target spd 0.15000000596046448
[WARN] [1784958139.930877720] [motor_controller_pid]: Right motor is saturated: target spd -0.15000000596046448
[WARN] [1784958139.980106085] [motor_controller_pid]: Left motor is saturated: target spd 0.15000000596046448
[WARN] [1784958139.982833469] [motor_controller_pid]: Right motor is saturated: target spd -0.15000000596046448
[WARN] [1784958140.029892600] [motor_controller_pid]: Left motor is saturated: target spd 0.15000000596046448
[WARN] [1784958140.030946606] [motor_controller_pid]: Right motor is saturated: target spd -0.15000000596046448
[WARN] [1784958140.081880665] [motor_controller_pid]: Left motor is saturated: target spd 0.15000000596046448
[WARN] [1784958140.083502840] [motor_controller_pid]: Right motor is saturated: target spd -0.15000000596046448
[WARN] [1784958140.130112839] [motor_controller_pid]: Left motor is saturated: target spd 0.15000000596046448
[WARN] [1784958140.131128215] [motor_controller_pid]: Right motor is saturated: target spd -0.15000000596046448
[WARN] [1784958140.180505840] [motor_controller_pid]: Left motor is saturated: target spd 0.15000000596046448
[WARN] [1784958140.182383109] [motor_controller_pid]: Right motor is saturated: target spd -0.15000000596046448
[WARN] [1784958140.229919520] [motor_controller_pid]: Left motor is saturated: target spd 0.15000000596046448
[WARN] [1784958140.230998767] [motor_controller_pid]: Right motor is saturated: target spd -0.15000000596046448
[WARN] [1784958140.281327563] [motor_controller_pid]: Left motor is saturated: target spd 0.15000000596046448
[WARN] [1784958140.283405333] [motor_controller_pid]: Right motor is saturated: target spd -0.15000000596046448
[WARN] [1784958140.330256278] [motor_controller_pid]: Left motor is saturated: target spd 0.15000000596046448
[WARN] [1784958140.331475192] [motor_controller_pid]: Right motor is saturated: target spd -0.15000000596046448
[WARN] [1784958140.382809957] [motor_controller_pid]: Left motor is saturated: target spd 0.15000000596046448
[WARN] [1784958140.384502743] [motor_controller_pid]: Right motor is saturated: target spd -0.15000000596046448
[WARN] [1784958140.429910070] [motor_controller_pid]: Left motor is saturated: target spd 0.15000000596046448
[WARN] [1784958140.430968983] [motor_controller_pid]: Right motor is saturated: target spd -0.15000000596046448
[WARN] [1784958140.480125736] [motor_controller_pid]: Left motor is saturated: target spd 0.15000000596046448
[WARN] [1784958140.483388642] [motor_controller_pid]: Right motor is saturated: target spd -0.15000000596046448
[WARN] [1784958140.530021864] [motor_controller_pid]: Left motor is saturated: target spd 0.15000000596046448
[WARN] [1784958140.531002795] [motor_controller_pid]: Right motor is saturated: target spd -0.15000000596046448
[WARN] [1784958140.583061582] [motor_controller_pid]: Left motor is saturated: target spd 0.15000000596046448
[WARN] [1784958140.585360316] [motor_controller_pid]: Right motor is saturated: target spd -0.15000000596046448
[WARN] [1784958140.629922101] [motor_controller_pid]: Left motor is saturated: target spd 0.15000000596046448
[WARN] [1784958140.631045273] [motor_controller_pid]: Right motor is saturated: target spd -0.15000000596046448
[WARN] [1784958140.682688521] [motor_controller_pid]: Left motor is saturated: target spd 0.15000000596046448
[WARN] [1784958140.683984491] [motor_controller_pid]: Right motor is saturated: target spd -0.15000000596046448
[WARN] [1784958140.729724838] [motor_controller_pid]: Left motor is saturated: target spd 0.15000000596046448
[WARN] [1784958140.730643379] [motor_controller_pid]: Right motor is saturated: target spd -0.15000000596046448
[WARN] [1784958140.781252196] [motor_controller_pid]: Left motor is saturated: target spd 0.15000000596046448
[WARN] [1784958140.783834005] [motor_controller_pid]: Right motor is saturated: target spd -0.15000000596046448
[WARN] [1784958140.829968577] [motor_controller_pid]: Left motor is saturated: target spd 0.15000000596046448
[WARN] [1784958140.830955878] [motor_controller_pid]: Right motor is saturated: target spd -0.15000000596046448
[WARN] [1784958140.883126406] [motor_controller_pid]: Left motor is saturated: target spd 0.15000000596046448
[WARN] [1784958140.884212764] [motor_controller_pid]: Right motor is saturated: target spd -0.15000000596046448
[WARN] [1784958140.930009444] [motor_controller_pid]: Left motor is saturated: target spd 0.15000000596046448
[WARN] [1784958140.930998727] [motor_controller_pid]: Right motor is saturated: target spd -0.15000000596046448
[WARN] [1784958140.982462677] [motor_controller_pid]: Left motor is saturated: target spd 0.15000000596046448
[WARN] [1784958140.984337539] [motor_controller_pid]: Right motor is saturated: target spd -0.15000000596046448
[WARN] [1784958141.030000978] [motor_controller_pid]: Left motor is saturated: target spd 0.15000000596046448
[WARN] [1784958141.031100299] [motor_controller_pid]: Right motor is saturated: target spd -0.15000000596046448
[WARN] [1784958141.080980593] [motor_controller_pid]: Left motor is saturated: target spd 0.15000000596046448
[WARN] [1784958141.083916941] [motor_controller_pid]: Right motor is saturated: target spd -0.15000000596046448
[WARN] [1784958141.130588367] [motor_controller_pid]: Left motor is saturated: target spd 0.15000000596046448
[WARN] [1784958141.131681706] [motor_controller_pid]: Right motor is saturated: target spd -0.15000000596046448
[WARN] [1784958141.179901806] [motor_controller_pid]: Left motor is saturated: target spd 0.15000000596046448
[WARN] [1784958141.183417880] [motor_controller_pid]: Right motor is saturated: target spd -0.15000000596046448
[WARN] [1784958141.230309288] [motor_controller_pid]: Left motor is saturated: target spd 0.15000000596046448
[WARN] [1784958141.231364960] [motor_controller_pid]: Right motor is saturated: target spd -0.15000000596046448
[WARN] [1784958141.279913026] [motor_controller_pid]: Left motor is saturated: target spd 0.15000000596046448
[WARN] [1784958141.281435533] [motor_controller_pid]: Right motor is saturated: target spd -0.15000000596046448
[WARN] [1784958141.331171382] [motor_controller_pid]: Left motor is saturated: target spd 0.15000000596046448
[WARN] [1784958141.332226869] [motor_controller_pid]: Right motor is saturated: target spd -0.15000000596046448
[WARN] [1784958141.380205580] [motor_controller_pid]: Left motor is saturated: target spd 0.15000000596046448
[WARN] [1784958141.381537846] [motor_controller_pid]: Right motor is saturated: target spd -0.15000000596046448
[WARN] [1784958141.429959781] [motor_controller_pid]: Left motor is saturated: target spd 0.15000000596046448
[WARN] [1784958141.431557437] [motor_controller_pid]: Right motor is saturated: target spd -0.15000000596046448
[WARN] [1784958141.481726973] [motor_controller_pid]: Left motor is saturated: target spd 0.15000000596046448
[WARN] [1784958141.483448890] [motor_controller_pid]: Right motor is saturated: target spd -0.15000000596046448
[WARN] [1784958141.529821147] [motor_controller_pid]: Left motor is saturated: target spd 0.15000000596046448
[WARN] [1784958141.530826689] [motor_controller_pid]: Right motor is saturated: target spd -0.15000000596046448
[WARN] [1784958141.581164153] [motor_controller_pid]: Left motor is saturated: target spd 0.15000000596046448
[WARN] [1784958141.583239552] [motor_controller_pid]: Right motor is saturated: target spd -0.15000000596046448
[WARN] [1784958141.630443055] [motor_controller_pid]: Left motor is saturated: target spd 0.15000000596046448
[WARN] [1784958141.631451819] [motor_controller_pid]: Right motor is saturated: target spd -0.15000000596046448
[WARN] [1784958141.680040773] [motor_controller_pid]: Left motor is saturated: target spd 0.15000000596046448
[WARN] [1784958141.681600670] [motor_controller_pid]: Right motor is saturated: target spd -0.15000000596046448
[WARN] [1784958141.729872012] [motor_controller_pid]: Left motor is saturated: target spd 0.15000000596046448
[WARN] [1784958141.730888961] [motor_controller_pid]: Right motor is saturated: target spd -0.15000000596046448
[WARN] [1784958141.780702848] [motor_controller_pid]: Left motor is saturated: target spd 0.15000000596046448
[WARN] [1784958141.782050392] [motor_controller_pid]: Right motor is saturated: target spd -0.15000000596046448
[WARN] [1784958141.830071510] [motor_controller_pid]: Left motor is saturated: target spd 0.15000000596046448
[WARN] [1784958141.831115163] [motor_controller_pid]: Right motor is saturated: target spd -0.15000000596046448
[WARN] [1784958141.880877012] [motor_controller_pid]: Left motor is saturated: target spd 0.15000000596046448
[WARN] [1784958141.882535558] [motor_controller_pid]: Right motor is saturated: target spd -0.15000000596046448
[WARN] [1784958141.932619872] [motor_controller_pid]: Left motor is saturated: target spd 0.15000000596046448
[WARN] [1784958141.933884545] [motor_controller_pid]: Right motor is saturated: target spd -0.15000000596046448
[WARN] [1784958141.981851977] [motor_controller_pid]: Left motor is saturated: target spd 0.15000000596046448
[WARN] [1784958141.983684839] [motor_controller_pid]: Right motor is saturated: target spd -0.15000000596046448
[WARN] [1784958142.030049466] [motor_controller_pid]: Left motor is saturated: target spd 0.15000000596046448
[WARN] [1784958142.031101342] [motor_controller_pid]: Right motor is saturated: target spd -0.15000000596046448
[WARN] [1784958142.082064809] [motor_controller_pid]: Left motor is saturated: target spd 0.15000000596046448
[WARN] [1784958142.083762595] [motor_controller_pid]: Right motor is saturated: target spd -0.15000000596046448
[WARN] [1784958142.130430576] [motor_controller_pid]: Left motor is saturated: target spd 0.15000000596046448
[WARN] [1784958142.131469674] [motor_controller_pid]: Right motor is saturated: target spd -0.15000000596046448
[WARN] [1784958142.180107166] [motor_controller_pid]: Left motor is saturated: target spd 0.15000000596046448
[WARN] [1784958142.181702248] [motor_controller_pid]: Right motor is saturated: target spd -0.15000000596046448
[WARN] [1784958142.229896682] [motor_controller_pid]: Left motor is saturated: target spd 0.15000000596046448
[WARN] [1784958142.230941058] [motor_controller_pid]: Right motor is saturated: target spd -0.15000000596046448
[WARN] [1784958142.279874180] [motor_controller_pid]: Left motor is saturated: target spd 0.15000000596046448
[WARN] [1784958142.282874677] [motor_controller_pid]: Right motor is saturated: target spd -0.15000000596046448
[WARN] [1784958142.333029195] [motor_controller_pid]: Left motor is saturated: target spd 0.15000000596046448
[WARN] [1784958142.337087123] [motor_controller_pid]: Right motor is saturated: target spd -0.15000000596046448
[WARN] [1784958142.380448254] [motor_controller_pid]: Left motor is saturated: target spd 0.15000000596046448
[WARN] [1784958142.384464442] [motor_controller_pid]: Right motor is saturated: target spd -0.15000000596046448
[WARN] [1784958142.430062695] [motor_controller_pid]: Left motor is saturated: target spd 0.15000000596046448
[WARN] [1784958142.430954792] [motor_controller_pid]: Right motor is saturated: target spd -0.15000000596046448
[WARN] [1784958142.479914859] [motor_controller_pid]: Left motor is saturated: target spd 0.15000000596046448
[WARN] [1784958142.481254755] [motor_controller_pid]: Right motor is saturated: target spd -0.15000000596046448
[WARN] [1784958142.530016673] [motor_controller_pid]: Left motor is saturated: target spd 0.15000000596046448
[WARN] [1784958142.530919548] [motor_controller_pid]: Right motor is saturated: target spd -0.15000000596046448
[WARN] [1784958142.580543212] [motor_controller_pid]: Left motor is saturated: target spd 0.15000000596046448
[WARN] [1784958142.581863922] [motor_controller_pid]: Right motor is saturated: target spd -0.15000000596046448
[WARN] [1784958142.629909948] [motor_controller_pid]: Left motor is saturated: target spd 0.15000000596046448
[WARN] [1784958142.630815360] [motor_controller_pid]: Right motor is saturated: target spd -0.15000000596046448
[WARN] [1784958142.679937594] [motor_controller_pid]: Left motor is saturated: target spd 0.15000000596046448
[WARN] [1784958142.681224508] [motor_controller_pid]: Right motor is saturated: target spd -0.15000000596046448
[WARN] [1784958142.731242637] [motor_controller_pid]: Left motor is saturated: target spd 0.15000000596046448
[WARN] [1784958142.733469000] [motor_controller_pid]: Right motor is saturated: target spd -0.15000000596046448
[WARN] [1784958142.782692920] [motor_controller_pid]: Left motor is saturated: target spd 0.15000000596046448
[WARN] [1784958142.784704005] [motor_controller_pid]: Right motor is saturated: target spd -0.15000000596046448
[WARN] [1784958142.830688668] [motor_controller_pid]: Left motor is saturated: target spd 0.15000000596046448
[WARN] [1784958142.831880933] [motor_controller_pid]: Right motor is saturated: target spd -0.15000000596046448
[WARN] [1784958142.881410318] [motor_controller_pid]: Left motor is saturated: target spd 0.15000000596046448
[WARN] [1784958142.883588200] [motor_controller_pid]: Right motor is saturated: target spd -0.15000000596046448
[WARN] [1784958142.930269829] [motor_controller_pid]: Left motor is saturated: target spd 0.15000000596046448
[WARN] [1784958142.931362094] [motor_controller_pid]: Right motor is saturated: target spd -0.15000000596046448
[WARN] [1784958142.980595681] [motor_controller_pid]: Left motor is saturated: target spd 0.15000000596046448
[WARN] [1784958142.981963985] [motor_controller_pid]: Right motor is saturated: target spd -0.15000000596046448
[WARN] [1784958143.030622939] [motor_controller_pid]: Left motor is saturated: target spd 0.15000000596046448
[WARN] [1784958143.031937390] [motor_controller_pid]: Right motor is saturated: target spd -0.15000000596046448
[WARN] [1784958143.081170663] [motor_controller_pid]: Left motor is saturated: target spd 0.15000000596046448
[WARN] [1784958143.083285396] [motor_controller_pid]: Right motor is saturated: target spd -0.15000000596046448
[WARN] [1784958143.129854414] [motor_controller_pid]: Left motor is saturated: target spd 0.15000000596046448
[WARN] [1784958143.131021475] [motor_controller_pid]: Right motor is saturated: target spd -0.15000000596046448
[WARN] [1784958143.183874118] [motor_controller_pid]: Left motor is saturated: target spd 0.15000000596046448
[WARN] [1784958143.184832715] [motor_controller_pid]: Right motor is saturated: target spd -0.15000000596046448
[WARN] [1784958143.229915300] [motor_controller_pid]: Left motor is saturated: target spd 0.15000000596046448
[WARN] [1784958143.230915934] [motor_controller_pid]: Right motor is saturated: target spd -0.15000000596046448
[WARN] [1784958143.280027391] [motor_controller_pid]: Left motor is saturated: target spd 0.15000000596046448
[WARN] [1784958143.282338311] [motor_controller_pid]: Right motor is saturated: target spd -0.15000000596046448
[WARN] [1784958143.330072853] [motor_controller_pid]: Left motor is saturated: target spd 0.15000000596046448
[WARN] [1784958143.331121284] [motor_controller_pid]: Right motor is saturated: target spd -0.15000000596046448
[WARN] [1784958143.382737476] [motor_controller_pid]: Left motor is saturated: target spd 0.15000000596046448
[WARN] [1784958143.384378651] [motor_controller_pid]: Right motor is saturated: target spd -0.15000000596046448
[WARN] [1784958143.429833164] [motor_controller_pid]: Left motor is saturated: target spd 0.15000000596046448
[WARN] [1784958143.430800576] [motor_controller_pid]: Right motor is saturated: target spd -0.15000000596046448
[WARN] [1784958143.480045404] [motor_controller_pid]: Left motor is saturated: target spd 0.15000000596046448
[WARN] [1784958143.481718338] [motor_controller_pid]: Right motor is saturated: target spd -0.15000000596046448
[WARN] [1784958143.529734197] [motor_controller_pid]: Left motor is saturated: target spd 0.15000000596046448
[WARN] [1784958143.530676424] [motor_controller_pid]: Right motor is saturated: target spd -0.15000000596046448
[WARN] [1784958143.580053179] [motor_controller_pid]: Left motor is saturated: target spd 0.15000000596046448
[WARN] [1784958143.582170634] [motor_controller_pid]: Right motor is saturated: target spd -0.15000000596046448
[WARN] [1784958143.631412555] [motor_controller_pid]: Left motor is saturated: target spd 0.15000000596046448
[WARN] [1784958143.634391588] [motor_controller_pid]: Right motor is saturated: target spd -0.15000000596046448
[WARN] [1784958143.680038472] [motor_controller_pid]: Left motor is saturated: target spd 0.15000000596046448
[WARN] [1784958143.681765407] [motor_controller_pid]: Right motor is saturated: target spd -0.15000000596046448
[WARN] [1784958143.730117508] [motor_controller_pid]: Left motor is saturated: target spd 0.15000000596046448
[WARN] [1784958143.731183254] [motor_controller_pid]: Right motor is saturated: target spd -0.15000000596046448
[WARN] [1784958143.781641255] [motor_controller_pid]: Left motor is saturated: target spd 0.15000000596046448
[WARN] [1784958143.784350991] [motor_controller_pid]: Right motor is saturated: target spd -0.15000000596046448
[WARN] [1784958143.830068079] [motor_controller_pid]: Left motor is saturated: target spd 0.15000000596046448
[WARN] [1784958143.831274492] [motor_controller_pid]: Right motor is saturated: target spd -0.15000000596046448
[WARN] [1784958143.879819983] [motor_controller_pid]: Left motor is saturated: target spd 0.15000000596046448
[WARN] [1784958143.882123088] [motor_controller_pid]: Right motor is saturated: target spd -0.15000000596046448
[WARN] [1784958143.930278095] [motor_controller_pid]: Left motor is saturated: target spd 0.15000000596046448
[WARN] [1784958143.931407342] [motor_controller_pid]: Right motor is saturated: target spd -0.15000000596046448
[WARN] [1784958143.981163209] [motor_controller_pid]: Left motor is saturated: target spd 0.15000000596046448
[WARN] [1784958143.983005811] [motor_controller_pid]: Right motor is saturated: target spd -0.15000000596046448
[WARN] [1784958144.030501797] [motor_controller_pid]: Left motor is saturated: target spd 0.15000000596046448
[WARN] [1784958144.031496728] [motor_controller_pid]: Right motor is saturated: target spd -0.15000000596046448
[WARN] [1784958144.082541213] [motor_controller_pid]: Left motor is saturated: target spd 0.15000000596046448
[WARN] [1784958144.083944517] [motor_controller_pid]: Right motor is saturated: target spd -0.15000000596046448
[WARN] [1784958144.129967884] [motor_controller_pid]: Left motor is saturated: target spd 0.15000000596046448
[WARN] [1784958144.131022574] [motor_controller_pid]: Right motor is saturated: target spd -0.15000000596046448
[WARN] [1784958144.179754622] [motor_controller_pid]: Left motor is saturated: target spd 0.15000000596046448
[WARN] [1784958144.181933837] [motor_controller_pid]: Right motor is saturated: target spd -0.15000000596046448
[WARN] [1784958144.231428147] [motor_controller_pid]: Left motor is saturated: target spd 0.15000000596046448
[WARN] [1784958144.232545820] [motor_controller_pid]: Right motor is saturated: target spd -0.15000000596046448
[WARN] [1784958144.279973138] [motor_controller_pid]: Left motor is saturated: target spd 0.15000000596046448
[WARN] [1784958144.281970649] [motor_controller_pid]: Right motor is saturated: target spd -0.15000000596046448
[WARN] [1784958144.330564159] [motor_controller_pid]: Left motor is saturated: target spd 0.15000000596046448
[WARN] [1784958144.332630947] [motor_controller_pid]: Right motor is saturated: target spd -0.15000000596046448
[WARN] [1784958144.382259018] [motor_controller_pid]: Left motor is saturated: target spd 0.15000000596046448
[WARN] [1784958144.384413251] [motor_controller_pid]: Right motor is saturated: target spd -0.15000000596046448
[WARN] [1784958144.430655471] [motor_controller_pid]: Left motor is saturated: target spd 0.15000000596046448
[WARN] [1784958144.431704810] [motor_controller_pid]: Right motor is saturated: target spd -0.15000000596046448
[WARN] [1784958144.481229324] [motor_controller_pid]: Left motor is saturated: target spd 0.15000000596046448
[WARN] [1784958144.484134339] [motor_controller_pid]: Right motor is saturated: target spd -0.15000000596046448
[WARN] [1784958144.530955117] [motor_controller_pid]: Left motor is saturated: target spd 0.15000000596046448
[WARN] [1784958144.532311421] [motor_controller_pid]: Right motor is saturated: target spd -0.15000000596046448
[WARN] [1784958144.581009357] [motor_controller_pid]: Left motor is saturated: target spd 0.15000000596046448
[WARN] [1784958144.584052706] [motor_controller_pid]: Right motor is saturated: target spd -0.15000000596046448
[WARN] [1784958144.630559501] [motor_controller_pid]: Left motor is saturated: target spd 0.15000000596046448
[WARN] [1784958144.631674414] [motor_controller_pid]: Right motor is saturated: target spd -0.15000000596046448
[WARN] [1784958144.681985452] [motor_controller_pid]: Left motor is saturated: target spd 0.15000000596046448
[WARN] [1784958144.684155389] [motor_controller_pid]: Right motor is saturated: target spd -0.15000000596046448
[WARN] [1784958144.729943977] [motor_controller_pid]: Left motor is saturated: target spd 0.15000000596046448
[WARN] [1784958144.731014056] [motor_controller_pid]: Right motor is saturated: target spd -0.15000000596046448
[WARN] [1784958144.780842146] [motor_controller_pid]: Left motor is saturated: target spd 0.15000000596046448
[WARN] [1784958144.784337146] [motor_controller_pid]: Right motor is saturated: target spd -0.15000000596046448
[WARN] [1784958144.830107900] [motor_controller_pid]: Left motor is saturated: target spd 0.15000000596046448
[WARN] [1784958144.831173480] [motor_controller_pid]: Right motor is saturated: target spd -0.15000000596046448
[WARN] [1784958144.880514697] [motor_controller_pid]: Left motor is saturated: target spd 0.15000000596046448
[WARN] [1784958144.883944641] [motor_controller_pid]: Right motor is saturated: target spd -0.15000000596046448
[WARN] [1784958144.929971971] [motor_controller_pid]: Left motor is saturated: target spd 0.15000000596046448
[WARN] [1784958144.931075754] [motor_controller_pid]: Right motor is saturated: target spd -0.15000000596046448
[WARN] [1784958144.979944173] [motor_controller_pid]: Left motor is saturated: target spd 0.15000000596046448
[WARN] [1784958144.984603974] [motor_controller_pid]: Right motor is saturated: target spd -0.15000000596046448
[WARN] [1784958145.030102709] [motor_controller_pid]: Left motor is saturated: target spd 0.15000000596046448
[WARN] [1784958145.031331771] [motor_controller_pid]: Right motor is saturated: target spd -0.15000000596046448
[WARN] [1784958145.080070133] [motor_controller_pid]: Left motor is saturated: target spd 0.15000000596046448
[WARN] [1784958145.081655086] [motor_controller_pid]: Right motor is saturated: target spd -0.15000000596046448
[WARN] [1784958145.130209188] [motor_controller_pid]: Left motor is saturated: target spd 0.15000000596046448
[WARN] [1784958145.131252545] [motor_controller_pid]: Right motor is saturated: target spd -0.15000000596046448
[WARN] [1784958145.182827848] [motor_controller_pid]: Left motor is saturated: target spd 0.15000000596046448
[WARN] [1784958145.184512875] [motor_controller_pid]: Right motor is saturated: target spd -0.15000000596046448
[WARN] [1784958145.229985610] [motor_controller_pid]: Left motor is saturated: target spd 0.15000000596046448
[WARN] [1784958145.231030893] [motor_controller_pid]: Right motor is saturated: target spd -0.15000000596046448
[WARN] [1784958145.281805673] [motor_controller_pid]: Left motor is saturated: target spd 0.15000000596046448
[WARN] [1784958145.283465404] [motor_controller_pid]: Right motor is saturated: target spd -0.15000000596046448
[WARN] [1784958145.330159126] [motor_controller_pid]: Left motor is saturated: target spd 0.15000000596046448
[WARN] [1784958145.331293354] [motor_controller_pid]: Right motor is saturated: target spd -0.15000000596046448
[WARN] [1784958145.379663566] [motor_controller_pid]: Left motor is saturated: target spd 0.15000000596046448
[WARN] [1784958145.380699183] [motor_controller_pid]: Right motor is saturated: target spd -0.15000000596046448
[WARN] [1784958145.430431828] [motor_controller_pid]: Left motor is saturated: target spd 0.15000000596046448
[WARN] [1784958145.431453630] [motor_controller_pid]: Right motor is saturated: target spd -0.15000000596046448
[WARN] [1784958145.481777334] [motor_controller_pid]: Left motor is saturated: target spd 0.15000000596046448
[WARN] [1784958145.484600663] [motor_controller_pid]: Right motor is saturated: target spd -0.15000000596046448
[WARN] [1784958145.530041138] [motor_controller_pid]: Left motor is saturated: target spd 0.15000000596046448
[WARN] [1784958145.531053606] [motor_controller_pid]: Right motor is saturated: target spd -0.15000000596046448
[WARN] [1784958145.581613330] [motor_controller_pid]: Left motor is saturated: target spd 0.15000000596046448
[WARN] [1784958145.583332690] [motor_controller_pid]: Right motor is saturated: target spd -0.15000000596046448
[WARN] [1784958145.630048394] [motor_controller_pid]: Left motor is saturated: target spd 0.15000000596046448
[WARN] [1784958145.630917732] [motor_controller_pid]: Right motor is saturated: target spd -0.15000000596046448
[WARN] [1784958145.680226375] [motor_controller_pid]: Left motor is saturated: target spd 0.15000000596046448
[WARN] [1784958145.681547030] [motor_controller_pid]: Right motor is saturated: target spd -0.15000000596046448
[WARN] [1784958145.730005632] [motor_controller_pid]: Left motor is saturated: target spd 0.15000000596046448
[WARN] [1784958145.731045063] [motor_controller_pid]: Right motor is saturated: target spd -0.15000000596046448
[WARN] [1784958145.780308798] [motor_controller_pid]: Left motor is saturated: target spd 0.15000000596046448
[WARN] [1784958145.783692797] [motor_controller_pid]: Right motor is saturated: target spd -0.15000000596046448
[WARN] [1784958145.830926189] [motor_controller_pid]: Left motor is saturated: target spd 0.15000000596046448
[WARN] [1784958145.831985139] [motor_controller_pid]: Right motor is saturated: target spd -0.15000000596046448
[WARN] [1784958145.880375240] [motor_controller_pid]: Left motor is saturated: target spd 0.15000000596046448
[WARN] [1784958145.882576640] [motor_controller_pid]: Right motor is saturated: target spd -0.15000000596046448
[WARN] [1784958145.930041274] [motor_controller_pid]: Left motor is saturated: target spd 0.08008063096046446
[WARN] [1784958145.931054816] [motor_controller_pid]: Right motor is saturated: target spd -0.05991938096046446
[WARN] [1784958145.983465568] [motor_controller_pid]: Left motor is saturated: target spd 0.08008063096046446
[WARN] [1784958145.985278281] [motor_controller_pid]: Right motor is saturated: target spd -0.05991938096046446
[WARN] [1784958146.030243550] [motor_controller_pid]: Left motor is saturated: target spd 0.020161250000000002
[WARN] [1784958146.031375667] [motor_controller_pid]: Right motor is saturated: target spd 0.020161250000000002
[WARN] [1784958146.082139002] [motor_controller_pid]: Left motor is saturated: target spd 0.0252015625
[WARN] [1784958146.083716862] [motor_controller_pid]: Right motor is saturated: target spd 0.0252015625
[WARN] [1784958146.130160787] [motor_controller_pid]: Left motor is saturated: target spd 0.030241874999999998
[WARN] [1784958146.131265330] [motor_controller_pid]: Right motor is saturated: target spd 0.030241874999999998
[WARN] [1784958146.180459528] [motor_controller_pid]: Left motor is saturated: target spd 0.0352821875
[WARN] [1784958146.183954879] [motor_controller_pid]: Right motor is saturated: target spd 0.0352821875
[WARN] [1784958146.230082654] [motor_controller_pid]: Left motor is saturated: target spd 0.03506304347826088
[WARN] [1784958146.231334790] [motor_controller_pid]: Right motor is saturated: target spd 0.03506304347826088
[WARN] [1784958146.281339788] [motor_controller_pid]: Left motor is saturated: target spd 0.03506304347826088
[WARN] [1784958146.283902339] [motor_controller_pid]: Right motor is saturated: target spd 0.03506304347826088
[WARN] [1784958146.331054285] [motor_controller_pid]: Left motor is saturated: target spd 0.03725448369565218
[WARN] [1784958146.332153865] [motor_controller_pid]: Right motor is saturated: target spd 0.03725448369565218
[WARN] [1784958146.380698819] [motor_controller_pid]: Left motor is saturated: target spd 0.03506304347826088
[WARN] [1784958146.382661737] [motor_controller_pid]: Right motor is saturated: target spd 0.03506304347826088
[WARN] [1784958146.430528409] [motor_controller_pid]: Left motor is saturated: target spd 0.03506304347826088
[WARN] [1784958146.431614304] [motor_controller_pid]: Right motor is saturated: target spd 0.03506304347826088
[WARN] [1784958146.483222607] [motor_controller_pid]: Left motor is saturated: target spd 0.03506304347826088
[WARN] [1784958146.485602675] [motor_controller_pid]: Right motor is saturated: target spd 0.03506304347826088
[WARN] [1784958146.530138867] [motor_controller_pid]: Left motor is saturated: target spd 0.03287160326086957
[WARN] [1784958146.531590782] [motor_controller_pid]: Right motor is saturated: target spd 0.03287160326086957
[WARN] [1784958146.580931814] [motor_controller_pid]: Left motor is saturated: target spd 0.03287160326086957
[WARN] [1784958146.582264025] [motor_controller_pid]: Right motor is saturated: target spd 0.03287160326086957
[WARN] [1784958146.630025086] [motor_controller_pid]: Left motor is saturated: target spd 0.03287160326086957
[WARN] [1784958146.632306561] [motor_controller_pid]: Right motor is saturated: target spd 0.03287160326086957
[WARN] [1784958146.682975914] [motor_controller_pid]: Left motor is saturated: target spd 0.03287160326086957
[WARN] [1784958146.684127568] [motor_controller_pid]: Right motor is saturated: target spd 0.03287160326086957
[WARN] [1784958146.730198991] [motor_controller_pid]: Left motor is saturated: target spd 0.03287160326086957
[WARN] [1784958146.731231145] [motor_controller_pid]: Right motor is saturated: target spd 0.03287160326086957
[WARN] [1784958146.779949025] [motor_controller_pid]: Left motor is saturated: target spd 0.03287160326086957
[WARN] [1784958146.782766670] [motor_controller_pid]: Right motor is saturated: target spd 0.03287160326086957
[WARN] [1784958146.830718917] [motor_controller_pid]: Left motor is saturated: target spd 0.03287160326086957
[WARN] [1784958146.832006146] [motor_controller_pid]: Right motor is saturated: target spd 0.03287160326086957
[WARN] [1784958146.879936541] [motor_controller_pid]: Left motor is saturated: target spd 0.03287160326086957
[WARN] [1784958146.881087491] [motor_controller_pid]: Right motor is saturated: target spd 0.03287160326086957
[WARN] [1784958146.929825020] [motor_controller_pid]: Left motor is saturated: target spd 0.050403125
[WARN] [1784958146.930698802] [motor_controller_pid]: Right motor is saturated: target spd 0.050403125
[WARN] [1784958146.983265388] [motor_controller_pid]: Left motor is saturated: target spd 0.03506304347826088
[WARN] [1784958146.985223084] [motor_controller_pid]: Right motor is saturated: target spd 0.03506304347826088
[WARN] [1784958147.029888869] [motor_controller_pid]: Left motor is saturated: target spd 0.03506304347826088
[WARN] [1784958147.030809300] [motor_controller_pid]: Right motor is saturated: target spd 0.03506304347826088
[WARN] [1784958147.082440585] [motor_controller_pid]: Left motor is saturated: target spd 0.03506304347826088
[WARN] [1784958147.084363743] [motor_controller_pid]: Right motor is saturated: target spd 0.03506304347826088
[WARN] [1784958147.130659444] [motor_controller_pid]: Left motor is saturated: target spd 0.03506304347826088
[WARN] [1784958147.131785783] [motor_controller_pid]: Right motor is saturated: target spd 0.03506304347826088
[WARN] [1784958147.183321049] [motor_controller_pid]: Left motor is saturated: target spd 0.03287160326086957
[WARN] [1784958147.184313851] [motor_controller_pid]: Right motor is saturated: target spd 0.03287160326086957
[WARN] [1784958147.230470977] [motor_controller_pid]: Left motor is saturated: target spd 0.03287160326086957
[WARN] [1784958147.231615502] [motor_controller_pid]: Right motor is saturated: target spd 0.03287160326086957
[WARN] [1784958147.281740260] [motor_controller_pid]: Left motor is saturated: target spd 0.03506304347826088
[WARN] [1784958147.283116841] [motor_controller_pid]: Right motor is saturated: target spd 0.03506304347826088
[WARN] [1784958147.330100972] [motor_controller_pid]: Left motor is saturated: target spd 0.03506304347826088
[WARN] [1784958147.331776259] [motor_controller_pid]: Right motor is saturated: target spd 0.03506304347826088
[WARN] [1784958147.380826604] [motor_controller_pid]: Left motor is saturated: target spd 0.03506304347826088
[WARN] [1784958147.382560410] [motor_controller_pid]: Right motor is saturated: target spd 0.03506304347826088
[WARN] [1784958147.430045673] [motor_controller_pid]: Left motor is saturated: target spd 0.03506304347826088
[WARN] [1784958147.431143364] [motor_controller_pid]: Right motor is saturated: target spd 0.03506304347826088
[WARN] [1784958147.482950686] [motor_controller_pid]: Left motor is saturated: target spd 0.03506304347826088
[WARN] [1784958147.484030951] [motor_controller_pid]: Right motor is saturated: target spd 0.03506304347826088
[WARN] [1784958147.529939595] [motor_controller_pid]: Left motor is saturated: target spd 0.03506304347826088
[WARN] [1784958147.530977175] [motor_controller_pid]: Right motor is saturated: target spd 0.03506304347826088
[WARN] [1784958147.580472337] [motor_controller_pid]: Left motor is saturated: target spd 0.03506304347826088
[WARN] [1784958147.582331717] [motor_controller_pid]: Right motor is saturated: target spd 0.03506304347826088
[WARN] [1784958147.630153964] [motor_controller_pid]: Left motor is saturated: target spd 0.03506304347826088
[WARN] [1784958147.631871639] [motor_controller_pid]: Right motor is saturated: target spd 0.03506304347826088
[WARN] [1784958147.684277909] [motor_controller_pid]: Left motor is saturated: target spd 0.03506304347826088
[WARN] [1784958147.685299785] [motor_controller_pid]: Right motor is saturated: target spd 0.03506304347826088
[WARN] [1784958147.730161127] [motor_controller_pid]: Left motor is saturated: target spd 0.03506304347826088
[WARN] [1784958147.731270818] [motor_controller_pid]: Right motor is saturated: target spd 0.03506304347826088
[WARN] [1784958147.783266568] [motor_controller_pid]: Left motor is saturated: target spd 0.03506304347826088
[WARN] [1784958147.784233406] [motor_controller_pid]: Right motor is saturated: target spd 0.03506304347826088
[WARN] [1784958147.831170870] [motor_controller_pid]: Left motor is saturated: target spd 0.03506304347826088
[WARN] [1784958147.832270728] [motor_controller_pid]: Right motor is saturated: target spd 0.03506304347826088
[WARN] [1784958147.879974233] [motor_controller_pid]: Left motor is saturated: target spd 0.03506304347826088
[WARN] [1784958147.881149794] [motor_controller_pid]: Right motor is saturated: target spd 0.03506304347826088
[WARN] [1784958147.930141751] [motor_controller_pid]: Left motor is saturated: target spd 0.03287160326086957
[WARN] [1784958147.931309164] [motor_controller_pid]: Right motor is saturated: target spd 0.03287160326086957
[WARN] [1784958147.979986563] [motor_controller_pid]: Left motor is saturated: target spd 0.03287160326086957
[WARN] [1784958147.983289710] [motor_controller_pid]: Right motor is saturated: target spd 0.03287160326086957
[WARN] [1784958148.031620385] [motor_controller_pid]: Left motor is saturated: target spd 0.03287160326086957
[WARN] [1784958148.033541710] [motor_controller_pid]: Right motor is saturated: target spd 0.03287160326086957
[WARN] [1784958148.081843607] [motor_controller_pid]: Left motor is saturated: target spd 0.03506304347826088
[WARN] [1784958148.083928858] [motor_controller_pid]: Right motor is saturated: target spd 0.03506304347826088
[WARN] [1784958148.130576191] [motor_controller_pid]: Left motor is saturated: target spd 0.03506304347826088
[WARN] [1784958148.131607752] [motor_controller_pid]: Right motor is saturated: target spd 0.03506304347826088
[WARN] [1784958148.180475374] [motor_controller_pid]: Left motor is saturated: target spd 0.03725448369565219
[WARN] [1784958148.182082216] [motor_controller_pid]: Right motor is saturated: target spd 0.03725448369565219
[WARN] [1784958148.230421021] [motor_controller_pid]: Left motor is saturated: target spd 0.03725448369565219
[WARN] [1784958148.231385767] [motor_controller_pid]: Right motor is saturated: target spd 0.03725448369565219
[WARN] [1784958148.280222815] [motor_controller_pid]: Left motor is saturated: target spd 0.03506304347826088
[WARN] [1784958148.283908556] [motor_controller_pid]: Right motor is saturated: target spd 0.03506304347826088
[WARN] [1784958148.330748686] [motor_controller_pid]: Left motor is saturated: target spd 0.03506304347826088
[WARN] [1784958148.332000896] [motor_controller_pid]: Right motor is saturated: target spd 0.03506304347826088
[WARN] [1784958148.380018422] [motor_controller_pid]: Left motor is saturated: target spd 0.03506304347826088
[WARN] [1784958148.381695745] [motor_controller_pid]: Right motor is saturated: target spd 0.03506304347826088
[WARN] [1784958148.430006846] [motor_controller_pid]: Left motor is saturated: target spd 0.03506304347826088
[WARN] [1784958148.431000888] [motor_controller_pid]: Right motor is saturated: target spd 0.03506304347826088
[WARN] [1784958148.480082845] [motor_controller_pid]: Left motor is saturated: target spd 0.03506304347826088
[WARN] [1784958148.482820933] [motor_controller_pid]: Right motor is saturated: target spd 0.03506304347826088
[WARN] [1784958148.529969695] [motor_controller_pid]: Left motor is saturated: target spd 0.03287160326086957
[WARN] [1784958148.530985978] [motor_controller_pid]: Right motor is saturated: target spd 0.03287160326086957
[WARN] [1784958148.582258223] [motor_controller_pid]: Left motor is saturated: target spd 0.03725448369565219
[WARN] [1784958148.584141955] [motor_controller_pid]: Right motor is saturated: target spd 0.03725448369565219
[WARN] [1784958148.630524898] [motor_controller_pid]: Left motor is saturated: target spd 0.03725448369565219
[WARN] [1784958148.631611830] [motor_controller_pid]: Right motor is saturated: target spd 0.03725448369565219
[WARN] [1784958148.680112617] [motor_controller_pid]: Left motor is saturated: target spd 0.03725448369565219
[WARN] [1784958148.681542680] [motor_controller_pid]: Right motor is saturated: target spd 0.03725448369565219
[WARN] [1784958148.730001800] [motor_controller_pid]: Left motor is saturated: target spd 0.03506304347826088
[WARN] [1784958148.731112287] [motor_controller_pid]: Right motor is saturated: target spd 0.03506304347826088
[WARN] [1784958148.780959211] [motor_controller_pid]: Left motor is saturated: target spd 0.03506304347826088
[WARN] [1784958148.782278329] [motor_controller_pid]: Right motor is saturated: target spd 0.03506304347826088
[WARN] [1784958148.830225094] [motor_controller_pid]: Left motor is saturated: target spd 0.03506304347826088
[WARN] [1784958148.831364507] [motor_controller_pid]: Right motor is saturated: target spd 0.03506304347826088
[WARN] [1784958148.881714786] [motor_controller_pid]: Left motor is saturated: target spd 0.03506304347826088
[WARN] [1784958148.883536258] [motor_controller_pid]: Right motor is saturated: target spd 0.03506304347826088
[WARN] [1784958148.930281425] [motor_controller_pid]: Left motor is saturated: target spd 0.03506304347826088
[WARN] [1784958148.931307652] [motor_controller_pid]: Right motor is saturated: target spd 0.03506304347826088
[WARN] [1784958148.981912302] [motor_controller_pid]: Left motor is saturated: target spd 0.03506304347826088
[WARN] [1784958148.984275777] [motor_controller_pid]: Right motor is saturated: target spd 0.03506304347826088
[WARN] [1784958149.030088569] [motor_controller_pid]: Left motor is saturated: target spd 0.03287160326086957
[WARN] [1784958149.031184315] [motor_controller_pid]: Right motor is saturated: target spd 0.03287160326086957
[WARN] [1784958149.081799428] [motor_controller_pid]: Left motor is saturated: target spd 0.03506304347826088
[WARN] [1784958149.083536622] [motor_controller_pid]: Right motor is saturated: target spd 0.03506304347826088
[WARN] [1784958149.130750810] [motor_controller_pid]: Left motor is saturated: target spd 0.03506304347826088
[WARN] [1784958149.131811390] [motor_controller_pid]: Right motor is saturated: target spd 0.03506304347826088
[WARN] [1784958149.181184014] [motor_controller_pid]: Left motor is saturated: target spd 0.03506304347826088
[WARN] [1784958149.184147770] [motor_controller_pid]: Right motor is saturated: target spd 0.03506304347826088
[WARN] [1784958149.230277397] [motor_controller_pid]: Left motor is saturated: target spd 0.050403125
[WARN] [1784958149.279912172] [motor_controller_pid]: Left motor is saturated: target spd 0.050403125
[WARN] [1784958149.330603322] [motor_controller_pid]: Left motor is saturated: target spd 0.03287160326086957
[WARN] [1784958149.331857291] [motor_controller_pid]: Right motor is saturated: target spd 0.03287160326086957
[WARN] [1784958149.380622302] [motor_controller_pid]: Left motor is saturated: target spd 0.03287160326086957
[WARN] [1784958149.382931443] [motor_controller_pid]: Right motor is saturated: target spd 0.03287160326086957
[WARN] [1784958149.430105853] [motor_controller_pid]: Left motor is saturated: target spd 0.03287160326086957
[WARN] [1784958149.431332619] [motor_controller_pid]: Right motor is saturated: target spd 0.03287160326086957
[WARN] [1784958149.481034116] [motor_controller_pid]: Left motor is saturated: target spd 0.03287160326086957
[WARN] [1784958149.484431226] [motor_controller_pid]: Right motor is saturated: target spd 0.03287160326086957
[WARN] [1784958149.530046128] [motor_controller_pid]: Left motor is saturated: target spd 0.03287160326086957
[WARN] [1784958149.531072688] [motor_controller_pid]: Right motor is saturated: target spd 0.03287160326086957
[WARN] [1784958149.580509721] [motor_controller_pid]: Left motor is saturated: target spd 0.03287160326086957
[WARN] [1784958149.581703153] [motor_controller_pid]: Right motor is saturated: target spd 0.03287160326086957
[WARN] [1784958149.630157033] [motor_controller_pid]: Left motor is saturated: target spd 0.03287160326086957
[WARN] [1784958149.631248001] [motor_controller_pid]: Right motor is saturated: target spd 0.03287160326086957
[WARN] [1784958149.679855104] [motor_controller_pid]: Left motor is saturated: target spd 0.03287160326086957
[WARN] [1784958149.681305444] [motor_controller_pid]: Right motor is saturated: target spd 0.03287160326086957
[WARN] [1784958149.730113307] [motor_controller_pid]: Left motor is saturated: target spd 0.03287160326086957
[WARN] [1784958149.731303017] [motor_controller_pid]: Right motor is saturated: target spd 0.03287160326086957
[WARN] [1784958149.782079630] [motor_controller_pid]: Left motor is saturated: target spd 0.03287160326086957
[WARN] [1784958149.783978788] [motor_controller_pid]: Right motor is saturated: target spd 0.03287160326086957
[WARN] [1784958149.830703103] [motor_controller_pid]: Left motor is saturated: target spd 0.03287160326086957
[WARN] [1784958149.831819442] [motor_controller_pid]: Right motor is saturated: target spd 0.03287160326086957
[WARN] [1784958149.881391735] [motor_controller_pid]: Left motor is saturated: target spd 0.03068016304347827
[WARN] [1784958149.882658501] [motor_controller_pid]: Right motor is saturated: target spd 0.03068016304347827
[WARN] [1784958149.930543859] [motor_controller_pid]: Left motor is saturated: target spd 0.03068016304347827
[WARN] [1784958149.931663624] [motor_controller_pid]: Right motor is saturated: target spd 0.03068016304347827
[WARN] [1784958149.981419751] [motor_controller_pid]: Left motor is saturated: target spd 0.03287160326086957
[WARN] [1784958149.983085500] [motor_controller_pid]: Right motor is saturated: target spd 0.03287160326086957
[WARN] [1784958150.030020872] [motor_controller_pid]: Left motor is saturated: target spd 0.03287160326086957
[WARN] [1784958150.031107729] [motor_controller_pid]: Right motor is saturated: target spd 0.03287160326086957
[WARN] [1784958150.082779773] [motor_controller_pid]: Left motor is saturated: target spd 0.03287160326086957
[WARN] [1784958150.084248299] [motor_controller_pid]: Right motor is saturated: target spd 0.03287160326086957
[WARN] [1784958150.130496593] [motor_controller_pid]: Left motor is saturated: target spd 0.03287160326086957
[WARN] [1784958150.131820563] [motor_controller_pid]: Right motor is saturated: target spd 0.03287160326086957
[WARN] [1784958150.180471740] [motor_controller_pid]: Left motor is saturated: target spd 0.03506304347826088
[WARN] [1784958150.182007099] [motor_controller_pid]: Right motor is saturated: target spd 0.03506304347826088
[WARN] [1784958150.231089260] [motor_controller_pid]: Left motor is saturated: target spd 0.03506304347826088
[WARN] [1784958150.232148488] [motor_controller_pid]: Right motor is saturated: target spd 0.03506304347826088
[WARN] [1784958150.283482604] [motor_controller_pid]: Left motor is saturated: target spd 0.03506304347826088
[WARN] [1784958150.284608425] [motor_controller_pid]: Right motor is saturated: target spd 0.03506304347826088
[WARN] [1784958150.331126127] [motor_controller_pid]: Left motor is saturated: target spd 0.03506304347826088
[WARN] [1784958150.332444801] [motor_controller_pid]: Right motor is saturated: target spd 0.03506304347826088
[WARN] [1784958150.382330539] [motor_controller_pid]: Left motor is saturated: target spd 0.03506304347826088
[WARN] [1784958150.384707774] [motor_controller_pid]: Right motor is saturated: target spd 0.03506304347826088
[WARN] [1784958150.430162397] [motor_controller_pid]: Left motor is saturated: target spd 0.03506304347826088
[WARN] [1784958150.431268218] [motor_controller_pid]: Right motor is saturated: target spd 0.03506304347826088
[WARN] [1784958150.480622454] [motor_controller_pid]: Left motor is saturated: target spd 0.03506304347826088
[WARN] [1784958150.484038212] [motor_controller_pid]: Right motor is saturated: target spd 0.03506304347826088
[WARN] [1784958150.530063838] [motor_controller_pid]: Left motor is saturated: target spd 0.050403125
[WARN] [1784958150.580648914] [motor_controller_pid]: Left motor is saturated: target spd 0.050403125
[WARN] [1784958150.630946747] [motor_controller_pid]: Left motor is saturated: target spd 0.03506304347826088
[WARN] [1784958150.680258075] [motor_controller_pid]: Left motor is saturated: target spd 0.03506304347826088
[WARN] [1784958150.730708446] [motor_controller_pid]: Left motor is saturated: target spd 0.03506304347826088
[WARN] [1784958150.780321128] [motor_controller_pid]: Left motor is saturated: target spd 0.03506304347826088
[WARN] [1784958150.830262941] [motor_controller_pid]: Left motor is saturated: target spd 0.03506304347826088
[WARN] [1784958150.881454853] [motor_controller_pid]: Left motor is saturated: target spd 0.050403125
[WARN] [1784958150.929813325] [motor_controller_pid]: Left motor is saturated: target spd 0.050403125
[WARN] [1784958150.981699203] [motor_controller_pid]: Left motor is saturated: target spd 0.050403125
[WARN] [1784958151.030022212] [motor_controller_pid]: Left motor is saturated: target spd 0.03506304347826088
[WARN] [1784958151.082067443] [motor_controller_pid]: Left motor is saturated: target spd 0.03506304347826088
[WARN] [1784958151.130217321] [motor_controller_pid]: Left motor is saturated: target spd 0.03506304347826088
[WARN] [1784958151.180725155] [motor_controller_pid]: Left motor is saturated: target spd 0.03506304347826088
[WARN] [1784958151.230095521] [motor_controller_pid]: Left motor is saturated: target spd 0.03506304347826088
[WARN] [1784958151.282920904] [motor_controller_pid]: Left motor is saturated: target spd 0.03506304347826088
[WARN] [1784958151.330199296] [motor_controller_pid]: Left motor is saturated: target spd 0.03506304347826088
[WARN] [1784958151.379966756] [motor_controller_pid]: Left motor is saturated: target spd 0.03506304347826088
[WARN] [1784958151.430174293] [motor_controller_pid]: Left motor is saturated: target spd 0.050403125
[WARN] [1784958151.480572312] [motor_controller_pid]: Left motor is saturated: target spd 0.050403125
[WARN] [1784958151.529930770] [motor_controller_pid]: Left motor is saturated: target spd 0.03506304347826088
[WARN] [1784958151.583860363] [motor_controller_pid]: Left motor is saturated: target spd 0.03506304347826088
[WARN] [1784958151.630759623] [motor_controller_pid]: Left motor is saturated: target spd 0.03506304347826088
[WARN] [1784958151.679956247] [motor_controller_pid]: Left motor is saturated: target spd 0.03506304347826088
[WARN] [1784958151.730047431] [motor_controller_pid]: Left motor is saturated: target spd 0.03506304347826088
[WARN] [1784958151.782944426] [motor_controller_pid]: Left motor is saturated: target spd 0.03506304347826088
[WARN] [1784958151.830167558] [motor_controller_pid]: Left motor is saturated: target spd 0.03506304347826088
[WARN] [1784958151.880380576] [motor_controller_pid]: Left motor is saturated: target spd 0.03506304347826088
[WARN] [1784958151.930319982] [motor_controller_pid]: Left motor is saturated: target spd 0.03506304347826088
[WARN] [1784958151.979825922] [motor_controller_pid]: Left motor is saturated: target spd 0.03506304347826088
[WARN] [1784958152.030567425] [motor_controller_pid]: Left motor is saturated: target spd 0.03506304347826088
[WARN] [1784958152.081917430] [motor_controller_pid]: Left motor is saturated: target spd 0.03506304347826088
[WARN] [1784958152.130639848] [motor_controller_pid]: Left motor is saturated: target spd 0.03506304347826088
[WARN] [1784958152.179893343] [motor_controller_pid]: Left motor is saturated: target spd 0.03506304347826088
[WARN] [1784958152.229944267] [motor_controller_pid]: Left motor is saturated: target spd 0.03506304347826088
[WARN] [1784958152.280384787] [motor_controller_pid]: Left motor is saturated: target spd 0.03506304347826088
[WARN] [1784958152.331373772] [motor_controller_pid]: Left motor is saturated: target spd 0.03506304347826088
[WARN] [1784958152.379967096] [motor_controller_pid]: Left motor is saturated: target spd 0.03506304347826088
[WARN] [1784958152.430003836] [motor_controller_pid]: Left motor is saturated: target spd 0.03506304347826088
[WARN] [1784958152.480548689] [motor_controller_pid]: Left motor is saturated: target spd 0.03506304347826088
[WARN] [1784958152.529953425] [motor_controller_pid]: Left motor is saturated: target spd 0.03506304347826088
[WARN] [1784958152.582110786] [motor_controller_pid]: Left motor is saturated: target spd 0.03287160326086957
[WARN] [1784958152.632180470] [motor_controller_pid]: Left motor is saturated: target spd 0.03287160326086957
[WARN] [1784958152.683939941] [motor_controller_pid]: Left motor is saturated: target spd 0.03506304347826088
[WARN] [1784958152.730378643] [motor_controller_pid]: Left motor is saturated: target spd 0.03506304347826088
[WARN] [1784958152.783147489] [motor_controller_pid]: Left motor is saturated: target spd 0.03287160326086957
[WARN] [1784958152.830688512] [motor_controller_pid]: Left motor is saturated: target spd 0.03287160326086957
[WARN] [1784958152.880025341] [motor_controller_pid]: Left motor is saturated: target spd 0.03287160326086957
[WARN] [1784958152.930858529] [motor_controller_pid]: Left motor is saturated: target spd 0.03506304347826088
[WARN] [1784958152.980166060] [motor_controller_pid]: Left motor is saturated: target spd 0.03287160326086957
[WARN] [1784958153.030568654] [motor_controller_pid]: Left motor is saturated: target spd 0.03287160326086957
[WARN] [1784958153.080374707] [motor_controller_pid]: Left motor is saturated: target spd 0.03287160326086957
[WARN] [1784958153.130894523] [motor_controller_pid]: Left motor is saturated: target spd 0.03287160326086957
[WARN] [1784958153.181074633] [motor_controller_pid]: Left motor is saturated: target spd 0.03287160326086957
[WARN] [1784958153.230213757] [motor_controller_pid]: Left motor is saturated: target spd 0.03725448369565219
[WARN] [1784958153.280012402] [motor_controller_pid]: Left motor is saturated: target spd 0.03725448369565219
[WARN] [1784958153.330728090] [motor_controller_pid]: Left motor is saturated: target spd 0.03506304347826088
[WARN] [1784958153.380748496] [motor_controller_pid]: Left motor is saturated: target spd 0.03506304347826088
[WARN] [1784958153.431131311] [motor_controller_pid]: Left motor is saturated: target spd 0.03287160326086957
[WARN] [1784958153.481732979] [motor_controller_pid]: Left motor is saturated: target spd 0.03287160326086957
[WARN] [1784958153.530446730] [motor_controller_pid]: Left motor is saturated: target spd 0.03287160326086957
[WARN] [1784958153.581534809] [motor_controller_pid]: Left motor is saturated: target spd 0.03287160326086957
[WARN] [1784958153.630084466] [motor_controller_pid]: Left motor is saturated: target spd 0.03287160326086957
[WARN] [1784958153.679837260] [motor_controller_pid]: Left motor is saturated: target spd 0.03287160326086957
[WARN] [1784958153.730334242] [motor_controller_pid]: Left motor is saturated: target spd 0.03506304347826088
[WARN] [1784958153.782088953] [motor_controller_pid]: Left motor is saturated: target spd 0.03287160326086957
[WARN] [1784958153.830361906] [motor_controller_pid]: Left motor is saturated: target spd 0.03287160326086957
[WARN] [1784958153.880423497] [motor_controller_pid]: Left motor is saturated: target spd 0.03287160326086957
[WARN] [1784958153.930038790] [motor_controller_pid]: Left motor is saturated: target spd 0.03287160326086957
[WARN] [1784958153.981315462] [motor_controller_pid]: Left motor is saturated: target spd 0.03287160326086957
[WARN] [1784958154.029967953] [motor_controller_pid]: Left motor is saturated: target spd 0.03506304347826088
[WARN] [1784958154.080075212] [motor_controller_pid]: Left motor is saturated: target spd 0.03506304347826088
[WARN] [1784958154.130709084] [motor_controller_pid]: Left motor is saturated: target spd 0.03287160326086957
[WARN] [1784958154.184941586] [motor_controller_pid]: Left motor is saturated: target spd 0.03287160326086957
[WARN] [1784958154.230756451] [motor_controller_pid]: Left motor is saturated: target spd 0.03287160326086957
[WARN] [1784958154.280715839] [motor_controller_pid]: Left motor is saturated: target spd 0.03287160326086957
[WARN] [1784958154.330520262] [motor_controller_pid]: Left motor is saturated: target spd 0.03506304347826088
[WARN] [1784958154.379861850] [motor_controller_pid]: Left motor is saturated: target spd 0.03506304347826088
[WARN] [1784958154.430357332] [motor_controller_pid]: Left motor is saturated: target spd 0.03506304347826088
[WARN] [1784958154.479806365] [motor_controller_pid]: Left motor is saturated: target spd 0.03506304347826088
[WARN] [1784958154.530048791] [motor_controller_pid]: Left motor is saturated: target spd 0.050403125
[WARN] [1784958154.583448084] [motor_controller_pid]: Left motor is saturated: target spd 0.03287160326086957
[WARN] [1784958154.630801236] [motor_controller_pid]: Left motor is saturated: target spd 0.03287160326086957
[WARN] [1784958154.680368695] [motor_controller_pid]: Left motor is saturated: target spd 0.03287160326086957
[WARN] [1784958154.729996729] [motor_controller_pid]: Left motor is saturated: target spd 0.03287160326086957
[WARN] [1784958154.780444544] [motor_controller_pid]: Left motor is saturated: target spd 0.03506304347826088
[WARN] [1784958154.830120356] [motor_controller_pid]: Left motor is saturated: target spd 0.03506304347826088
[WARN] [1784958154.879803056] [motor_controller_pid]: Left motor is saturated: target spd 0.03506304347826088
[WARN] [1784958154.930046834] [motor_controller_pid]: Left motor is saturated: target spd 0.03506304347826088
[WARN] [1784958154.980493113] [motor_controller_pid]: Left motor is saturated: target spd 0.03287160326086957
[WARN] [1784958155.030236721] [motor_controller_pid]: Left motor is saturated: target spd 0.03287160326086957
[WARN] [1784958155.080313201] [motor_controller_pid]: Left motor is saturated: target spd 0.03506304347826088
[WARN] [1784958155.130102476] [motor_controller_pid]: Left motor is saturated: target spd 0.03506304347826088
[WARN] [1784958155.181525575] [motor_controller_pid]: Left motor is saturated: target spd 0.03287160326086957
[WARN] [1784958155.230011269] [motor_controller_pid]: Left motor is saturated: target spd 0.03287160326086957
[WARN] [1784958155.282704393] [motor_controller_pid]: Left motor is saturated: target spd 0.03725448369565219
[WARN] [1784958155.330800215] [motor_controller_pid]: Left motor is saturated: target spd 0.03725448369565219
[WARN] [1784958155.383162873] [motor_controller_pid]: Left motor is saturated: target spd 0.03506304347826088
[WARN] [1784958155.430068967] [motor_controller_pid]: Left motor is saturated: target spd 0.03506304347826088
[WARN] [1784958155.480418949] [motor_controller_pid]: Left motor is saturated: target spd 0.03506304347826088
[WARN] [1784958155.530437892] [motor_controller_pid]: Left motor is saturated: target spd 0.03068016304347827
[WARN] [1784958155.580955226] [motor_controller_pid]: Left motor is saturated: target spd 0.03506304347826088
[WARN] [1784958155.630474519] [motor_controller_pid]: Left motor is saturated: target spd 0.03506304347826088
[WARN] [1784958155.683314439] [motor_controller_pid]: Left motor is saturated: target spd 0.03506304347826088
[WARN] [1784958155.730335570] [motor_controller_pid]: Left motor is saturated: target spd 0.03506304347826088
[WARN] [1784958155.781490890] [motor_controller_pid]: Left motor is saturated: target spd 0.03506304347826088
[WARN] [1784958155.831290091] [motor_controller_pid]: Left motor is saturated: target spd 0.03287160326086957
[WARN] [1784958155.882789597] [motor_controller_pid]: Left motor is saturated: target spd 0.03287160326086957
[WARN] [1784958155.931507052] [motor_controller_pid]: Left motor is saturated: target spd 0.03681619565217392
[WARN] [1784958155.980085265] [motor_controller_pid]: Left motor is saturated: target spd 0.03681619565217392
[WARN] [1784958156.029915430] [motor_controller_pid]: Left motor is saturated: target spd 0.030241875000000005
[WARN] [1784958156.080067577] [motor_controller_pid]: Left motor is saturated: target spd 0.030241875000000005
[WARN] [1784958156.130113890] [motor_controller_pid]: Left motor is saturated: target spd 0.020161250000000006
[WARN] [1784958156.179888388] [motor_controller_pid]: Left motor is saturated: target spd 0.020161250000000006
[WARN] [1784958156.230262629] [motor_controller_pid]: Left motor is saturated: target spd 0.010080625000000008
[WARN] [1784958156.280101553] [motor_controller_pid]: Left motor is saturated: target spd 0.010080625000000008
[WARN] [1784958157.329662685] [motor_controller_pid]: Command timeout; stopping motors
[WARN] [1784958163.584312778] [motor_controller_pid]: Left motor is saturated: target spd -0.088118471503458
[WARN] [1784958163.589617158] [motor_controller_pid]: Right motor is saturated: target spd 0.09306077757983433
[WARN] [1784958163.629892995] [motor_controller_pid]: Left motor is saturated: target spd -0.088118471503458
[WARN] [1784958163.632159081] [motor_controller_pid]: Right motor is saturated: target spd 0.09306077757983433
[WARN] [1784958163.695490926] [motor_controller_pid]: Left motor is saturated: target spd -0.088118471503458
[WARN] [1784958163.697120156] [motor_controller_pid]: Right motor is saturated: target spd 0.09306077757983433
[WARN] [1784958163.798427067] [motor_controller_pid]: Left motor is saturated: target spd -0.088118471503458
[WARN] [1784958163.859146936] [motor_controller_pid]: Right motor is saturated: target spd 0.09306077757983433
[WARN] [1784958163.941187692] [motor_controller_pid]: Left motor is saturated: target spd -0.088118471503458
[WARN] [1784958163.950561352] [motor_controller_pid]: Right motor is saturated: target spd 0.09306077757983433
[WARN] [1784958163.963939309] [motor_controller_pid]: Left motor is saturated: target spd -0.088118471503458
[WARN] [1784958163.967750237] [motor_controller_pid]: Right motor is saturated: target spd 0.09306077757983433
[WARN] [1784958163.982458905] [motor_controller_pid]: Left motor is saturated: target spd -0.088118471503458
[WARN] [1784958163.986022868] [motor_controller_pid]: Right motor is saturated: target spd 0.09306077757983433
[WARN] [1784958164.051647187] [motor_controller_pid]: Left motor is saturated: target spd -0.088118471503458
[WARN] [1784958164.065473222] [motor_controller_pid]: Right motor is saturated: target spd 0.09306077757983433
[WARN] [1784958164.109940895] [motor_controller_pid]: Left motor is saturated: target spd -0.088118471503458
[WARN] [1784958164.115819796] [motor_controller_pid]: Right motor is saturated: target spd 0.09306077757983433
[WARN] [1784958164.131965768] [motor_controller_pid]: Left motor is saturated: target spd -0.088118471503458
[WARN] [1784958164.141094075] [motor_controller_pid]: Right motor is saturated: target spd 0.09306077757983433
[WARN] [1784958164.181921118] [motor_controller_pid]: Left motor is saturated: target spd -0.088118471503458
[WARN] [1784958164.189376490] [motor_controller_pid]: Right motor is saturated: target spd 0.09306077757983433
[WARN] [1784958164.233767423] [motor_controller_pid]: Left motor is saturated: target spd -0.088118471503458
[WARN] [1784958164.238577151] [motor_controller_pid]: Right motor is saturated: target spd 0.09306077757983433
[WARN] [1784958164.285898988] [motor_controller_pid]: Left motor is saturated: target spd -0.050589624541646165
[WARN] [1784958164.293644676] [motor_controller_pid]: Right motor is saturated: target spd 0.050589624541646165
[WARN] [1784958164.334300793] [motor_controller_pid]: Left motor is saturated: target spd 0.029410375458353837
[WARN] [1784958164.337936756] [motor_controller_pid]: Right motor is saturated: target spd -0.029410375458353837
[WARN] [1784958164.397579526] [motor_controller_pid]: Left motor is saturated: target spd 0.029410375458353837
[WARN] [1784958164.407402299] [motor_controller_pid]: Right motor is saturated: target spd -0.029410375458353837
[WARN] [1784958164.437852586] [motor_controller_pid]: Left motor is saturated: target spd 0.059410375458353835
[WARN] [1784958164.439737373] [motor_controller_pid]: Right motor is saturated: target spd -0.059410375458353835
[WARN] [1784958169.680042923] [motor_controller_pid]: Left motor is saturated: target spd 0.15000000596046448
[WARN] [1784958169.729867384] [motor_controller_pid]: Left motor is saturated: target spd 0.15000000596046448
[WARN] [1784958169.731143612] [motor_controller_pid]: Right motor is saturated: target spd -0.15000000596046448
[WARN] [1784958169.780202217] [motor_controller_pid]: Left motor is saturated: target spd 0.15000000596046448
[WARN] [1784958169.781728540] [motor_controller_pid]: Right motor is saturated: target spd -0.15000000596046448
[WARN] [1784958169.832710562] [motor_controller_pid]: Left motor is saturated: target spd 0.15000000596046448
[WARN] [1784958169.834518997] [motor_controller_pid]: Right motor is saturated: target spd -0.15000000596046448
[WARN] [1784958169.880103010] [motor_controller_pid]: Left motor is saturated: target spd 0.15000000596046448
[WARN] [1784958169.883253711] [motor_controller_pid]: Right motor is saturated: target spd -0.15000000596046448
[WARN] [1784958169.929971897] [motor_controller_pid]: Left motor is saturated: target spd 0.15000000596046448
[WARN] [1784958169.931502571] [motor_controller_pid]: Right motor is saturated: target spd -0.15000000596046448
[WARN] [1784958169.979917080] [motor_controller_pid]: Left motor is saturated: target spd 0.15000000596046448
[WARN] [1784958169.983587377] [motor_controller_pid]: Right motor is saturated: target spd -0.15000000596046448
[WARN] [1784958170.030026246] [motor_controller_pid]: Left motor is saturated: target spd 0.15000000596046448
[WARN] [1784958170.031100844] [motor_controller_pid]: Right motor is saturated: target spd -0.15000000596046448
[WARN] [1784958170.083320132] [motor_controller_pid]: Left motor is saturated: target spd 0.15000000596046448
[WARN] [1784958170.085022937] [motor_controller_pid]: Right motor is saturated: target spd -0.15000000596046448
[WARN] [1784958170.130124391] [motor_controller_pid]: Left motor is saturated: target spd 0.15000000596046448
[WARN] [1784958170.131128359] [motor_controller_pid]: Right motor is saturated: target spd -0.15000000596046448
[WARN] [1784958170.183508833] [motor_controller_pid]: Left motor is saturated: target spd 0.15000000596046448
[WARN] [1784958170.186610220] [motor_controller_pid]: Right motor is saturated: target spd -0.15000000596046448
[WARN] [1784958170.230074703] [motor_controller_pid]: Left motor is saturated: target spd 0.15000000596046448
[WARN] [1784958170.231240413] [motor_controller_pid]: Right motor is saturated: target spd -0.15000000596046448
[WARN] [1784958170.280869020] [motor_controller_pid]: Left motor is saturated: target spd 0.15000000596046448
[WARN] [1784958170.281985137] [motor_controller_pid]: Right motor is saturated: target spd -0.15000000596046448
[WARN] [1784958170.330253553] [motor_controller_pid]: Left motor is saturated: target spd 0.15000000596046448
[WARN] [1784958170.331349780] [motor_controller_pid]: Right motor is saturated: target spd -0.15000000596046448
[WARN] [1784958170.379763623] [motor_controller_pid]: Left motor is saturated: target spd 0.15000000596046448
[WARN] [1784958170.381671558] [motor_controller_pid]: Right motor is saturated: target spd -0.15000000596046448
[WARN] [1784958170.430043345] [motor_controller_pid]: Left motor is saturated: target spd 0.15000000596046448
[WARN] [1784958170.431164073] [motor_controller_pid]: Right motor is saturated: target spd -0.15000000596046448
[WARN] [1784958170.483046840] [motor_controller_pid]: Left motor is saturated: target spd 0.15000000596046448
[WARN] [1784958170.485423501] [motor_controller_pid]: Right motor is saturated: target spd -0.15000000596046448
[WARN] [1784958170.529913897] [motor_controller_pid]: Left motor is saturated: target spd 0.15000000596046448
[WARN] [1784958170.530974254] [motor_controller_pid]: Right motor is saturated: target spd -0.15000000596046448
[WARN] [1784958170.580842029] [motor_controller_pid]: Left motor is saturated: target spd 0.15000000596046448
[WARN] [1784958170.583091800] [motor_controller_pid]: Right motor is saturated: target spd -0.15000000596046448
[WARN] [1784958170.630012894] [motor_controller_pid]: Left motor is saturated: target spd 0.15000000596046448
[WARN] [1784958170.631027640] [motor_controller_pid]: Right motor is saturated: target spd -0.15000000596046448
[WARN] [1784958170.680139467] [motor_controller_pid]: Left motor is saturated: target spd 0.15000000596046448
[WARN] [1784958170.682377608] [motor_controller_pid]: Right motor is saturated: target spd -0.15000000596046448
[WARN] [1784958170.729795945] [motor_controller_pid]: Left motor is saturated: target spd 0.15000000596046448
[WARN] [1784958170.730856432] [motor_controller_pid]: Right motor is saturated: target spd -0.15000000596046448
[WARN] [1784958170.780096501] [motor_controller_pid]: Left motor is saturated: target spd 0.15000000596046448
[WARN] [1784958170.782793330] [motor_controller_pid]: Right motor is saturated: target spd -0.15000000596046448
[WARN] [1784958170.830067851] [motor_controller_pid]: Left motor is saturated: target spd 0.15000000596046448
[WARN] [1784958170.831137209] [motor_controller_pid]: Right motor is saturated: target spd -0.15000000596046448
[WARN] [1784958170.880701131] [motor_controller_pid]: Left motor is saturated: target spd 0.15000000596046448
[WARN] [1784958170.883086939] [motor_controller_pid]: Right motor is saturated: target spd -0.15000000596046448
[WARN] [1784958170.930030459] [motor_controller_pid]: Left motor is saturated: target spd 0.15000000596046448
[WARN] [1784958170.930920519] [motor_controller_pid]: Right motor is saturated: target spd -0.15000000596046448
[WARN] [1784958170.980147884] [motor_controller_pid]: Left motor is saturated: target spd 0.15000000596046448
[WARN] [1784958170.982479785] [motor_controller_pid]: Right motor is saturated: target spd -0.15000000596046448
[WARN] [1784958171.029817974] [motor_controller_pid]: Left motor is saturated: target spd 0.15000000596046448
[WARN] [1784958171.030773738] [motor_controller_pid]: Right motor is saturated: target spd -0.15000000596046448
[WARN] [1784958171.082075243] [motor_controller_pid]: Left motor is saturated: target spd 0.15000000596046448
[WARN] [1784958171.084545200] [motor_controller_pid]: Right motor is saturated: target spd -0.15000000596046448
[WARN] [1784958171.130072194] [motor_controller_pid]: Left motor is saturated: target spd 0.15000000596046448
[WARN] [1784958171.131123588] [motor_controller_pid]: Right motor is saturated: target spd -0.15000000596046448
[WARN] [1784958171.180065507] [motor_controller_pid]: Left motor is saturated: target spd 0.15000000596046448
[WARN] [1784958171.181931332] [motor_controller_pid]: Right motor is saturated: target spd -0.15000000596046448
[WARN] [1784958171.230045043] [motor_controller_pid]: Left motor is saturated: target spd 0.15000000596046448
[WARN] [1784958171.231439476] [motor_controller_pid]: Right motor is saturated: target spd -0.15000000596046448
[WARN] [1784958171.280005263] [motor_controller_pid]: Left motor is saturated: target spd 0.15000000596046448
[WARN] [1784958171.284301933] [motor_controller_pid]: Right motor is saturated: target spd -0.15000000596046448
[WARN] [1784958171.331715530] [motor_controller_pid]: Left motor is saturated: target spd 0.15000000596046448
[WARN] [1784958171.334775120] [motor_controller_pid]: Right motor is saturated: target spd -0.15000000596046448
[WARN] [1784958171.380379262] [motor_controller_pid]: Left motor is saturated: target spd 0.15000000596046448
[WARN] [1784958171.381611676] [motor_controller_pid]: Right motor is saturated: target spd -0.15000000596046448
[WARN] [1784958171.430150352] [motor_controller_pid]: Left motor is saturated: target spd 0.15000000596046448
[WARN] [1784958171.431168376] [motor_controller_pid]: Right motor is saturated: target spd -0.15000000596046448
[WARN] [1784958171.482153805] [motor_controller_pid]: Left motor is saturated: target spd 0.15000000596046448
[WARN] [1784958171.484819652] [motor_controller_pid]: Right motor is saturated: target spd -0.15000000596046448
[WARN] [1784958171.529910700] [motor_controller_pid]: Left motor is saturated: target spd 0.15000000596046448
[WARN] [1784958171.531085132] [motor_controller_pid]: Right motor is saturated: target spd -0.15000000596046448
[WARN] [1784958171.583511587] [motor_controller_pid]: Left motor is saturated: target spd 0.15000000596046448
[WARN] [1784958171.585165836] [motor_controller_pid]: Right motor is saturated: target spd -0.15000000596046448
[WARN] [1784958171.629986252] [motor_controller_pid]: Left motor is saturated: target spd 0.15000000596046448
[WARN] [1784958171.631036110] [motor_controller_pid]: Right motor is saturated: target spd -0.15000000596046448
[WARN] [1784958171.683943697] [motor_controller_pid]: Left motor is saturated: target spd 0.15000000596046448
[WARN] [1784958171.684932239] [motor_controller_pid]: Right motor is saturated: target spd -0.15000000596046448
[WARN] [1784958171.729728044] [motor_controller_pid]: Left motor is saturated: target spd 0.15000000596046448
[WARN] [1784958171.730697068] [motor_controller_pid]: Right motor is saturated: target spd -0.15000000596046448
[WARN] [1784958171.780850049] [motor_controller_pid]: Left motor is saturated: target spd 0.15000000596046448
[WARN] [1784958171.784388900] [motor_controller_pid]: Right motor is saturated: target spd -0.15000000596046448
[WARN] [1784958171.830017635] [motor_controller_pid]: Left motor is saturated: target spd 0.15000000596046448
[WARN] [1784958171.831156030] [motor_controller_pid]: Right motor is saturated: target spd -0.15000000596046448
[WARN] [1784958171.883739394] [motor_controller_pid]: Left motor is saturated: target spd 0.15000000596046448
[WARN] [1784958171.884979141] [motor_controller_pid]: Right motor is saturated: target spd -0.15000000596046448
[WARN] [1784958171.929971299] [motor_controller_pid]: Left motor is saturated: target spd 0.15000000596046448
[WARN] [1784958171.931044378] [motor_controller_pid]: Right motor is saturated: target spd -0.15000000596046448
[WARN] [1784958171.983308426] [motor_controller_pid]: Left motor is saturated: target spd 0.15000000596046448
[WARN] [1784958171.984964786] [motor_controller_pid]: Right motor is saturated: target spd -0.15000000596046448
[WARN] [1784958172.030454613] [motor_controller_pid]: Left motor is saturated: target spd 0.15000000596046448
[WARN] [1784958172.031594804] [motor_controller_pid]: Right motor is saturated: target spd -0.15000000596046448
[WARN] [1784958172.079886331] [motor_controller_pid]: Left motor is saturated: target spd 0.15000000596046448
[WARN] [1784958172.082430770] [motor_controller_pid]: Right motor is saturated: target spd -0.15000000596046448
[WARN] [1784958172.130170349] [motor_controller_pid]: Left motor is saturated: target spd 0.15000000596046448
[WARN] [1784958172.131296948] [motor_controller_pid]: Right motor is saturated: target spd -0.15000000596046448
[WARN] [1784958172.183492161] [motor_controller_pid]: Left motor is saturated: target spd 0.15000000596046448
[WARN] [1784958172.185533357] [motor_controller_pid]: Right motor is saturated: target spd -0.15000000596046448
[WARN] [1784958172.229939604] [motor_controller_pid]: Left motor is saturated: target spd 0.15000000596046448
[WARN] [1784958172.231013277] [motor_controller_pid]: Right motor is saturated: target spd -0.15000000596046448
[WARN] [1784958172.280699033] [motor_controller_pid]: Left motor is saturated: target spd 0.15000000596046448
[WARN] [1784958172.282632357] [motor_controller_pid]: Right motor is saturated: target spd -0.15000000596046448
[WARN] [1784958172.329955064] [motor_controller_pid]: Left motor is saturated: target spd 0.15000000596046448
[WARN] [1784958172.330889865] [motor_controller_pid]: Right motor is saturated: target spd -0.15000000596046448
[WARN] [1784958172.380572973] [motor_controller_pid]: Left motor is saturated: target spd 0.15000000596046448
[WARN] [1784958172.383219302] [motor_controller_pid]: Right motor is saturated: target spd -0.15000000596046448
[WARN] [1784958172.430003043] [motor_controller_pid]: Left motor is saturated: target spd 0.15000000596046448
[WARN] [1784958172.430995474] [motor_controller_pid]: Right motor is saturated: target spd -0.15000000596046448
[WARN] [1784958172.482176034] [motor_controller_pid]: Left motor is saturated: target spd 0.15000000596046448
[WARN] [1784958172.485976813] [motor_controller_pid]: Right motor is saturated: target spd -0.15000000596046448
[WARN] [1784958172.529878743] [motor_controller_pid]: Left motor is saturated: target spd 0.15000000596046448
[WARN] [1784958172.531031193] [motor_controller_pid]: Right motor is saturated: target spd -0.15000000596046448
[WARN] [1784958172.582725701] [motor_controller_pid]: Left motor is saturated: target spd 0.15000000596046448
[WARN] [1784958172.585294621] [motor_controller_pid]: Right motor is saturated: target spd -0.15000000596046448
[WARN] [1784958172.630210279] [motor_controller_pid]: Left motor is saturated: target spd 0.15000000596046448
[WARN] [1784958172.631182691] [motor_controller_pid]: Right motor is saturated: target spd -0.15000000596046448
[WARN] [1784958172.681837526] [motor_controller_pid]: Left motor is saturated: target spd 0.15000000596046448
[WARN] [1784958172.684612207] [motor_controller_pid]: Right motor is saturated: target spd -0.15000000596046448
[WARN] [1784958172.729965052] [motor_controller_pid]: Left motor is saturated: target spd 0.15000000596046448
[WARN] [1784958172.731097428] [motor_controller_pid]: Right motor is saturated: target spd -0.15000000596046448
[WARN] [1784958172.781807634] [motor_controller_pid]: Left motor is saturated: target spd 0.15000000596046448
[WARN] [1784958172.784740057] [motor_controller_pid]: Right motor is saturated: target spd -0.15000000596046448
[WARN] [1784958172.830884017] [motor_controller_pid]: Left motor is saturated: target spd 0.15000000596046448
[WARN] [1784958172.831945763] [motor_controller_pid]: Right motor is saturated: target spd -0.15000000596046448
[WARN] [1784958172.881170276] [motor_controller_pid]: Left motor is saturated: target spd 0.15000000596046448
[WARN] [1784958172.883626030] [motor_controller_pid]: Right motor is saturated: target spd -0.15000000596046448
[WARN] [1784958172.930057250] [motor_controller_pid]: Left motor is saturated: target spd 0.15000000596046448
[WARN] [1784958172.931237682] [motor_controller_pid]: Right motor is saturated: target spd -0.15000000596046448
[WARN] [1784958172.982758966] [motor_controller_pid]: Left motor is saturated: target spd 0.15000000596046448
[WARN] [1784958172.984126288] [motor_controller_pid]: Right motor is saturated: target spd -0.15000000596046448
[WARN] [1784958173.030161266] [motor_controller_pid]: Left motor is saturated: target spd 0.15000000596046448
[WARN] [1784958173.031623404] [motor_controller_pid]: Right motor is saturated: target spd -0.15000000596046448
[WARN] [1784958173.080069338] [motor_controller_pid]: Left motor is saturated: target spd 0.15000000596046448
[WARN] [1784958173.081688125] [motor_controller_pid]: Right motor is saturated: target spd -0.15000000596046448
[WARN] [1784958173.131065490] [motor_controller_pid]: Left motor is saturated: target spd 0.15000000596046448
[WARN] [1784958173.132618109] [motor_controller_pid]: Right motor is saturated: target spd -0.15000000596046448
[WARN] [1784958173.183417334] [motor_controller_pid]: Left motor is saturated: target spd 0.15000000596046448
[WARN] [1784958173.186283071] [motor_controller_pid]: Right motor is saturated: target spd -0.15000000596046448
[WARN] [1784958173.229918018] [motor_controller_pid]: Left motor is saturated: target spd 0.15000000596046448
[WARN] [1784958173.231015265] [motor_controller_pid]: Right motor is saturated: target spd -0.15000000596046448
[WARN] [1784958173.280780725] [motor_controller_pid]: Left motor is saturated: target spd 0.15000000596046448
[WARN] [1784958173.282423233] [motor_controller_pid]: Right motor is saturated: target spd -0.15000000596046448
[WARN] [1784958173.330106868] [motor_controller_pid]: Left motor is saturated: target spd 0.15000000596046448
[WARN] [1784958173.331159059] [motor_controller_pid]: Right motor is saturated: target spd -0.15000000596046448
[WARN] [1784958173.379724568] [motor_controller_pid]: Left motor is saturated: target spd 0.15000000596046448
[WARN] [1784958173.381694023] [motor_controller_pid]: Right motor is saturated: target spd -0.15000000596046448
[WARN] [1784958173.429897086] [motor_controller_pid]: Left motor is saturated: target spd 0.15000000596046448
[WARN] [1784958173.430938221] [motor_controller_pid]: Right motor is saturated: target spd -0.15000000596046448
[WARN] [1784958173.485068741] [motor_controller_pid]: Left motor is saturated: target spd 0.15000000596046448
[WARN] [1784958173.486603249] [motor_controller_pid]: Right motor is saturated: target spd -0.15000000596046448
[WARN] [1784958173.529889454] [motor_controller_pid]: Left motor is saturated: target spd 0.15000000596046448
[WARN] [1784958173.530911237] [motor_controller_pid]: Right motor is saturated: target spd -0.15000000596046448
[WARN] [1784958173.580237880] [motor_controller_pid]: Left motor is saturated: target spd 0.15000000596046448
[WARN] [1784958173.581328256] [motor_controller_pid]: Right motor is saturated: target spd -0.15000000596046448
[WARN] [1784958173.629981099] [motor_controller_pid]: Left motor is saturated: target spd 0.15000000596046448
[WARN] [1784958173.630980271] [motor_controller_pid]: Right motor is saturated: target spd -0.15000000596046448
[WARN] [1784958173.680794120] [motor_controller_pid]: Left motor is saturated: target spd 0.15000000596046448
[WARN] [1784958173.682261924] [motor_controller_pid]: Right motor is saturated: target spd -0.15000000596046448
[WARN] [1784958173.729787095] [motor_controller_pid]: Left motor is saturated: target spd 0.15000000596046448
[WARN] [1784958173.730715655] [motor_controller_pid]: Right motor is saturated: target spd -0.15000000596046448
[WARN] [1784958173.780161170] [motor_controller_pid]: Left motor is saturated: target spd 0.15000000596046448
[WARN] [1784958173.782371403] [motor_controller_pid]: Right motor is saturated: target spd -0.15000000596046448
[WARN] [1784958173.830144927] [motor_controller_pid]: Left motor is saturated: target spd 0.15000000596046448
[WARN] [1784958173.832038955] [motor_controller_pid]: Right motor is saturated: target spd -0.15000000596046448
[WARN] [1784958173.881886175] [motor_controller_pid]: Left motor is saturated: target spd 0.15000000596046448
[WARN] [1784958173.883206145] [motor_controller_pid]: Right motor is saturated: target spd -0.15000000596046448
[WARN] [1784958173.930663260] [motor_controller_pid]: Left motor is saturated: target spd 0.15000000596046448
[WARN] [1784958173.931807081] [motor_controller_pid]: Right motor is saturated: target spd -0.15000000596046448
[WARN] [1784958173.982238304] [motor_controller_pid]: Left motor is saturated: target spd 0.15000000596046448
[WARN] [1784958173.984989392] [motor_controller_pid]: Right motor is saturated: target spd -0.15000000596046448
[WARN] [1784958174.030248662] [motor_controller_pid]: Left motor is saturated: target spd 0.15000000596046448
[WARN] [1784958174.031412446] [motor_controller_pid]: Right motor is saturated: target spd -0.15000000596046448
[WARN] [1784958174.080557811] [motor_controller_pid]: Left motor is saturated: target spd 0.15000000596046448
[WARN] [1784958174.081757891] [motor_controller_pid]: Right motor is saturated: target spd -0.15000000596046448
[WARN] [1784958174.130105325] [motor_controller_pid]: Left motor is saturated: target spd 0.15000000596046448
[WARN] [1784958174.131184331] [motor_controller_pid]: Right motor is saturated: target spd -0.15000000596046448
[WARN] [1784958174.180588326] [motor_controller_pid]: Left motor is saturated: target spd 0.15000000596046448
[WARN] [1784958174.184238993] [motor_controller_pid]: Right motor is saturated: target spd -0.15000000596046448
[WARN] [1784958174.230611547] [motor_controller_pid]: Left motor is saturated: target spd 0.15000000596046448
[WARN] [1784958174.231662645] [motor_controller_pid]: Right motor is saturated: target spd -0.15000000596046448
[WARN] [1784958174.282991484] [motor_controller_pid]: Left motor is saturated: target spd 0.11504031846046447
[WARN] [1784958174.285255903] [motor_controller_pid]: Right motor is saturated: target spd -0.10495969346046446
[WARN] [1784958174.330408562] [motor_controller_pid]: Left motor is saturated: target spd 0.08008063096046446
[WARN] [1784958174.331427289] [motor_controller_pid]: Right motor is saturated: target spd -0.05991938096046446
[WARN] [1784958174.381895290] [motor_controller_pid]: Left motor is saturated: target spd 0.04512094346046446
[WARN] [1784958174.385022343] [motor_controller_pid]: Right motor is saturated: target spd -0.014879068460464459
[WARN] [1784958174.430435966] [motor_controller_pid]: Left motor is saturated: target spd 0.020161250000000002
[WARN] [1784958174.431595602] [motor_controller_pid]: Right motor is saturated: target spd 0.020161250000000002
[WARN] [1784958174.481200820] [motor_controller_pid]: Left motor is saturated: target spd 0.020161250000000002
[WARN] [1784958174.485028247] [motor_controller_pid]: Right motor is saturated: target spd 0.020161250000000002
[WARN] [1784958174.529877071] [motor_controller_pid]: Left motor is saturated: target spd 0.030241874999999998
[WARN] [1784958174.530923243] [motor_controller_pid]: Right motor is saturated: target spd 0.030241874999999998
[WARN] [1784958174.583365421] [motor_controller_pid]: Left motor is saturated: target spd 0.0352821875
[WARN] [1784958174.584953670] [motor_controller_pid]: Right motor is saturated: target spd 0.0352821875
[WARN] [1784958174.630898055] [motor_controller_pid]: Left motor is saturated: target spd 0.03506304347826088
[WARN] [1784958174.632084191] [motor_controller_pid]: Right motor is saturated: target spd 0.03506304347826088
[WARN] [1784958174.683237899] [motor_controller_pid]: Left motor is saturated: target spd 0.035501331521739135
[WARN] [1784958174.685119464] [motor_controller_pid]: Right motor is saturated: target spd 0.035501331521739135
[WARN] [1784958174.729980029] [motor_controller_pid]: Left motor is saturated: target spd 0.03506304347826088
[WARN] [1784958174.731089312] [motor_controller_pid]: Right motor is saturated: target spd 0.03506304347826088
[WARN] [1784958174.782248613] [motor_controller_pid]: Left motor is saturated: target spd 0.03287160326086957
[WARN] [1784958174.783481582] [motor_controller_pid]: Right motor is saturated: target spd 0.03287160326086957
[WARN] [1784958174.830642714] [motor_controller_pid]: Left motor is saturated: target spd 0.03506304347826088
[WARN] [1784958174.831750424] [motor_controller_pid]: Right motor is saturated: target spd 0.03506304347826088
[WARN] [1784958174.879898598] [motor_controller_pid]: Left motor is saturated: target spd 0.03506304347826088
[WARN] [1784958174.882641390] [motor_controller_pid]: Right motor is saturated: target spd 0.03506304347826088
[WARN] [1784958174.929890874] [motor_controller_pid]: Left motor is saturated: target spd 0.03725448369565219
[WARN] [1784958174.930924305] [motor_controller_pid]: Right motor is saturated: target spd 0.03725448369565219
[WARN] [1784958174.983295779] [motor_controller_pid]: Left motor is saturated: target spd 0.03725448369565219
[WARN] [1784958174.984643545] [motor_controller_pid]: Right motor is saturated: target spd 0.03725448369565219
[WARN] [1784958175.029826167] [motor_controller_pid]: Left motor is saturated: target spd 0.03506304347826088
[WARN] [1784958175.030867043] [motor_controller_pid]: Right motor is saturated: target spd 0.03506304347826088
[WARN] [1784958175.084096206] [motor_controller_pid]: Left motor is saturated: target spd 0.03506304347826088
[WARN] [1784958175.085062692] [motor_controller_pid]: Right motor is saturated: target spd 0.03506304347826088
[WARN] [1784958175.130467649] [motor_controller_pid]: Left motor is saturated: target spd 0.03506304347826088
[WARN] [1784958175.131625895] [motor_controller_pid]: Right motor is saturated: target spd 0.03506304347826088
[WARN] [1784958175.182042803] [motor_controller_pid]: Left motor is saturated: target spd 0.03506304347826088
[WARN] [1784958175.184997763] [motor_controller_pid]: Right motor is saturated: target spd 0.03506304347826088
[WARN] [1784958175.230795036] [motor_controller_pid]: Left motor is saturated: target spd 0.03506304347826088
[WARN] [1784958175.231957227] [motor_controller_pid]: Right motor is saturated: target spd 0.03506304347826088
[WARN] [1784958175.281462483] [motor_controller_pid]: Left motor is saturated: target spd 0.03506304347826088
[WARN] [1784958175.283229492] [motor_controller_pid]: Right motor is saturated: target spd 0.03506304347826088
[WARN] [1784958175.329942325] [motor_controller_pid]: Left motor is saturated: target spd 0.03506304347826088
[WARN] [1784958175.330915219] [motor_controller_pid]: Right motor is saturated: target spd 0.03506304347826088
[WARN] [1784958175.381413461] [motor_controller_pid]: Left motor is saturated: target spd 0.03506304347826088
[WARN] [1784958175.383545824] [motor_controller_pid]: Right motor is saturated: target spd 0.03506304347826088
[WARN] [1784958175.429855155] [motor_controller_pid]: Left motor is saturated: target spd 0.03506304347826088
[WARN] [1784958175.431020198] [motor_controller_pid]: Right motor is saturated: target spd 0.03506304347826088
[WARN] [1784958175.480803473] [motor_controller_pid]: Left motor is saturated: target spd 0.03287160326086957
[WARN] [1784958175.482813206] [motor_controller_pid]: Right motor is saturated: target spd 0.03287160326086957
[WARN] [1784958175.531103010] [motor_controller_pid]: Left motor is saturated: target spd 0.03287160326086957
[WARN] [1784958175.532337239] [motor_controller_pid]: Right motor is saturated: target spd 0.03287160326086957
[WARN] [1784958175.583763670] [motor_controller_pid]: Left motor is saturated: target spd 0.03506304347826088
[WARN] [1784958175.586179405] [motor_controller_pid]: Right motor is saturated: target spd 0.03506304347826088
[WARN] [1784958175.629968372] [motor_controller_pid]: Left motor is saturated: target spd 0.03506304347826088
[WARN] [1784958175.631060581] [motor_controller_pid]: Right motor is saturated: target spd 0.03506304347826088
[WARN] [1784958175.679758054] [motor_controller_pid]: Left motor is saturated: target spd 0.03506304347826088
[WARN] [1784958175.680902912] [motor_controller_pid]: Right motor is saturated: target spd 0.03506304347826088
[WARN] [1784958175.730087147] [motor_controller_pid]: Left motor is saturated: target spd 0.03506304347826088
[WARN] [1784958175.731309524] [motor_controller_pid]: Right motor is saturated: target spd 0.03506304347826088
[WARN] [1784958175.779979941] [motor_controller_pid]: Left motor is saturated: target spd 0.03506304347826088
[WARN] [1784958175.781481467] [motor_controller_pid]: Right motor is saturated: target spd 0.03506304347826088
[WARN] [1784958175.830122922] [motor_controller_pid]: Left motor is saturated: target spd 0.03506304347826088
[WARN] [1784958175.831382891] [motor_controller_pid]: Right motor is saturated: target spd 0.03506304347826088
[WARN] [1784958175.881095814] [motor_controller_pid]: Left motor is saturated: target spd 0.03506304347826088
[WARN] [1784958175.885317003] [motor_controller_pid]: Right motor is saturated: target spd 0.03506304347826088
[WARN] [1784958175.929834010] [motor_controller_pid]: Left motor is saturated: target spd 0.03506304347826088
[WARN] [1784958175.930831960] [motor_controller_pid]: Right motor is saturated: target spd 0.03506304347826088
[WARN] [1784958175.984891257] [motor_controller_pid]: Left motor is saturated: target spd 0.03506304347826088
[WARN] [1784958175.985911762] [motor_controller_pid]: Right motor is saturated: target spd 0.03506304347826088
[WARN] [1784958176.030105212] [motor_controller_pid]: Left motor is saturated: target spd 0.03506304347826088
[WARN] [1784958176.031035032] [motor_controller_pid]: Right motor is saturated: target spd 0.03506304347826088
[WARN] [1784958176.081584292] [motor_controller_pid]: Left motor is saturated: target spd 0.03287160326086957
[WARN] [1784958176.084111842] [motor_controller_pid]: Right motor is saturated: target spd 0.03287160326086957
[WARN] [1784958176.131729532] [motor_controller_pid]: Left motor is saturated: target spd 0.03287160326086957
[WARN] [1784958176.133894395] [motor_controller_pid]: Right motor is saturated: target spd 0.03287160326086957
[WARN] [1784958176.180062652] [motor_controller_pid]: Left motor is saturated: target spd 0.03287160326086957
[WARN] [1784958176.181617326] [motor_controller_pid]: Right motor is saturated: target spd 0.03287160326086957
[WARN] [1784958176.229934724] [motor_controller_pid]: Left motor is saturated: target spd 0.03506304347826088
[WARN] [1784958176.231000192] [motor_controller_pid]: Right motor is saturated: target spd 0.03506304347826088
[WARN] [1784958176.280141482] [motor_controller_pid]: Left motor is saturated: target spd 0.03506304347826088
[WARN] [1784958176.281719454] [motor_controller_pid]: Right motor is saturated: target spd 0.03506304347826088
[WARN] [1784958176.330091610] [motor_controller_pid]: Left motor is saturated: target spd 0.03506304347826088
[WARN] [1784958176.331235487] [motor_controller_pid]: Right motor is saturated: target spd 0.03506304347826088
[WARN] [1784958176.381548783] [motor_controller_pid]: Left motor is saturated: target spd 0.03506304347826088
[WARN] [1784958176.385452729] [motor_controller_pid]: Right motor is saturated: target spd 0.03506304347826088
[WARN] [1784958176.430891445] [motor_controller_pid]: Left motor is saturated: target spd 0.03506304347826088
[WARN] [1784958176.434202406] [motor_controller_pid]: Right motor is saturated: target spd 0.03506304347826088
[WARN] [1784958176.480233069] [motor_controller_pid]: Left motor is saturated: target spd 0.03506304347826088
[WARN] [1784958176.481582836] [motor_controller_pid]: Right motor is saturated: target spd 0.03506304347826088
[WARN] [1784958176.530116993] [motor_controller_pid]: Left motor is saturated: target spd 0.03506304347826088
[WARN] [1784958176.531445482] [motor_controller_pid]: Right motor is saturated: target spd 0.03506304347826088
[WARN] [1784958176.581176349] [motor_controller_pid]: Left motor is saturated: target spd 0.03506304347826088
[WARN] [1784958176.582484485] [motor_controller_pid]: Right motor is saturated: target spd 0.03506304347826088
[WARN] [1784958176.629978008] [motor_controller_pid]: Left motor is saturated: target spd 0.03506304347826088
[WARN] [1784958176.631062902] [motor_controller_pid]: Right motor is saturated: target spd 0.03506304347826088
[WARN] [1784958176.680424101] [motor_controller_pid]: Left motor is saturated: target spd 0.03506304347826088
[WARN] [1784958176.681787331] [motor_controller_pid]: Right motor is saturated: target spd 0.03506304347826088
[WARN] [1784958176.729747930] [motor_controller_pid]: Left motor is saturated: target spd 0.03506304347826088
[WARN] [1784958176.730670434] [motor_controller_pid]: Right motor is saturated: target spd 0.03506304347826088
[WARN] [1784958176.781478511] [motor_controller_pid]: Left motor is saturated: target spd 0.03506304347826088
[WARN] [1784958176.783915857] [motor_controller_pid]: Right motor is saturated: target spd 0.03506304347826088
[WARN] [1784958176.830239151] [motor_controller_pid]: Left motor is saturated: target spd 0.03506304347826088
[WARN] [1784958176.831380991] [motor_controller_pid]: Right motor is saturated: target spd 0.03506304347826088
[WARN] [1784958176.880126464] [motor_controller_pid]: Left motor is saturated: target spd 0.03506304347826088
[WARN] [1784958176.884253948] [motor_controller_pid]: Right motor is saturated: target spd 0.03506304347826088
[WARN] [1784958176.929900202] [motor_controller_pid]: Left motor is saturated: target spd 0.03506304347826088
[WARN] [1784958176.931093968] [motor_controller_pid]: Right motor is saturated: target spd 0.03506304347826088
[WARN] [1784958176.982067786] [motor_controller_pid]: Left motor is saturated: target spd 0.03506304347826088
[WARN] [1784958176.984998671] [motor_controller_pid]: Right motor is saturated: target spd 0.03506304347826088
[WARN] [1784958177.030032737] [motor_controller_pid]: Left motor is saturated: target spd 0.03506304347826088
[WARN] [1784958177.031234095] [motor_controller_pid]: Right motor is saturated: target spd 0.03506304347826088
[WARN] [1784958177.079938790] [motor_controller_pid]: Left motor is saturated: target spd 0.03506304347826088
[WARN] [1784958177.082071894] [motor_controller_pid]: Right motor is saturated: target spd 0.03506304347826088
[WARN] [1784958177.129892122] [motor_controller_pid]: Left motor is saturated: target spd 0.03506304347826088
[WARN] [1784958177.130990498] [motor_controller_pid]: Right motor is saturated: target spd 0.03506304347826088
[WARN] [1784958177.183442491] [motor_controller_pid]: Left motor is saturated: target spd 0.03506304347826088
[WARN] [1784958177.185262778] [motor_controller_pid]: Right motor is saturated: target spd 0.03506304347826088
[WARN] [1784958177.229861137] [motor_controller_pid]: Left motor is saturated: target spd 0.03506304347826088
[WARN] [1784958177.231620665] [motor_controller_pid]: Right motor is saturated: target spd 0.03506304347826088
[WARN] [1784958177.282670984] [motor_controller_pid]: Left motor is saturated: target spd 0.03287160326086957
[WARN] [1784958177.285400035] [motor_controller_pid]: Right motor is saturated: target spd 0.03287160326086957
[WARN] [1784958177.330497675] [motor_controller_pid]: Left motor is saturated: target spd 0.03287160326086957
[WARN] [1784958177.331626180] [motor_controller_pid]: Right motor is saturated: target spd 0.03287160326086957
[WARN] [1784958177.380341876] [motor_controller_pid]: Left motor is saturated: target spd 0.03287160326086957
[WARN] [1784958177.382580665] [motor_controller_pid]: Right motor is saturated: target spd 0.03287160326086957
[WARN] [1784958177.430209022] [motor_controller_pid]: Left motor is saturated: target spd 0.03287160326086957
[WARN] [1784958177.431283157] [motor_controller_pid]: Right motor is saturated: target spd 0.03287160326086957
[WARN] [1784958177.482476643] [motor_controller_pid]: Left motor is saturated: target spd 0.03287160326086957
[WARN] [1784958177.484830359] [motor_controller_pid]: Right motor is saturated: target spd 0.03287160326086957
[WARN] [1784958177.530361723] [motor_controller_pid]: Left motor is saturated: target spd 0.03287160326086957
[WARN] [1784958177.531526526] [motor_controller_pid]: Right motor is saturated: target spd 0.03287160326086957
[WARN] [1784958177.583128495] [motor_controller_pid]: Left motor is saturated: target spd 0.03287160326086957
[WARN] [1784958177.584552132] [motor_controller_pid]: Right motor is saturated: target spd 0.03287160326086957
[WARN] [1784958177.629999885] [motor_controller_pid]: Left motor is saturated: target spd 0.03287160326086957
[WARN] [1784958177.631066576] [motor_controller_pid]: Right motor is saturated: target spd 0.03287160326086957
[WARN] [1784958177.680275237] [motor_controller_pid]: Left motor is saturated: target spd 0.03287160326086957
[WARN] [1784958177.681804448] [motor_controller_pid]: Right motor is saturated: target spd 0.03287160326086957
[WARN] [1784958177.730024827] [motor_controller_pid]: Left motor is saturated: target spd 0.03287160326086957
[WARN] [1784958177.731033221] [motor_controller_pid]: Right motor is saturated: target spd 0.03287160326086957
[WARN] [1784958177.780766848] [motor_controller_pid]: Left motor is saturated: target spd 0.03725448369565219
[WARN] [1784958177.783356472] [motor_controller_pid]: Right motor is saturated: target spd 0.03725448369565219
[WARN] [1784958177.830449474] [motor_controller_pid]: Left motor is saturated: target spd 0.03725448369565219
[WARN] [1784958177.831652665] [motor_controller_pid]: Right motor is saturated: target spd 0.03725448369565219
[WARN] [1784958177.884305733] [motor_controller_pid]: Left motor is saturated: target spd 0.03506304347826088
[WARN] [1784958177.885336720] [motor_controller_pid]: Right motor is saturated: target spd 0.03506304347826088
[WARN] [1784958177.929892913] [motor_controller_pid]: Left motor is saturated: target spd 0.03506304347826088
[WARN] [1784958177.930940788] [motor_controller_pid]: Right motor is saturated: target spd 0.03506304347826088
[WARN] [1784958177.982671222] [motor_controller_pid]: Left motor is saturated: target spd 0.03287160326086957
[WARN] [1784958177.984301656] [motor_controller_pid]: Right motor is saturated: target spd 0.03287160326086957
[WARN] [1784958178.029861817] [motor_controller_pid]: Left motor is saturated: target spd 0.03287160326086957
[WARN] [1784958178.030888304] [motor_controller_pid]: Right motor is saturated: target spd 0.03287160326086957
[WARN] [1784958178.080698820] [motor_controller_pid]: Left motor is saturated: target spd 0.03506304347826088
[WARN] [1784958178.081935844] [motor_controller_pid]: Right motor is saturated: target spd 0.03506304347826088
[WARN] [1784958178.129802850] [motor_controller_pid]: Left motor is saturated: target spd 0.03506304347826088
[WARN] [1784958178.130840856] [motor_controller_pid]: Right motor is saturated: target spd 0.03506304347826088
[WARN] [1784958178.180931781] [motor_controller_pid]: Left motor is saturated: target spd 0.03506304347826088
[WARN] [1784958178.182105342] [motor_controller_pid]: Right motor is saturated: target spd 0.03506304347826088
[WARN] [1784958178.229949293] [motor_controller_pid]: Left motor is saturated: target spd 0.03506304347826088
[WARN] [1784958178.231101502] [motor_controller_pid]: Right motor is saturated: target spd 0.03506304347826088
[WARN] [1784958178.280083792] [motor_controller_pid]: Left motor is saturated: target spd 0.03506304347826088
[WARN] [1784958178.282950362] [motor_controller_pid]: Right motor is saturated: target spd 0.03506304347826088
[WARN] [1784958178.330199513] [motor_controller_pid]: Left motor is saturated: target spd 0.03506304347826088
[WARN] [1784958178.331358167] [motor_controller_pid]: Right motor is saturated: target spd 0.03506304347826088
[WARN] [1784958178.384385589] [motor_controller_pid]: Left motor is saturated: target spd 0.03506304347826088
[WARN] [1784958178.385352927] [motor_controller_pid]: Right motor is saturated: target spd 0.03506304347826088
[WARN] [1784958178.429939157] [motor_controller_pid]: Left motor is saturated: target spd 0.03287160326086957
[WARN] [1784958178.430981088] [motor_controller_pid]: Right motor is saturated: target spd 0.03287160326086957
[WARN] [1784958178.480675215] [motor_controller_pid]: Left motor is saturated: target spd 0.03287160326086957
[WARN] [1784958178.483800842] [motor_controller_pid]: Right motor is saturated: target spd 0.03287160326086957
[WARN] [1784958178.529953821] [motor_controller_pid]: Left motor is saturated: target spd 0.03506304347826088
[WARN] [1784958178.531005844] [motor_controller_pid]: Right motor is saturated: target spd 0.03506304347826088
[WARN] [1784958178.586319574] [motor_controller_pid]: Left motor is saturated: target spd 0.03506304347826088
[WARN] [1784958178.587852249] [motor_controller_pid]: Right motor is saturated: target spd 0.03506304347826088
[WARN] [1784958178.629910040] [motor_controller_pid]: Left motor is saturated: target spd 0.050403125
[WARN] [1784958178.682094660] [motor_controller_pid]: Left motor is saturated: target spd 0.050403125
[WARN] [1784958178.729872758] [motor_controller_pid]: Left motor is saturated: target spd 0.03506304347826088
[WARN] [1784958178.783239274] [motor_controller_pid]: Left motor is saturated: target spd 0.03506304347826088
[WARN] [1784958178.830007997] [motor_controller_pid]: Left motor is saturated: target spd 0.03506304347826088
[WARN] [1784958178.883824774] [motor_controller_pid]: Left motor is saturated: target spd 0.03506304347826088
[WARN] [1784958178.929914123] [motor_controller_pid]: Left motor is saturated: target spd 0.03506304347826088
[WARN] [1784958178.984435645] [motor_controller_pid]: Left motor is saturated: target spd 0.03506304347826088
[WARN] [1784958179.030010880] [motor_controller_pid]: Left motor is saturated: target spd 0.03506304347826088
[WARN] [1784958179.080515566] [motor_controller_pid]: Left motor is saturated: target spd 0.03506304347826088
[WARN] [1784958179.130241415] [motor_controller_pid]: Left motor is saturated: target spd 0.03506304347826088
[WARN] [1784958179.183177966] [motor_controller_pid]: Left motor is saturated: target spd 0.03506304347826088
[WARN] [1784958179.229942725] [motor_controller_pid]: Left motor is saturated: target spd 0.03506304347826088
[WARN] [1784958179.283219018] [motor_controller_pid]: Left motor is saturated: target spd 0.03506304347826088
[WARN] [1784958179.329975148] [motor_controller_pid]: Left motor is saturated: target spd 0.03506304347826088
[WARN] [1784958179.382745087] [motor_controller_pid]: Left motor is saturated: target spd 0.03506304347826088
[WARN] [1784958179.430090887] [motor_controller_pid]: Left motor is saturated: target spd 0.03506304347826088
[WARN] [1784958179.480949463] [motor_controller_pid]: Left motor is saturated: target spd 0.03506304347826088
[WARN] [1784958179.529892123] [motor_controller_pid]: Left motor is saturated: target spd 0.050403125
[WARN] [1784958179.583797012] [motor_controller_pid]: Left motor is saturated: target spd 0.050403125
[WARN] [1784958179.629968917] [motor_controller_pid]: Left motor is saturated: target spd 0.03506304347826088
[WARN] [1784958179.680172324] [motor_controller_pid]: Left motor is saturated: target spd 0.03506304347826088
[WARN] [1784958179.730716362] [motor_controller_pid]: Left motor is saturated: target spd 0.03287160326086957
[WARN] [1784958179.780188099] [motor_controller_pid]: Left motor is saturated: target spd 0.03287160326086957
[WARN] [1784958179.830585840] [motor_controller_pid]: Left motor is saturated: target spd 0.03287160326086957
[WARN] [1784958179.881692974] [motor_controller_pid]: Left motor is saturated: target spd 0.03506304347826088
[WARN] [1784958179.929818037] [motor_controller_pid]: Left motor is saturated: target spd 0.03506304347826088
[WARN] [1784958179.981768712] [motor_controller_pid]: Left motor is saturated: target spd 0.03506304347826088
[WARN] [1784958180.029862608] [motor_controller_pid]: Left motor is saturated: target spd 0.03287160326086957
[WARN] [1784958180.080397646] [motor_controller_pid]: Left motor is saturated: target spd 0.03287160326086957
[WARN] [1784958180.129838105] [motor_controller_pid]: Left motor is saturated: target spd 0.03287160326086957
[WARN] [1784958180.183769549] [motor_controller_pid]: Left motor is saturated: target spd 0.03287160326086957
[WARN] [1784958180.230003973] [motor_controller_pid]: Left motor is saturated: target spd 0.03506304347826088
[WARN] [1784958180.281078329] [motor_controller_pid]: Left motor is saturated: target spd 0.03506304347826088
[WARN] [1784958180.330567788] [motor_controller_pid]: Left motor is saturated: target spd 0.03506304347826088
[WARN] [1784958180.380088080] [motor_controller_pid]: Left motor is saturated: target spd 0.03506304347826088
[WARN] [1784958180.430137819] [motor_controller_pid]: Left motor is saturated: target spd 0.03287160326086957
[WARN] [1784958180.480014817] [motor_controller_pid]: Left motor is saturated: target spd 0.03287160326086957
[WARN] [1784958180.530937746] [motor_controller_pid]: Left motor is saturated: target spd 0.03068016304347827
[WARN] [1784958180.579916758] [motor_controller_pid]: Left motor is saturated: target spd 0.03068016304347827
[WARN] [1784958180.629849386] [motor_controller_pid]: Left motor is saturated: target spd 0.03068016304347827
[WARN] [1784958180.680550258] [motor_controller_pid]: Left motor is saturated: target spd 0.03506304347826088
[WARN] [1784958180.730459645] [motor_controller_pid]: Left motor is saturated: target spd 0.03506304347826088
[WARN] [1784958180.782478524] [motor_controller_pid]: Left motor is saturated: target spd 0.03506304347826088
[WARN] [1784958180.830061751] [motor_controller_pid]: Left motor is saturated: target spd 0.03506304347826088
[WARN] [1784958180.880035490] [motor_controller_pid]: Left motor is saturated: target spd 0.03506304347826088
[WARN] [1784958180.929778358] [motor_controller_pid]: Left motor is saturated: target spd 0.03506304347826088
[WARN] [1784958180.980651120] [motor_controller_pid]: Left motor is saturated: target spd 0.03506304347826088
[WARN] [1784958181.029691095] [motor_controller_pid]: Left motor is saturated: target spd 0.03506304347826088
[WARN] [1784958181.081578381] [motor_controller_pid]: Left motor is saturated: target spd 0.03506304347826088
[WARN] [1784958181.129916723] [motor_controller_pid]: Left motor is saturated: target spd 0.03506304347826088
[WARN] [1784958181.182532698] [motor_controller_pid]: Left motor is saturated: target spd 0.03506304347826088
[WARN] [1784958181.230165388] [motor_controller_pid]: Left motor is saturated: target spd 0.03506304347826088
[WARN] [1784958181.283863831] [motor_controller_pid]: Left motor is saturated: target spd 0.03506304347826088
[WARN] [1784958181.330011717] [motor_controller_pid]: Left motor is saturated: target spd 0.03506304347826088
[WARN] [1784958181.380231050] [motor_controller_pid]: Left motor is saturated: target spd 0.03506304347826088
[WARN] [1784958181.429967362] [motor_controller_pid]: Left motor is saturated: target spd 0.03287160326086957
[WARN] [1784958181.484675144] [motor_controller_pid]: Left motor is saturated: target spd 0.03287160326086957
[WARN] [1784958181.530692585] [motor_controller_pid]: Left motor is saturated: target spd 0.03506304347826088
[WARN] [1784958181.585835406] [motor_controller_pid]: Left motor is saturated: target spd 0.03506304347826088
[WARN] [1784958181.629879522] [motor_controller_pid]: Left motor is saturated: target spd 0.03506304347826088
[WARN] [1784958181.682688924] [motor_controller_pid]: Left motor is saturated: target spd 0.03506304347826088
[WARN] [1784958181.730054483] [motor_controller_pid]: Left motor is saturated: target spd 0.03287160326086957
[WARN] [1784958181.780414261] [motor_controller_pid]: Left motor is saturated: target spd 0.03287160326086957
[WARN] [1784958181.829868701] [motor_controller_pid]: Left motor is saturated: target spd 0.03287160326086957
[WARN] [1784958181.882285638] [motor_controller_pid]: Left motor is saturated: target spd 0.03287160326086957
[WARN] [1784958181.929985310] [motor_controller_pid]: Left motor is saturated: target spd 0.03287160326086957
[WARN] [1784958181.980226347] [motor_controller_pid]: Left motor is saturated: target spd 0.03287160326086957
[WARN] [1784958182.029899418] [motor_controller_pid]: Left motor is saturated: target spd 0.03506304347826088
[WARN] [1784958182.079878472] [motor_controller_pid]: Left motor is saturated: target spd 0.03506304347826088
[WARN] [1784958182.130017989] [motor_controller_pid]: Left motor is saturated: target spd 0.03506304347826088
[WARN] [1784958182.182711742] [motor_controller_pid]: Left motor is saturated: target spd 0.03506304347826088
[WARN] [1784958182.230377377] [motor_controller_pid]: Left motor is saturated: target spd 0.03506304347826088
[WARN] [1784958182.280061929] [motor_controller_pid]: Left motor is saturated: target spd 0.03506304347826088
[WARN] [1784958182.330021150] [motor_controller_pid]: Left motor is saturated: target spd 0.03506304347826088
[WARN] [1784958182.381592897] [motor_controller_pid]: Left motor is saturated: target spd 0.03506304347826088
[WARN] [1784958182.429843127] [motor_controller_pid]: Left motor is saturated: target spd 0.03287160326086957
[WARN] [1784958182.481279596] [motor_controller_pid]: Left motor is saturated: target spd 0.03287160326086957
[WARN] [1784958182.529879421] [motor_controller_pid]: Left motor is saturated: target spd 0.03287160326086957
[WARN] [1784958182.579620659] [motor_controller_pid]: Left motor is saturated: target spd 0.03287160326086957
[WARN] [1784958182.630001863] [motor_controller_pid]: Left motor is saturated: target spd 0.03506304347826088
[WARN] [1784958182.682155428] [motor_controller_pid]: Left motor is saturated: target spd 0.03506304347826088
[WARN] [1784958182.729969712] [motor_controller_pid]: Left motor is saturated: target spd 0.03287160326086957
[WARN] [1784958182.780247082] [motor_controller_pid]: Left motor is saturated: target spd 0.03287160326086957
[WARN] [1784958182.829978616] [motor_controller_pid]: Left motor is saturated: target spd 0.03506304347826088
[WARN] [1784958182.885403402] [motor_controller_pid]: Left motor is saturated: target spd 0.03506304347826088
[WARN] [1784958182.929789482] [motor_controller_pid]: Left motor is saturated: target spd 0.03287160326086957
[WARN] [1784958182.981105988] [motor_controller_pid]: Left motor is saturated: target spd 0.03287160326086957
[WARN] [1784958183.029861109] [motor_controller_pid]: Left motor is saturated: target spd 0.03506304347826088
[WARN] [1784958183.080400518] [motor_controller_pid]: Left motor is saturated: target spd 0.03506304347826088
[WARN] [1784958183.130144404] [motor_controller_pid]: Left motor is saturated: target spd 0.03506304347826088
[WARN] [1784958183.180634664] [motor_controller_pid]: Left motor is saturated: target spd 0.03506304347826088
[WARN] [1784958183.229928030] [motor_controller_pid]: Left motor is saturated: target spd 0.03506304347826088
[WARN] [1784958183.284278995] [motor_controller_pid]: Left motor is saturated: target spd 0.03506304347826088
[WARN] [1784958183.330056342] [motor_controller_pid]: Left motor is saturated: target spd 0.03287160326086957
[WARN] [1784958183.381722590] [motor_controller_pid]: Left motor is saturated: target spd 0.03287160326086957
[WARN] [1784958183.429826653] [motor_controller_pid]: Left motor is saturated: target spd 0.03287160326086957
[WARN] [1784958183.482539665] [motor_controller_pid]: Left motor is saturated: target spd 0.03287160326086957
[WARN] [1784958183.530198522] [motor_controller_pid]: Left motor is saturated: target spd 0.03287160326086957
[WARN] [1784958183.580082446] [motor_controller_pid]: Left motor is saturated: target spd 0.03287160326086957
[WARN] [1784958183.630734429] [motor_controller_pid]: Left motor is saturated: target spd 0.03506304347826088
[WARN] [1784958183.680005590] [motor_controller_pid]: Left motor is saturated: target spd 0.03506304347826088
[WARN] [1784958183.730585981] [motor_controller_pid]: Left motor is saturated: target spd 0.03506304347826088
[WARN] [1784958183.780447349] [motor_controller_pid]: Left motor is saturated: target spd 0.03506304347826088
[WARN] [1784958183.829978845] [motor_controller_pid]: Left motor is saturated: target spd 0.03506304347826088
[WARN] [1784958183.881643815] [motor_controller_pid]: Left motor is saturated: target spd 0.03506304347826088
[WARN] [1784958183.929998860] [motor_controller_pid]: Left motor is saturated: target spd 0.03287160326086957
[WARN] [1784958183.982520298] [motor_controller_pid]: Left motor is saturated: target spd 0.03287160326086957
[WARN] [1784958184.029900709] [motor_controller_pid]: Left motor is saturated: target spd 0.03287160326086957
[WARN] [1784958184.079901763] [motor_controller_pid]: Left motor is saturated: target spd 0.03287160326086957
[WARN] [1784958184.129922169] [motor_controller_pid]: Left motor is saturated: target spd 0.03287160326086957
[WARN] [1784958184.181626880] [motor_controller_pid]: Left motor is saturated: target spd 0.03506304347826088
[WARN] [1784958184.230003592] [motor_controller_pid]: Left motor is saturated: target spd 0.03506304347826088
[WARN] [1784958184.281742822] [motor_controller_pid]: Left motor is saturated: target spd 0.03506304347826088
[WARN] [1784958184.329869718] [motor_controller_pid]: Left motor is saturated: target spd 0.03330989130434784
[WARN] [1784958184.381902597] [motor_controller_pid]: Left motor is saturated: target spd 0.03330989130434784
[WARN] [1784958184.429864011] [motor_controller_pid]: Left motor is saturated: target spd 0.030241875000000005
[WARN] [1784958184.481331295] [motor_controller_pid]: Left motor is saturated: target spd 0.030241875000000005
[WARN] [1784958184.529890601] [motor_controller_pid]: Left motor is saturated: target spd 0.020161250000000006
[WARN] [1784958184.582542484] [motor_controller_pid]: Left motor is saturated: target spd 0.020161250000000006
[WARN] [1784958184.630394712] [motor_controller_pid]: Left motor is saturated: target spd 0.010080625000000008
[WARN] [1784958184.680878176] [motor_controller_pid]: Left motor is saturated: target spd 0.010080625000000008
[WARN] [1784958185.729698175] [motor_controller_pid]: Command timeout; stopping motors
[WARN] [1784958192.929799938] [motor_controller_pid]: Left motor is saturated: target spd 0.15000000596046448
[WARN] [1784958192.931020833] [motor_controller_pid]: Right motor is saturated: target spd -0.15000000596046448
[WARN] [1784958192.983160824] [motor_controller_pid]: Left motor is saturated: target spd 0.15000000596046448
[WARN] [1784958192.984136588] [motor_controller_pid]: Right motor is saturated: target spd -0.15000000596046448
[WARN] [1784958193.030028862] [motor_controller_pid]: Left motor is saturated: target spd 0.15000000596046448
[WARN] [1784958193.031320665] [motor_controller_pid]: Right motor is saturated: target spd -0.15000000596046448
[WARN] [1784958193.080295825] [motor_controller_pid]: Left motor is saturated: target spd 0.15000000596046448
[WARN] [1784958193.082737782] [motor_controller_pid]: Right motor is saturated: target spd -0.15000000596046448
[WARN] [1784958193.129908173] [motor_controller_pid]: Left motor is saturated: target spd 0.15000000596046448
[WARN] [1784958193.130934160] [motor_controller_pid]: Right motor is saturated: target spd -0.15000000596046448
[WARN] [1784958193.181000288] [motor_controller_pid]: Left motor is saturated: target spd 0.15000000596046448
[WARN] [1784958193.182544148] [motor_controller_pid]: Right motor is saturated: target spd -0.15000000596046448
[WARN] [1784958193.229973911] [motor_controller_pid]: Left motor is saturated: target spd 0.15000000596046448
[WARN] [1784958193.231012380] [motor_controller_pid]: Right motor is saturated: target spd -0.15000000596046448
[WARN] [1784958193.283616854] [motor_controller_pid]: Left motor is saturated: target spd 0.15000000596046448
[WARN] [1784958193.284684378] [motor_controller_pid]: Right motor is saturated: target spd -0.15000000596046448
[WARN] [1784958193.329845000] [motor_controller_pid]: Left motor is saturated: target spd 0.15000000596046448
[WARN] [1784958193.330796820] [motor_controller_pid]: Right motor is saturated: target spd -0.15000000596046448
[WARN] [1784958193.380618558] [motor_controller_pid]: Left motor is saturated: target spd 0.15000000596046448
[WARN] [1784958193.383212720] [motor_controller_pid]: Right motor is saturated: target spd -0.15000000596046448
[WARN] [1784958193.430006665] [motor_controller_pid]: Left motor is saturated: target spd 0.15000000596046448
[WARN] [1784958193.431119856] [motor_controller_pid]: Right motor is saturated: target spd -0.15000000596046448
[WARN] [1784958193.482915604] [motor_controller_pid]: Left motor is saturated: target spd 0.15000000596046448
[WARN] [1784958193.485180412] [motor_controller_pid]: Right motor is saturated: target spd -0.15000000596046448
[WARN] [1784958193.530010588] [motor_controller_pid]: Left motor is saturated: target spd 0.15000000596046448
[WARN] [1784958193.531103889] [motor_controller_pid]: Right motor is saturated: target spd -0.15000000596046448
[WARN] [1784958193.580575700] [motor_controller_pid]: Left motor is saturated: target spd 0.15000000596046448
[WARN] [1784958193.585736319] [motor_controller_pid]: Right motor is saturated: target spd -0.15000000596046448
[WARN] [1784958193.630032325] [motor_controller_pid]: Left motor is saturated: target spd 0.15000000596046448
[WARN] [1784958193.631066275] [motor_controller_pid]: Right motor is saturated: target spd -0.15000000596046448
[WARN] [1784958193.680436956] [motor_controller_pid]: Left motor is saturated: target spd 0.15000000596046448
[WARN] [1784958193.681958056] [motor_controller_pid]: Right motor is saturated: target spd -0.15000000596046448
[WARN] [1784958193.730209434] [motor_controller_pid]: Left motor is saturated: target spd 0.15000000596046448
[WARN] [1784958193.731268421] [motor_controller_pid]: Right motor is saturated: target spd -0.15000000596046448
[WARN] [1784958193.781815441] [motor_controller_pid]: Left motor is saturated: target spd 0.15000000596046448
[WARN] [1784958193.783296708] [motor_controller_pid]: Right motor is saturated: target spd -0.15000000596046448
[WARN] [1784958193.829924226] [motor_controller_pid]: Left motor is saturated: target spd 0.15000000596046448
[WARN] [1784958193.831022880] [motor_controller_pid]: Right motor is saturated: target spd -0.15000000596046448
[WARN] [1784958193.884072727] [motor_controller_pid]: Left motor is saturated: target spd 0.15000000596046448
[WARN] [1784958193.886161849] [motor_controller_pid]: Right motor is saturated: target spd -0.15000000596046448
[WARN] [1784958193.929927353] [motor_controller_pid]: Left motor is saturated: target spd 0.15000000596046448
[WARN] [1784958193.930988136] [motor_controller_pid]: Right motor is saturated: target spd -0.15000000596046448
[WARN] [1784958193.982116714] [motor_controller_pid]: Left motor is saturated: target spd 0.15000000596046448
[WARN] [1784958193.984801395] [motor_controller_pid]: Right motor is saturated: target spd -0.15000000596046448
[WARN] [1784958194.029799368] [motor_controller_pid]: Left motor is saturated: target spd 0.15000000596046448
[WARN] [1784958194.030871762] [motor_controller_pid]: Right motor is saturated: target spd -0.15000000596046448
[WARN] [1784958194.081187058] [motor_controller_pid]: Left motor is saturated: target spd 0.15000000596046448
[WARN] [1784958194.082386991] [motor_controller_pid]: Right motor is saturated: target spd -0.15000000596046448
[WARN] [1784958194.130615980] [motor_controller_pid]: Left motor is saturated: target spd 0.15000000596046448
[WARN] [1784958194.131829782] [motor_controller_pid]: Right motor is saturated: target spd -0.15000000596046448
[WARN] [1784958194.180182235] [motor_controller_pid]: Left motor is saturated: target spd 0.15000000596046448
[WARN] [1784958194.183109565] [motor_controller_pid]: Right motor is saturated: target spd -0.15000000596046448
[WARN] [1784958194.229968714] [motor_controller_pid]: Left motor is saturated: target spd 0.15000000596046448
[WARN] [1784958194.231075590] [motor_controller_pid]: Right motor is saturated: target spd -0.15000000596046448
[WARN] [1784958194.279953935] [motor_controller_pid]: Left motor is saturated: target spd 0.15000000596046448
[WARN] [1784958194.282534244] [motor_controller_pid]: Right motor is saturated: target spd -0.15000000596046448
[WARN] [1784958194.330251509] [motor_controller_pid]: Left motor is saturated: target spd 0.15000000596046448
[WARN] [1784958194.331669646] [motor_controller_pid]: Right motor is saturated: target spd -0.15000000596046448
[WARN] [1784958194.380111229] [motor_controller_pid]: Left motor is saturated: target spd 0.15000000596046448
[WARN] [1784958194.383968527] [motor_controller_pid]: Right motor is saturated: target spd -0.15000000596046448
[WARN] [1784958194.429952486] [motor_controller_pid]: Left motor is saturated: target spd 0.15000000596046448
[WARN] [1784958194.431009047] [motor_controller_pid]: Right motor is saturated: target spd -0.15000000596046448
[WARN] [1784958194.484160321] [motor_controller_pid]: Left motor is saturated: target spd 0.15000000596046448
[WARN] [1784958194.485271271] [motor_controller_pid]: Right motor is saturated: target spd -0.15000000596046448
[WARN] [1784958194.530294299] [motor_controller_pid]: Left motor is saturated: target spd 0.15000000596046448
[WARN] [1784958194.531352620] [motor_controller_pid]: Right motor is saturated: target spd -0.15000000596046448
[WARN] [1784958194.580120519] [motor_controller_pid]: Left motor is saturated: target spd 0.15000000596046448
[WARN] [1784958194.581944695] [motor_controller_pid]: Right motor is saturated: target spd -0.15000000596046448
[WARN] [1784958194.629863720] [motor_controller_pid]: Left motor is saturated: target spd 0.15000000596046448
[WARN] [1784958194.631043634] [motor_controller_pid]: Right motor is saturated: target spd -0.15000000596046448
[WARN] [1784958194.679929997] [motor_controller_pid]: Left motor is saturated: target spd 0.15000000596046448
[WARN] [1784958194.681823525] [motor_controller_pid]: Right motor is saturated: target spd -0.15000000596046448
[WARN] [1784958194.730000829] [motor_controller_pid]: Left motor is saturated: target spd 0.15000000596046448
[WARN] [1784958194.731134279] [motor_controller_pid]: Right motor is saturated: target spd -0.15000000596046448
[WARN] [1784958194.781038518] [motor_controller_pid]: Left motor is saturated: target spd 0.15000000596046448
[WARN] [1784958194.783159084] [motor_controller_pid]: Right motor is saturated: target spd -0.15000000596046448
[WARN] [1784958194.829998344] [motor_controller_pid]: Left motor is saturated: target spd 0.15000000596046448
[WARN] [1784958194.831052257] [motor_controller_pid]: Right motor is saturated: target spd -0.15000000596046448
[WARN] [1784958194.879870064] [motor_controller_pid]: Left motor is saturated: target spd 0.15000000596046448
[WARN] [1784958194.884773849] [motor_controller_pid]: Right motor is saturated: target spd -0.15000000596046448
[WARN] [1784958194.929924471] [motor_controller_pid]: Left motor is saturated: target spd 0.15000000596046448
[WARN] [1784958194.930995235] [motor_controller_pid]: Right motor is saturated: target spd -0.15000000596046448
[WARN] [1784958194.980482842] [motor_controller_pid]: Left motor is saturated: target spd 0.15000000596046448
[WARN] [1784958194.982457056] [motor_controller_pid]: Right motor is saturated: target spd -0.15000000596046448
[WARN] [1784958195.030008523] [motor_controller_pid]: Left motor is saturated: target spd 0.15000000596046448
[WARN] [1784958195.031047418] [motor_controller_pid]: Right motor is saturated: target spd -0.15000000596046448
[WARN] [1784958195.081063676] [motor_controller_pid]: Left motor is saturated: target spd 0.15000000596046448
[WARN] [1784958195.082347386] [motor_controller_pid]: Right motor is saturated: target spd -0.15000000596046448
[WARN] [1784958195.129850631] [motor_controller_pid]: Left motor is saturated: target spd 0.15000000596046448
[WARN] [1784958195.130884895] [motor_controller_pid]: Right motor is saturated: target spd -0.15000000596046448
[WARN] [1784958195.180064019] [motor_controller_pid]: Left motor is saturated: target spd 0.15000000596046448
[WARN] [1784958195.182887978] [motor_controller_pid]: Right motor is saturated: target spd -0.15000000596046448
[WARN] [1784958195.230012888] [motor_controller_pid]: Left motor is saturated: target spd 0.15000000596046448
[WARN] [1784958195.231049319] [motor_controller_pid]: Right motor is saturated: target spd -0.15000000596046448
[WARN] [1784958195.284628929] [motor_controller_pid]: Left motor is saturated: target spd 0.15000000596046448
[WARN] [1784958195.285696656] [motor_controller_pid]: Right motor is saturated: target spd -0.15000000596046448
[WARN] [1784958195.330534202] [motor_controller_pid]: Left motor is saturated: target spd 0.15000000596046448
[WARN] [1784958195.331865450] [motor_controller_pid]: Right motor is saturated: target spd -0.15000000596046448
[WARN] [1784958195.380471163] [motor_controller_pid]: Left motor is saturated: target spd 0.15000000596046448
[WARN] [1784958195.383432568] [motor_controller_pid]: Right motor is saturated: target spd -0.15000000596046448
[WARN] [1784958195.430015178] [motor_controller_pid]: Left motor is saturated: target spd 0.15000000596046448
[WARN] [1784958195.431055202] [motor_controller_pid]: Right motor is saturated: target spd -0.15000000596046448
[WARN] [1784958195.481311850] [motor_controller_pid]: Left motor is saturated: target spd 0.15000000596046448
[WARN] [1784958195.484729219] [motor_controller_pid]: Right motor is saturated: target spd -0.15000000596046448
[WARN] [1784958195.529956860] [motor_controller_pid]: Left motor is saturated: target spd 0.15000000596046448
[WARN] [1784958195.530973661] [motor_controller_pid]: Right motor is saturated: target spd -0.15000000596046448
[WARN] [1784958195.580068507] [motor_controller_pid]: Left motor is saturated: target spd 0.15000000596046448
[WARN] [1784958195.582510890] [motor_controller_pid]: Right motor is saturated: target spd -0.15000000596046448
[WARN] [1784958195.630326007] [motor_controller_pid]: Left motor is saturated: target spd 0.15000000596046448
[WARN] [1784958195.631402031] [motor_controller_pid]: Right motor is saturated: target spd -0.15000000596046448
[WARN] [1784958195.680354487] [motor_controller_pid]: Left motor is saturated: target spd 0.15000000596046448
[WARN] [1784958195.683140983] [motor_controller_pid]: Right motor is saturated: target spd -0.15000000596046448
[WARN] [1784958195.732070402] [motor_controller_pid]: Left motor is saturated: target spd 0.15000000596046448
[WARN] [1784958195.735766717] [motor_controller_pid]: Right motor is saturated: target spd -0.15000000596046448
[WARN] [1784958195.780320965] [motor_controller_pid]: Left motor is saturated: target spd 0.15000000596046448
[WARN] [1784958195.782810182] [motor_controller_pid]: Right motor is saturated: target spd -0.15000000596046448
[WARN] [1784958195.830358223] [motor_controller_pid]: Left motor is saturated: target spd 0.15000000596046448
[WARN] [1784958195.831678249] [motor_controller_pid]: Right motor is saturated: target spd -0.15000000596046448
[WARN] [1784958195.884273594] [motor_controller_pid]: Left motor is saturated: target spd 0.15000000596046448
[WARN] [1784958195.886112770] [motor_controller_pid]: Right motor is saturated: target spd -0.15000000596046448
[WARN] [1784958195.930209349] [motor_controller_pid]: Left motor is saturated: target spd 0.15000000596046448
[WARN] [1784958195.931272206] [motor_controller_pid]: Right motor is saturated: target spd -0.15000000596046448
[WARN] [1784958195.980187255] [motor_controller_pid]: Left motor is saturated: target spd 0.15000000596046448
[WARN] [1784958195.981927875] [motor_controller_pid]: Right motor is saturated: target spd -0.15000000596046448
[WARN] [1784958196.029990419] [motor_controller_pid]: Left motor is saturated: target spd 0.15000000596046448
[WARN] [1784958196.031035647] [motor_controller_pid]: Right motor is saturated: target spd -0.15000000596046448
[WARN] [1784958196.081769260] [motor_controller_pid]: Left motor is saturated: target spd 0.15000000596046448
[WARN] [1784958196.084933443] [motor_controller_pid]: Right motor is saturated: target spd -0.15000000596046448
[WARN] [1784958196.130000120] [motor_controller_pid]: Left motor is saturated: target spd 0.15000000596046448
[WARN] [1784958196.131283108] [motor_controller_pid]: Right motor is saturated: target spd -0.15000000596046448
[WARN] [1784958196.181956332] [motor_controller_pid]: Left motor is saturated: target spd 0.15000000596046448
[WARN] [1784958196.185017274] [motor_controller_pid]: Right motor is saturated: target spd -0.15000000596046448
[WARN] [1784958196.230737454] [motor_controller_pid]: Left motor is saturated: target spd 0.15000000596046448
[WARN] [1784958196.231788181] [motor_controller_pid]: Right motor is saturated: target spd -0.15000000596046448
[WARN] [1784958196.284359526] [motor_controller_pid]: Left motor is saturated: target spd 0.15000000596046448
[WARN] [1784958196.285328661] [motor_controller_pid]: Right motor is saturated: target spd -0.15000000596046448
[WARN] [1784958196.330002873] [motor_controller_pid]: Left motor is saturated: target spd 0.15000000596046448
[WARN] [1784958196.330980878] [motor_controller_pid]: Right motor is saturated: target spd -0.15000000596046448
[WARN] [1784958196.384530691] [motor_controller_pid]: Left motor is saturated: target spd 0.15000000596046448
[WARN] [1784958196.385961606] [motor_controller_pid]: Right motor is saturated: target spd -0.15000000596046448
[WARN] [1784958196.430087241] [motor_controller_pid]: Left motor is saturated: target spd 0.15000000596046448
[WARN] [1784958196.431252302] [motor_controller_pid]: Right motor is saturated: target spd -0.15000000596046448
[WARN] [1784958196.484444613] [motor_controller_pid]: Left motor is saturated: target spd 0.15000000596046448
[WARN] [1784958196.486204456] [motor_controller_pid]: Right motor is saturated: target spd -0.15000000596046448
[WARN] [1784958196.529919903] [motor_controller_pid]: Left motor is saturated: target spd 0.15000000596046448
[WARN] [1784958196.530974131] [motor_controller_pid]: Right motor is saturated: target spd -0.15000000596046448
[WARN] [1784958196.579935198] [motor_controller_pid]: Left motor is saturated: target spd 0.15000000596046448
[WARN] [1784958196.582475230] [motor_controller_pid]: Right motor is saturated: target spd -0.15000000596046448
[WARN] [1784958196.629804659] [motor_controller_pid]: Left motor is saturated: target spd 0.15000000596046448
[WARN] [1784958196.630776016] [motor_controller_pid]: Right motor is saturated: target spd -0.15000000596046448
[WARN] [1784958196.679782065] [motor_controller_pid]: Left motor is saturated: target spd 0.15000000596046448
[WARN] [1784958196.682062280] [motor_controller_pid]: Right motor is saturated: target spd -0.15000000596046448
[WARN] [1784958196.730425900] [motor_controller_pid]: Left motor is saturated: target spd 0.15000000596046448
[WARN] [1784958196.731600850] [motor_controller_pid]: Right motor is saturated: target spd -0.15000000596046448
[WARN] [1784958196.781734868] [motor_controller_pid]: Left motor is saturated: target spd 0.15000000596046448
[WARN] [1784958196.784078806] [motor_controller_pid]: Right motor is saturated: target spd -0.15000000596046448
[WARN] [1784958196.830065525] [motor_controller_pid]: Left motor is saturated: target spd 0.15000000596046448
[WARN] [1784958196.831157234] [motor_controller_pid]: Right motor is saturated: target spd -0.15000000596046448
[WARN] [1784958196.884640065] [motor_controller_pid]: Left motor is saturated: target spd 0.15000000596046448
[WARN] [1784958196.886106184] [motor_controller_pid]: Right motor is saturated: target spd -0.15000000596046448
[WARN] [1784958196.929830261] [motor_controller_pid]: Left motor is saturated: target spd 0.15000000596046448
[WARN] [1784958196.930863989] [motor_controller_pid]: Right motor is saturated: target spd -0.15000000596046448
[WARN] [1784958196.981534268] [motor_controller_pid]: Left motor is saturated: target spd 0.15000000596046448
[WARN] [1784958196.984351931] [motor_controller_pid]: Right motor is saturated: target spd -0.15000000596046448
[WARN] [1784958197.029816647] [motor_controller_pid]: Left motor is saturated: target spd 0.15000000596046448
[WARN] [1784958197.030996505] [motor_controller_pid]: Right motor is saturated: target spd -0.15000000596046448
[WARN] [1784958197.084281280] [motor_controller_pid]: Left motor is saturated: target spd 0.15000000596046448
[WARN] [1784958197.085297229] [motor_controller_pid]: Right motor is saturated: target spd -0.15000000596046448
[WARN] [1784958197.130254831] [motor_controller_pid]: Left motor is saturated: target spd 0.15000000596046448
[WARN] [1784958197.131433893] [motor_controller_pid]: Right motor is saturated: target spd -0.15000000596046448
[WARN] [1784958197.180028310] [motor_controller_pid]: Left motor is saturated: target spd 0.15000000596046448
[WARN] [1784958197.183539365] [motor_controller_pid]: Right motor is saturated: target spd -0.15000000596046448
[WARN] [1784958197.230228810] [motor_controller_pid]: Left motor is saturated: target spd 0.15000000596046448
[WARN] [1784958197.231256685] [motor_controller_pid]: Right motor is saturated: target spd -0.15000000596046448
[WARN] [1784958197.280550236] [motor_controller_pid]: Left motor is saturated: target spd 0.15000000596046448
[WARN] [1784958197.282335115] [motor_controller_pid]: Right motor is saturated: target spd -0.15000000596046448
[WARN] [1784958197.330041454] [motor_controller_pid]: Left motor is saturated: target spd 0.15000000596046448
[WARN] [1784958197.331179441] [motor_controller_pid]: Right motor is saturated: target spd -0.15000000596046448
[WARN] [1784958197.382065500] [motor_controller_pid]: Left motor is saturated: target spd 0.15000000596046448
[WARN] [1784958197.385035626] [motor_controller_pid]: Right motor is saturated: target spd -0.15000000596046448
[WARN] [1784958197.429952339] [motor_controller_pid]: Left motor is saturated: target spd 0.15000000596046448
[WARN] [1784958197.431049160] [motor_controller_pid]: Right motor is saturated: target spd -0.15000000596046448
[WARN] [1784958197.479834615] [motor_controller_pid]: Left motor is saturated: target spd 0.15000000596046448
[WARN] [1784958197.481674328] [motor_controller_pid]: Right motor is saturated: target spd -0.15000000596046448
[WARN] [1784958197.529922003] [motor_controller_pid]: Left motor is saturated: target spd 0.15000000596046448
[WARN] [1784958197.530914341] [motor_controller_pid]: Right motor is saturated: target spd -0.15000000596046448
[WARN] [1784958197.580027539] [motor_controller_pid]: Left motor is saturated: target spd 0.15000000596046448
[WARN] [1784958197.583048425] [motor_controller_pid]: Right motor is saturated: target spd -0.15000000596046448
[WARN] [1784958197.629945018] [motor_controller_pid]: Left motor is saturated: target spd 0.15000000596046448
[WARN] [1784958197.631041450] [motor_controller_pid]: Right motor is saturated: target spd -0.15000000596046448
[WARN] [1784958197.682121528] [motor_controller_pid]: Left motor is saturated: target spd 0.15000000596046448
[WARN] [1784958197.683972167] [motor_controller_pid]: Right motor is saturated: target spd -0.15000000596046448
[WARN] [1784958197.729872311] [motor_controller_pid]: Left motor is saturated: target spd 0.15000000596046448
[WARN] [1784958197.730857946] [motor_controller_pid]: Right motor is saturated: target spd -0.15000000596046448
[WARN] [1784958197.780212793] [motor_controller_pid]: Left motor is saturated: target spd 0.15000000596046448
[WARN] [1784958197.782274896] [motor_controller_pid]: Right motor is saturated: target spd -0.15000000596046448
[WARN] [1784958197.830002142] [motor_controller_pid]: Left motor is saturated: target spd 0.15000000596046448
[WARN] [1784958197.831115926] [motor_controller_pid]: Right motor is saturated: target spd -0.15000000596046448
[WARN] [1784958197.880470532] [motor_controller_pid]: Left motor is saturated: target spd 0.15000000596046448
[WARN] [1784958197.882828655] [motor_controller_pid]: Right motor is saturated: target spd -0.15000000596046448
[WARN] [1784958197.929966102] [motor_controller_pid]: Left motor is saturated: target spd 0.15000000596046448
[WARN] [1784958197.931075108] [motor_controller_pid]: Right motor is saturated: target spd -0.15000000596046448
[WARN] [1784958197.981012569] [motor_controller_pid]: Left motor is saturated: target spd 0.15000000596046448
[WARN] [1784958197.983512359] [motor_controller_pid]: Right motor is saturated: target spd -0.15000000596046448
[WARN] [1784958198.029849543] [motor_controller_pid]: Left motor is saturated: target spd 0.15000000596046448
[WARN] [1784958198.030958048] [motor_controller_pid]: Right motor is saturated: target spd -0.15000000596046448
[WARN] [1784958198.082141905] [motor_controller_pid]: Left motor is saturated: target spd 0.15000000596046448
[WARN] [1784958198.084228953] [motor_controller_pid]: Right motor is saturated: target spd -0.15000000596046448
[WARN] [1784958198.129850873] [motor_controller_pid]: Left motor is saturated: target spd 0.15000000596046448
[WARN] [1784958198.130915582] [motor_controller_pid]: Right motor is saturated: target spd -0.15000000596046448
[WARN] [1784958198.180493578] [motor_controller_pid]: Left motor is saturated: target spd 0.15000000596046448
[WARN] [1784958198.182037901] [motor_controller_pid]: Right motor is saturated: target spd -0.15000000596046448
[WARN] [1784958198.229993315] [motor_controller_pid]: Left motor is saturated: target spd 0.15000000596046448
[WARN] [1784958198.231069135] [motor_controller_pid]: Right motor is saturated: target spd -0.15000000596046448
[WARN] [1784958198.280333908] [motor_controller_pid]: Left motor is saturated: target spd 0.15000000596046448
[WARN] [1784958198.283984890] [motor_controller_pid]: Right motor is saturated: target spd -0.15000000596046448
[WARN] [1784958198.330032831] [motor_controller_pid]: Left motor is saturated: target spd 0.15000000596046448
[WARN] [1784958198.331108373] [motor_controller_pid]: Right motor is saturated: target spd -0.15000000596046448
[WARN] [1784958198.380074941] [motor_controller_pid]: Left motor is saturated: target spd 0.15000000596046448
[WARN] [1784958198.381511744] [motor_controller_pid]: Right motor is saturated: target spd -0.15000000596046448
[WARN] [1784958198.429968364] [motor_controller_pid]: Left motor is saturated: target spd 0.15000000596046448
[WARN] [1784958198.431122815] [motor_controller_pid]: Right motor is saturated: target spd -0.15000000596046448
[WARN] [1784958198.486178580] [motor_controller_pid]: Left motor is saturated: target spd 0.15000000596046448
[WARN] [1784958198.487205734] [motor_controller_pid]: Right motor is saturated: target spd -0.15000000596046448
[WARN] [1784958198.530279085] [motor_controller_pid]: Left motor is saturated: target spd 0.15000000596046448
[WARN] [1784958198.531514462] [motor_controller_pid]: Right motor is saturated: target spd -0.15000000596046448
[WARN] [1784958198.580102564] [motor_controller_pid]: Left motor is saturated: target spd 0.15000000596046448
[WARN] [1784958198.583156802] [motor_controller_pid]: Right motor is saturated: target spd -0.15000000596046448
[WARN] [1784958198.630319897] [motor_controller_pid]: Left motor is saturated: target spd 0.15000000596046448
[WARN] [1784958198.631558293] [motor_controller_pid]: Right motor is saturated: target spd -0.15000000596046448
[WARN] [1784958198.681324401] [motor_controller_pid]: Left motor is saturated: target spd 0.15000000596046448
[WARN] [1784958198.682940835] [motor_controller_pid]: Right motor is saturated: target spd -0.15000000596046448
[WARN] [1784958198.730043096] [motor_controller_pid]: Left motor is saturated: target spd 0.15000000596046448
[WARN] [1784958198.731216695] [motor_controller_pid]: Right motor is saturated: target spd -0.15000000596046448
[WARN] [1784958198.782563960] [motor_controller_pid]: Left motor is saturated: target spd 0.15000000596046448
[WARN] [1784958198.785052806] [motor_controller_pid]: Right motor is saturated: target spd -0.15000000596046448
[WARN] [1784958198.829965519] [motor_controller_pid]: Left motor is saturated: target spd 0.15000000596046448
[WARN] [1784958198.831005821] [motor_controller_pid]: Right motor is saturated: target spd -0.15000000596046448
[WARN] [1784958198.883541777] [motor_controller_pid]: Left motor is saturated: target spd 0.15000000596046448
[WARN] [1784958198.885095081] [motor_controller_pid]: Right motor is saturated: target spd -0.15000000596046448
[WARN] [1784958198.930511630] [motor_controller_pid]: Left motor is saturated: target spd 0.15000000596046448
[WARN] [1784958198.931809729] [motor_controller_pid]: Right motor is saturated: target spd -0.15000000596046448
[WARN] [1784958198.982560435] [motor_controller_pid]: Left motor is saturated: target spd 0.15000000596046448
[WARN] [1784958198.984857854] [motor_controller_pid]: Right motor is saturated: target spd -0.15000000596046448
[WARN] [1784958199.029889346] [motor_controller_pid]: Left motor is saturated: target spd 0.15000000596046448
[WARN] [1784958199.030934036] [motor_controller_pid]: Right motor is saturated: target spd -0.15000000596046448
[WARN] [1784958199.080788701] [motor_controller_pid]: Left motor is saturated: target spd 0.15000000596046448
[WARN] [1784958199.083108528] [motor_controller_pid]: Right motor is saturated: target spd -0.15000000596046448
[WARN] [1784958199.129995547] [motor_controller_pid]: Left motor is saturated: target spd 0.15000000596046448
[WARN] [1784958199.131088275] [motor_controller_pid]: Right motor is saturated: target spd -0.15000000596046448
[WARN] [1784958199.181307182] [motor_controller_pid]: Left motor is saturated: target spd 0.15000000596046448
[WARN] [1784958199.184048659] [motor_controller_pid]: Right motor is saturated: target spd -0.15000000596046448
[WARN] [1784958199.229968803] [motor_controller_pid]: Left motor is saturated: target spd 0.15000000596046448
[WARN] [1784958199.231004346] [motor_controller_pid]: Right motor is saturated: target spd -0.15000000596046448
[WARN] [1784958199.280074580] [motor_controller_pid]: Left motor is saturated: target spd 0.15000000596046448
[WARN] [1784958199.281540421] [motor_controller_pid]: Right motor is saturated: target spd -0.15000000596046448
[WARN] [1784958199.329950300] [motor_controller_pid]: Left motor is saturated: target spd 0.15000000596046448
[WARN] [1784958199.331022028] [motor_controller_pid]: Right motor is saturated: target spd -0.15000000596046448
[WARN] [1784958199.379845113] [motor_controller_pid]: Left motor is saturated: target spd 0.15000000596046448
[WARN] [1784958199.381581399] [motor_controller_pid]: Right motor is saturated: target spd -0.15000000596046448
[WARN] [1784958199.429909871] [motor_controller_pid]: Left motor is saturated: target spd 0.15000000596046448
[WARN] [1784958199.430954784] [motor_controller_pid]: Right motor is saturated: target spd -0.15000000596046448
[WARN] [1784958199.481684341] [motor_controller_pid]: Left motor is saturated: target spd 0.15000000596046448
[WARN] [1784958199.485266712] [motor_controller_pid]: Right motor is saturated: target spd -0.15000000596046448
[WARN] [1784958199.529935868] [motor_controller_pid]: Left motor is saturated: target spd 0.15000000596046448
[WARN] [1784958199.531062559] [motor_controller_pid]: Right motor is saturated: target spd -0.15000000596046448
[WARN] [1784958199.582649251] [motor_controller_pid]: Left motor is saturated: target spd 0.15000000596046448
[WARN] [1784958199.586734364] [motor_controller_pid]: Right motor is saturated: target spd -0.15000000596046448
[WARN] [1784958199.629896494] [motor_controller_pid]: Left motor is saturated: target spd 0.15000000596046448
[WARN] [1784958199.630948870] [motor_controller_pid]: Right motor is saturated: target spd -0.15000000596046448
[WARN] [1784958199.681765317] [motor_controller_pid]: Left motor is saturated: target spd 0.15000000596046448
[WARN] [1784958199.684467516] [motor_controller_pid]: Right motor is saturated: target spd -0.15000000596046448
[WARN] [1784958199.729972936] [motor_controller_pid]: Left motor is saturated: target spd 0.15000000596046448
[WARN] [1784958199.730987886] [motor_controller_pid]: Right motor is saturated: target spd -0.15000000596046448
[WARN] [1784958199.780768605] [motor_controller_pid]: Left motor is saturated: target spd 0.15000000596046448
[WARN] [1784958199.781893278] [motor_controller_pid]: Right motor is saturated: target spd -0.15000000596046448
[WARN] [1784958199.830221601] [motor_controller_pid]: Left motor is saturated: target spd 0.15000000596046448
[WARN] [1784958199.831376829] [motor_controller_pid]: Right motor is saturated: target spd -0.15000000596046448
[WARN] [1784958199.881525477] [motor_controller_pid]: Left motor is saturated: target spd 0.15000000596046448
[WARN] [1784958199.882752464] [motor_controller_pid]: Right motor is saturated: target spd -0.15000000596046448
[WARN] [1784958199.929889893] [motor_controller_pid]: Left motor is saturated: target spd 0.15000000596046448
[WARN] [1784958199.930929065] [motor_controller_pid]: Right motor is saturated: target spd -0.15000000596046448
[WARN] [1784958199.980068522] [motor_controller_pid]: Left motor is saturated: target spd 0.15000000596046448
[WARN] [1784958199.985837533] [motor_controller_pid]: Right motor is saturated: target spd -0.15000000596046448
[WARN] [1784958200.030477485] [motor_controller_pid]: Left motor is saturated: target spd 0.15000000596046448
[WARN] [1784958200.031614973] [motor_controller_pid]: Right motor is saturated: target spd -0.15000000596046448
[WARN] [1784958200.081063783] [motor_controller_pid]: Left motor is saturated: target spd 0.15000000596046448
[WARN] [1784958200.083224498] [motor_controller_pid]: Right motor is saturated: target spd -0.15000000596046448
[WARN] [1784958200.130178092] [motor_controller_pid]: Left motor is saturated: target spd 0.15000000596046448
[WARN] [1784958200.131340894] [motor_controller_pid]: Right motor is saturated: target spd -0.15000000596046448
[WARN] [1784958200.181299429] [motor_controller_pid]: Left motor is saturated: target spd 0.15000000596046448
[WARN] [1784958200.184007054] [motor_controller_pid]: Right motor is saturated: target spd -0.15000000596046448
[WARN] [1784958200.229958013] [motor_controller_pid]: Left motor is saturated: target spd 0.15000000596046448
[WARN] [1784958200.230989741] [motor_controller_pid]: Right motor is saturated: target spd -0.15000000596046448
[WARN] [1784958200.281548631] [motor_controller_pid]: Left motor is saturated: target spd 0.15000000596046448
[WARN] [1784958200.284386979] [motor_controller_pid]: Right motor is saturated: target spd -0.15000000596046448
[WARN] [1784958200.330016418] [motor_controller_pid]: Left motor is saturated: target spd 0.15000000596046448
[WARN] [1784958200.331112072] [motor_controller_pid]: Right motor is saturated: target spd -0.15000000596046448
[WARN] [1784958200.381063885] [motor_controller_pid]: Left motor is saturated: target spd 0.15000000596046448
[WARN] [1784958200.382579171] [motor_controller_pid]: Right motor is saturated: target spd -0.15000000596046448
[WARN] [1784958200.430081175] [motor_controller_pid]: Left motor is saturated: target spd 0.11000000596046447
[WARN] [1784958200.431168236] [motor_controller_pid]: Right motor is saturated: target spd -0.11000000596046447
[WARN] [1784958200.480577805] [motor_controller_pid]: Left motor is saturated: target spd 0.07504031846046447
[WARN] [1784958200.481685126] [motor_controller_pid]: Right motor is saturated: target spd -0.06495969346046446
[WARN] [1784958200.529821763] [motor_controller_pid]: Left motor is saturated: target spd 0.040080630960464464
[WARN] [1784958200.530803194] [motor_controller_pid]: Right motor is saturated: target spd -0.01991938096046446
[WARN] [1784958200.581159620] [motor_controller_pid]: Left motor is saturated: target spd 0.040080630960464464
[WARN] [1784958200.584067765] [motor_controller_pid]: Right motor is saturated: target spd -0.01991938096046446
[WARN] [1784958200.629825871] [motor_controller_pid]: Left motor is saturated: target spd 0.020161250000000002
[WARN] [1784958200.630868154] [motor_controller_pid]: Right motor is saturated: target spd 0.020161250000000002
[WARN] [1784958200.682770070] [motor_controller_pid]: Left motor is saturated: target spd 0.0252015625
[WARN] [1784958200.684649635] [motor_controller_pid]: Right motor is saturated: target spd 0.0252015625
[WARN] [1784958200.730183722] [motor_controller_pid]: Left motor is saturated: target spd 0.030241874999999998
[WARN] [1784958200.731207745] [motor_controller_pid]: Right motor is saturated: target spd 0.030241874999999998
[WARN] [1784958200.781444467] [motor_controller_pid]: Left motor is saturated: target spd 0.030241874999999998
[WARN] [1784958200.783217717] [motor_controller_pid]: Right motor is saturated: target spd 0.030241874999999998
[WARN] [1784958200.830635573] [motor_controller_pid]: Left motor is saturated: target spd 0.03506304347826088
[WARN] [1784958200.831810894] [motor_controller_pid]: Right motor is saturated: target spd 0.03506304347826088
[WARN] [1784958200.884221553] [motor_controller_pid]: Left motor is saturated: target spd 0.035501331521739135
[WARN] [1784958200.885230817] [motor_controller_pid]: Right motor is saturated: target spd 0.035501331521739135
[WARN] [1784958200.929927436] [motor_controller_pid]: Left motor is saturated: target spd 0.03506304347826088
[WARN] [1784958200.930946312] [motor_controller_pid]: Right motor is saturated: target spd 0.03506304347826088
[WARN] [1784958200.984301309] [motor_controller_pid]: Left motor is saturated: target spd 0.03506304347826088
[WARN] [1784958200.985429630] [motor_controller_pid]: Right motor is saturated: target spd 0.03506304347826088
[WARN] [1784958201.029857822] [motor_controller_pid]: Left motor is saturated: target spd 0.03506304347826088
[WARN] [1784958201.030851216] [motor_controller_pid]: Right motor is saturated: target spd 0.03506304347826088
[WARN] [1784958201.080945548] [motor_controller_pid]: Left motor is saturated: target spd 0.03506304347826088
[WARN] [1784958201.084949939] [motor_controller_pid]: Right motor is saturated: target spd 0.03506304347826088
[WARN] [1784958201.129904523] [motor_controller_pid]: Left motor is saturated: target spd 0.03287160326086957
[WARN] [1784958201.130937158] [motor_controller_pid]: Right motor is saturated: target spd 0.03287160326086957
[WARN] [1784958201.180595006] [motor_controller_pid]: Left motor is saturated: target spd 0.03287160326086957
[WARN] [1784958201.182832333] [motor_controller_pid]: Right motor is saturated: target spd 0.03287160326086957
[WARN] [1784958201.230138891] [motor_controller_pid]: Left motor is saturated: target spd 0.03287160326086957
[WARN] [1784958201.231570306] [motor_controller_pid]: Right motor is saturated: target spd 0.03287160326086957
[WARN] [1784958201.280679170] [motor_controller_pid]: Left motor is saturated: target spd 0.03287160326086957
[WARN] [1784958201.282168900] [motor_controller_pid]: Right motor is saturated: target spd 0.03287160326086957
[WARN] [1784958201.329981202] [motor_controller_pid]: Left motor is saturated: target spd 0.03287160326086957
[WARN] [1784958201.331117116] [motor_controller_pid]: Right motor is saturated: target spd 0.03287160326086957
[WARN] [1784958201.380930058] [motor_controller_pid]: Left motor is saturated: target spd 0.03287160326086957
[WARN] [1784958201.383306959] [motor_controller_pid]: Right motor is saturated: target spd 0.03287160326086957
[WARN] [1784958201.430049848] [motor_controller_pid]: Left motor is saturated: target spd 0.03506304347826088
[WARN] [1784958201.431171928] [motor_controller_pid]: Right motor is saturated: target spd 0.03506304347826088
[WARN] [1784958201.480033698] [motor_controller_pid]: Left motor is saturated: target spd 0.03506304347826088
[WARN] [1784958201.482238469] [motor_controller_pid]: Right motor is saturated: target spd 0.03506304347826088
[WARN] [1784958201.529848955] [motor_controller_pid]: Left motor is saturated: target spd 0.03287160326086957
[WARN] [1784958201.530896942] [motor_controller_pid]: Right motor is saturated: target spd 0.03287160326086957
[WARN] [1784958201.579935769] [motor_controller_pid]: Left motor is saturated: target spd 0.03287160326086957
[WARN] [1784958201.580956052] [motor_controller_pid]: Right motor is saturated: target spd 0.03287160326086957
[WARN] [1784958201.630146416] [motor_controller_pid]: Left motor is saturated: target spd 0.03287160326086957
[WARN] [1784958201.631280719] [motor_controller_pid]: Right motor is saturated: target spd 0.03287160326086957
[WARN] [1784958201.682009573] [motor_controller_pid]: Left motor is saturated: target spd 0.03287160326086957
[WARN] [1784958201.684045583] [motor_controller_pid]: Right motor is saturated: target spd 0.03287160326086957
[WARN] [1784958201.729839597] [motor_controller_pid]: Left motor is saturated: target spd 0.03287160326086957
[WARN] [1784958201.731162974] [motor_controller_pid]: Right motor is saturated: target spd 0.03287160326086957
[WARN] [1784958201.780325024] [motor_controller_pid]: Left motor is saturated: target spd 0.03506304347826088
[WARN] [1784958201.781564382] [motor_controller_pid]: Right motor is saturated: target spd 0.03506304347826088
[WARN] [1784958201.829867983] [motor_controller_pid]: Left motor is saturated: target spd 0.03506304347826088
[WARN] [1784958201.830852192] [motor_controller_pid]: Right motor is saturated: target spd 0.03506304347826088
[WARN] [1784958201.880315965] [motor_controller_pid]: Left motor is saturated: target spd 0.03506304347826088
[WARN] [1784958201.882645218] [motor_controller_pid]: Right motor is saturated: target spd 0.03506304347826088
[WARN] [1784958201.930531669] [motor_controller_pid]: Left motor is saturated: target spd 0.03287160326086957
[WARN] [1784958201.931583507] [motor_controller_pid]: Right motor is saturated: target spd 0.03287160326086957
[WARN] [1784958201.982303361] [motor_controller_pid]: Left motor is saturated: target spd 0.03287160326086957
[WARN] [1784958201.984458965] [motor_controller_pid]: Right motor is saturated: target spd 0.03287160326086957
[WARN] [1784958202.029871810] [motor_controller_pid]: Left motor is saturated: target spd 0.03506304347826088
[WARN] [1784958202.030842445] [motor_controller_pid]: Right motor is saturated: target spd 0.03506304347826088
[WARN] [1784958202.081862467] [motor_controller_pid]: Left motor is saturated: target spd 0.03506304347826088
[WARN] [1784958202.085616412] [motor_controller_pid]: Right motor is saturated: target spd 0.03506304347826088
[WARN] [1784958202.130048586] [motor_controller_pid]: Left motor is saturated: target spd 0.03287160326086957
[WARN] [1784958202.131182295] [motor_controller_pid]: Right motor is saturated: target spd 0.03287160326086957
[WARN] [1784958202.182035502] [motor_controller_pid]: Left motor is saturated: target spd 0.03287160326086957
[WARN] [1784958202.183864697] [motor_controller_pid]: Right motor is saturated: target spd 0.03287160326086957
[WARN] [1784958202.229959249] [motor_controller_pid]: Left motor is saturated: target spd 0.03287160326086957
[WARN] [1784958202.231142737] [motor_controller_pid]: Right motor is saturated: target spd 0.03287160326086957
[WARN] [1784958202.280271194] [motor_controller_pid]: Left motor is saturated: target spd 0.03287160326086957
[WARN] [1784958202.284843310] [motor_controller_pid]: Right motor is saturated: target spd 0.03287160326086957
[WARN] [1784958202.329828153] [motor_controller_pid]: Left motor is saturated: target spd 0.050403125
[WARN] [1784958202.330844825] [motor_controller_pid]: Right motor is saturated: target spd 0.050403125
[WARN] [1784958202.380515821] [motor_controller_pid]: Left motor is saturated: target spd 0.050403125
[WARN] [1784958202.386366611] [motor_controller_pid]: Right motor is saturated: target spd 0.050403125
[WARN] [1784958202.430257856] [motor_controller_pid]: Left motor is saturated: target spd 0.03506304347826088
[WARN] [1784958202.431488603] [motor_controller_pid]: Right motor is saturated: target spd 0.03506304347826088
[WARN] [1784958202.480128483] [motor_controller_pid]: Left motor is saturated: target spd 0.03506304347826088
[WARN] [1784958202.481751973] [motor_controller_pid]: Right motor is saturated: target spd 0.03506304347826088
[WARN] [1784958202.529965703] [motor_controller_pid]: Left motor is saturated: target spd 0.03287160326086957
[WARN] [1784958202.531056931] [motor_controller_pid]: Right motor is saturated: target spd 0.03287160326086957
[WARN] [1784958202.585123228] [motor_controller_pid]: Left motor is saturated: target spd 0.03287160326086957
[WARN] [1784958202.586185178] [motor_controller_pid]: Right motor is saturated: target spd 0.03287160326086957
[WARN] [1784958202.629908366] [motor_controller_pid]: Left motor is saturated: target spd 0.03287160326086957
[WARN] [1784958202.631010187] [motor_controller_pid]: Right motor is saturated: target spd 0.03287160326086957
[WARN] [1784958202.680456738] [motor_controller_pid]: Left motor is saturated: target spd 0.03287160326086957
[WARN] [1784958202.684091460] [motor_controller_pid]: Right motor is saturated: target spd 0.03287160326086957
[WARN] [1784958202.730117698] [motor_controller_pid]: Left motor is saturated: target spd 0.03287160326086957
[WARN] [1784958202.731161777] [motor_controller_pid]: Right motor is saturated: target spd 0.03287160326086957
[WARN] [1784958202.780870330] [motor_controller_pid]: Left motor is saturated: target spd 0.03287160326086957
[WARN] [1784958202.782515875] [motor_controller_pid]: Right motor is saturated: target spd 0.03287160326086957
[WARN] [1784958202.830028509] [motor_controller_pid]: Left motor is saturated: target spd 0.03287160326086957
[WARN] [1784958202.831129978] [motor_controller_pid]: Right motor is saturated: target spd 0.03287160326086957
[WARN] [1784958202.884626568] [motor_controller_pid]: Left motor is saturated: target spd 0.03287160326086957
[WARN] [1784958202.885923353] [motor_controller_pid]: Right motor is saturated: target spd 0.03287160326086957
[WARN] [1784958202.929935154] [motor_controller_pid]: Left motor is saturated: target spd 0.03506304347826088
[WARN] [1784958202.931025011] [motor_controller_pid]: Right motor is saturated: target spd 0.03506304347826088
[WARN] [1784958202.980392284] [motor_controller_pid]: Left motor is saturated: target spd 0.03506304347826088
[WARN] [1784958202.983355318] [motor_controller_pid]: Right motor is saturated: target spd 0.03506304347826088
[WARN] [1784958203.029900836] [motor_controller_pid]: Left motor is saturated: target spd 0.03287160326086957
[WARN] [1784958203.030978211] [motor_controller_pid]: Right motor is saturated: target spd 0.03287160326086957
[WARN] [1784958203.080957117] [motor_controller_pid]: Left motor is saturated: target spd 0.03287160326086957
[WARN] [1784958203.082057030] [motor_controller_pid]: Right motor is saturated: target spd 0.03287160326086957
[WARN] [1784958203.130331150] [motor_controller_pid]: Left motor is saturated: target spd 0.03287160326086957
[WARN] [1784958203.131417507] [motor_controller_pid]: Right motor is saturated: target spd 0.03287160326086957
[WARN] [1784958203.182107953] [motor_controller_pid]: Left motor is saturated: target spd 0.03287160326086957
[WARN] [1784958203.184350428] [motor_controller_pid]: Right motor is saturated: target spd 0.03287160326086957
[WARN] [1784958203.230141442] [motor_controller_pid]: Left motor is saturated: target spd 0.03287160326086957
[WARN] [1784958203.231218688] [motor_controller_pid]: Right motor is saturated: target spd 0.03287160326086957
[WARN] [1784958203.281869542] [motor_controller_pid]: Left motor is saturated: target spd 0.03287160326086957
[WARN] [1784958203.285188633] [motor_controller_pid]: Right motor is saturated: target spd 0.03287160326086957
[WARN] [1784958203.329975956] [motor_controller_pid]: Left motor is saturated: target spd 0.03725448369565219
[WARN] [1784958203.331070073] [motor_controller_pid]: Right motor is saturated: target spd 0.03725448369565219
[WARN] [1784958203.381345388] [motor_controller_pid]: Left motor is saturated: target spd 0.03725448369565219
[WARN] [1784958203.383532344] [motor_controller_pid]: Right motor is saturated: target spd 0.03725448369565219
[WARN] [1784958203.430087380] [motor_controller_pid]: Left motor is saturated: target spd 0.03506304347826088
[WARN] [1784958203.431346683] [motor_controller_pid]: Right motor is saturated: target spd 0.03506304347826088
[WARN] [1784958203.481419145] [motor_controller_pid]: Left motor is saturated: target spd 0.03506304347826088
[WARN] [1784958203.482658873] [motor_controller_pid]: Right motor is saturated: target spd 0.03506304347826088
[WARN] [1784958203.529906469] [motor_controller_pid]: Left motor is saturated: target spd 0.03506304347826088
[WARN] [1784958203.530990974] [motor_controller_pid]: Right motor is saturated: target spd 0.03506304347826088
[WARN] [1784958203.580109561] [motor_controller_pid]: Left motor is saturated: target spd 0.03506304347826088
[WARN] [1784958203.582352794] [motor_controller_pid]: Right motor is saturated: target spd 0.03506304347826088
[WARN] [1784958203.630271486] [motor_controller_pid]: Left motor is saturated: target spd 0.03287160326086957
[WARN] [1784958203.631379418] [motor_controller_pid]: Right motor is saturated: target spd 0.03287160326086957
[WARN] [1784958203.681025173] [motor_controller_pid]: Left motor is saturated: target spd 0.03287160326086957
[WARN] [1784958203.683119481] [motor_controller_pid]: Right motor is saturated: target spd 0.03287160326086957
[WARN] [1784958203.729985296] [motor_controller_pid]: Left motor is saturated: target spd 0.03506304347826088
[WARN] [1784958203.732467883] [motor_controller_pid]: Right motor is saturated: target spd 0.03506304347826088
[WARN] [1784958203.781614322] [motor_controller_pid]: Left motor is saturated: target spd 0.03506304347826088
[WARN] [1784958203.785447619] [motor_controller_pid]: Right motor is saturated: target spd 0.03506304347826088
[WARN] [1784958203.829862052] [motor_controller_pid]: Left motor is saturated: target spd 0.03287160326086957
[WARN] [1784958203.830917594] [motor_controller_pid]: Right motor is saturated: target spd 0.03287160326086957
[WARN] [1784958203.880678869] [motor_controller_pid]: Left motor is saturated: target spd 0.03287160326086957
[WARN] [1784958203.883325142] [motor_controller_pid]: Right motor is saturated: target spd 0.03287160326086957
[WARN] [1784958203.929923716] [motor_controller_pid]: Left motor is saturated: target spd 0.03506304347826088
[WARN] [1784958203.931016295] [motor_controller_pid]: Right motor is saturated: target spd 0.03506304347826088
[WARN] [1784958203.981149258] [motor_controller_pid]: Left motor is saturated: target spd 0.03506304347826088
[WARN] [1784958203.984359496] [motor_controller_pid]: Right motor is saturated: target spd 0.03506304347826088
[WARN] [1784958204.030892514] [motor_controller_pid]: Left motor is saturated: target spd 0.03506304347826088
[WARN] [1784958204.031903353] [motor_controller_pid]: Right motor is saturated: target spd 0.03506304347826088
[WARN] [1784958204.082603947] [motor_controller_pid]: Left motor is saturated: target spd 0.03506304347826088
[WARN] [1784958204.084091251] [motor_controller_pid]: Right motor is saturated: target spd 0.03506304347826088
[WARN] [1784958204.129949154] [motor_controller_pid]: Left motor is saturated: target spd 0.03506304347826088
[WARN] [1784958204.131039438] [motor_controller_pid]: Right motor is saturated: target spd 0.03506304347826088
[WARN] [1784958204.180066487] [motor_controller_pid]: Left motor is saturated: target spd 0.03506304347826088
[WARN] [1784958204.181508402] [motor_controller_pid]: Right motor is saturated: target spd 0.03506304347826088
[WARN] [1784958204.230162615] [motor_controller_pid]: Left motor is saturated: target spd 0.03506304347826088
[WARN] [1784958204.231616901] [motor_controller_pid]: Right motor is saturated: target spd 0.03506304347826088
[WARN] [1784958204.282126420] [motor_controller_pid]: Left motor is saturated: target spd 0.03506304347826088
[WARN] [1784958204.284743823] [motor_controller_pid]: Right motor is saturated: target spd 0.03506304347826088
[WARN] [1784958204.329985667] [motor_controller_pid]: Left motor is saturated: target spd 0.03725448369565219
[WARN] [1784958204.331046209] [motor_controller_pid]: Right motor is saturated: target spd 0.03725448369565219
[WARN] [1784958204.380615595] [motor_controller_pid]: Left motor is saturated: target spd 0.03725448369565219
[WARN] [1784958204.383700944] [motor_controller_pid]: Right motor is saturated: target spd 0.03725448369565219
[WARN] [1784958204.430135683] [motor_controller_pid]: Left motor is saturated: target spd 0.03506304347826088
[WARN] [1784958204.431478968] [motor_controller_pid]: Right motor is saturated: target spd 0.03506304347826088
[WARN] [1784958204.481580152] [motor_controller_pid]: Left motor is saturated: target spd 0.03506304347826088
[WARN] [1784958204.483179586] [motor_controller_pid]: Right motor is saturated: target spd 0.03506304347826088
[WARN] [1784958204.529935438] [motor_controller_pid]: Left motor is saturated: target spd 0.03506304347826088
[WARN] [1784958204.531068148] [motor_controller_pid]: Right motor is saturated: target spd 0.03506304347826088
[WARN] [1784958204.581238684] [motor_controller_pid]: Left motor is saturated: target spd 0.03506304347826088
[WARN] [1784958204.583563344] [motor_controller_pid]: Right motor is saturated: target spd 0.03506304347826088
[WARN] [1784958204.629889139] [motor_controller_pid]: Left motor is saturated: target spd 0.03506304347826088
[WARN] [1784958204.630915144] [motor_controller_pid]: Right motor is saturated: target spd 0.03506304347826088
[WARN] [1784958204.680761438] [motor_controller_pid]: Left motor is saturated: target spd 0.03506304347826088
[WARN] [1784958204.683061376] [motor_controller_pid]: Right motor is saturated: target spd 0.03506304347826088
[WARN] [1784958204.729988933] [motor_controller_pid]: Left motor is saturated: target spd 0.03287160326086957
[WARN] [1784958204.731426477] [motor_controller_pid]: Right motor is saturated: target spd 0.03287160326086957
[WARN] [1784958204.782351517] [motor_controller_pid]: Left motor is saturated: target spd 0.03287160326086957
[WARN] [1784958204.784717307] [motor_controller_pid]: Right motor is saturated: target spd 0.03287160326086957
[WARN] [1784958204.830040096] [motor_controller_pid]: Left motor is saturated: target spd 0.03506304347826088
[WARN] [1784958204.831059120] [motor_controller_pid]: Right motor is saturated: target spd 0.03506304347826088
[WARN] [1784958204.880366411] [motor_controller_pid]: Left motor is saturated: target spd 0.03506304347826088
[WARN] [1784958204.882583515] [motor_controller_pid]: Right motor is saturated: target spd 0.03506304347826088
[WARN] [1784958204.929967093] [motor_controller_pid]: Left motor is saturated: target spd 0.03506304347826088
[WARN] [1784958204.931047506] [motor_controller_pid]: Right motor is saturated: target spd 0.03506304347826088
[WARN] [1784958204.981603267] [motor_controller_pid]: Left motor is saturated: target spd 0.03506304347826088
[WARN] [1784958204.983502387] [motor_controller_pid]: Right motor is saturated: target spd 0.03506304347826088
[WARN] [1784958205.029882256] [motor_controller_pid]: Left motor is saturated: target spd 0.03287160326086957
[WARN] [1784958205.030952688] [motor_controller_pid]: Right motor is saturated: target spd 0.03287160326086957
[WARN] [1784958205.080428961] [motor_controller_pid]: Left motor is saturated: target spd 0.03287160326086957
[WARN] [1784958205.083556811] [motor_controller_pid]: Right motor is saturated: target spd 0.03287160326086957
[WARN] [1784958205.129994513] [motor_controller_pid]: Left motor is saturated: target spd 0.03287160326086957
[WARN] [1784958205.131133723] [motor_controller_pid]: Right motor is saturated: target spd 0.03287160326086957
[WARN] [1784958205.183319751] [motor_controller_pid]: Left motor is saturated: target spd 0.03287160326086957
[WARN] [1784958205.184396442] [motor_controller_pid]: Right motor is saturated: target spd 0.03287160326086957
[WARN] [1784958205.229994695] [motor_controller_pid]: Left motor is saturated: target spd 0.03506304347826088
[WARN] [1784958205.231154905] [motor_controller_pid]: Right motor is saturated: target spd 0.03506304347826088
[WARN] [1784958205.281384997] [motor_controller_pid]: Left motor is saturated: target spd 0.03506304347826088
[WARN] [1784958205.283232784] [motor_controller_pid]: Right motor is saturated: target spd 0.03506304347826088
[WARN] [1784958205.329765413] [motor_controller_pid]: Left motor is saturated: target spd 0.03506304347826088
[WARN] [1784958205.380330433] [motor_controller_pid]: Left motor is saturated: target spd 0.03506304347826088
[WARN] [1784958205.430419451] [motor_controller_pid]: Left motor is saturated: target spd 0.03506304347826088
[WARN] [1784958205.480037521] [motor_controller_pid]: Left motor is saturated: target spd 0.03506304347826088
[WARN] [1784958205.529905760] [motor_controller_pid]: Left motor is saturated: target spd 0.03287160326086957
[WARN] [1784958205.580262001] [motor_controller_pid]: Left motor is saturated: target spd 0.03287160326086957
[WARN] [1784958205.630353277] [motor_controller_pid]: Left motor is saturated: target spd 0.03506304347826088
[WARN] [1784958205.682395157] [motor_controller_pid]: Left motor is saturated: target spd 0.03506304347826088
[WARN] [1784958205.730120718] [motor_controller_pid]: Left motor is saturated: target spd 0.03506304347826088
[WARN] [1784958205.781696946] [motor_controller_pid]: Left motor is saturated: target spd 0.03506304347826088
[WARN] [1784958205.829957695] [motor_controller_pid]: Left motor is saturated: target spd 0.03287160326086957
[WARN] [1784958205.883828584] [motor_controller_pid]: Left motor is saturated: target spd 0.03287160326086957
[WARN] [1784958205.929929785] [motor_controller_pid]: Left motor is saturated: target spd 0.03506304347826088
[WARN] [1784958205.983006410] [motor_controller_pid]: Left motor is saturated: target spd 0.03506304347826088
[WARN] [1784958206.029972634] [motor_controller_pid]: Left motor is saturated: target spd 0.03506304347826088
[WARN] [1784958206.081492881] [motor_controller_pid]: Left motor is saturated: target spd 0.03506304347826088
[WARN] [1784958206.130233317] [motor_controller_pid]: Left motor is saturated: target spd 0.050403125
[WARN] [1784958206.179997314] [motor_controller_pid]: Left motor is saturated: target spd 0.050403125
[WARN] [1784958206.229978202] [motor_controller_pid]: Left motor is saturated: target spd 0.03287160326086957
[WARN] [1784958206.281206262] [motor_controller_pid]: Left motor is saturated: target spd 0.03287160326086957
[WARN] [1784958206.329970310] [motor_controller_pid]: Left motor is saturated: target spd 0.03287160326086957
[WARN] [1784958206.382386673] [motor_controller_pid]: Left motor is saturated: target spd 0.03287160326086957
[WARN] [1784958206.430017492] [motor_controller_pid]: Left motor is saturated: target spd 0.03287160326086957
[WARN] [1784958206.481776629] [motor_controller_pid]: Left motor is saturated: target spd 0.03287160326086957
[WARN] [1784958206.529891600] [motor_controller_pid]: Left motor is saturated: target spd 0.03506304347826088
[WARN] [1784958206.579851802] [motor_controller_pid]: Left motor is saturated: target spd 0.03506304347826088
[WARN] [1784958206.629992560] [motor_controller_pid]: Left motor is saturated: target spd 0.03506304347826088
[WARN] [1784958206.682636350] [motor_controller_pid]: Left motor is saturated: target spd 0.03506304347826088
[WARN] [1784958206.730303799] [motor_controller_pid]: Left motor is saturated: target spd 0.03506304347826088
[WARN] [1784958206.780102926] [motor_controller_pid]: Left motor is saturated: target spd 0.03506304347826088
[WARN] [1784958206.830084073] [motor_controller_pid]: Left motor is saturated: target spd 0.03506304347826088
[WARN] [1784958206.880189424] [motor_controller_pid]: Left motor is saturated: target spd 0.03506304347826088
[WARN] [1784958206.929961792] [motor_controller_pid]: Left motor is saturated: target spd 0.03506304347826088
[WARN] [1784958206.980590590] [motor_controller_pid]: Left motor is saturated: target spd 0.03506304347826088
[WARN] [1784958207.029875566] [motor_controller_pid]: Left motor is saturated: target spd 0.03506304347826088
[WARN] [1784958207.080360104] [motor_controller_pid]: Left motor is saturated: target spd 0.03506304347826088
[WARN] [1784958207.130045619] [motor_controller_pid]: Left motor is saturated: target spd 0.03506304347826088
[WARN] [1784958207.179843450] [motor_controller_pid]: Left motor is saturated: target spd 0.03506304347826088
[WARN] [1784958207.230046894] [motor_controller_pid]: Left motor is saturated: target spd 0.050403125
[WARN] [1784958207.280384024] [motor_controller_pid]: Left motor is saturated: target spd 0.050403125
[WARN] [1784958207.330142206] [motor_controller_pid]: Left motor is saturated: target spd 0.03506304347826088
[WARN] [1784958207.380997024] [motor_controller_pid]: Left motor is saturated: target spd 0.03506304347826088
[WARN] [1784958207.429981536] [motor_controller_pid]: Left motor is saturated: target spd 0.03287160326086957
[WARN] [1784958207.480493759] [motor_controller_pid]: Left motor is saturated: target spd 0.03287160326086957
[WARN] [1784958207.529864365] [motor_controller_pid]: Left motor is saturated: target spd 0.03506304347826088
[WARN] [1784958207.580768887] [motor_controller_pid]: Left motor is saturated: target spd 0.03506304347826088
[WARN] [1784958207.629902844] [motor_controller_pid]: Left motor is saturated: target spd 0.03506304347826088
[WARN] [1784958207.679973028] [motor_controller_pid]: Left motor is saturated: target spd 0.03506304347826088
[WARN] [1784958207.729984101] [motor_controller_pid]: Left motor is saturated: target spd 0.03506304347826088
[WARN] [1784958207.780039692] [motor_controller_pid]: Left motor is saturated: target spd 0.03506304347826088
[WARN] [1784958207.829864393] [motor_controller_pid]: Left motor is saturated: target spd 0.03506304347826088
[WARN] [1784958207.880668711] [motor_controller_pid]: Left motor is saturated: target spd 0.03506304347826088
[WARN] [1784958207.930495153] [motor_controller_pid]: Left motor is saturated: target spd 0.03287160326086957
[WARN] [1784958207.982035585] [motor_controller_pid]: Left motor is saturated: target spd 0.03287160326086957
[WARN] [1784958208.030029499] [motor_controller_pid]: Left motor is saturated: target spd 0.050403125
[WARN] [1784958208.082842586] [motor_controller_pid]: Left motor is saturated: target spd 0.050403125
[WARN] [1784958208.129932903] [motor_controller_pid]: Left motor is saturated: target spd 0.03287160326086957
[WARN] [1784958208.179995013] [motor_controller_pid]: Left motor is saturated: target spd 0.03287160326086957
[WARN] [1784958208.229909215] [motor_controller_pid]: Left motor is saturated: target spd 0.03506304347826088
[WARN] [1784958208.281972039] [motor_controller_pid]: Left motor is saturated: target spd 0.03506304347826088
[WARN] [1784958208.329909786] [motor_controller_pid]: Left motor is saturated: target spd 0.03506304347826088
[WARN] [1784958208.380080026] [motor_controller_pid]: Left motor is saturated: target spd 0.03506304347826088
[WARN] [1784958208.430081728] [motor_controller_pid]: Left motor is saturated: target spd 0.03287160326086957
[WARN] [1784958208.479722854] [motor_controller_pid]: Left motor is saturated: target spd 0.03287160326086957
[WARN] [1784958208.529841557] [motor_controller_pid]: Left motor is saturated: target spd 0.03725448369565219
[WARN] [1784958208.580937598] [motor_controller_pid]: Left motor is saturated: target spd 0.03725448369565219
[WARN] [1784958208.629811591] [motor_controller_pid]: Left motor is saturated: target spd 0.03506304347826088
[WARN] [1784958208.680848095] [motor_controller_pid]: Left motor is saturated: target spd 0.03506304347826088
[WARN] [1784958208.729903774] [motor_controller_pid]: Left motor is saturated: target spd 0.03506304347826088
[WARN] [1784958208.783633828] [motor_controller_pid]: Left motor is saturated: target spd 0.03506304347826088
[WARN] [1784958208.831148333] [motor_controller_pid]: Left motor is saturated: target spd 0.03287160326086957
[WARN] [1784958208.884496848] [motor_controller_pid]: Left motor is saturated: target spd 0.03287160326086957
[WARN] [1784958208.930012027] [motor_controller_pid]: Left motor is saturated: target spd 0.03506304347826088
[WARN] [1784958208.983964954] [motor_controller_pid]: Left motor is saturated: target spd 0.03506304347826088
[WARN] [1784958209.030053654] [motor_controller_pid]: Left motor is saturated: target spd 0.03506304347826088
[WARN] [1784958209.083606115] [motor_controller_pid]: Left motor is saturated: target spd 0.03506304347826088
[WARN] [1784958209.130440172] [motor_controller_pid]: Left motor is saturated: target spd 0.03287160326086957
[WARN] [1784958209.182086012] [motor_controller_pid]: Left motor is saturated: target spd 0.03287160326086957
[WARN] [1784958209.230295094] [motor_controller_pid]: Left motor is saturated: target spd 0.03506304347826088
[WARN] [1784958209.280160555] [motor_controller_pid]: Left motor is saturated: target spd 0.03506304347826088
[WARN] [1784958209.330016312] [motor_controller_pid]: Left motor is saturated: target spd 0.03287160326086957
[WARN] [1784958209.381917635] [motor_controller_pid]: Left motor is saturated: target spd 0.03287160326086957
[WARN] [1784958209.429935882] [motor_controller_pid]: Left motor is saturated: target spd 0.03506304347826088
[WARN] [1784958209.480177104] [motor_controller_pid]: Left motor is saturated: target spd 0.03506304347826088
[WARN] [1784958209.530215492] [motor_controller_pid]: Left motor is saturated: target spd 0.03506304347826088
[WARN] [1784958209.582349964] [motor_controller_pid]: Left motor is saturated: target spd 0.03506304347826088
[WARN] [1784958209.629864524] [motor_controller_pid]: Left motor is saturated: target spd 0.03506304347826088
[WARN] [1784958209.680580841] [motor_controller_pid]: Left motor is saturated: target spd 0.03506304347826088
[WARN] [1784958209.730285782] [motor_controller_pid]: Left motor is saturated: target spd 0.03725448369565219
[WARN] [1784958209.782645904] [motor_controller_pid]: Left motor is saturated: target spd 0.03725448369565219
[WARN] [1784958209.829811925] [motor_controller_pid]: Left motor is saturated: target spd 0.03725448369565219
[WARN] [1784958209.880805466] [motor_controller_pid]: Left motor is saturated: target spd 0.03506304347826088
[WARN] [1784958209.929960923] [motor_controller_pid]: Left motor is saturated: target spd 0.03506304347826088
[WARN] [1784958209.982766528] [motor_controller_pid]: Left motor is saturated: target spd 0.03506304347826088
[WARN] [1784958210.029889660] [motor_controller_pid]: Left motor is saturated: target spd 0.03287160326086957
[WARN] [1784958210.080265031] [motor_controller_pid]: Left motor is saturated: target spd 0.03287160326086957
[WARN] [1784958210.129867212] [motor_controller_pid]: Left motor is saturated: target spd 0.03287160326086957
[WARN] [1784958210.179837470] [motor_controller_pid]: Left motor is saturated: target spd 0.03287160326086957
[WARN] [1784958210.230114062] [motor_controller_pid]: Left motor is saturated: target spd 0.03287160326086957
[WARN] [1784958210.283795228] [motor_controller_pid]: Left motor is saturated: target spd 0.03287160326086957
[WARN] [1784958210.330037541] [motor_controller_pid]: Left motor is saturated: target spd 0.03287160326086957
[WARN] [1784958210.379898631] [motor_controller_pid]: Left motor is saturated: target spd 0.03287160326086957
[WARN] [1784958210.430274872] [motor_controller_pid]: Left motor is saturated: target spd 0.03287160326086957
[WARN] [1784958210.480491816] [motor_controller_pid]: Left motor is saturated: target spd 0.03352903532608697
[WARN] [1784958210.529912441] [motor_controller_pid]: Left motor is saturated: target spd 0.03330989130434784
[WARN] [1784958210.580949630] [motor_controller_pid]: Left motor is saturated: target spd 0.03330989130434784
[WARN] [1784958210.631616706] [motor_controller_pid]: Left motor is saturated: target spd 0.030241875000000005
[WARN] [1784958210.680103345] [motor_controller_pid]: Left motor is saturated: target spd 0.030241875000000005
[WARN] [1784958210.730013843] [motor_controller_pid]: Left motor is saturated: target spd 0.020161250000000006
[WARN] [1784958210.780544733] [motor_controller_pid]: Left motor is saturated: target spd 0.015120937500000008
[WARN] [1784958210.830011618] [motor_controller_pid]: Left motor is saturated: target spd 0.010080625000000008
[WARN] [1784958210.880186821] [motor_controller_pid]: Left motor is saturated: target spd 0.010080625000000008
[WARN] [1784958211.929775268] [motor_controller_pid]: Command timeout; stopping motors
[WARN] [1784958222.680045832] [motor_controller_pid]: Left motor is saturated: target spd 0.15000000596046448
[WARN] [1784958222.683555887] [motor_controller_pid]: Right motor is saturated: target spd -0.15000000596046448
[WARN] [1784958222.730428462] [motor_controller_pid]: Left motor is saturated: target spd 0.15000000596046448
[WARN] [1784958222.731541598] [motor_controller_pid]: Right motor is saturated: target spd -0.15000000596046448
[WARN] [1784958222.780684407] [motor_controller_pid]: Left motor is saturated: target spd 0.15000000596046448
[WARN] [1784958222.783604792] [motor_controller_pid]: Right motor is saturated: target spd -0.15000000596046448
[WARN] [1784958222.830099050] [motor_controller_pid]: Left motor is saturated: target spd 0.15000000596046448
[WARN] [1784958222.831537317] [motor_controller_pid]: Right motor is saturated: target spd -0.15000000596046448
[WARN] [1784958222.881603334] [motor_controller_pid]: Left motor is saturated: target spd 0.15000000596046448
[WARN] [1784958222.883594937] [motor_controller_pid]: Right motor is saturated: target spd -0.15000000596046448
[WARN] [1784958222.930300678] [motor_controller_pid]: Left motor is saturated: target spd 0.15000000596046448
[WARN] [1784958222.931317572] [motor_controller_pid]: Right motor is saturated: target spd -0.15000000596046448
[WARN] [1784958222.980423547] [motor_controller_pid]: Left motor is saturated: target spd 0.15000000596046448
[WARN] [1784958222.984530272] [motor_controller_pid]: Right motor is saturated: target spd -0.15000000596046448
[WARN] [1784958223.030450861] [motor_controller_pid]: Left motor is saturated: target spd 0.15000000596046448
[WARN] [1784958223.032283963] [motor_controller_pid]: Right motor is saturated: target spd -0.15000000596046448
[WARN] [1784958223.080462267] [motor_controller_pid]: Left motor is saturated: target spd 0.15000000596046448
[WARN] [1784958223.082522166] [motor_controller_pid]: Right motor is saturated: target spd -0.15000000596046448
[WARN] [1784958223.130037874] [motor_controller_pid]: Left motor is saturated: target spd 0.15000000596046448
[WARN] [1784958223.131231306] [motor_controller_pid]: Right motor is saturated: target spd -0.15000000596046448
[WARN] [1784958223.180972025] [motor_controller_pid]: Left motor is saturated: target spd 0.15000000596046448
[WARN] [1784958223.182545774] [motor_controller_pid]: Right motor is saturated: target spd -0.15000000596046448
[WARN] [1784958223.230819319] [motor_controller_pid]: Left motor is saturated: target spd 0.15000000596046448
[WARN] [1784958223.233598297] [motor_controller_pid]: Right motor is saturated: target spd -0.15000000596046448
[WARN] [1784958223.280091740] [motor_controller_pid]: Left motor is saturated: target spd 0.15000000596046448
[WARN] [1784958223.284623004] [motor_controller_pid]: Right motor is saturated: target spd -0.15000000596046448
[WARN] [1784958223.330238610] [motor_controller_pid]: Left motor is saturated: target spd 0.15000000596046448
[WARN] [1784958223.331318523] [motor_controller_pid]: Right motor is saturated: target spd -0.15000000596046448
[WARN] [1784958223.379930810] [motor_controller_pid]: Left motor is saturated: target spd 0.15000000596046448
[WARN] [1784958223.385458950] [motor_controller_pid]: Right motor is saturated: target spd -0.15000000596046448
[WARN] [1784958223.430172551] [motor_controller_pid]: Left motor is saturated: target spd 0.15000000596046448
[WARN] [1784958223.431392205] [motor_controller_pid]: Right motor is saturated: target spd -0.15000000596046448
[WARN] [1784958223.482972286] [motor_controller_pid]: Left motor is saturated: target spd 0.15000000596046448
[WARN] [1784958223.485783449] [motor_controller_pid]: Right motor is saturated: target spd -0.15000000596046448
[WARN] [1784958223.530312845] [motor_controller_pid]: Left motor is saturated: target spd 0.15000000596046448
[WARN] [1784958223.531887242] [motor_controller_pid]: Right motor is saturated: target spd -0.15000000596046448
[WARN] [1784958223.582587985] [motor_controller_pid]: Left motor is saturated: target spd 0.15000000596046448
[WARN] [1784958223.584302975] [motor_controller_pid]: Right motor is saturated: target spd -0.15000000596046448
[WARN] [1784958223.629902414] [motor_controller_pid]: Left motor is saturated: target spd 0.15000000596046448
[WARN] [1784958223.631332903] [motor_controller_pid]: Right motor is saturated: target spd -0.15000000596046448
[WARN] [1784958223.682445925] [motor_controller_pid]: Left motor is saturated: target spd 0.15000000596046448
[WARN] [1784958223.685655831] [motor_controller_pid]: Right motor is saturated: target spd -0.15000000596046448
[WARN] [1784958223.730780841] [motor_controller_pid]: Left motor is saturated: target spd 0.15000000596046448
[WARN] [1784958223.732064866] [motor_controller_pid]: Right motor is saturated: target spd -0.15000000596046448
[WARN] [1784958223.780007854] [motor_controller_pid]: Left motor is saturated: target spd 0.15000000596046448
[WARN] [1784958223.781338824] [motor_controller_pid]: Right motor is saturated: target spd -0.15000000596046448
[WARN] [1784958223.830993098] [motor_controller_pid]: Left motor is saturated: target spd 0.15000000596046448
[WARN] [1784958223.834239708] [motor_controller_pid]: Right motor is saturated: target spd -0.15000000596046448
[WARN] [1784958223.883568332] [motor_controller_pid]: Left motor is saturated: target spd 0.15000000596046448
[WARN] [1784958223.885242156] [motor_controller_pid]: Right motor is saturated: target spd -0.15000000596046448
[WARN] [1784958223.929920608] [motor_controller_pid]: Left motor is saturated: target spd 0.15000000596046448
[WARN] [1784958223.930932243] [motor_controller_pid]: Right motor is saturated: target spd -0.15000000596046448
[WARN] [1784958223.980107756] [motor_controller_pid]: Left motor is saturated: target spd 0.15000000596046448
[WARN] [1784958223.984287037] [motor_controller_pid]: Right motor is saturated: target spd -0.15000000596046448
[WARN] [1784958224.030572386] [motor_controller_pid]: Left motor is saturated: target spd 0.15000000596046448
[WARN] [1784958224.031557447] [motor_controller_pid]: Right motor is saturated: target spd -0.15000000596046448
[WARN] [1784958224.081658076] [motor_controller_pid]: Left motor is saturated: target spd 0.15000000596046448
[WARN] [1784958224.083808457] [motor_controller_pid]: Right motor is saturated: target spd -0.15000000596046448
[WARN] [1784958224.131161831] [motor_controller_pid]: Left motor is saturated: target spd 0.15000000596046448
[WARN] [1784958224.134121568] [motor_controller_pid]: Right motor is saturated: target spd -0.15000000596046448
[WARN] [1784958224.180448566] [motor_controller_pid]: Left motor is saturated: target spd 0.15000000596046448
[WARN] [1784958224.181727851] [motor_controller_pid]: Right motor is saturated: target spd -0.15000000596046448
[WARN] [1784958224.230181267] [motor_controller_pid]: Left motor is saturated: target spd 0.15000000596046448
[WARN] [1784958224.233247320] [motor_controller_pid]: Right motor is saturated: target spd -0.15000000596046448
[WARN] [1784958224.284174768] [motor_controller_pid]: Left motor is saturated: target spd 0.15000000596046448
[WARN] [1784958224.285434163] [motor_controller_pid]: Right motor is saturated: target spd -0.15000000596046448
[WARN] [1784958224.330416414] [motor_controller_pid]: Left motor is saturated: target spd 0.15000000596046448
[WARN] [1784958224.331599957] [motor_controller_pid]: Right motor is saturated: target spd -0.15000000596046448
[WARN] [1784958224.380135263] [motor_controller_pid]: Left motor is saturated: target spd 0.15000000596046448
[WARN] [1784958224.382132810] [motor_controller_pid]: Right motor is saturated: target spd -0.15000000596046448
[WARN] [1784958224.431459231] [motor_controller_pid]: Left motor is saturated: target spd 0.15000000596046448
[WARN] [1784958224.432595811] [motor_controller_pid]: Right motor is saturated: target spd -0.15000000596046448
[WARN] [1784958224.482694384] [motor_controller_pid]: Left motor is saturated: target spd 0.15000000596046448
[WARN] [1784958224.485518676] [motor_controller_pid]: Right motor is saturated: target spd -0.15000000596046448
[WARN] [1784958224.531030707] [motor_controller_pid]: Left motor is saturated: target spd 0.15000000596046448
[WARN] [1784958224.532172083] [motor_controller_pid]: Right motor is saturated: target spd -0.15000000596046448
[WARN] [1784958224.580470091] [motor_controller_pid]: Left motor is saturated: target spd 0.15000000596046448
[WARN] [1784958224.582208286] [motor_controller_pid]: Right motor is saturated: target spd -0.15000000596046448
[WARN] [1784958224.630686221] [motor_controller_pid]: Left motor is saturated: target spd 0.15000000596046448
[WARN] [1784958224.631699041] [motor_controller_pid]: Right motor is saturated: target spd -0.15000000596046448
[WARN] [1784958224.680470033] [motor_controller_pid]: Left motor is saturated: target spd 0.15000000596046448
[WARN] [1784958224.683472900] [motor_controller_pid]: Right motor is saturated: target spd -0.15000000596046448
[WARN] [1784958224.730123733] [motor_controller_pid]: Left motor is saturated: target spd 0.15000000596046448
[WARN] [1784958224.731957761] [motor_controller_pid]: Right motor is saturated: target spd -0.15000000596046448
[WARN] [1784958224.780169639] [motor_controller_pid]: Left motor is saturated: target spd 0.15000000596046448
[WARN] [1784958224.781580202] [motor_controller_pid]: Right motor is saturated: target spd -0.15000000596046448
[WARN] [1784958224.830030082] [motor_controller_pid]: Left motor is saturated: target spd 0.15000000596046448
[WARN] [1784958224.831707794] [motor_controller_pid]: Right motor is saturated: target spd -0.15000000596046448
[WARN] [1784958224.880206044] [motor_controller_pid]: Left motor is saturated: target spd 0.15000000596046448
[WARN] [1784958224.882667927] [motor_controller_pid]: Right motor is saturated: target spd -0.15000000596046448
[WARN] [1784958224.930271839] [motor_controller_pid]: Left motor is saturated: target spd 0.15000000596046448
[WARN] [1784958224.933395392] [motor_controller_pid]: Right motor is saturated: target spd -0.15000000596046448
[WARN] [1784958224.982880647] [motor_controller_pid]: Left motor is saturated: target spd 0.15000000596046448
[WARN] [1784958224.984420396] [motor_controller_pid]: Right motor is saturated: target spd -0.15000000596046448
[WARN] [1784958225.030045353] [motor_controller_pid]: Left motor is saturated: target spd 0.15000000596046448
[WARN] [1784958225.033745335] [motor_controller_pid]: Right motor is saturated: target spd -0.15000000596046448
[WARN] [1784958225.080629559] [motor_controller_pid]: Left motor is saturated: target spd 0.15000000596046448
[WARN] [1784958225.085058267] [motor_controller_pid]: Right motor is saturated: target spd -0.15000000596046448
[WARN] [1784958225.130599501] [motor_controller_pid]: Left motor is saturated: target spd 0.15000000596046448
[WARN] [1784958225.133211478] [motor_controller_pid]: Right motor is saturated: target spd -0.15000000596046448
[WARN] [1784958225.182618603] [motor_controller_pid]: Left motor is saturated: target spd 0.15000000596046448
[WARN] [1784958225.185494747] [motor_controller_pid]: Right motor is saturated: target spd -0.15000000596046448
[WARN] [1784958225.230399979] [motor_controller_pid]: Left motor is saturated: target spd 0.15000000596046448
[WARN] [1784958225.231704726] [motor_controller_pid]: Right motor is saturated: target spd -0.15000000596046448
[WARN] [1784958225.280449589] [motor_controller_pid]: Left motor is saturated: target spd 0.15000000596046448
[WARN] [1784958225.282239320] [motor_controller_pid]: Right motor is saturated: target spd -0.15000000596046448
[WARN] [1784958225.330545569] [motor_controller_pid]: Left motor is saturated: target spd 0.15000000596046448
[WARN] [1784958225.331655982] [motor_controller_pid]: Right motor is saturated: target spd -0.15000000596046448
[WARN] [1784958225.381074441] [motor_controller_pid]: Left motor is saturated: target spd 0.15000000596046448
[WARN] [1784958225.383276582] [motor_controller_pid]: Right motor is saturated: target spd -0.15000000596046448
[WARN] [1784958225.430824938] [motor_controller_pid]: Left motor is saturated: target spd 0.15000000596046448
[WARN] [1784958225.432198667] [motor_controller_pid]: Right motor is saturated: target spd -0.15000000596046448
[WARN] [1784958225.482690279] [motor_controller_pid]: Left motor is saturated: target spd 0.15000000596046448
[WARN] [1784958225.484579993] [motor_controller_pid]: Right motor is saturated: target spd -0.15000000596046448
[WARN] [1784958225.530116635] [motor_controller_pid]: Left motor is saturated: target spd 0.15000000596046448
[WARN] [1784958225.531382345] [motor_controller_pid]: Right motor is saturated: target spd -0.15000000596046448
[WARN] [1784958225.581341288] [motor_controller_pid]: Left motor is saturated: target spd 0.15000000596046448
[WARN] [1784958225.584076339] [motor_controller_pid]: Right motor is saturated: target spd -0.15000000596046448
[WARN] [1784958225.630156002] [motor_controller_pid]: Left motor is saturated: target spd 0.15000000596046448
[WARN] [1784958225.631431083] [motor_controller_pid]: Right motor is saturated: target spd -0.15000000596046448
[WARN] [1784958225.680286242] [motor_controller_pid]: Left motor is saturated: target spd 0.15000000596046448
[WARN] [1784958225.681727416] [motor_controller_pid]: Right motor is saturated: target spd -0.15000000596046448
[WARN] [1784958225.730133647] [motor_controller_pid]: Left motor is saturated: target spd 0.15000000596046448
[WARN] [1784958225.731880805] [motor_controller_pid]: Right motor is saturated: target spd -0.15000000596046448
[WARN] [1784958225.783011161] [motor_controller_pid]: Left motor is saturated: target spd 0.15000000596046448
[WARN] [1784958225.784124666] [motor_controller_pid]: Right motor is saturated: target spd -0.15000000596046448
[WARN] [1784958225.831226539] [motor_controller_pid]: Left motor is saturated: target spd 0.15000000596046448
[WARN] [1784958225.832378582] [motor_controller_pid]: Right motor is saturated: target spd -0.15000000596046448
[WARN] [1784958225.881076759] [motor_controller_pid]: Left motor is saturated: target spd 0.15000000596046448
[WARN] [1784958225.882627582] [motor_controller_pid]: Right motor is saturated: target spd -0.15000000596046448
[WARN] [1784958225.931594612] [motor_controller_pid]: Left motor is saturated: target spd 0.15000000596046448
[WARN] [1784958225.933668289] [motor_controller_pid]: Right motor is saturated: target spd -0.15000000596046448
[WARN] [1784958225.980620346] [motor_controller_pid]: Left motor is saturated: target spd 0.15000000596046448
[WARN] [1784958225.981970779] [motor_controller_pid]: Right motor is saturated: target spd -0.15000000596046448
[WARN] [1784958226.030061119] [motor_controller_pid]: Left motor is saturated: target spd 0.15000000596046448
[WARN] [1784958226.031918666] [motor_controller_pid]: Right motor is saturated: target spd -0.15000000596046448
[WARN] [1784958226.082987726] [motor_controller_pid]: Left motor is saturated: target spd 0.15000000596046448
[WARN] [1784958226.084685975] [motor_controller_pid]: Right motor is saturated: target spd -0.15000000596046448
[WARN] [1784958226.130105580] [motor_controller_pid]: Left motor is saturated: target spd 0.15000000596046448
[WARN] [1784958226.131763107] [motor_controller_pid]: Right motor is saturated: target spd -0.15000000596046448
[WARN] [1784958226.183710374] [motor_controller_pid]: Left motor is saturated: target spd 0.15000000596046448
[WARN] [1784958226.186582111] [motor_controller_pid]: Right motor is saturated: target spd -0.15000000596046448
[WARN] [1784958226.230944451] [motor_controller_pid]: Left motor is saturated: target spd 0.15000000596046448
[WARN] [1784958226.232048679] [motor_controller_pid]: Right motor is saturated: target spd -0.15000000596046448
[WARN] [1784958226.281240340] [motor_controller_pid]: Left motor is saturated: target spd 0.15000000596046448
[WARN] [1784958226.283115146] [motor_controller_pid]: Right motor is saturated: target spd -0.15000000596046448
[WARN] [1784958226.330873540] [motor_controller_pid]: Left motor is saturated: target spd 0.15000000596046448
[WARN] [1784958226.331974787] [motor_controller_pid]: Right motor is saturated: target spd -0.15000000596046448
[WARN] [1784958226.382843456] [motor_controller_pid]: Left motor is saturated: target spd 0.15000000596046448
[WARN] [1784958226.384603780] [motor_controller_pid]: Right motor is saturated: target spd -0.15000000596046448
[WARN] [1784958226.431302280] [motor_controller_pid]: Left motor is saturated: target spd 0.15000000596046448
[WARN] [1784958226.433066012] [motor_controller_pid]: Right motor is saturated: target spd -0.15000000596046448
[WARN] [1784958226.482551822] [motor_controller_pid]: Left motor is saturated: target spd 0.15000000596046448
[WARN] [1784958226.484866834] [motor_controller_pid]: Right motor is saturated: target spd -0.15000000596046448
[WARN] [1784958226.530596996] [motor_controller_pid]: Left motor is saturated: target spd 0.15000000596046448
[WARN] [1784958226.531556816] [motor_controller_pid]: Right motor is saturated: target spd -0.15000000596046448
[WARN] [1784958226.580607069] [motor_controller_pid]: Left motor is saturated: target spd 0.15000000596046448
[WARN] [1784958226.583652084] [motor_controller_pid]: Right motor is saturated: target spd -0.15000000596046448
[WARN] [1784958226.630151213] [motor_controller_pid]: Left motor is saturated: target spd 0.15000000596046448
[WARN] [1784958226.631154514] [motor_controller_pid]: Right motor is saturated: target spd -0.15000000596046448
[WARN] [1784958226.682018110] [motor_controller_pid]: Left motor is saturated: target spd 0.15000000596046448
[WARN] [1784958226.684420196] [motor_controller_pid]: Right motor is saturated: target spd -0.15000000596046448
[WARN] [1784958226.730672712] [motor_controller_pid]: Left motor is saturated: target spd 0.15000000596046448
[WARN] [1784958226.732088923] [motor_controller_pid]: Right motor is saturated: target spd -0.15000000596046448
[WARN] [1784958226.780249542] [motor_controller_pid]: Left motor is saturated: target spd 0.15000000596046448
[WARN] [1784958226.783754986] [motor_controller_pid]: Right motor is saturated: target spd -0.15000000596046448
[WARN] [1784958226.830038039] [motor_controller_pid]: Left motor is saturated: target spd 0.15000000596046448
[WARN] [1784958226.831708752] [motor_controller_pid]: Right motor is saturated: target spd -0.15000000596046448
[WARN] [1784958226.882857071] [motor_controller_pid]: Left motor is saturated: target spd 0.15000000596046448
[WARN] [1784958226.884174356] [motor_controller_pid]: Right motor is saturated: target spd -0.15000000596046448
[WARN] [1784958226.930916911] [motor_controller_pid]: Left motor is saturated: target spd 0.15000000596046448
[WARN] [1784958226.932185899] [motor_controller_pid]: Right motor is saturated: target spd -0.15000000596046448
[WARN] [1784958226.982734104] [motor_controller_pid]: Left motor is saturated: target spd 0.15000000596046448
[WARN] [1784958226.984174704] [motor_controller_pid]: Right motor is saturated: target spd -0.15000000596046448
[WARN] [1784958227.030201182] [motor_controller_pid]: Left motor is saturated: target spd 0.15000000596046448
[WARN] [1784958227.033512996] [motor_controller_pid]: Right motor is saturated: target spd -0.15000000596046448
[WARN] [1784958227.080158607] [motor_controller_pid]: Left motor is saturated: target spd 0.15000000596046448
[WARN] [1784958227.081515632] [motor_controller_pid]: Right motor is saturated: target spd -0.15000000596046448
[WARN] [1784958227.130182939] [motor_controller_pid]: Left motor is saturated: target spd 0.15000000596046448
[WARN] [1784958227.131327944] [motor_controller_pid]: Right motor is saturated: target spd -0.15000000596046448
[WARN] [1784958227.181331573] [motor_controller_pid]: Left motor is saturated: target spd 0.15000000596046448
[WARN] [1784958227.183932197] [motor_controller_pid]: Right motor is saturated: target spd -0.15000000596046448
[WARN] [1784958227.229940212] [motor_controller_pid]: Left motor is saturated: target spd 0.15000000596046448
[WARN] [1784958227.230978291] [motor_controller_pid]: Right motor is saturated: target spd -0.15000000596046448
[WARN] [1784958227.281795053] [motor_controller_pid]: Left motor is saturated: target spd 0.15000000596046448
[WARN] [1784958227.283897805] [motor_controller_pid]: Right motor is saturated: target spd -0.15000000596046448
[WARN] [1784958227.330115747] [motor_controller_pid]: Left motor is saturated: target spd 0.15000000596046448
[WARN] [1784958227.331187678] [motor_controller_pid]: Right motor is saturated: target spd -0.15000000596046448
[WARN] [1784958227.380090634] [motor_controller_pid]: Left motor is saturated: target spd 0.15000000596046448
[WARN] [1784958227.381301381] [motor_controller_pid]: Right motor is saturated: target spd -0.15000000596046448
[WARN] [1784958227.430131003] [motor_controller_pid]: Left motor is saturated: target spd 0.15000000596046448
[WARN] [1784958227.431318065] [motor_controller_pid]: Right motor is saturated: target spd -0.15000000596046448
[WARN] [1784958227.481908252] [motor_controller_pid]: Left motor is saturated: target spd 0.15000000596046448
[WARN] [1784958227.483297314] [motor_controller_pid]: Right motor is saturated: target spd -0.15000000596046448
[WARN] [1784958227.529868221] [motor_controller_pid]: Left motor is saturated: target spd 0.15000000596046448
[WARN] [1784958227.530859874] [motor_controller_pid]: Right motor is saturated: target spd -0.15000000596046448
[WARN] [1784958227.579949387] [motor_controller_pid]: Left motor is saturated: target spd 0.15000000596046448
[WARN] [1784958227.581055096] [motor_controller_pid]: Right motor is saturated: target spd -0.15000000596046448
[WARN] [1784958227.629953237] [motor_controller_pid]: Left motor is saturated: target spd 0.15000000596046448
[WARN] [1784958227.630989150] [motor_controller_pid]: Right motor is saturated: target spd -0.15000000596046448
[WARN] [1784958227.681806041] [motor_controller_pid]: Left motor is saturated: target spd 0.15000000596046448
[WARN] [1784958227.684703223] [motor_controller_pid]: Right motor is saturated: target spd -0.15000000596046448
[WARN] [1784958227.729909715] [motor_controller_pid]: Left motor is saturated: target spd 0.11504031846046447
[WARN] [1784958227.730902331] [motor_controller_pid]: Right motor is saturated: target spd -0.10495969346046446
[WARN] [1784958227.780426957] [motor_controller_pid]: Left motor is saturated: target spd 0.08008063096046446
[WARN] [1784958227.782448856] [motor_controller_pid]: Right motor is saturated: target spd -0.05991938096046446
[WARN] [1784958227.830240510] [motor_controller_pid]: Left motor is saturated: target spd 0.04512094346046446
[WARN] [1784958227.831496720] [motor_controller_pid]: Right motor is saturated: target spd -0.014879068460464459
[WARN] [1784958227.883965750] [motor_controller_pid]: Left motor is saturated: target spd 0.04512094346046446
[WARN] [1784958227.886071205] [motor_controller_pid]: Right motor is saturated: target spd -0.014879068460464459
[WARN] [1784958227.930439323] [motor_controller_pid]: Left motor is saturated: target spd 0.0252015625
[WARN] [1784958227.931901719] [motor_controller_pid]: Right motor is saturated: target spd 0.0252015625
[WARN] [1784958227.981163084] [motor_controller_pid]: Left motor is saturated: target spd 0.030241874999999998
[WARN] [1784958227.983554486] [motor_controller_pid]: Right motor is saturated: target spd 0.030241874999999998
[WARN] [1784958228.029999299] [motor_controller_pid]: Left motor is saturated: target spd 0.0352821875
[WARN] [1784958228.031365269] [motor_controller_pid]: Right motor is saturated: target spd 0.0352821875
[WARN] [1784958228.084316394] [motor_controller_pid]: Left motor is saturated: target spd 0.03681619565217392
[WARN] [1784958228.085416714] [motor_controller_pid]: Right motor is saturated: target spd 0.03681619565217392
[WARN] [1784958228.130124149] [motor_controller_pid]: Left motor is saturated: target spd 0.035501331521739135
[WARN] [1784958228.131236377] [motor_controller_pid]: Right motor is saturated: target spd 0.035501331521739135
[WARN] [1784958228.180500723] [motor_controller_pid]: Left motor is saturated: target spd 0.03506304347826088
[WARN] [1784958228.182331770] [motor_controller_pid]: Right motor is saturated: target spd 0.03506304347826088
[WARN] [1784958228.229988293] [motor_controller_pid]: Left motor is saturated: target spd 0.03506304347826088
[WARN] [1784958228.231442060] [motor_controller_pid]: Right motor is saturated: target spd 0.03506304347826088
[WARN] [1784958228.280575850] [motor_controller_pid]: Left motor is saturated: target spd 0.03506304347826088
[WARN] [1784958228.284337351] [motor_controller_pid]: Right motor is saturated: target spd 0.03506304347826088
[WARN] [1784958228.330015512] [motor_controller_pid]: Left motor is saturated: target spd 0.03506304347826088
[WARN] [1784958228.331119722] [motor_controller_pid]: Right motor is saturated: target spd 0.03506304347826088
[WARN] [1784958228.381243813] [motor_controller_pid]: Left motor is saturated: target spd 0.03506304347826088
[WARN] [1784958228.384355144] [motor_controller_pid]: Right motor is saturated: target spd 0.03506304347826088
[WARN] [1784958228.429969453] [motor_controller_pid]: Left motor is saturated: target spd 0.03506304347826088
[WARN] [1784958228.431145534] [motor_controller_pid]: Right motor is saturated: target spd 0.03506304347826088
[WARN] [1784958228.481052735] [motor_controller_pid]: Left motor is saturated: target spd 0.03506304347826088
[WARN] [1784958228.484342549] [motor_controller_pid]: Right motor is saturated: target spd 0.03506304347826088
[WARN] [1784958228.529841931] [motor_controller_pid]: Left motor is saturated: target spd 0.03287160326086957
[WARN] [1784958228.530905789] [motor_controller_pid]: Right motor is saturated: target spd 0.03287160326086957
[WARN] [1784958228.580613119] [motor_controller_pid]: Left motor is saturated: target spd 0.03287160326086957
[WARN] [1784958228.582719945] [motor_controller_pid]: Right motor is saturated: target spd 0.03287160326086957
[WARN] [1784958228.629954410] [motor_controller_pid]: Left motor is saturated: target spd 0.03506304347826088
[WARN] [1784958228.630995860] [motor_controller_pid]: Right motor is saturated: target spd 0.03506304347826088
[WARN] [1784958228.680273762] [motor_controller_pid]: Left motor is saturated: target spd 0.03506304347826088
[WARN] [1784958228.682543737] [motor_controller_pid]: Right motor is saturated: target spd 0.03506304347826088
[WARN] [1784958228.729957796] [motor_controller_pid]: Left motor is saturated: target spd 0.03287160326086957
[WARN] [1784958228.730997857] [motor_controller_pid]: Right motor is saturated: target spd 0.03287160326086957
[WARN] [1784958228.780840725] [motor_controller_pid]: Left motor is saturated: target spd 0.03287160326086957
[WARN] [1784958228.782771180] [motor_controller_pid]: Right motor is saturated: target spd 0.03287160326086957
[WARN] [1784958228.829950867] [motor_controller_pid]: Left motor is saturated: target spd 0.03287160326086957
[WARN] [1784958228.831040928] [motor_controller_pid]: Right motor is saturated: target spd 0.03287160326086957
[WARN] [1784958228.884209776] [motor_controller_pid]: Left motor is saturated: target spd 0.03287160326086957
[WARN] [1784958228.885292523] [motor_controller_pid]: Right motor is saturated: target spd 0.03287160326086957
[WARN] [1784958228.929996290] [motor_controller_pid]: Left motor is saturated: target spd 0.03287160326086957
[WARN] [1784958228.930995740] [motor_controller_pid]: Right motor is saturated: target spd 0.03287160326086957
[WARN] [1784958228.980813960] [motor_controller_pid]: Left motor is saturated: target spd 0.03506304347826088
[WARN] [1784958228.983712067] [motor_controller_pid]: Right motor is saturated: target spd 0.03506304347826088
[WARN] [1784958229.030022917] [motor_controller_pid]: Left motor is saturated: target spd 0.03506304347826088
[WARN] [1784958229.031076811] [motor_controller_pid]: Right motor is saturated: target spd 0.03506304347826088
[WARN] [1784958229.082438946] [motor_controller_pid]: Left motor is saturated: target spd 0.03506304347826088
[WARN] [1784958229.084604643] [motor_controller_pid]: Right motor is saturated: target spd 0.03506304347826088
[WARN] [1784958229.129934043] [motor_controller_pid]: Left motor is saturated: target spd 0.03506304347826088
[WARN] [1784958229.131008919] [motor_controller_pid]: Right motor is saturated: target spd 0.03506304347826088
[WARN] [1784958229.181766866] [motor_controller_pid]: Left motor is saturated: target spd 0.03506304347826088
[WARN] [1784958229.184112471] [motor_controller_pid]: Right motor is saturated: target spd 0.03506304347826088
[WARN] [1784958229.230087689] [motor_controller_pid]: Left motor is saturated: target spd 0.03506304347826088
[WARN] [1784958229.231157102] [motor_controller_pid]: Right motor is saturated: target spd 0.03506304347826088
[WARN] [1784958229.282059679] [motor_controller_pid]: Left motor is saturated: target spd 0.03506304347826088
[WARN] [1784958229.284139986] [motor_controller_pid]: Right motor is saturated: target spd 0.03506304347826088
[WARN] [1784958229.329872185] [motor_controller_pid]: Left motor is saturated: target spd 0.03287160326086957
[WARN] [1784958229.330916283] [motor_controller_pid]: Right motor is saturated: target spd 0.03287160326086957
[WARN] [1784958229.383900778] [motor_controller_pid]: Left motor is saturated: target spd 0.03287160326086957
[WARN] [1784958229.385156711] [motor_controller_pid]: Right motor is saturated: target spd 0.03287160326086957
[WARN] [1784958229.429982349] [motor_controller_pid]: Left motor is saturated: target spd 0.03725448369565219
[WARN] [1784958229.431013928] [motor_controller_pid]: Right motor is saturated: target spd 0.03725448369565219
[WARN] [1784958229.479864199] [motor_controller_pid]: Left motor is saturated: target spd 0.03725448369565219
[WARN] [1784958229.482583768] [motor_controller_pid]: Right motor is saturated: target spd 0.03725448369565219
[WARN] [1784958229.529946846] [motor_controller_pid]: Left motor is saturated: target spd 0.03506304347826088
[WARN] [1784958229.530975185] [motor_controller_pid]: Right motor is saturated: target spd 0.03506304347826088
[WARN] [1784958229.580564366] [motor_controller_pid]: Left motor is saturated: target spd 0.03506304347826088
[WARN] [1784958229.581997744] [motor_controller_pid]: Right motor is saturated: target spd 0.03506304347826088
[WARN] [1784958229.629940491] [motor_controller_pid]: Left motor is saturated: target spd 0.03506304347826088
[WARN] [1784958229.630990033] [motor_controller_pid]: Right motor is saturated: target spd 0.03506304347826088
[WARN] [1784958229.682880653] [motor_controller_pid]: Left motor is saturated: target spd 0.03506304347826088
[WARN] [1784958229.684470883] [motor_controller_pid]: Right motor is saturated: target spd 0.03506304347826088
[WARN] [1784958229.729948506] [motor_controller_pid]: Left motor is saturated: target spd 0.03287160326086957
[WARN] [1784958229.730998901] [motor_controller_pid]: Right motor is saturated: target spd 0.03287160326086957
[WARN] [1784958229.781634810] [motor_controller_pid]: Left motor is saturated: target spd 0.03506304347826088
[WARN] [1784958229.782905520] [motor_controller_pid]: Right motor is saturated: target spd 0.03506304347826088
[WARN] [1784958229.829921207] [motor_controller_pid]: Left motor is saturated: target spd 0.03506304347826088
[WARN] [1784958229.831061935] [motor_controller_pid]: Right motor is saturated: target spd 0.03506304347826088
[WARN] [1784958229.879998243] [motor_controller_pid]: Left motor is saturated: target spd 0.03506304347826088
[WARN] [1784958229.881844364] [motor_controller_pid]: Right motor is saturated: target spd 0.03506304347826088
[WARN] [1784958229.929989778] [motor_controller_pid]: Left motor is saturated: target spd 0.03725448369565219
[WARN] [1784958229.931072395] [motor_controller_pid]: Right motor is saturated: target spd 0.03725448369565219
[WARN] [1784958229.982797440] [motor_controller_pid]: Left motor is saturated: target spd 0.03506304347826088
[WARN] [1784958229.984776857] [motor_controller_pid]: Right motor is saturated: target spd 0.03506304347826088
[WARN] [1784958230.031368431] [motor_controller_pid]: Left motor is saturated: target spd 0.03506304347826088
[WARN] [1784958230.032842309] [motor_controller_pid]: Right motor is saturated: target spd 0.03506304347826088
[WARN] [1784958230.080609296] [motor_controller_pid]: Left motor is saturated: target spd 0.03287160326086957
[WARN] [1784958230.082337527] [motor_controller_pid]: Right motor is saturated: target spd 0.03287160326086957
[WARN] [1784958230.130138829] [motor_controller_pid]: Left motor is saturated: target spd 0.03287160326086957
[WARN] [1784958230.131232871] [motor_controller_pid]: Right motor is saturated: target spd 0.03287160326086957
[WARN] [1784958230.180586589] [motor_controller_pid]: Left motor is saturated: target spd 0.03287160326086957
[WARN] [1784958230.183433955] [motor_controller_pid]: Right motor is saturated: target spd 0.03287160326086957
[WARN] [1784958230.230241234] [motor_controller_pid]: Left motor is saturated: target spd 0.03506304347826088
[WARN] [1784958230.231233868] [motor_controller_pid]: Right motor is saturated: target spd 0.03506304347826088
[WARN] [1784958230.280581956] [motor_controller_pid]: Left motor is saturated: target spd 0.03506304347826088
[WARN] [1784958230.281773777] [motor_controller_pid]: Right motor is saturated: target spd 0.03506304347826088
[WARN] [1784958230.329739191] [motor_controller_pid]: Left motor is saturated: target spd 0.03506304347826088
[WARN] [1784958230.330645584] [motor_controller_pid]: Right motor is saturated: target spd 0.03506304347826088
[WARN] [1784958230.382002145] [motor_controller_pid]: Left motor is saturated: target spd 0.03287160326086957
[WARN] [1784958230.384130471] [motor_controller_pid]: Right motor is saturated: target spd 0.03287160326086957
[WARN] [1784958230.430215190] [motor_controller_pid]: Left motor is saturated: target spd 0.03287160326086957
[WARN] [1784958230.431703883] [motor_controller_pid]: Right motor is saturated: target spd 0.03287160326086957
[WARN] [1784958230.480619395] [motor_controller_pid]: Left motor is saturated: target spd 0.03725448369565219
[WARN] [1784958230.481962439] [motor_controller_pid]: Right motor is saturated: target spd 0.03725448369565219
[WARN] [1784958230.530060761] [motor_controller_pid]: Left motor is saturated: target spd 0.03725448369565219
[WARN] [1784958230.531109025] [motor_controller_pid]: Right motor is saturated: target spd 0.03725448369565219
[WARN] [1784958230.583607574] [motor_controller_pid]: Left motor is saturated: target spd 0.03725448369565219
[WARN] [1784958230.584657023] [motor_controller_pid]: Right motor is saturated: target spd 0.03725448369565219
[WARN] [1784958230.630142369] [motor_controller_pid]: Left motor is saturated: target spd 0.03506304347826088
[WARN] [1784958230.631566006] [motor_controller_pid]: Right motor is saturated: target spd 0.03506304347826088
[WARN] [1784958230.682592880] [motor_controller_pid]: Left motor is saturated: target spd 0.03506304347826088
[WARN] [1784958230.684428630] [motor_controller_pid]: Right motor is saturated: target spd 0.03506304347826088
[WARN] [1784958230.729995791] [motor_controller_pid]: Left motor is saturated: target spd 0.03506304347826088
[WARN] [1784958230.731104760] [motor_controller_pid]: Right motor is saturated: target spd 0.03506304347826088
[WARN] [1784958230.781798836] [motor_controller_pid]: Left motor is saturated: target spd 0.03506304347826088
[WARN] [1784958230.784699388] [motor_controller_pid]: Right motor is saturated: target spd 0.03506304347826088
[WARN] [1784958230.830274141] [motor_controller_pid]: Left motor is saturated: target spd 0.03287160326086957
[WARN] [1784958230.831373480] [motor_controller_pid]: Right motor is saturated: target spd 0.03287160326086957
[WARN] [1784958230.881620425] [motor_controller_pid]: Left motor is saturated: target spd 0.03287160326086957
[WARN] [1784958230.884452828] [motor_controller_pid]: Right motor is saturated: target spd 0.03287160326086957
[WARN] [1784958230.930643177] [motor_controller_pid]: Left motor is saturated: target spd 0.03506304347826088
[WARN] [1784958230.931925480] [motor_controller_pid]: Right motor is saturated: target spd 0.03506304347826088
[WARN] [1784958230.980437212] [motor_controller_pid]: Left motor is saturated: target spd 0.03506304347826088
[WARN] [1784958230.981870960] [motor_controller_pid]: Right motor is saturated: target spd 0.03506304347826088
[WARN] [1784958231.030027967] [motor_controller_pid]: Left motor is saturated: target spd 0.050403125
[WARN] [1784958231.079996688] [motor_controller_pid]: Left motor is saturated: target spd 0.050403125
[WARN] [1784958231.130030261] [motor_controller_pid]: Left motor is saturated: target spd 0.03287160326086957
[WARN] [1784958231.131688510] [motor_controller_pid]: Right motor is saturated: target spd 0.03287160326086957
[WARN] [1784958231.180105278] [motor_controller_pid]: Left motor is saturated: target spd 0.03287160326086957
[WARN] [1784958231.182155659] [motor_controller_pid]: Right motor is saturated: target spd 0.03287160326086957
[WARN] [1784958231.230032535] [motor_controller_pid]: Left motor is saturated: target spd 0.03506304347826088
[WARN] [1784958231.231085689] [motor_controller_pid]: Right motor is saturated: target spd 0.03506304347826088
[WARN] [1784958231.280843520] [motor_controller_pid]: Left motor is saturated: target spd 0.03506304347826088
[WARN] [1784958231.282821752] [motor_controller_pid]: Right motor is saturated: target spd 0.03506304347826088
[WARN] [1784958231.330148589] [motor_controller_pid]: Left motor is saturated: target spd 0.03506304347826088
[WARN] [1784958231.331221890] [motor_controller_pid]: Right motor is saturated: target spd 0.03506304347826088
[WARN] [1784958231.382991046] [motor_controller_pid]: Left motor is saturated: target spd 0.03506304347826088
[WARN] [1784958231.385406485] [motor_controller_pid]: Right motor is saturated: target spd 0.03506304347826088
[WARN] [1784958231.430678625] [motor_controller_pid]: Left motor is saturated: target spd 0.03506304347826088
[WARN] [1784958231.431659482] [motor_controller_pid]: Right motor is saturated: target spd 0.03506304347826088
[WARN] [1784958231.483132729] [motor_controller_pid]: Left motor is saturated: target spd 0.03506304347826088
[WARN] [1784958231.484890849] [motor_controller_pid]: Right motor is saturated: target spd 0.03506304347826088
[WARN] [1784958231.529932952] [motor_controller_pid]: Left motor is saturated: target spd 0.03287160326086957
[WARN] [1784958231.530999513] [motor_controller_pid]: Right motor is saturated: target spd 0.03287160326086957
[WARN] [1784958231.582658427] [motor_controller_pid]: Left motor is saturated: target spd 0.03287160326086957
[WARN] [1784958231.583823618] [motor_controller_pid]: Right motor is saturated: target spd 0.03287160326086957
[WARN] [1784958231.629906578] [motor_controller_pid]: Left motor is saturated: target spd 0.03287160326086957
[WARN] [1784958231.630958602] [motor_controller_pid]: Right motor is saturated: target spd 0.03287160326086957
[WARN] [1784958231.680732729] [motor_controller_pid]: Left motor is saturated: target spd 0.03287160326086957
[WARN] [1784958231.683098019] [motor_controller_pid]: Right motor is saturated: target spd 0.03287160326086957
[WARN] [1784958231.729919779] [motor_controller_pid]: Left motor is saturated: target spd 0.03506304347826088
[WARN] [1784958231.730988081] [motor_controller_pid]: Right motor is saturated: target spd 0.03506304347826088
[WARN] [1784958231.781236432] [motor_controller_pid]: Left motor is saturated: target spd 0.03506304347826088
[WARN] [1784958231.782935182] [motor_controller_pid]: Right motor is saturated: target spd 0.03506304347826088
[WARN] [1784958231.830537798] [motor_controller_pid]: Left motor is saturated: target spd 0.03506304347826088
[WARN] [1784958231.831693711] [motor_controller_pid]: Right motor is saturated: target spd 0.03506304347826088
[WARN] [1784958231.881056206] [motor_controller_pid]: Left motor is saturated: target spd 0.03506304347826088
[WARN] [1784958231.882844382] [motor_controller_pid]: Right motor is saturated: target spd 0.03506304347826088
[WARN] [1784958231.930703944] [motor_controller_pid]: Left motor is saturated: target spd 0.03506304347826088
[WARN] [1784958231.931789708] [motor_controller_pid]: Right motor is saturated: target spd 0.03506304347826088
[WARN] [1784958231.981827874] [motor_controller_pid]: Left motor is saturated: target spd 0.03506304347826088
[WARN] [1784958231.984266683] [motor_controller_pid]: Right motor is saturated: target spd 0.03506304347826088
[WARN] [1784958232.029945400] [motor_controller_pid]: Left motor is saturated: target spd 0.03506304347826088
[WARN] [1784958232.031038831] [motor_controller_pid]: Right motor is saturated: target spd 0.03506304347826088
[WARN] [1784958232.080036899] [motor_controller_pid]: Left motor is saturated: target spd 0.03506304347826088
[WARN] [1784958232.084746164] [motor_controller_pid]: Right motor is saturated: target spd 0.03506304347826088
[WARN] [1784958232.129832211] [motor_controller_pid]: Left motor is saturated: target spd 0.03506304347826088
[WARN] [1784958232.130826605] [motor_controller_pid]: Right motor is saturated: target spd 0.03506304347826088
[WARN] [1784958232.182303352] [motor_controller_pid]: Left motor is saturated: target spd 0.03506304347826088
[WARN] [1784958232.184675105] [motor_controller_pid]: Right motor is saturated: target spd 0.03506304347826088
[WARN] [1784958232.229906912] [motor_controller_pid]: Left motor is saturated: target spd 0.03287160326086957
[WARN] [1784958232.230897732] [motor_controller_pid]: Right motor is saturated: target spd 0.03287160326086957
[WARN] [1784958232.280428394] [motor_controller_pid]: Left motor is saturated: target spd 0.03287160326086957
[WARN] [1784958232.281800365] [motor_controller_pid]: Right motor is saturated: target spd 0.03287160326086957
[WARN] [1784958232.329803890] [motor_controller_pid]: Left motor is saturated: target spd 0.03287160326086957
[WARN] [1784958232.330814451] [motor_controller_pid]: Right motor is saturated: target spd 0.03287160326086957
[WARN] [1784958232.380052927] [motor_controller_pid]: Left motor is saturated: target spd 0.03287160326086957
[WARN] [1784958232.382956219] [motor_controller_pid]: Right motor is saturated: target spd 0.03287160326086957
[WARN] [1784958232.430676336] [motor_controller_pid]: Left motor is saturated: target spd 0.03506304347826088
[WARN] [1784958232.431665637] [motor_controller_pid]: Right motor is saturated: target spd 0.03506304347826088
[WARN] [1784958232.480832872] [motor_controller_pid]: Left motor is saturated: target spd 0.03506304347826088
[WARN] [1784958232.484696170] [motor_controller_pid]: Right motor is saturated: target spd 0.03506304347826088
[WARN] [1784958232.529999237] [motor_controller_pid]: Left motor is saturated: target spd 0.03506304347826088
[WARN] [1784958232.584856519] [motor_controller_pid]: Left motor is saturated: target spd 0.03287160326086957
[WARN] [1784958232.587034623] [motor_controller_pid]: Right motor is saturated: target spd 0.03287160326086957
[WARN] [1784958232.629866233] [motor_controller_pid]: Left motor is saturated: target spd 0.03287160326086957
[WARN] [1784958232.630869923] [motor_controller_pid]: Right motor is saturated: target spd 0.03287160326086957
[WARN] [1784958232.680549587] [motor_controller_pid]: Left motor is saturated: target spd 0.03506304347826088
[WARN] [1784958232.729982341] [motor_controller_pid]: Left motor is saturated: target spd 0.03506304347826088
[WARN] [1784958232.780031229] [motor_controller_pid]: Left motor is saturated: target spd 0.03506304347826088
[WARN] [1784958232.829874134] [motor_controller_pid]: Left motor is saturated: target spd 0.03287160326086957
[WARN] [1784958232.879893929] [motor_controller_pid]: Left motor is saturated: target spd 0.03287160326086957
[WARN] [1784958232.929939965] [motor_controller_pid]: Left motor is saturated: target spd 0.03068016304347827
[WARN] [1784958232.981879270] [motor_controller_pid]: Left motor is saturated: target spd 0.03287160326086957
[WARN] [1784958233.029950184] [motor_controller_pid]: Left motor is saturated: target spd 0.03287160326086957
[WARN] [1784958233.082061342] [motor_controller_pid]: Left motor is saturated: target spd 0.03287160326086957
[WARN] [1784958233.129732550] [motor_controller_pid]: Left motor is saturated: target spd 0.03287160326086957
[WARN] [1784958233.184359443] [motor_controller_pid]: Left motor is saturated: target spd 0.03287160326086957
[WARN] [1784958233.229791492] [motor_controller_pid]: Left motor is saturated: target spd 0.03287160326086957
[WARN] [1784958233.280292215] [motor_controller_pid]: Left motor is saturated: target spd 0.03506304347826088
[WARN] [1784958233.329874082] [motor_controller_pid]: Left motor is saturated: target spd 0.03506304347826088
[WARN] [1784958233.379845599] [motor_controller_pid]: Left motor is saturated: target spd 0.03506304347826088
[WARN] [1784958233.430474545] [motor_controller_pid]: Left motor is saturated: target spd 0.03506304347826088
[WARN] [1784958233.481046917] [motor_controller_pid]: Left motor is saturated: target spd 0.03506304347826088
[WARN] [1784958233.530775118] [motor_controller_pid]: Left motor is saturated: target spd 0.03506304347826088
[WARN] [1784958233.581430119] [motor_controller_pid]: Left motor is saturated: target spd 0.03506304347826088
[WARN] [1784958233.629894073] [motor_controller_pid]: Left motor is saturated: target spd 0.03506304347826088
[WARN] [1784958233.682909939] [motor_controller_pid]: Left motor is saturated: target spd 0.03506304347826088
[WARN] [1784958233.731490615] [motor_controller_pid]: Left motor is saturated: target spd 0.03506304347826088
[WARN] [1784958233.783437716] [motor_controller_pid]: Left motor is saturated: target spd 0.03506304347826088
[WARN] [1784958233.830493570] [motor_controller_pid]: Left motor is saturated: target spd 0.03506304347826088
[WARN] [1784958233.882946822] [motor_controller_pid]: Left motor is saturated: target spd 0.03506304347826088
[WARN] [1784958233.930471937] [motor_controller_pid]: Left motor is saturated: target spd 0.03506304347826088
[WARN] [1784958233.979816266] [motor_controller_pid]: Left motor is saturated: target spd 0.03506304347826088
[WARN] [1784958234.029921505] [motor_controller_pid]: Left motor is saturated: target spd 0.03287160326086957
[WARN] [1784958234.081664365] [motor_controller_pid]: Left motor is saturated: target spd 0.03287160326086957
[WARN] [1784958234.129715742] [motor_controller_pid]: Left motor is saturated: target spd 0.03506304347826088
[WARN] [1784958234.182470218] [motor_controller_pid]: Left motor is saturated: target spd 0.03506304347826088
[WARN] [1784958234.230369409] [motor_controller_pid]: Left motor is saturated: target spd 0.03287160326086957
[WARN] [1784958234.281409839] [motor_controller_pid]: Left motor is saturated: target spd 0.03287160326086957
[WARN] [1784958234.329889533] [motor_controller_pid]: Left motor is saturated: target spd 0.03287160326086957
[WARN] [1784958234.381769615] [motor_controller_pid]: Left motor is saturated: target spd 0.03287160326086957
[WARN] [1784958234.430056698] [motor_controller_pid]: Left motor is saturated: target spd 0.03287160326086957
[WARN] [1784958234.480095530] [motor_controller_pid]: Left motor is saturated: target spd 0.03287160326086957
[WARN] [1784958234.529839064] [motor_controller_pid]: Left motor is saturated: target spd 0.03287160326086957
[WARN] [1784958234.580209435] [motor_controller_pid]: Left motor is saturated: target spd 0.03287160326086957
[WARN] [1784958234.629763449] [motor_controller_pid]: Left motor is saturated: target spd 0.03287160326086957
[WARN] [1784958234.680120987] [motor_controller_pid]: Left motor is saturated: target spd 0.03287160326086957
[WARN] [1784958234.729824484] [motor_controller_pid]: Left motor is saturated: target spd 0.03506304347826088
[WARN] [1784958234.780160799] [motor_controller_pid]: Left motor is saturated: target spd 0.03506304347826088
[WARN] [1784958234.829767962] [motor_controller_pid]: Left motor is saturated: target spd 0.03506304347826088
[WARN] [1784958234.882986384] [motor_controller_pid]: Left motor is saturated: target spd 0.03506304347826088
[WARN] [1784958234.929967497] [motor_controller_pid]: Left motor is saturated: target spd 0.03506304347826088
[WARN] [1784958234.982540879] [motor_controller_pid]: Left motor is saturated: target spd 0.03506304347826088
[WARN] [1784958235.029748363] [motor_controller_pid]: Left motor is saturated: target spd 0.03506304347826088
[WARN] [1784958235.080211216] [motor_controller_pid]: Left motor is saturated: target spd 0.03506304347826088
[WARN] [1784958235.129789397] [motor_controller_pid]: Left motor is saturated: target spd 0.03725448369565219
[WARN] [1784958235.180597011] [motor_controller_pid]: Left motor is saturated: target spd 0.03725448369565219
[WARN] [1784958235.229823987] [motor_controller_pid]: Left motor is saturated: target spd 0.03287160326086957
[WARN] [1784958235.281597939] [motor_controller_pid]: Left motor is saturated: target spd 0.03506304347826088
[WARN] [1784958235.329886244] [motor_controller_pid]: Left motor is saturated: target spd 0.03506304347826088
[WARN] [1784958235.381401620] [motor_controller_pid]: Left motor is saturated: target spd 0.03506304347826088
[WARN] [1784958235.430037149] [motor_controller_pid]: Left motor is saturated: target spd 0.03506304347826088
[WARN] [1784958235.480669595] [motor_controller_pid]: Left motor is saturated: target spd 0.03506304347826088
[WARN] [1784958235.529791033] [motor_controller_pid]: Left motor is saturated: target spd 0.03725448369565219
[WARN] [1784958235.581356447] [motor_controller_pid]: Left motor is saturated: target spd 0.03725448369565219
[WARN] [1784958235.629896605] [motor_controller_pid]: Left motor is saturated: target spd 0.03506304347826088
[WARN] [1784958235.680608274] [motor_controller_pid]: Left motor is saturated: target spd 0.03506304347826088
[WARN] [1784958235.729787305] [motor_controller_pid]: Left motor is saturated: target spd 0.03506304347826088
[WARN] [1784958235.780249491] [motor_controller_pid]: Left motor is saturated: target spd 0.03506304347826088
[WARN] [1784958235.829773487] [motor_controller_pid]: Left motor is saturated: target spd 0.03506304347826088
[WARN] [1784958235.883109892] [motor_controller_pid]: Left motor is saturated: target spd 0.03506304347826088
[WARN] [1784958235.929791854] [motor_controller_pid]: Left motor is saturated: target spd 0.03506304347826088
[WARN] [1784958235.983697799] [motor_controller_pid]: Left motor is saturated: target spd 0.03506304347826088
[WARN] [1784958236.029760333] [motor_controller_pid]: Left motor is saturated: target spd 0.03506304347826088
[WARN] [1784958236.083139978] [motor_controller_pid]: Left motor is saturated: target spd 0.03506304347826088
[WARN] [1784958236.129841626] [motor_controller_pid]: Left motor is saturated: target spd 0.03506304347826088
[WARN] [1784958236.184299944] [motor_controller_pid]: Left motor is saturated: target spd 0.03506304347826088
[WARN] [1784958236.229941124] [motor_controller_pid]: Left motor is saturated: target spd 0.03506304347826088
[WARN] [1784958236.283706160] [motor_controller_pid]: Left motor is saturated: target spd 0.03506304347826088
[WARN] [1784958236.329920250] [motor_controller_pid]: Left motor is saturated: target spd 0.03506304347826088
[WARN] [1784958236.380640123] [motor_controller_pid]: Left motor is saturated: target spd 0.03506304347826088
[WARN] [1784958236.429910729] [motor_controller_pid]: Left motor is saturated: target spd 0.03287160326086957
[WARN] [1784958236.483558024] [motor_controller_pid]: Left motor is saturated: target spd 0.03287160326086957
[WARN] [1784958236.529888855] [motor_controller_pid]: Left motor is saturated: target spd 0.03287160326086957
[WARN] [1784958236.582171625] [motor_controller_pid]: Left motor is saturated: target spd 0.03506304347826088
[WARN] [1784958236.630740597] [motor_controller_pid]: Left motor is saturated: target spd 0.03506304347826088
[WARN] [1784958236.681037486] [motor_controller_pid]: Left motor is saturated: target spd 0.03287160326086957
[WARN] [1784958236.729778960] [motor_controller_pid]: Left motor is saturated: target spd 0.03287160326086957
[WARN] [1784958236.780205257] [motor_controller_pid]: Left motor is saturated: target spd 0.03506304347826088
[WARN] [1784958236.829773660] [motor_controller_pid]: Left motor is saturated: target spd 0.03506304347826088
[WARN] [1784958236.881488908] [motor_controller_pid]: Left motor is saturated: target spd 0.03506304347826088
[WARN] [1784958236.929874250] [motor_controller_pid]: Left motor is saturated: target spd 0.050403125
[WARN] [1784958236.983172618] [motor_controller_pid]: Left motor is saturated: target spd 0.03287160326086957
[WARN] [1784958237.029740228] [motor_controller_pid]: Left motor is saturated: target spd 0.03287160326086957
[WARN] [1784958237.080216711] [motor_controller_pid]: Left motor is saturated: target spd 0.03287160326086957
[WARN] [1784958237.129950523] [motor_controller_pid]: Left motor is saturated: target spd 0.03506304347826088
[WARN] [1784958237.180664025] [motor_controller_pid]: Left motor is saturated: target spd 0.03506304347826088
[WARN] [1784958237.230097798] [motor_controller_pid]: Left motor is saturated: target spd 0.03506304347826088
[WARN] [1784958237.283493351] [motor_controller_pid]: Left motor is saturated: target spd 0.03287160326086957
[WARN] [1784958237.329913776] [motor_controller_pid]: Left motor is saturated: target spd 0.03287160326086957
[WARN] [1784958237.382553214] [motor_controller_pid]: Left motor is saturated: target spd 0.03506304347826088
[WARN] [1784958237.429967143] [motor_controller_pid]: Left motor is saturated: target spd 0.03506304347826088
[WARN] [1784958237.481530409] [motor_controller_pid]: Left motor is saturated: target spd 0.03287160326086957
[WARN] [1784958237.529705065] [motor_controller_pid]: Left motor is saturated: target spd 0.03287160326086957
[WARN] [1784958237.580707457] [motor_controller_pid]: Left motor is saturated: target spd 0.03506304347826088
[WARN] [1784958237.629888118] [motor_controller_pid]: Left motor is saturated: target spd 0.03506304347826088
[WARN] [1784958237.682559630] [motor_controller_pid]: Left motor is saturated: target spd 0.03506304347826088
[WARN] [1784958237.729900337] [motor_controller_pid]: Left motor is saturated: target spd 0.03352903532608697
[WARN] [1784958237.780187745] [motor_controller_pid]: Left motor is saturated: target spd 0.035063043478260884
[WARN] [1784958237.829919871] [motor_controller_pid]: Left motor is saturated: target spd 0.035282187500000006
[WARN] [1784958237.881612101] [motor_controller_pid]: Left motor is saturated: target spd 0.035282187500000006
[WARN] [1784958237.929999813] [motor_controller_pid]: Left motor is saturated: target spd 0.025201562500000007
[WARN] [1784958237.983334996] [motor_controller_pid]: Left motor is saturated: target spd 0.025201562500000007
[WARN] [1784958238.029846013] [motor_controller_pid]: Left motor is saturated: target spd 0.015120937500000008
[WARN] [1784958238.083446808] [motor_controller_pid]: Left motor is saturated: target spd 0.010080625000000008
[WARN] [1784958239.229725698] [motor_controller_pid]: Command timeout; stopping motors
