[INFO] [1785903913.946190873] [motor_controller_pid]: PID Motor Controller started — Kp=0.4, Ki=0.1, Kd=0.0, max_pwm=0.95, max_linear=0.3, cmd_vel_topic=cmd_vel
[WARN] [1785903914.323799382] [motor_controller_pid]: Command timeout; stopping motors
[WARN] [1785904178.785038840] [motor_controller_pid]: Left motor is saturated: target spd -0.1660316534170881
[WARN] [1785904178.821893780] [motor_controller_pid]: Left motor is saturated: target spd -0.1757469306157902
[WARN] [1785904179.021435864] [motor_controller_pid]: Left motor is saturated: target spd -0.1713413380600512
[WARN] [1785904179.074325641] [motor_controller_pid]: Left motor is saturated: target spd -0.1757501707872376
[WARN] [1785904179.120111216] [motor_controller_pid]: Left motor is saturated: target spd -0.1757501707872376
[WARN] [1785904179.174235832] [motor_controller_pid]: Left motor is saturated: target spd -0.17486707364406437
[WARN] [1785904179.221154395] [motor_controller_pid]: Left motor is saturated: target spd -0.17486707364406437
[WARN] [1785904179.271365010] [motor_controller_pid]: Left motor is saturated: target spd -0.17227981243208051
[WARN] [1785904179.320137841] [motor_controller_pid]: Left motor is saturated: target spd -0.17070053963046522
[WARN] [1785904179.370330178] [motor_controller_pid]: Left motor is saturated: target spd -0.17099781847177073
[WARN] [1785904179.420036773] [motor_controller_pid]: Left motor is saturated: target spd -0.17099781847177073
[WARN] [1785904179.477247867] [motor_controller_pid]: Left motor is saturated: target spd -0.17099781847177073
[WARN] [1785904179.524292226] [motor_controller_pid]: Left motor is saturated: target spd -0.17342640998503192
[WARN] [1785904179.574657916] [motor_controller_pid]: Left motor is saturated: target spd -0.17849314224382862
[WARN] [1785904179.624020065] [motor_controller_pid]: Left motor is saturated: target spd -0.18353345474382862
[WARN] [1785904179.676033078] [motor_controller_pid]: Left motor is saturated: target spd -0.18052289951015263
[WARN] [1785904179.719963218] [motor_controller_pid]: Left motor is saturated: target spd -0.18052289951015263
[WARN] [1785904179.820088207] [motor_controller_pid]: Left motor is saturated: target spd -0.18560138878513127
[WARN] [1785904179.874762362] [motor_controller_pid]: Left motor is saturated: target spd -0.18322414244189858
[WARN] [1785904179.927128970] [motor_controller_pid]: Left motor is saturated: target spd -0.18322414244189858
[WARN] [1785904179.980149043] [motor_controller_pid]: Left motor is saturated: target spd -0.18322414244189858
[WARN] [1785904180.027686294] [motor_controller_pid]: Left motor is saturated: target spd -0.17818867281928658
[WARN] [1785904180.319864016] [motor_controller_pid]: Left motor is saturated: target spd -0.16768970086602494
[WARN] [1785904180.420444489] [motor_controller_pid]: Left motor is saturated: target spd -0.17811538300924004
[WARN] [1785904180.472086389] [motor_controller_pid]: Left motor is saturated: target spd -0.1737352981685661
[WARN] [1785904180.519876641] [motor_controller_pid]: Left motor is saturated: target spd -0.1737352981685661
[WARN] [1785904180.620089667] [motor_controller_pid]: Left motor is saturated: target spd -0.1738359259299934
[WARN] [1785904180.673518742] [motor_controller_pid]: Left motor is saturated: target spd -0.17200737414509057
[WARN] [1785904180.720120785] [motor_controller_pid]: Left motor is saturated: target spd -0.17200737414509057
[WARN] [1785904180.819844716] [motor_controller_pid]: Left motor is saturated: target spd -0.17686724848419427
[WARN] [1785904180.871640265] [motor_controller_pid]: Left motor is saturated: target spd -0.1801195365903899
[WARN] [1785904180.919818000] [motor_controller_pid]: Left motor is saturated: target spd -0.1801195365903899
[WARN] [1785904180.975580550] [motor_controller_pid]: Left motor is saturated: target spd -0.17657333146631718
[WARN] [1785904181.022326611] [motor_controller_pid]: Left motor is saturated: target spd -0.17657333146631718
[WARN] [1785904181.086400905] [motor_controller_pid]: Left motor is saturated: target spd -0.17657333146631718
[WARN] [1785904181.139927648] [motor_controller_pid]: Left motor is saturated: target spd -0.1715598708587885
[WARN] [1785904181.176209640] [motor_controller_pid]: Left motor is saturated: target spd -0.17047545183710755
[WARN] [1785904181.221035729] [motor_controller_pid]: Left motor is saturated: target spd -0.17047545183710755
[WARN] [1785904181.520301782] [motor_controller_pid]: Left motor is saturated: target spd -0.1628085154983215
[WARN] [1785904181.574736900] [motor_controller_pid]: Left motor is saturated: target spd -0.16629280354566872
[WARN] [1785904181.620035102] [motor_controller_pid]: Left motor is saturated: target spd -0.16629280354566872
[WARN] [1785904181.719902423] [motor_controller_pid]: Left motor is saturated: target spd -0.1606729699856788
[WARN] [1785904181.775575602] [motor_controller_pid]: Left motor is saturated: target spd -0.1628047000461258
[WARN] [1785904181.819990264] [motor_controller_pid]: Left motor is saturated: target spd -0.1628047000461258
[WARN] [1785904181.873745322] [motor_controller_pid]: Left motor is saturated: target spd -0.16530334358997642
[WARN] [1785904181.919923955] [motor_controller_pid]: Left motor is saturated: target spd -0.16530334358997642
[WARN] [1785904182.075256713] [motor_controller_pid]: Left motor is saturated: target spd -0.16360293351535685
[WARN] [1785904182.120070080] [motor_controller_pid]: Left motor is saturated: target spd -0.16360293351535685
[WARN] [1785904182.222248875] [motor_controller_pid]: Left motor is saturated: target spd -0.1651619057844393
[WARN] [1785904182.274137406] [motor_controller_pid]: Left motor is saturated: target spd -0.1651619057844393
[WARN] [1785904182.324910024] [motor_controller_pid]: Left motor is saturated: target spd -0.1651619057844393
[WARN] [1785904182.373056185] [motor_controller_pid]: Left motor is saturated: target spd -0.1690897589967586
[WARN] [1785904182.419952729] [motor_controller_pid]: Left motor is saturated: target spd -0.15888834410989658
[WARN] [1785904182.520546071] [motor_controller_pid]: Left motor is saturated: target spd -0.1518195216354169
[WARN] [1785904182.575240931] [motor_controller_pid]: Left motor is saturated: target spd -0.16016350927216
[WARN] [1785904182.619995261] [motor_controller_pid]: Left motor is saturated: target spd -0.16016350927216
[WARN] [1785904182.675047066] [motor_controller_pid]: Left motor is saturated: target spd -0.16212461399231107
[WARN] [1785904182.719727507] [motor_controller_pid]: Left motor is saturated: target spd -0.16212461399231107
[WARN] [1785904182.773923160] [motor_controller_pid]: Left motor is saturated: target spd -0.1606894009740092
[WARN] [1785904182.819916255] [motor_controller_pid]: Left motor is saturated: target spd -0.1606894009740092
[WARN] [1785904182.872075213] [motor_controller_pid]: Left motor is saturated: target spd -0.15894429182242603
[WARN] [1785904182.920097096] [motor_controller_pid]: Left motor is saturated: target spd -0.15894429182242603
[WARN] [1785904182.973961507] [motor_controller_pid]: Left motor is saturated: target spd -0.16354826112296433
[WARN] [1785904183.021375664] [motor_controller_pid]: Left motor is saturated: target spd -0.16354826112296433
[WARN] [1785904183.120549444] [motor_controller_pid]: Left motor is saturated: target spd -0.1578380167533178
[WARN] [1785904183.122974678] [motor_controller_pid]: Right motor is saturated: target spd 0.14243105053412727
[WARN] [1785904183.176589977] [motor_controller_pid]: Left motor is saturated: target spd -0.16237602213746868
[WARN] [1785904183.180290717] [motor_controller_pid]: Right motor is saturated: target spd 0.1377620043384377
[WARN] [1785904183.224154635] [motor_controller_pid]: Left motor is saturated: target spd -0.16237602213746868
[WARN] [1785904183.228608472] [motor_controller_pid]: Right motor is saturated: target spd 0.1377620043384377
[WARN] [1785904183.271288810] [motor_controller_pid]: Left motor is saturated: target spd -0.16260730964588002
[WARN] [1785904183.275549404] [motor_controller_pid]: Right motor is saturated: target spd 0.1357162322337739
[WARN] [1785904183.321252387] [motor_controller_pid]: Left motor is saturated: target spd -0.16260730964588002
[WARN] [1785904183.322995117] [motor_controller_pid]: Right motor is saturated: target spd 0.1357162322337739
[WARN] [1785904183.373527383] [motor_controller_pid]: Left motor is saturated: target spd -0.16260730964588002
[WARN] [1785904183.375639985] [motor_controller_pid]: Right motor is saturated: target spd 0.1357162322337739
[WARN] [1785904183.428148797] [motor_controller_pid]: Left motor is saturated: target spd -0.15758839521335438
[WARN] [1785904183.431438332] [motor_controller_pid]: Right motor is saturated: target spd 0.14077794280124828
[WARN] [1785904183.472895942] [motor_controller_pid]: Left motor is saturated: target spd -0.1551869974505389
[WARN] [1785904183.475388787] [motor_controller_pid]: Right motor is saturated: target spd 0.14317934056406376
[WARN] [1785904183.520805305] [motor_controller_pid]: Left motor is saturated: target spd -0.14614759907592087
[WARN] [1785904183.524102395] [motor_controller_pid]: Right motor is saturated: target spd 0.13153953328263016
[WARN] [1785904183.620174642] [motor_controller_pid]: Left motor is saturated: target spd -0.13152542532077058
[WARN] [1785904183.676559787] [motor_controller_pid]: Left motor is saturated: target spd -0.14787851765824017
[WARN] [1785904183.720664225] [motor_controller_pid]: Left motor is saturated: target spd -0.14787851765824017
[WARN] [1785904183.820336545] [motor_controller_pid]: Left motor is saturated: target spd -0.14648612381513232
[WARN] [1785904183.821514476] [motor_controller_pid]: Right motor is saturated: target spd 0.15069372414057142
[WARN] [1785904183.874979348] [motor_controller_pid]: Left motor is saturated: target spd -0.15476484607274643
[WARN] [1785904183.922897953] [motor_controller_pid]: Left motor is saturated: target spd -0.15476484607274643
[WARN] [1785904183.924474108] [motor_controller_pid]: Right motor is saturated: target spd 0.14889182139818558
[WARN] [1785904184.022639180] [motor_controller_pid]: Left motor is saturated: target spd -0.15282046684848144
[WARN] [1785904184.076125830] [motor_controller_pid]: Left motor is saturated: target spd -0.15289853456367272
[WARN] [1785904184.177137305] [motor_controller_pid]: Left motor is saturated: target spd -0.1573650610523764
[WARN] [1785904184.220379534] [motor_controller_pid]: Left motor is saturated: target spd -0.1573650610523764
[WARN] [1785904184.221910912] [motor_controller_pid]: Right motor is saturated: target spd 0.1425040590686258
[WARN] [1785904184.271205856] [motor_controller_pid]: Left motor is saturated: target spd -0.1558423673688434
[WARN] [1785904184.273412811] [motor_controller_pid]: Right motor is saturated: target spd 0.14405509476074949
[WARN] [1785904184.517726393] [motor_controller_pid]: Left motor is saturated: target spd -0.1613206769082695
[WARN] [1785904184.522191952] [motor_controller_pid]: Left motor is saturated: target spd -0.1613206769082695
[WARN] [1785904184.525780025] [motor_controller_pid]: Right motor is saturated: target spd 0.13866988767646254
[WARN] [1785904184.573863667] [motor_controller_pid]: Left motor is saturated: target spd -0.1613206769082695
[WARN] [1785904184.575635509] [motor_controller_pid]: Right motor is saturated: target spd 0.13866988767646254
[WARN] [1785904184.620078466] [motor_controller_pid]: Left motor is saturated: target spd -0.1613206769082695
[WARN] [1785904184.621155694] [motor_controller_pid]: Right motor is saturated: target spd 0.13866988767646254
[WARN] [1785904184.771865948] [motor_controller_pid]: Left motor is saturated: target spd -0.13992362575693987
[WARN] [1785904184.820209462] [motor_controller_pid]: Left motor is saturated: target spd -0.13992362575693987
[WARN] [1785904185.021711852] [motor_controller_pid]: Left motor is saturated: target spd -0.14517679990598
[WARN] [1785904185.023912974] [motor_controller_pid]: Right motor is saturated: target spd 0.15860402404001914
[WARN] [1785904185.120248981] [motor_controller_pid]: Right motor is saturated: target spd 0.15324393257531338
[WARN] [1785904185.175538585] [motor_controller_pid]: Left motor is saturated: target spd -0.1528606029757578
[WARN] [1785904185.224872937] [motor_controller_pid]: Left motor is saturated: target spd -0.1528606029757578
[WARN] [1785904185.226808946] [motor_controller_pid]: Right motor is saturated: target spd 0.14797461903008632
[WARN] [1785904185.271437942] [motor_controller_pid]: Right motor is saturated: target spd 0.14996415293289347
[WARN] [1785904185.320184902] [motor_controller_pid]: Left motor is saturated: target spd -0.14991152369903402
[WARN] [1785904185.420549910] [motor_controller_pid]: Left motor is saturated: target spd -0.1499297180168517
[WARN] [1785904185.423017330] [motor_controller_pid]: Right motor is saturated: target spd 0.14998234725071116
[WARN] [1785904185.522305925] [motor_controller_pid]: Left motor is saturated: target spd -0.14748600657337346
[WARN] [1785904185.524982198] [motor_controller_pid]: Right motor is saturated: target spd 0.15241568748599849
[WARN] [1785904185.575267387] [motor_controller_pid]: Left motor is saturated: target spd -0.143034357711114
[WARN] [1785904185.594492759] [motor_controller_pid]: Right motor is saturated: target spd 0.15686733634825795
[WARN] [1785904185.630350249] [motor_controller_pid]: Left motor is saturated: target spd -0.14811850942734628
[WARN] [1785904185.633933229] [motor_controller_pid]: Right motor is saturated: target spd 0.15187086306449027
[WARN] [1785904185.674380001] [motor_controller_pid]: Left motor is saturated: target spd -0.14973984807700036
[WARN] [1785904185.677669498] [motor_controller_pid]: Right motor is saturated: target spd 0.1502495244148362
[WARN] [1785904185.720454744] [motor_controller_pid]: Left motor is saturated: target spd -0.14973984807700036
[WARN] [1785904186.020459597] [motor_controller_pid]: Left motor is saturated: target spd -0.14588282049695844
[WARN] [1785904186.120384437] [motor_controller_pid]: Left motor is saturated: target spd -0.14814780189096927
[WARN] [1785904186.121886981] [motor_controller_pid]: Right motor is saturated: target spd 0.15697263644635678
[WARN] [1785904186.175416816] [motor_controller_pid]: Left motor is saturated: target spd -0.15149611733973026
[WARN] [1785904186.178147552] [motor_controller_pid]: Right motor is saturated: target spd 0.15024032689511777
[WARN] [1785904186.220293109] [motor_controller_pid]: Left motor is saturated: target spd -0.15149611733973026
[WARN] [1785904186.221350504] [motor_controller_pid]: Right motor is saturated: target spd 0.15024032689511777
[WARN] [1785904186.270783615] [motor_controller_pid]: Left motor is saturated: target spd -0.1507091815947497
[WARN] [1785904186.272484679] [motor_controller_pid]: Right motor is saturated: target spd 0.15043389840135932
[WARN] [1785904186.320741822] [motor_controller_pid]: Left motor is saturated: target spd -0.1507091815947497
[WARN] [1785904186.323550225] [motor_controller_pid]: Right motor is saturated: target spd 0.15043389840135932
[WARN] [1785904186.371313495] [motor_controller_pid]: Left motor is saturated: target spd -0.1450136948393786
[WARN] [1785904186.372965447] [motor_controller_pid]: Right motor is saturated: target spd 0.15481903664598823
[WARN] [1785904186.420010140] [motor_controller_pid]: Left motor is saturated: target spd -0.1450136948393786
[WARN] [1785904186.421650481] [motor_controller_pid]: Right motor is saturated: target spd 0.15481903664598823
[WARN] [1785904186.520254073] [motor_controller_pid]: Left motor is saturated: target spd -0.14388483966162893
[WARN] [1785904186.521207874] [motor_controller_pid]: Right motor is saturated: target spd 0.15599834715554026
[WARN] [1785904186.620463822] [motor_controller_pid]: Left motor is saturated: target spd -0.14076228092880919
[WARN] [1785904186.623473411] [motor_controller_pid]: Right motor is saturated: target spd 0.1591039483669214
[WARN] [1785904186.676349076] [motor_controller_pid]: Left motor is saturated: target spd -0.14202558869291096
[WARN] [1785904186.680253484] [motor_controller_pid]: Right motor is saturated: target spd 0.15795993929933758
[WARN] [1785904186.736155090] [motor_controller_pid]: Left motor is saturated: target spd -0.14202558869291096
[WARN] [1785904186.744874040] [motor_controller_pid]: Right motor is saturated: target spd 0.15795993929933758
[WARN] [1785904186.771891320] [motor_controller_pid]: Left motor is saturated: target spd -0.14202558869291096
[WARN] [1785904186.775467263] [motor_controller_pid]: Right motor is saturated: target spd 0.15795993929933758
[WARN] [1785904186.819831480] [motor_controller_pid]: Left motor is saturated: target spd -0.14202558869291096
[WARN] [1785904186.820713744] [motor_controller_pid]: Right motor is saturated: target spd 0.15795993929933758
[WARN] [1785904186.974947904] [motor_controller_pid]: Left motor is saturated: target spd -0.1339633207716979
[WARN] [1785904187.020841146] [motor_controller_pid]: Left motor is saturated: target spd -0.1339633207716979
[WARN] [1785904187.024169570] [motor_controller_pid]: Right motor is saturated: target spd 0.1403897190890275
[WARN] [1785904187.120040816] [motor_controller_pid]: Left motor is saturated: target spd -0.13508867495860905
[WARN] [1785904187.121771768] [motor_controller_pid]: Right motor is saturated: target spd 0.15683368570003658
[WARN] [1785904187.174081709] [motor_controller_pid]: Left motor is saturated: target spd -0.1418785715769045
[WARN] [1785904187.176783722] [motor_controller_pid]: Right motor is saturated: target spd 0.16366476171510294
[WARN] [1785904187.220062600] [motor_controller_pid]: Left motor is saturated: target spd -0.1418785715769045
[WARN] [1785904187.221933961] [motor_controller_pid]: Right motor is saturated: target spd 0.16366476171510294
[WARN] [1785904187.320237163] [motor_controller_pid]: Left motor is saturated: target spd -0.13494901535494253
[WARN] [1785904187.323624272] [motor_controller_pid]: Right motor is saturated: target spd 0.16681583049314097
[WARN] [1785904187.374620354] [motor_controller_pid]: Left motor is saturated: target spd -0.1321391824565828
[WARN] [1785904187.377595684] [motor_controller_pid]: Right motor is saturated: target spd 0.16922908388748764
[WARN] [1785904187.420656523] [motor_controller_pid]: Left motor is saturated: target spd -0.1321391824565828
[WARN] [1785904187.422658385] [motor_controller_pid]: Right motor is saturated: target spd 0.16922908388748764
[WARN] [1785904187.474317637] [motor_controller_pid]: Left motor is saturated: target spd -0.1342950097281486
[WARN] [1785904187.476580741] [motor_controller_pid]: Right motor is saturated: target spd 0.16474882448129355
[WARN] [1785904187.522296742] [motor_controller_pid]: Left motor is saturated: target spd -0.1342950097281486
[WARN] [1785904187.525150737] [motor_controller_pid]: Right motor is saturated: target spd 0.16474882448129355
[WARN] [1785904187.576540488] [motor_controller_pid]: Right motor is saturated: target spd 0.15621906671456992
[WARN] [1785904187.620002570] [motor_controller_pid]: Right motor is saturated: target spd 0.15621906671456992
[WARN] [1785904187.674168353] [motor_controller_pid]: Left motor is saturated: target spd -0.12827936803659423
[WARN] [1785904187.677535796] [motor_controller_pid]: Right motor is saturated: target spd 0.16610698903242127
[WARN] [1785904187.720047688] [motor_controller_pid]: Right motor is saturated: target spd 0.16610698903242127
[WARN] [1785904187.774963216] [motor_controller_pid]: Right motor is saturated: target spd 0.1708756125542149
[WARN] [1785904187.820543308] [motor_controller_pid]: Left motor is saturated: target spd -0.1265607737926021
[WARN] [1785904187.823135043] [motor_controller_pid]: Right motor is saturated: target spd 0.1708756125542149
[WARN] [1785904187.881725588] [motor_controller_pid]: Left motor is saturated: target spd -0.1265607737926021
[WARN] [1785904187.886220166] [motor_controller_pid]: Right motor is saturated: target spd 0.1708756125542149
[WARN] [1785904187.925377394] [motor_controller_pid]: Left motor is saturated: target spd -0.1346266197199002
[WARN] [1785904187.928659095] [motor_controller_pid]: Right motor is saturated: target spd 0.16715455780085176
[WARN] [1785904187.973426295] [motor_controller_pid]: Left motor is saturated: target spd -0.12587058956436814
[WARN] [1785904187.976487366] [motor_controller_pid]: Right motor is saturated: target spd 0.15955528204627334
[WARN] [1785904188.619849043] [motor_controller_pid]: Right motor is saturated: target spd 0.16579067468922584
[WARN] [1785904188.719789993] [motor_controller_pid]: Right motor is saturated: target spd 0.14995678058426828
[WARN] [1785904188.772763696] [motor_controller_pid]: Right motor is saturated: target spd 0.1617982495078817
[WARN] [1785904188.820067279] [motor_controller_pid]: Right motor is saturated: target spd 0.1617982495078817
[WARN] [1785904189.021249335] [motor_controller_pid]: Right motor is saturated: target spd 0.15306154716145248
[WARN] [1785904189.071305690] [motor_controller_pid]: Right motor is saturated: target spd 0.15777226806739345
[WARN] [1785904189.120236892] [motor_controller_pid]: Right motor is saturated: target spd 0.15777226806739345
[WARN] [1785904189.220128472] [motor_controller_pid]: Right motor is saturated: target spd 0.12970987013915553
[WARN] [1785904189.419945022] [motor_controller_pid]: Right motor is saturated: target spd 0.15237960021819918
[WARN] [1785904189.475386663] [motor_controller_pid]: Right motor is saturated: target spd 0.16291715124128386
[WARN] [1785904189.528746404] [motor_controller_pid]: Right motor is saturated: target spd 0.16291715124128386
[WARN] [1785904190.080701339] [motor_controller_pid]: Right motor is saturated: target spd 0.17298842109702528
[WARN] [1785904190.124653554] [motor_controller_pid]: Right motor is saturated: target spd 0.16370414066631347
[WARN] [1785904190.173280346] [motor_controller_pid]: Right motor is saturated: target spd 0.16370414066631347
[WARN] [1785904190.219989852] [motor_controller_pid]: Right motor is saturated: target spd 0.16370414066631347
[WARN] [1785904190.619960563] [motor_controller_pid]: Right motor is saturated: target spd 0.16826829551968725
[WARN] [1785904191.020456944] [motor_controller_pid]: Right motor is saturated: target spd 0.16825889590930193
[WARN] [1785904191.119878522] [motor_controller_pid]: Right motor is saturated: target spd 0.15236438521344214
[WARN] [1785904191.271527780] [motor_controller_pid]: Right motor is saturated: target spd 0.1475128687483445
[WARN] [1785904191.320083536] [motor_controller_pid]: Right motor is saturated: target spd 0.14658543134331703
[WARN] [1785904191.621071949] [motor_controller_pid]: Right motor is saturated: target spd 0.13999787413507875
[WARN] [1785904191.676221237] [motor_controller_pid]: Right motor is saturated: target spd 0.13999787413507875
[WARN] [1785904191.720465564] [motor_controller_pid]: Right motor is saturated: target spd 0.1557088736704085
[WARN] [1785904192.071372203] [motor_controller_pid]: Right motor is saturated: target spd 0.1709116100674495
[WARN] [1785904192.120093866] [motor_controller_pid]: Right motor is saturated: target spd 0.1709116100674495
[WARN] [1785904192.220555208] [motor_controller_pid]: Right motor is saturated: target spd 0.17197375883478672
[WARN] [1785904192.272250127] [motor_controller_pid]: Right motor is saturated: target spd 0.1679936192502454
[WARN] [1785904192.357295061] [motor_controller_pid]: Right motor is saturated: target spd 0.1679936192502454
[WARN] [1785904192.388042341] [motor_controller_pid]: Right motor is saturated: target spd 0.1679936192502454
[WARN] [1785904192.420752315] [motor_controller_pid]: Right motor is saturated: target spd 0.16729102669917048
[WARN] [1785904192.479123063] [motor_controller_pid]: Right motor is saturated: target spd 0.13965195572278463
[WARN] [1785904192.521647493] [motor_controller_pid]: Right motor is saturated: target spd 0.13965195572278463
[WARN] [1785904192.820199283] [motor_controller_pid]: Right motor is saturated: target spd 0.14876281067539937
[WARN] [1785904193.220411329] [motor_controller_pid]: Right motor is saturated: target spd 0.15336149346481076
[WARN] [1785904193.270619704] [motor_controller_pid]: Right motor is saturated: target spd 0.15342438931087962
[WARN] [1785904193.320175575] [motor_controller_pid]: Right motor is saturated: target spd 0.15342438931087962
[WARN] [1785904193.372441182] [motor_controller_pid]: Right motor is saturated: target spd 0.15300362446610816
[WARN] [1785904193.522042449] [motor_controller_pid]: Left motor is saturated: target spd -0.14658046624357812
[WARN] [1785904193.525303650] [motor_controller_pid]: Right motor is saturated: target spd 0.15300362446610816
[WARN] [1785904193.571631099] [motor_controller_pid]: Right motor is saturated: target spd 0.15126138389218133
[WARN] [1785904193.623381666] [motor_controller_pid]: Left motor is saturated: target spd -0.14441094338786323
[WARN] [1785904193.628858341] [motor_controller_pid]: Right motor is saturated: target spd 0.15126138389218133
[WARN] [1785904193.674650250] [motor_controller_pid]: Left motor is saturated: target spd -0.13799878124477807
[WARN] [1785904193.676326721] [motor_controller_pid]: Right motor is saturated: target spd 0.15767938729045447
[WARN] [1785904193.719969175] [motor_controller_pid]: Right motor is saturated: target spd 0.15767938729045447
[WARN] [1785904193.871765749] [motor_controller_pid]: Right motor is saturated: target spd 0.16028858131840826
[WARN] [1785904193.920529209] [motor_controller_pid]: Right motor is saturated: target spd 0.16028858131840826
[WARN] [1785904193.971931515] [motor_controller_pid]: Left motor is saturated: target spd -0.13633080591219476
[WARN] [1785904193.974481417] [motor_controller_pid]: Right motor is saturated: target spd 0.1603478861902375
[WARN] [1785904194.021521072] [motor_controller_pid]: Left motor is saturated: target spd -0.13633080591219476
[WARN] [1785904194.025025960] [motor_controller_pid]: Right motor is saturated: target spd 0.1603478861902375
[WARN] [1785904194.072381617] [motor_controller_pid]: Left motor is saturated: target spd -0.13959365301956422
[WARN] [1785904194.074179996] [motor_controller_pid]: Right motor is saturated: target spd 0.16323638743530028
[WARN] [1785904194.120296388] [motor_controller_pid]: Left motor is saturated: target spd -0.13959365301956422
[WARN] [1785904194.121496264] [motor_controller_pid]: Right motor is saturated: target spd 0.16323638743530028
[WARN] [1785904194.174649134] [motor_controller_pid]: Left motor is saturated: target spd -0.14219670844022184
[WARN] [1785904194.175938715] [motor_controller_pid]: Right motor is saturated: target spd 0.15871141004618258
[WARN] [1785904194.220143523] [motor_controller_pid]: Left motor is saturated: target spd -0.14219670844022184
[WARN] [1785904194.222288200] [motor_controller_pid]: Right motor is saturated: target spd 0.15871141004618258
[WARN] [1785904194.272475593] [motor_controller_pid]: Right motor is saturated: target spd 0.15871141004618258
[WARN] [1785904194.320860978] [motor_controller_pid]: Left motor is saturated: target spd -0.14284447731454858
[WARN] [1785904194.323953011] [motor_controller_pid]: Right motor is saturated: target spd 0.157782307248516
[WARN] [1785904194.373041806] [motor_controller_pid]: Right motor is saturated: target spd 0.1523804031709861
[WARN] [1785904194.421436579] [motor_controller_pid]: Left motor is saturated: target spd -0.14752319823701865
[WARN] [1785904194.423443015] [motor_controller_pid]: Right motor is saturated: target spd 0.1523804031709861
[WARN] [1785904194.474172763] [motor_controller_pid]: Left motor is saturated: target spd -0.15049946514789772
[WARN] [1785904194.479082120] [motor_controller_pid]: Right motor is saturated: target spd 0.14943969043071556
[WARN] [1785904194.524306822] [motor_controller_pid]: Left motor is saturated: target spd -0.15049946514789772
[WARN] [1785904194.527988137] [motor_controller_pid]: Right motor is saturated: target spd 0.14943969043071556
[WARN] [1785904194.582212142] [motor_controller_pid]: Left motor is saturated: target spd -0.15049946514789772
[WARN] [1785904194.592948824] [motor_controller_pid]: Right motor is saturated: target spd 0.14943969043071556
[WARN] [1785904194.630348988] [motor_controller_pid]: Left motor is saturated: target spd -0.1531884886054788
[WARN] [1785904194.633258447] [motor_controller_pid]: Right motor is saturated: target spd 0.14673841821863315
[WARN] [1785904194.676747622] [motor_controller_pid]: Left motor is saturated: target spd -0.1531884886054788
[WARN] [1785904194.682462613] [motor_controller_pid]: Right motor is saturated: target spd 0.14673841821863315
[WARN] [1785904194.720043315] [motor_controller_pid]: Left motor is saturated: target spd -0.1531884886054788
[WARN] [1785904194.722347918] [motor_controller_pid]: Right motor is saturated: target spd 0.14673841821863315
[WARN] [1785904194.821073845] [motor_controller_pid]: Left motor is saturated: target spd -0.12264686822086805
[WARN] [1785904194.823919729] [motor_controller_pid]: Right motor is saturated: target spd 0.11659274996131426
[WARN] [1785904194.872906746] [motor_controller_pid]: Left motor is saturated: target spd -0.14918503382116788
[WARN] [1785904194.875579833] [motor_controller_pid]: Right motor is saturated: target spd 0.1330502905616141
[WARN] [1785904194.920076606] [motor_controller_pid]: Left motor is saturated: target spd -0.14918503382116788
[WARN] [1785904194.921122481] [motor_controller_pid]: Right motor is saturated: target spd 0.1330502905616141
[WARN] [1785904194.974032165] [motor_controller_pid]: Left motor is saturated: target spd -0.15151112547940573
[WARN] [1785904195.020208020] [motor_controller_pid]: Left motor is saturated: target spd -0.1520135532051977
[WARN] [1785904195.023296646] [motor_controller_pid]: Right motor is saturated: target spd 0.14130725162916816
[WARN] [1785904195.120479380] [motor_controller_pid]: Right motor is saturated: target spd 0.14578710895841943
[WARN] [1785904195.172389615] [motor_controller_pid]: Left motor is saturated: target spd -0.16179816988164558
[WARN] [1785904195.174604978] [motor_controller_pid]: Right motor is saturated: target spd 0.13997239801233635
[WARN] [1785904195.219976551] [motor_controller_pid]: Left motor is saturated: target spd -0.16179816988164558
[WARN] [1785904195.221376780] [motor_controller_pid]: Right motor is saturated: target spd 0.13997239801233635
[WARN] [1785904195.273497849] [motor_controller_pid]: Left motor is saturated: target spd -0.15688611738245933
[WARN] [1785904195.274950449] [motor_controller_pid]: Right motor is saturated: target spd 0.14141399987179787
[WARN] [1785904195.320004446] [motor_controller_pid]: Left motor is saturated: target spd -0.15688611738245933
[WARN] [1785904195.321213249] [motor_controller_pid]: Right motor is saturated: target spd 0.14141399987179787
[WARN] [1785904195.419975564] [motor_controller_pid]: Right motor is saturated: target spd 0.1448440994866425
[WARN] [1785904195.479345687] [motor_controller_pid]: Left motor is saturated: target spd -0.15920727956933434
[WARN] [1785904195.522792603] [motor_controller_pid]: Left motor is saturated: target spd -0.15920727956933434
[WARN] [1785904195.526796956] [motor_controller_pid]: Right motor is saturated: target spd 0.14028117548780983
[WARN] [1785904195.573955297] [motor_controller_pid]: Left motor is saturated: target spd -0.1547136121854838
[WARN] [1785904195.575975566] [motor_controller_pid]: Right motor is saturated: target spd 0.1452656871213857
[WARN] [1785904195.620270023] [motor_controller_pid]: Left motor is saturated: target spd -0.1547136121854838
[WARN] [1785904195.622768461] [motor_controller_pid]: Right motor is saturated: target spd 0.1452656871213857
[WARN] [1785904195.684107631] [motor_controller_pid]: Left motor is saturated: target spd -0.15143378941661212
[WARN] [1785904195.688483911] [motor_controller_pid]: Right motor is saturated: target spd 0.14274144800060895
[WARN] [1785904195.727203119] [motor_controller_pid]: Left motor is saturated: target spd -0.15143378941661212
[WARN] [1785904195.730367579] [motor_controller_pid]: Right motor is saturated: target spd 0.14274144800060895
[WARN] [1785904195.775215353] [motor_controller_pid]: Left motor is saturated: target spd -0.15143378941661212
[WARN] [1785904195.778187757] [motor_controller_pid]: Right motor is saturated: target spd 0.14274144800060895
[WARN] [1785904195.820666408] [motor_controller_pid]: Left motor is saturated: target spd -0.15784107483989093
[WARN] [1785904195.822472602] [motor_controller_pid]: Right motor is saturated: target spd 0.13906810842388775
[WARN] [1785904196.021897613] [motor_controller_pid]: Left motor is saturated: target spd -0.163505338383466
[WARN] [1785904196.070357183] [motor_controller_pid]: Left motor is saturated: target spd -0.16931148545108735
[WARN] [1785904196.119981128] [motor_controller_pid]: Left motor is saturated: target spd -0.16931148545108735
[WARN] [1785904196.170930766] [motor_controller_pid]: Left motor is saturated: target spd -0.1714421546802856
[WARN] [1785904196.220342211] [motor_controller_pid]: Left motor is saturated: target spd -0.1714421546802856
[WARN] [1785904196.223227281] [motor_controller_pid]: Right motor is saturated: target spd 0.13269272085567937
[WARN] [1785904196.272970949] [motor_controller_pid]: Left motor is saturated: target spd -0.16787205972261726
[WARN] [1785904196.274416938] [motor_controller_pid]: Right motor is saturated: target spd 0.1334961470168084
[WARN] [1785904196.320181976] [motor_controller_pid]: Left motor is saturated: target spd -0.16787205972261726
[WARN] [1785904196.321460927] [motor_controller_pid]: Right motor is saturated: target spd 0.1334961470168084
[WARN] [1785904196.374298481] [motor_controller_pid]: Left motor is saturated: target spd -0.15770434706278144
[WARN] [1785904196.376568510] [motor_controller_pid]: Right motor is saturated: target spd 0.1334090593569726
[WARN] [1785904196.422954089] [motor_controller_pid]: Left motor is saturated: target spd -0.15770434706278144
[WARN] [1785904196.424451207] [motor_controller_pid]: Right motor is saturated: target spd 0.1334090593569726
[WARN] [1785904196.472789591] [motor_controller_pid]: Left motor is saturated: target spd -0.16038085128702223
[WARN] [1785904196.520530620] [motor_controller_pid]: Left motor is saturated: target spd -0.16038085128702223
[WARN] [1785904196.522347814] [motor_controller_pid]: Right motor is saturated: target spd 0.13459419105611742
[WARN] [1785904196.571730537] [motor_controller_pid]: Left motor is saturated: target spd -0.15709734098829328
[WARN] [1785904196.574142789] [motor_controller_pid]: Right motor is saturated: target spd 0.14139130575738848
[WARN] [1785904196.620006180] [motor_controller_pid]: Left motor is saturated: target spd -0.15709734098829328
[WARN] [1785904196.621785374] [motor_controller_pid]: Right motor is saturated: target spd 0.14139130575738848
[WARN] [1785904196.673477811] [motor_controller_pid]: Left motor is saturated: target spd -0.1617898487211205
[WARN] [1785904196.772617999] [motor_controller_pid]: Left motor is saturated: target spd -0.1584019667923916
[WARN] [1785904196.775558161] [motor_controller_pid]: Right motor is saturated: target spd 0.14200514485235327
[WARN] [1785904196.825148644] [motor_controller_pid]: Left motor is saturated: target spd -0.1584019667923916
[WARN] [1785904196.828605346] [motor_controller_pid]: Right motor is saturated: target spd 0.14200514485235327
[WARN] [1785904196.891382301] [motor_controller_pid]: Left motor is saturated: target spd -0.15996972806588747
[WARN] [1785904196.903878565] [motor_controller_pid]: Right motor is saturated: target spd 0.13505076281889342
[WARN] [1785904196.925982247] [motor_controller_pid]: Left motor is saturated: target spd -0.15996972806588747
[WARN] [1785904196.928215462] [motor_controller_pid]: Right motor is saturated: target spd 0.13505076281889342
[WARN] [1785904196.975453692] [motor_controller_pid]: Left motor is saturated: target spd -0.1290266823591385
[WARN] [1785904197.022554552] [motor_controller_pid]: Left motor is saturated: target spd -0.1290266823591385
[WARN] [1785904197.025759660] [motor_controller_pid]: Right motor is saturated: target spd 0.11418834211214446
[WARN] [1785904197.074484842] [motor_controller_pid]: Left motor is saturated: target spd -0.14691998975402676
[WARN] [1785904197.077707914] [motor_controller_pid]: Right motor is saturated: target spd 0.14103755934112705
[WARN] [1785904197.120067417] [motor_controller_pid]: Left motor is saturated: target spd -0.14691998975402676
[WARN] [1785904197.122433725] [motor_controller_pid]: Right motor is saturated: target spd 0.14103755934112705
[WARN] [1785904197.220902353] [motor_controller_pid]: Left motor is saturated: target spd -0.15066767196711153
[WARN] [1785904197.225185689] [motor_controller_pid]: Right motor is saturated: target spd 0.14431035060826689
[WARN] [1785904197.275244433] [motor_controller_pid]: Left motor is saturated: target spd -0.15311178397634648
[WARN] [1785904197.276902016] [motor_controller_pid]: Right motor is saturated: target spd 0.1504727618744073
[WARN] [1785904197.320739822] [motor_controller_pid]: Left motor is saturated: target spd -0.15311178397634648
[WARN] [1785904197.322648591] [motor_controller_pid]: Right motor is saturated: target spd 0.1504727618744073
[WARN] [1785904197.420028621] [motor_controller_pid]: Left motor is saturated: target spd -0.15705762108781957
[WARN] [1785904197.422519060] [motor_controller_pid]: Right motor is saturated: target spd 0.14433797398588039
[WARN] [1785904197.475547004] [motor_controller_pid]: Left motor is saturated: target spd -0.16153396381936036
[WARN] [1785904197.479638746] [motor_controller_pid]: Right motor is saturated: target spd 0.13937543616690673
[WARN] [1785904197.521841211] [motor_controller_pid]: Left motor is saturated: target spd -0.16153396381936036
[WARN] [1785904197.523791350] [motor_controller_pid]: Right motor is saturated: target spd 0.13937543616690673
[WARN] [1785904197.573840261] [motor_controller_pid]: Left motor is saturated: target spd -0.1613947269509081
[WARN] [1785904197.575725548] [motor_controller_pid]: Right motor is saturated: target spd 0.1385175171305891
[WARN] [1785904197.620312877] [motor_controller_pid]: Left motor is saturated: target spd -0.1613947269509081
[WARN] [1785904197.722594672] [motor_controller_pid]: Left motor is saturated: target spd -0.16576317582791672
[WARN] [1785904197.727624752] [motor_controller_pid]: Right motor is saturated: target spd 0.13415026034647598
[WARN] [1785904197.773434772] [motor_controller_pid]: Left motor is saturated: target spd -0.16071484650319443
[WARN] [1785904197.775336615] [motor_controller_pid]: Right motor is saturated: target spd 0.1391825560217537
[WARN] [1785904197.820206908] [motor_controller_pid]: Left motor is saturated: target spd -0.16071484650319443
[WARN] [1785904197.920635213] [motor_controller_pid]: Left motor is saturated: target spd -0.15369875966699328
[WARN] [1785904197.923816432] [motor_controller_pid]: Right motor is saturated: target spd 0.14431322873441968
[WARN] [1785904197.981284842] [motor_controller_pid]: Left motor is saturated: target spd -0.14948546161325182
[WARN] [1785904198.017040165] [motor_controller_pid]: Right motor is saturated: target spd 0.15018055568067823
[WARN] [1785904198.043571146] [motor_controller_pid]: Left motor is saturated: target spd -0.14948546161325182
[WARN] [1785904198.049705695] [motor_controller_pid]: Right motor is saturated: target spd 0.15018055568067823
[WARN] [1785904198.071918692] [motor_controller_pid]: Left motor is saturated: target spd -0.14948546161325182
[WARN] [1785904198.075740766] [motor_controller_pid]: Right motor is saturated: target spd 0.15018055568067823
[WARN] [1785904198.420629023] [motor_controller_pid]: Left motor is saturated: target spd -0.14641478966799332
[WARN] [1785904198.422340902] [motor_controller_pid]: Right motor is saturated: target spd 0.14710965443524765
[WARN] [1785904198.475425958] [motor_controller_pid]: Left motor is saturated: target spd -0.15761859496679856
[WARN] [1785904198.477652154] [motor_controller_pid]: Right motor is saturated: target spd 0.14823283473405288
[WARN] [1785904198.522650484] [motor_controller_pid]: Left motor is saturated: target spd -0.15761859496679856
[WARN] [1785904198.524576771] [motor_controller_pid]: Right motor is saturated: target spd 0.14823283473405288
[WARN] [1785904198.575543761] [motor_controller_pid]: Left motor is saturated: target spd -0.15309963902082993
[WARN] [1785904198.578870536] [motor_controller_pid]: Right motor is saturated: target spd 0.14371387878808425
[WARN] [1785904198.620577407] [motor_controller_pid]: Left motor is saturated: target spd -0.15309963902082993
[WARN] [1785904198.622568972] [motor_controller_pid]: Right motor is saturated: target spd 0.14371387878808425
[WARN] [1785904198.672671735] [motor_controller_pid]: Left motor is saturated: target spd -0.14831197769134305
[WARN] [1785904198.676087511] [motor_controller_pid]: Right motor is saturated: target spd 0.15209337561638095
[WARN] [1785904198.719987114] [motor_controller_pid]: Left motor is saturated: target spd -0.14831197769134305
[WARN] [1785904198.721268009] [motor_controller_pid]: Right motor is saturated: target spd 0.15209337561638095
[WARN] [1785904198.819962935] [motor_controller_pid]: Left motor is saturated: target spd -0.1447054666572367
[WARN] [1785904198.820977811] [motor_controller_pid]: Right motor is saturated: target spd 0.14683250364725245
[WARN] [1785904198.920292777] [motor_controller_pid]: Left motor is saturated: target spd -0.1490328583123599
[WARN] [1785904198.922786641] [motor_controller_pid]: Right motor is saturated: target spd 0.14985272556520357
[WARN] [1785904198.973383462] [motor_controller_pid]: Right motor is saturated: target spd 0.14784634581417777
[WARN] [1785904199.020965620] [motor_controller_pid]: Left motor is saturated: target spd -0.15141582020907662
[WARN] [1785904199.023915357] [motor_controller_pid]: Right motor is saturated: target spd 0.14784634581417777
[WARN] [1785904199.072964855] [motor_controller_pid]: Left motor is saturated: target spd -0.15711363154559396
[WARN] [1785904199.153330822] [motor_controller_pid]: Left motor is saturated: target spd -0.15711363154559396
[WARN] [1785904199.176602880] [motor_controller_pid]: Left motor is saturated: target spd -0.15711363154559396
[WARN] [1785904199.183571136] [motor_controller_pid]: Right motor is saturated: target spd 0.1434635321506951
[WARN] [1785904199.221864323] [motor_controller_pid]: Left motor is saturated: target spd -0.15748952129730023
[WARN] [1785904199.224569706] [motor_controller_pid]: Right motor is saturated: target spd 0.14308764239898883
[WARN] [1785904199.273029721] [motor_controller_pid]: Left motor is saturated: target spd -0.10914439322927501
[WARN] [1785904199.274121744] [motor_controller_pid]: Right motor is saturated: target spd 0.11100963709375354
[WARN] [1785904199.321067622] [motor_controller_pid]: Right motor is saturated: target spd 0.10918183920404408
[WARN] [1785904199.372379835] [motor_controller_pid]: Left motor is saturated: target spd -0.12685132305880542
[WARN] [1785904199.374528512] [motor_controller_pid]: Right motor is saturated: target spd 0.13025927264431958
[WARN] [1785904199.420519514] [motor_controller_pid]: Left motor is saturated: target spd -0.12685132305880542
[WARN] [1785904199.423053675] [motor_controller_pid]: Right motor is saturated: target spd 0.13025927264431958
[WARN] [1785904199.472200859] [motor_controller_pid]: Left motor is saturated: target spd -0.13098513271842385
[WARN] [1785904199.474979132] [motor_controller_pid]: Right motor is saturated: target spd 0.13380105111565208
[WARN] [1785904199.522832866] [motor_controller_pid]: Left motor is saturated: target spd -0.13098513271842385
[WARN] [1785904199.524456337] [motor_controller_pid]: Right motor is saturated: target spd 0.13380105111565208
[WARN] [1785904199.620539324] [motor_controller_pid]: Right motor is saturated: target spd 0.1380256696983776
[WARN] [1785904199.674234012] [motor_controller_pid]: Left motor is saturated: target spd -0.1592377234223811
[WARN] [1785904199.720582016] [motor_controller_pid]: Left motor is saturated: target spd -0.1592377234223811
[WARN] [1785904199.721939708] [motor_controller_pid]: Right motor is saturated: target spd 0.13971038572755176
[WARN] [1785904199.772229546] [motor_controller_pid]: Left motor is saturated: target spd -0.15919456885969266
[WARN] [1785904199.773239236] [motor_controller_pid]: Right motor is saturated: target spd 0.14281796408975497
[WARN] [1785904199.820072076] [motor_controller_pid]: Left motor is saturated: target spd -0.15919456885969266
[WARN] [1785904199.823905817] [motor_controller_pid]: Right motor is saturated: target spd 0.14281796408975497
[WARN] [1785904199.873588763] [motor_controller_pid]: Left motor is saturated: target spd -0.15591854013756384
[WARN] [1785904199.874784769] [motor_controller_pid]: Right motor is saturated: target spd 0.14587423048659692
[WARN] [1785904199.920181453] [motor_controller_pid]: Left motor is saturated: target spd -0.15591854013756384
[WARN] [1785904199.921123402] [motor_controller_pid]: Right motor is saturated: target spd 0.14587423048659692
[WARN] [1785904199.974062846] [motor_controller_pid]: Left motor is saturated: target spd -0.1603226028569089
[WARN] [1785904199.975112295] [motor_controller_pid]: Right motor is saturated: target spd 0.14019766820594204
[WARN] [1785904200.020729499] [motor_controller_pid]: Left motor is saturated: target spd -0.1603226028569089
[WARN] [1785904200.022283414] [motor_controller_pid]: Right motor is saturated: target spd 0.14019766820594204
[WARN] [1785904200.073931740] [motor_controller_pid]: Left motor is saturated: target spd -0.15977948520719074
[WARN] [1785904200.121229008] [motor_controller_pid]: Left motor is saturated: target spd -0.15977948520719074
[WARN] [1785904200.123710706] [motor_controller_pid]: Right motor is saturated: target spd 0.14023402716577985
[WARN] [1785904200.173375800] [motor_controller_pid]: Left motor is saturated: target spd -0.16003828037381174
[WARN] [1785904200.176451796] [motor_controller_pid]: Right motor is saturated: target spd 0.13983253847956656
[WARN] [1785904200.224589939] [motor_controller_pid]: Left motor is saturated: target spd -0.16003828037381174
[WARN] [1785904200.238965676] [motor_controller_pid]: Right motor is saturated: target spd 0.13983253847956656
[WARN] [1785904200.291066430] [motor_controller_pid]: Left motor is saturated: target spd -0.16003828037381174
[WARN] [1785904200.296657013] [motor_controller_pid]: Right motor is saturated: target spd 0.13983253847956656
[WARN] [1785904200.324921484] [motor_controller_pid]: Left motor is saturated: target spd -0.1547394585620612
[WARN] [1785904200.329514747] [motor_controller_pid]: Right motor is saturated: target spd 0.12550551772005855
[WARN] [1785904200.370987727] [motor_controller_pid]: Left motor is saturated: target spd -0.1547394585620612
[WARN] [1785904200.372975422] [motor_controller_pid]: Right motor is saturated: target spd 0.12550551772005855
[WARN] [1785904200.420385820] [motor_controller_pid]: Left motor is saturated: target spd -0.11225951749146915
[WARN] [1785904200.423657355] [motor_controller_pid]: Right motor is saturated: target spd 0.08798545879065059
[WARN] [1785904200.473462968] [motor_controller_pid]: Left motor is saturated: target spd -0.12543372222722507
[WARN] [1785904200.524234383] [motor_controller_pid]: Left motor is saturated: target spd -0.12543372222722507
[WARN] [1785904200.525559778] [motor_controller_pid]: Right motor is saturated: target spd 0.11124028852640651
[WARN] [1785904200.572557285] [motor_controller_pid]: Left motor is saturated: target spd -0.12093919012040831
[WARN] [1785904200.575186557] [motor_controller_pid]: Right motor is saturated: target spd 0.12584761288671753
[WARN] [1785904200.771471034] [motor_controller_pid]: Right motor is saturated: target spd 0.1496683249527775
[WARN] [1785904200.820700589] [motor_controller_pid]: Left motor is saturated: target spd -0.1349692994689569
[WARN] [1785904200.822928766] [motor_controller_pid]: Right motor is saturated: target spd 0.14962016996387392
[WARN] [1785904200.873230086] [motor_controller_pid]: Left motor is saturated: target spd -0.14005432599647902
[WARN] [1785904200.921993676] [motor_controller_pid]: Left motor is saturated: target spd -0.14005432599647902
[WARN] [1785904200.925197062] [motor_controller_pid]: Right motor is saturated: target spd 0.15423717028037645
[WARN] [1785904200.976315589] [motor_controller_pid]: Left motor is saturated: target spd -0.13854186340912245
[WARN] [1785904200.977339205] [motor_controller_pid]: Right motor is saturated: target spd 0.1628053326930199
[WARN] [1785904201.020603398] [motor_controller_pid]: Left motor is saturated: target spd -0.13854186340912245
[WARN] [1785904201.022061997] [motor_controller_pid]: Right motor is saturated: target spd 0.1628053326930199
[WARN] [1785904201.074401105] [motor_controller_pid]: Left motor is saturated: target spd -0.1128752346418053
[WARN] [1785904201.075995131] [motor_controller_pid]: Right motor is saturated: target spd 0.15439983054183423
[WARN] [1785904201.122889434] [motor_controller_pid]: Left motor is saturated: target spd -0.1128752346418053
[WARN] [1785904201.127722161] [motor_controller_pid]: Right motor is saturated: target spd 0.15439983054183423
[WARN] [1785904201.172833511] [motor_controller_pid]: Left motor is saturated: target spd -0.11852338905315846
[WARN] [1785904201.175151763] [motor_controller_pid]: Right motor is saturated: target spd 0.16666385536212475
[WARN] [1785904201.220100094] [motor_controller_pid]: Left motor is saturated: target spd -0.11852338905315846
[WARN] [1785904201.222084251] [motor_controller_pid]: Right motor is saturated: target spd 0.16666385536212475
[WARN] [1785904201.320956697] [motor_controller_pid]: Right motor is saturated: target spd 0.15371443863410503
[WARN] [1785904201.374084345] [motor_controller_pid]: Left motor is saturated: target spd -0.11843887192308902
[WARN] [1785904201.390397054] [motor_controller_pid]: Right motor is saturated: target spd 0.15093016403615475
[WARN] [1785904201.426615490] [motor_controller_pid]: Left motor is saturated: target spd -0.13653950137677603
[WARN] [1785904201.431419051] [motor_controller_pid]: Right motor is saturated: target spd 0.15900977211412973
[WARN] [1785904201.472729123] [motor_controller_pid]: Left motor is saturated: target spd -0.11767331264764071
[WARN] [1785904201.476583716] [motor_controller_pid]: Right motor is saturated: target spd 0.14477505780905486
[WARN] [1785904201.520214688] [motor_controller_pid]: Left motor is saturated: target spd -0.11767331264764071
[WARN] [1785904201.524251041] [motor_controller_pid]: Right motor is saturated: target spd 0.14477505780905486
[WARN] [1785904201.576188906] [motor_controller_pid]: Left motor is saturated: target spd -0.11213609769567848
[WARN] [1785904201.577394615] [motor_controller_pid]: Right motor is saturated: target spd 0.13810360238328576
[WARN] [1785904201.820042114] [motor_controller_pid]: Right motor is saturated: target spd 0.16325171700483188
[WARN] [1785904201.920837828] [motor_controller_pid]: Left motor is saturated: target spd -0.13452617987850682
[WARN] [1785904201.923256118] [motor_controller_pid]: Right motor is saturated: target spd 0.16542540326854213
[WARN] [1785904201.973372251] [motor_controller_pid]: Left motor is saturated: target spd -0.13282295809844508
[WARN] [1785904201.976464137] [motor_controller_pid]: Right motor is saturated: target spd 0.17158478750130163
[WARN] [1785904202.020011775] [motor_controller_pid]: Left motor is saturated: target spd -0.13282295809844508
[WARN] [1785904202.021160281] [motor_controller_pid]: Right motor is saturated: target spd 0.17158478750130163
[WARN] [1785904202.073421888] [motor_controller_pid]: Right motor is saturated: target spd 0.15885714910885318
[WARN] [1785904202.120347598] [motor_controller_pid]: Right motor is saturated: target spd 0.15885714910885318
[WARN] [1785904202.174275380] [motor_controller_pid]: Left motor is saturated: target spd -0.12374940485589206
[WARN] [1785904202.175860110] [motor_controller_pid]: Right motor is saturated: target spd 0.16648066072829068
[WARN] [1785904202.220087122] [motor_controller_pid]: Left motor is saturated: target spd -0.12374940485589206
[WARN] [1785904202.221588685] [motor_controller_pid]: Right motor is saturated: target spd 0.16648066072829068
[WARN] [1785904202.273793477] [motor_controller_pid]: Right motor is saturated: target spd 0.14602947640214115
[WARN] [1785904202.320476482] [motor_controller_pid]: Left motor is saturated: target spd -0.11775469374861568
[WARN] [1785904202.322068601] [motor_controller_pid]: Right motor is saturated: target spd 0.14602947640214115
[WARN] [1785904202.370508819] [motor_controller_pid]: Left motor is saturated: target spd -0.12624252400126307
[WARN] [1785904202.372785812] [motor_controller_pid]: Right motor is saturated: target spd 0.14443668165478857
[WARN] [1785904202.420580527] [motor_controller_pid]: Left motor is saturated: target spd -0.12624252400126307
[WARN] [1785904202.422916797] [motor_controller_pid]: Right motor is saturated: target spd 0.14443668165478857
[WARN] [1785904202.525843763] [motor_controller_pid]: Left motor is saturated: target spd -0.1288655158015713
[WARN] [1785904202.539701256] [motor_controller_pid]: Right motor is saturated: target spd 0.1470596734550968
[WARN] [1785904202.551526592] [motor_controller_pid]: Left motor is saturated: target spd -0.1288655158015713
[WARN] [1785904202.558194717] [motor_controller_pid]: Right motor is saturated: target spd 0.1470596734550968
[WARN] [1785904202.576118619] [motor_controller_pid]: Left motor is saturated: target spd -0.1288655158015713
[WARN] [1785904202.578162166] [motor_controller_pid]: Right motor is saturated: target spd 0.1470596734550968
[WARN] [1785904202.619886610] [motor_controller_pid]: Left motor is saturated: target spd -0.1266674746951554
[WARN] [1785904202.620942523] [motor_controller_pid]: Right motor is saturated: target spd 0.14925771456151268
[WARN] [1785904202.672263088] [motor_controller_pid]: Left motor is saturated: target spd -0.12450585977118463
[WARN] [1785904202.674370895] [motor_controller_pid]: Right motor is saturated: target spd 0.14199219926316292
[WARN] [1785904202.720125896] [motor_controller_pid]: Left motor is saturated: target spd -0.09182131582959555
[WARN] [1785904202.722536093] [motor_controller_pid]: Right motor is saturated: target spd 0.11316266363398172
[WARN] [1785904202.820004143] [motor_controller_pid]: Left motor is saturated: target spd -0.10377867415100336
[WARN] [1785904202.821250723] [motor_controller_pid]: Right motor is saturated: target spd 0.13445611402839422
[WARN] [1785904202.871099614] [motor_controller_pid]: Right motor is saturated: target spd 0.15095346000101417
[WARN] [1785904202.920102520] [motor_controller_pid]: Left motor is saturated: target spd -0.11922542426679283
[WARN] [1785904202.921208674] [motor_controller_pid]: Right motor is saturated: target spd 0.15095346000101417
[WARN] [1785904202.972736110] [motor_controller_pid]: Left motor is saturated: target spd -0.13570652764909902
[WARN] [1785904202.974159414] [motor_controller_pid]: Right motor is saturated: target spd 0.1579778953207191
[WARN] [1785904203.022793280] [motor_controller_pid]: Left motor is saturated: target spd -0.13570652764909902
[WARN] [1785904203.030053112] [motor_controller_pid]: Right motor is saturated: target spd 0.1579778953207191
[WARN] [1785904203.074403440] [motor_controller_pid]: Left motor is saturated: target spd -0.1355171675185673
[WARN] [1785904203.075989910] [motor_controller_pid]: Right motor is saturated: target spd 0.1589406555195339
[WARN] [1785904203.120127644] [motor_controller_pid]: Right motor is saturated: target spd 0.1589406555195339
[WARN] [1785904203.173763999] [motor_controller_pid]: Right motor is saturated: target spd 0.15517625070018692
[WARN] [1785904203.219949354] [motor_controller_pid]: Right motor is saturated: target spd 0.15517625070018692
[WARN] [1785904203.275401032] [motor_controller_pid]: Right motor is saturated: target spd 0.1629012073474005
[WARN] [1785904203.320171732] [motor_controller_pid]: Left motor is saturated: target spd -0.1281953607602045
[WARN] [1785904203.323266340] [motor_controller_pid]: Right motor is saturated: target spd 0.1629012073474005
[WARN] [1785904203.372276319] [motor_controller_pid]: Left motor is saturated: target spd -0.12925350388372317
[WARN] [1785904203.374001161] [motor_controller_pid]: Right motor is saturated: target spd 0.16583258191263303
[WARN] [1785904203.420008960] [motor_controller_pid]: Left motor is saturated: target spd -0.12925350388372317
[WARN] [1785904203.421056502] [motor_controller_pid]: Right motor is saturated: target spd 0.16583258191263303
[WARN] [1785904203.475225174] [motor_controller_pid]: Right motor is saturated: target spd 0.16786375775560736
[WARN] [1785904203.525837365] [motor_controller_pid]: Left motor is saturated: target spd -0.13218864664807917
[WARN] [1785904203.529606402] [motor_controller_pid]: Right motor is saturated: target spd 0.16786375775560736
[WARN] [1785904203.571791052] [motor_controller_pid]: Left motor is saturated: target spd -0.1368949086691253
[WARN] [1785904203.575288181] [motor_controller_pid]: Right motor is saturated: target spd 0.1646197764848359
[WARN] [1785904203.660517152] [motor_controller_pid]: Left motor is saturated: target spd -0.1368949086691253
[WARN] [1785904203.671343798] [motor_controller_pid]: Right motor is saturated: target spd 0.1646197764848359
[WARN] [1785904203.681219124] [motor_controller_pid]: Left motor is saturated: target spd -0.1368949086691253
[WARN] [1785904203.691561878] [motor_controller_pid]: Right motor is saturated: target spd 0.1646197764848359
[WARN] [1785904203.720353352] [motor_controller_pid]: Left motor is saturated: target spd -0.10476701439181343
[WARN] [1785904203.723167143] [motor_controller_pid]: Right motor is saturated: target spd 0.12895044206818565
[WARN] [1785904203.820234858] [motor_controller_pid]: Right motor is saturated: target spd 0.09432522909436375
[WARN] [1785904203.920076030] [motor_controller_pid]: Right motor is saturated: target spd 0.12197775112055242
[WARN] [1785904204.021024652] [motor_controller_pid]: Right motor is saturated: target spd 0.15822896297357977
[WARN] [1785904204.073270018] [motor_controller_pid]: Left motor is saturated: target spd -0.1351193228873424
[WARN] [1785904204.075169750] [motor_controller_pid]: Right motor is saturated: target spd 0.16962793076904492
[WARN] [1785904204.121285975] [motor_controller_pid]: Left motor is saturated: target spd -0.1351193228873424
[WARN] [1785904204.125156049] [motor_controller_pid]: Right motor is saturated: target spd 0.16962793076904492
[WARN] [1785904204.174575605] [motor_controller_pid]: Left motor is saturated: target spd -0.13065678516207263
[WARN] [1785904204.176219243] [motor_controller_pid]: Right motor is saturated: target spd 0.16951253375234082
[WARN] [1785904204.220512237] [motor_controller_pid]: Left motor is saturated: target spd -0.13065678516207263
[WARN] [1785904204.223197398] [motor_controller_pid]: Right motor is saturated: target spd 0.16951253375234082
[WARN] [1785904204.272412861] [motor_controller_pid]: Right motor is saturated: target spd 0.16022979831807316
[WARN] [1785904204.320185316] [motor_controller_pid]: Right motor is saturated: target spd 0.16022979831807316
[WARN] [1785904204.371951698] [motor_controller_pid]: Right motor is saturated: target spd 0.16022979831807316
[WARN] [1785904204.420263564] [motor_controller_pid]: Left motor is saturated: target spd -0.13276290984833614
[WARN] [1785904204.424047934] [motor_controller_pid]: Right motor is saturated: target spd 0.1634178748539649
[WARN] [1785904204.473316934] [motor_controller_pid]: Left motor is saturated: target spd -0.1378720250343904
[WARN] [1785904204.475907872] [motor_controller_pid]: Right motor is saturated: target spd 0.16024802658800036
[WARN] [1785904204.520118310] [motor_controller_pid]: Left motor is saturated: target spd -0.1378720250343904
[WARN] [1785904204.522602934] [motor_controller_pid]: Right motor is saturated: target spd 0.16024802658800036
[WARN] [1785904204.619888723] [motor_controller_pid]: Left motor is saturated: target spd -0.12412467725621537
[WARN] [1785904204.620926413] [motor_controller_pid]: Right motor is saturated: target spd 0.1553742574895732
[WARN] [1785904204.673242502] [motor_controller_pid]: Left motor is saturated: target spd -0.13144003065517174
[WARN] [1785904204.674584231] [motor_controller_pid]: Right motor is saturated: target spd 0.16533203212330116
[WARN] [1785904204.725990130] [motor_controller_pid]: Left motor is saturated: target spd -0.13144003065517174
[WARN] [1785904204.735391213] [motor_controller_pid]: Right motor is saturated: target spd 0.16533203212330116
[WARN] [1785904204.786135757] [motor_controller_pid]: Left motor is saturated: target spd -0.13144003065517174
[WARN] [1785904204.794075036] [motor_controller_pid]: Right motor is saturated: target spd 0.16533203212330116
[WARN] [1785904204.821613208] [motor_controller_pid]: Left motor is saturated: target spd -0.1346199239116162
[WARN] [1785904204.824613630] [motor_controller_pid]: Right motor is saturated: target spd 0.163763520636037
[WARN] [1785904204.872528049] [motor_controller_pid]: Left motor is saturated: target spd -0.0996602364116162
[WARN] [1785904204.873799203] [motor_controller_pid]: Right motor is saturated: target spd 0.11872320813603698
[WARN] [1785904204.920205541] [motor_controller_pid]: Right motor is saturated: target spd 0.11872320813603698
[WARN] [1785904205.025118849] [motor_controller_pid]: Left motor is saturated: target spd -0.0989089340397343
[WARN] [1785904205.027925418] [motor_controller_pid]: Right motor is saturated: target spd 0.11959679122481495
[WARN] [1785904205.073192306] [motor_controller_pid]: Left motor is saturated: target spd -0.11512497070562094
[WARN] [1785904205.074703480] [motor_controller_pid]: Right motor is saturated: target spd 0.15084668990839273
[WARN] [1785904205.122790900] [motor_controller_pid]: Right motor is saturated: target spd 0.15084668990839273
[WARN] [1785904205.171514267] [motor_controller_pid]: Right motor is saturated: target spd 0.11748959035724402
[WARN] [1785904205.273466691] [motor_controller_pid]: Right motor is saturated: target spd 0.13474486826304347
[WARN] [1785904205.320222326] [motor_controller_pid]: Right motor is saturated: target spd 0.13474486826304347
[WARN] [1785904205.373379271] [motor_controller_pid]: Right motor is saturated: target spd 0.13474486826304347
[WARN] [1785904205.419931906] [motor_controller_pid]: Right motor is saturated: target spd 0.1549696907808073
[WARN] [1785904205.474839322] [motor_controller_pid]: Right motor is saturated: target spd 0.1639741848033853
[WARN] [1785904205.520838750] [motor_controller_pid]: Left motor is saturated: target spd -0.13064704436836763
[WARN] [1785904205.523091131] [motor_controller_pid]: Right motor is saturated: target spd 0.1639741848033853
[WARN] [1785904205.572249038] [motor_controller_pid]: Right motor is saturated: target spd 0.15781523389276117
[WARN] [1785904205.620674015] [motor_controller_pid]: Left motor is saturated: target spd -0.11953930454794318
[WARN] [1785904205.623929179] [motor_controller_pid]: Right motor is saturated: target spd 0.15781523389276117
[WARN] [1785904205.673829367] [motor_controller_pid]: Right motor is saturated: target spd 0.16477523429356516
[WARN] [1785904205.719837480] [motor_controller_pid]: Left motor is saturated: target spd -0.12822036759890615
[WARN] [1785904205.720850911] [motor_controller_pid]: Right motor is saturated: target spd 0.16477523429356516
[WARN] [1785904205.772977295] [motor_controller_pid]: Left motor is saturated: target spd -0.13262025290094315
[WARN] [1785904205.773899744] [motor_controller_pid]: Right motor is saturated: target spd 0.1650580090943724
[WARN] [1785904205.819909747] [motor_controller_pid]: Left motor is saturated: target spd -0.13262025290094315
[WARN] [1785904205.820911029] [motor_controller_pid]: Right motor is saturated: target spd 0.1650580090943724
[WARN] [1785904205.873560527] [motor_controller_pid]: Left motor is saturated: target spd -0.13262025290094315
[WARN] [1785904205.876906951] [motor_controller_pid]: Right motor is saturated: target spd 0.1650580090943724
[WARN] [1785904205.921363075] [motor_controller_pid]: Left motor is saturated: target spd -0.13419039975907654
[WARN] [1785904205.923162102] [motor_controller_pid]: Right motor is saturated: target spd 0.1650326954195276
[WARN] [1785904205.972312305] [motor_controller_pid]: Left motor is saturated: target spd -0.13419039975907654
[WARN] [1785904205.973629589] [motor_controller_pid]: Right motor is saturated: target spd 0.1650326954195276
[WARN] [1785904206.022613736] [motor_controller_pid]: Left motor is saturated: target spd -0.1392877918541897
[WARN] [1785904206.024443560] [motor_controller_pid]: Right motor is saturated: target spd 0.1610770898997318
[WARN] [1785904206.073462114] [motor_controller_pid]: Right motor is saturated: target spd 0.12462086736597121
[WARN] [1785904206.121025587] [motor_controller_pid]: Right motor is saturated: target spd 0.12462086736597121
[WARN] [1785904206.221094668] [motor_controller_pid]: Right motor is saturated: target spd 0.14830663343586029
[WARN] [1785904206.272541178] [motor_controller_pid]: Right motor is saturated: target spd 0.14267281153001823
[WARN] [1785904206.319935483] [motor_controller_pid]: Left motor is saturated: target spd -0.15116017601690254
[WARN] [1785904206.321038507] [motor_controller_pid]: Right motor is saturated: target spd 0.14267281153001823
[WARN] [1785904206.371980367] [motor_controller_pid]: Left motor is saturated: target spd -0.16154999048433266
[WARN] [1785904206.373720394] [motor_controller_pid]: Right motor is saturated: target spd 0.14298200099744834
[WARN] [1785904206.420211769] [motor_controller_pid]: Left motor is saturated: target spd -0.16154999048433266
[WARN] [1785904206.422329298] [motor_controller_pid]: Right motor is saturated: target spd 0.14298200099744834
[WARN] [1785904206.472073800] [motor_controller_pid]: Left motor is saturated: target spd -0.16345518320053815
[WARN] [1785904206.474271922] [motor_controller_pid]: Right motor is saturated: target spd 0.14107680828124286
[WARN] [1785904206.522820177] [motor_controller_pid]: Left motor is saturated: target spd -0.1609197912692558
[WARN] [1785904206.525747395] [motor_controller_pid]: Right motor is saturated: target spd 0.14052235503201374
[WARN] [1785904206.572504420] [motor_controller_pid]: Left motor is saturated: target spd -0.161860385559313
[WARN] [1785904206.575123562] [motor_controller_pid]: Right motor is saturated: target spd 0.13921841082740574
[WARN] [1785904206.620382301] [motor_controller_pid]: Left motor is saturated: target spd -0.161860385559313
[WARN] [1785904206.622474034] [motor_controller_pid]: Right motor is saturated: target spd 0.13921841082740574
[WARN] [1785904206.673070596] [motor_controller_pid]: Left motor is saturated: target spd -0.161860385559313
[WARN] [1785904206.674886234] [motor_controller_pid]: Right motor is saturated: target spd 0.13921841082740574
[WARN] [1785904206.720837681] [motor_controller_pid]: Left motor is saturated: target spd -0.15620943837475032
[WARN] [1785904206.724079326] [motor_controller_pid]: Right motor is saturated: target spd 0.14364808864284306
[WARN] [1785904206.773200381] [motor_controller_pid]: Left motor is saturated: target spd -0.155269581500208
[WARN] [1785904206.774875185] [motor_controller_pid]: Right motor is saturated: target spd 0.14464063602336683
[WARN] [1785904206.820896354] [motor_controller_pid]: Left motor is saturated: target spd -0.155269581500208
[WARN] [1785904206.823227680] [motor_controller_pid]: Right motor is saturated: target spd 0.14464063602336683
[WARN] [1785904206.874670894] [motor_controller_pid]: Left motor is saturated: target spd -0.1502256802184973
[WARN] [1785904206.877402241] [motor_controller_pid]: Right motor is saturated: target spd 0.14144041026993653
[WARN] [1785904206.920398469] [motor_controller_pid]: Left motor is saturated: target spd -0.1502256802184973
[WARN] [1785904206.922055903] [motor_controller_pid]: Right motor is saturated: target spd 0.14144041026993653
[WARN] [1785904206.970781308] [motor_controller_pid]: Left motor is saturated: target spd -0.15050771562431473
[WARN] [1785904206.972532390] [motor_controller_pid]: Right motor is saturated: target spd 0.14809277923728806
[WARN] [1785904207.022349800] [motor_controller_pid]: Left motor is saturated: target spd -0.15050771562431473
[WARN] [1785904207.057072266] [motor_controller_pid]: Right motor is saturated: target spd 0.14809277923728806
[WARN] [1785904207.084156398] [motor_controller_pid]: Left motor is saturated: target spd -0.15050771562431473
[WARN] [1785904207.093376999] [motor_controller_pid]: Right motor is saturated: target spd 0.14809277923728806
[WARN] [1785904207.120762003] [motor_controller_pid]: Left motor is saturated: target spd -0.15529877640102524
[WARN] [1785904207.124121093] [motor_controller_pid]: Right motor is saturated: target spd 0.14280321501399856
[WARN] [1785904207.171333509] [motor_controller_pid]: Right motor is saturated: target spd 0.1287024281993974
[WARN] [1785904207.220754380] [motor_controller_pid]: Left motor is saturated: target spd -0.14105743541563862
[WARN] [1785904207.222083868] [motor_controller_pid]: Right motor is saturated: target spd 0.1287024281993974
[WARN] [1785904207.274337641] [motor_controller_pid]: Left motor is saturated: target spd -0.15140191116027998
[WARN] [1785904207.320713442] [motor_controller_pid]: Left motor is saturated: target spd -0.15140191116027998
[WARN] [1785904207.322450783] [motor_controller_pid]: Right motor is saturated: target spd 0.14350479445762468
[WARN] [1785904207.371857210] [motor_controller_pid]: Left motor is saturated: target spd -0.1476481947200792
[WARN] [1785904207.373948183] [motor_controller_pid]: Right motor is saturated: target spd 0.14983170301742385
[WARN] [1785904207.420143482] [motor_controller_pid]: Left motor is saturated: target spd -0.1476481947200792
[WARN] [1785904207.421758546] [motor_controller_pid]: Right motor is saturated: target spd 0.14983170301742385
[WARN] [1785904207.475218603] [motor_controller_pid]: Right motor is saturated: target spd 0.15414262936045417
[WARN] [1785904207.520886844] [motor_controller_pid]: Left motor is saturated: target spd -0.14726813509534112
[WARN] [1785904207.524372306] [motor_controller_pid]: Right motor is saturated: target spd 0.15414262936045417
[WARN] [1785904207.575019923] [motor_controller_pid]: Left motor is saturated: target spd -0.14966490503308014
[WARN] [1785904207.575985391] [motor_controller_pid]: Right motor is saturated: target spd 0.15088355902674958
[WARN] [1785904207.619945272] [motor_controller_pid]: Left motor is saturated: target spd -0.14966490503308014
[WARN] [1785904207.620897907] [motor_controller_pid]: Right motor is saturated: target spd 0.15088355902674958
[WARN] [1785904207.670484593] [motor_controller_pid]: Left motor is saturated: target spd -0.14445413406153676
[WARN] [1785904207.672094157] [motor_controller_pid]: Right motor is saturated: target spd 0.1474475437853718
[WARN] [1785904207.721250693] [motor_controller_pid]: Left motor is saturated: target spd -0.14445413406153676
[WARN] [1785904207.723588889] [motor_controller_pid]: Right motor is saturated: target spd 0.1474475437853718
[WARN] [1785904207.773071205] [motor_controller_pid]: Left motor is saturated: target spd -0.1464928507806733
[WARN] [1785904207.775721922] [motor_controller_pid]: Right motor is saturated: target spd 0.15204491019230337
[WARN] [1785904207.820036656] [motor_controller_pid]: Left motor is saturated: target spd -0.1464928507806733
[WARN] [1785904207.821652090] [motor_controller_pid]: Right motor is saturated: target spd 0.15204491019230337
[WARN] [1785904207.873005285] [motor_controller_pid]: Right motor is saturated: target spd 0.1528885714676231
[WARN] [1785904207.920660462] [motor_controller_pid]: Left motor is saturated: target spd -0.146323914084211
[WARN] [1785904207.923320494] [motor_controller_pid]: Right motor is saturated: target spd 0.1528885714676231
[WARN] [1785904207.971775712] [motor_controller_pid]: Left motor is saturated: target spd -0.15127439036591095
[WARN] [1785904207.973741869] [motor_controller_pid]: Right motor is saturated: target spd 0.14924021825568634
[WARN] [1785904208.023780040] [motor_controller_pid]: Left motor is saturated: target spd -0.15127439036591095
[WARN] [1785904208.024847174] [motor_controller_pid]: Right motor is saturated: target spd 0.14924021825568634
[WARN] [1785904208.176739545] [motor_controller_pid]: Left motor is saturated: target spd -0.1497025126706925
[WARN] [1785904208.181556717] [motor_controller_pid]: Right motor is saturated: target spd 0.14853490049726098
[WARN] [1785904208.193539720] [motor_controller_pid]: Left motor is saturated: target spd -0.1497025126706925
[WARN] [1785904208.198161205] [motor_controller_pid]: Right motor is saturated: target spd 0.14853490049726098
[WARN] [1785904208.226034971] [motor_controller_pid]: Left motor is saturated: target spd -0.1497025126706925
[WARN] [1785904208.230846106] [motor_controller_pid]: Right motor is saturated: target spd 0.14853490049726098
[WARN] [1785904208.272891237] [motor_controller_pid]: Left motor is saturated: target spd -0.1383979034793796
[WARN] [1785904208.275021025] [motor_controller_pid]: Right motor is saturated: target spd 0.1447192120182095
[WARN] [1785904208.321596567] [motor_controller_pid]: Left motor is saturated: target spd -0.1383979034793796
[WARN] [1785904208.323689781] [motor_controller_pid]: Right motor is saturated: target spd 0.1447192120182095
[WARN] [1785904208.373395061] [motor_controller_pid]: Right motor is saturated: target spd 0.1447192120182095
[WARN] [1785904208.420186067] [motor_controller_pid]: Left motor is saturated: target spd -0.14002667422936066
[WARN] [1785904208.421314665] [motor_controller_pid]: Right motor is saturated: target spd 0.14575628880813019
[WARN] [1785904208.471760726] [motor_controller_pid]: Left motor is saturated: target spd -0.14895760065975483
[WARN] [1785904208.473809477] [motor_controller_pid]: Right motor is saturated: target spd 0.1472267901235551
[WARN] [1785904208.522895087] [motor_controller_pid]: Right motor is saturated: target spd 0.1472267901235551
[WARN] [1785904208.573670446] [motor_controller_pid]: Right motor is saturated: target spd 0.15469341399726574
[WARN] [1785904208.619937282] [motor_controller_pid]: Left motor is saturated: target spd -0.14634359953346546
[WARN] [1785904208.621316789] [motor_controller_pid]: Right motor is saturated: target spd 0.15469341399726574
[WARN] [1785904208.671644924] [motor_controller_pid]: Left motor is saturated: target spd -0.1443608090887312
[WARN] [1785904208.672952263] [motor_controller_pid]: Right motor is saturated: target spd 0.15840321922204456
[WARN] [1785904208.719970326] [motor_controller_pid]: Left motor is saturated: target spd -0.1443608090887312
[WARN] [1785904208.722149966] [motor_controller_pid]: Right motor is saturated: target spd 0.15840321922204456
[WARN] [1785904208.771418818] [motor_controller_pid]: Left motor is saturated: target spd -0.13699642347488553
[WARN] [1785904208.774579704] [motor_controller_pid]: Right motor is saturated: target spd 0.1550918467124924
[WARN] [1785904208.820922060] [motor_controller_pid]: Right motor is saturated: target spd 0.1550918467124924
[WARN] [1785904208.872006365] [motor_controller_pid]: Right motor is saturated: target spd 0.1427624006326776
[WARN] [1785904208.920030914] [motor_controller_pid]: Right motor is saturated: target spd 0.1427624006326776
[WARN] [1785904208.971745962] [motor_controller_pid]: Right motor is saturated: target spd 0.14163687649804169
[WARN] [1785904209.020194680] [motor_controller_pid]: Left motor is saturated: target spd -0.1317413466827292
[WARN] [1785904209.022982398] [motor_controller_pid]: Right motor is saturated: target spd 0.14163687649804169
[WARN] [1785904209.074572742] [motor_controller_pid]: Left motor is saturated: target spd -0.13378769116285258
[WARN] [1785904209.075581525] [motor_controller_pid]: Right motor is saturated: target spd 0.14155900521394796
[WARN] [1785904209.121195766] [motor_controller_pid]: Right motor is saturated: target spd 0.14155900521394796
[WARN] [1785904209.173952986] [motor_controller_pid]: Left motor is saturated: target spd -0.13596778256667313
[WARN] [1785904209.175364271] [motor_controller_pid]: Right motor is saturated: target spd 0.14561475174652877
[WARN] [1785904209.229977593] [motor_controller_pid]: Left motor is saturated: target spd -0.13596778256667313
[WARN] [1785904209.284080190] [motor_controller_pid]: Right motor is saturated: target spd 0.14561475174652877
[WARN] [1785904209.303269766] [motor_controller_pid]: Left motor is saturated: target spd -0.13596778256667313
[WARN] [1785904209.316834517] [motor_controller_pid]: Right motor is saturated: target spd 0.14561475174652877
[WARN] [1785904209.327010752] [motor_controller_pid]: Left motor is saturated: target spd -0.13596778256667313
[WARN] [1785904209.330557325] [motor_controller_pid]: Right motor is saturated: target spd 0.14561475174652877
[WARN] [1785904209.371040652] [motor_controller_pid]: Right motor is saturated: target spd 0.14841441920713988
[WARN] [1785904209.420153892] [motor_controller_pid]: Left motor is saturated: target spd -0.12075264859004411
[WARN] [1785904209.421240138] [motor_controller_pid]: Right motor is saturated: target spd 0.12228923928932753
[WARN] [1785904209.474017432] [motor_controller_pid]: Left motor is saturated: target spd -0.1377112795422494
[WARN] [1785904209.475978997] [motor_controller_pid]: Right motor is saturated: target spd 0.13532403811712865
[WARN] [1785904209.523108357] [motor_controller_pid]: Left motor is saturated: target spd -0.1377112795422494
[WARN] [1785904209.524985274] [motor_controller_pid]: Right motor is saturated: target spd 0.13532403811712865
[WARN] [1785904209.574411737] [motor_controller_pid]: Left motor is saturated: target spd -0.14610061837035465
[WARN] [1785904209.576185949] [motor_controller_pid]: Right motor is saturated: target spd 0.1472392897526617
[WARN] [1785904209.621066761] [motor_controller_pid]: Left motor is saturated: target spd -0.14610061837035465
[WARN] [1785904209.623081438] [motor_controller_pid]: Right motor is saturated: target spd 0.1472392897526617
[WARN] [1785904209.674290206] [motor_controller_pid]: Left motor is saturated: target spd -0.14610061837035465
[WARN] [1785904209.677008756] [motor_controller_pid]: Right motor is saturated: target spd 0.1472392897526617
[WARN] [1785904209.719822095] [motor_controller_pid]: Left motor is saturated: target spd -0.14716647677171277
[WARN] [1785904209.720783877] [motor_controller_pid]: Right motor is saturated: target spd 0.14923839159262134
[WARN] [1785904209.820275141] [motor_controller_pid]: Left motor is saturated: target spd -0.13849172498034895
[WARN] [1785904209.823591583] [motor_controller_pid]: Right motor is saturated: target spd 0.13638704513264238
[WARN] [1785904209.919890423] [motor_controller_pid]: Left motor is saturated: target spd -0.15253116164969863
[WARN] [1785904209.921005021] [motor_controller_pid]: Right motor is saturated: target spd 0.14034585680199205
[WARN] [1785904209.975353898] [motor_controller_pid]: Left motor is saturated: target spd -0.15567174716386944
[WARN] [1785904209.978262541] [motor_controller_pid]: Right motor is saturated: target spd 0.13939151005353778
[WARN] [1785904210.022440757] [motor_controller_pid]: Left motor is saturated: target spd -0.15567174716386944
[WARN] [1785904210.031382856] [motor_controller_pid]: Right motor is saturated: target spd 0.13939151005353778
[WARN] [1785904210.074476363] [motor_controller_pid]: Left motor is saturated: target spd -0.1597140543929115
[WARN] [1785904210.075661702] [motor_controller_pid]: Right motor is saturated: target spd 0.13335319228257983
[WARN] [1785904210.120391161] [motor_controller_pid]: Left motor is saturated: target spd -0.1597140543929115
[WARN] [1785904210.123283379] [motor_controller_pid]: Right motor is saturated: target spd 0.13335319228257983
[WARN] [1785904210.173921200] [motor_controller_pid]: Left motor is saturated: target spd -0.1571212493840605
[WARN] [1785904210.175094428] [motor_controller_pid]: Right motor is saturated: target spd 0.12527569299302996
[WARN] [1785904210.220546224] [motor_controller_pid]: Left motor is saturated: target spd -0.1571212493840605
[WARN] [1785904210.223849666] [motor_controller_pid]: Right motor is saturated: target spd 0.12527569299302996
[WARN] [1785904210.319968876] [motor_controller_pid]: Left motor is saturated: target spd -0.14937099037999288
[WARN] [1785904210.321301623] [motor_controller_pid]: Right motor is saturated: target spd 0.11895472587710246
[WARN] [1785904210.374574827] [motor_controller_pid]: Left motor is saturated: target spd -0.14937099037999288
[WARN] [1785904210.398375647] [motor_controller_pid]: Right motor is saturated: target spd 0.11895472587710246
[WARN] [1785904210.425818855] [motor_controller_pid]: Left motor is saturated: target spd -0.153080452482868
[WARN] [1785904210.436601612] [motor_controller_pid]: Right motor is saturated: target spd 0.11685804625255987
[WARN] [1785904210.473617477] [motor_controller_pid]: Left motor is saturated: target spd -0.153080452482868
[WARN] [1785904210.477593571] [motor_controller_pid]: Right motor is saturated: target spd 0.11685804625255987
[WARN] [1785904210.524787486] [motor_controller_pid]: Left motor is saturated: target spd -0.13952142710648477
[WARN] [1785904210.528473727] [motor_controller_pid]: Right motor is saturated: target spd 0.10312422399558127
[WARN] [1785904211.120395097] [motor_controller_pid]: Left motor is saturated: target spd -0.1507068342074752
[WARN] [1785904211.170651231] [motor_controller_pid]: Left motor is saturated: target spd -0.15182632234143092
[WARN] [1785904211.220370659] [motor_controller_pid]: Left motor is saturated: target spd -0.15182632234143092
[WARN] [1785904211.222466614] [motor_controller_pid]: Right motor is saturated: target spd 0.10660454604579137
[WARN] [1785904211.272175041] [motor_controller_pid]: Left motor is saturated: target spd -0.1464574031928554
[WARN] [1785904211.273370695] [motor_controller_pid]: Right motor is saturated: target spd 0.09540061723198742
[WARN] [1785904211.319947534] [motor_controller_pid]: Left motor is saturated: target spd -0.1464574031928554
[WARN] [1785904211.321341485] [motor_controller_pid]: Right motor is saturated: target spd 0.09540061723198742
[WARN] [1785904211.422282848] [motor_controller_pid]: Left motor is saturated: target spd -0.135288414086774
[WARN] [1785904211.522539504] [motor_controller_pid]: Left motor is saturated: target spd -0.13757713623028248
[WARN] [1785904211.546497362] [motor_controller_pid]: Right motor is saturated: target spd 0.09494952373523265
[WARN] [1785904211.572562100] [motor_controller_pid]: Left motor is saturated: target spd -0.13757713623028248
[WARN] [1785904211.575049575] [motor_controller_pid]: Right motor is saturated: target spd 0.09494952373523265
[WARN] [1785904211.620036147] [motor_controller_pid]: Left motor is saturated: target spd -0.14636055087540298
[WARN] [1785904211.622447288] [motor_controller_pid]: Right motor is saturated: target spd 0.09524656379725784
[WARN] [1785904212.624256362] [motor_controller_pid]: Left motor is saturated: target spd -0.14768464942872525
[WARN] [1785904212.702259817] [motor_controller_pid]: Left motor is saturated: target spd -0.14768464942872525
[WARN] [1785904212.742513458] [motor_controller_pid]: Left motor is saturated: target spd -0.14768464942872525
[WARN] [1785904212.775495934] [motor_controller_pid]: Left motor is saturated: target spd -0.12248603496402502
[WARN] [1785904212.823341260] [motor_controller_pid]: Left motor is saturated: target spd -0.1244188826104626
[WARN] [1785904213.520891313] [motor_controller_pid]: Left motor is saturated: target spd -0.1580200349351391
[WARN] [1785904213.577780331] [motor_controller_pid]: Left motor is saturated: target spd -0.1469233584376797
[WARN] [1785904213.623035496] [motor_controller_pid]: Left motor is saturated: target spd -0.1469233584376797
[WARN] [1785904213.673259204] [motor_controller_pid]: Left motor is saturated: target spd -0.1473057394524291
[WARN] [1785904213.720490546] [motor_controller_pid]: Left motor is saturated: target spd -0.1473057394524291
[WARN] [1785904213.875918119] [motor_controller_pid]: Left motor is saturated: target spd -0.13070378155652435
[WARN] [1785904221.370932902] [motor_controller_pid]: Left motor is saturated: target spd 0.15000000596046448
[WARN] [1785904221.419872641] [motor_controller_pid]: Left motor is saturated: target spd 0.15000000596046448
[WARN] [1785904221.522300604] [motor_controller_pid]: Left motor is saturated: target spd 0.15000000596046448
[WARN] [1785904221.571961106] [motor_controller_pid]: Left motor is saturated: target spd 0.15000000596046448
[WARN] [1785904221.620336842] [motor_controller_pid]: Left motor is saturated: target spd 0.15000000596046448
[WARN] [1785904221.672420244] [motor_controller_pid]: Left motor is saturated: target spd 0.15000000596046448
[WARN] [1785904221.674598310] [motor_controller_pid]: Right motor is saturated: target spd -0.15000000596046448
[WARN] [1785904221.720013865] [motor_controller_pid]: Left motor is saturated: target spd 0.15000000596046448
[WARN] [1785904221.722091061] [motor_controller_pid]: Right motor is saturated: target spd -0.15000000596046448
[WARN] [1785904221.821641065] [motor_controller_pid]: Left motor is saturated: target spd 0.15000000596046448
[WARN] [1785904221.872833500] [motor_controller_pid]: Left motor is saturated: target spd 0.15000000596046448
[WARN] [1785904221.874432341] [motor_controller_pid]: Right motor is saturated: target spd -0.15000000596046448
[WARN] [1785904221.972634283] [motor_controller_pid]: Left motor is saturated: target spd 0.15000000596046448
[WARN] [1785904221.975986855] [motor_controller_pid]: Right motor is saturated: target spd -0.15000000596046448
[WARN] [1785904222.020238238] [motor_controller_pid]: Left motor is saturated: target spd 0.15000000596046448
[WARN] [1785904222.022257192] [motor_controller_pid]: Right motor is saturated: target spd -0.15000000596046448
[WARN] [1785904222.075619545] [motor_controller_pid]: Left motor is saturated: target spd 0.15000000596046448
[WARN] [1785904222.077108108] [motor_controller_pid]: Right motor is saturated: target spd -0.15000000596046448
[WARN] [1785904222.120745340] [motor_controller_pid]: Left motor is saturated: target spd 0.15000000596046448
[WARN] [1785904222.123258963] [motor_controller_pid]: Right motor is saturated: target spd -0.15000000596046448
[WARN] [1785904222.173627412] [motor_controller_pid]: Left motor is saturated: target spd 0.15000000596046448
[WARN] [1785904222.176563427] [motor_controller_pid]: Right motor is saturated: target spd -0.15000000596046448
[WARN] [1785904222.220145121] [motor_controller_pid]: Left motor is saturated: target spd 0.15000000596046448
[WARN] [1785904222.221198626] [motor_controller_pid]: Right motor is saturated: target spd -0.15000000596046448
[WARN] [1785904222.274606461] [motor_controller_pid]: Left motor is saturated: target spd 0.15000000596046448
[WARN] [1785904222.276379192] [motor_controller_pid]: Right motor is saturated: target spd -0.15000000596046448
[WARN] [1785904222.320318999] [motor_controller_pid]: Left motor is saturated: target spd 0.15000000596046448
[WARN] [1785904222.321813636] [motor_controller_pid]: Right motor is saturated: target spd -0.15000000596046448
[WARN] [1785904222.370628744] [motor_controller_pid]: Left motor is saturated: target spd 0.15000000596046448
[WARN] [1785904222.420059708] [motor_controller_pid]: Left motor is saturated: target spd 0.15000000596046448
[WARN] [1785904222.421255677] [motor_controller_pid]: Right motor is saturated: target spd -0.15000000596046448
[WARN] [1785904222.473515006] [motor_controller_pid]: Left motor is saturated: target spd 0.1369565271812937
[WARN] [1785904222.477252691] [motor_controller_pid]: Right motor is saturated: target spd -0.1369565271812937
[WARN] [1785904222.621268245] [motor_controller_pid]: Left motor is saturated: target spd 0.12391304840212287
[WARN] [1785904222.673123110] [motor_controller_pid]: Left motor is saturated: target spd 0.11739130901253746
[WARN] [1785904222.674657228] [motor_controller_pid]: Right motor is saturated: target spd -0.11739130901253746
[WARN] [1785904222.720132543] [motor_controller_pid]: Left motor is saturated: target spd 0.11739130901253746
[WARN] [1785904222.721737458] [motor_controller_pid]: Right motor is saturated: target spd -0.11739130901253746
[WARN] [1785904227.070801795] [motor_controller_pid]: Command timeout; stopping motors
[WARN] [1785904244.520124845] [motor_controller_pid]: Right motor is saturated: target spd -0.15000000596046448
[WARN] [1785904244.623831203] [motor_controller_pid]: Right motor is saturated: target spd -0.15000000596046448
[WARN] [1785904244.675099916] [motor_controller_pid]: Left motor is saturated: target spd 0.15000000596046448
[WARN] [1785904244.676388366] [motor_controller_pid]: Right motor is saturated: target spd -0.15000000596046448
[WARN] [1785904244.722918501] [motor_controller_pid]: Right motor is saturated: target spd -0.15000000596046448
[WARN] [1785904244.820799238] [motor_controller_pid]: Left motor is saturated: target spd 0.15000000596046448
[WARN] [1785904244.823734104] [motor_controller_pid]: Right motor is saturated: target spd -0.15000000596046448
[WARN] [1785904244.872212767] [motor_controller_pid]: Left motor is saturated: target spd 0.15000000596046448
[WARN] [1785904244.874260277] [motor_controller_pid]: Right motor is saturated: target spd -0.15000000596046448
[WARN] [1785904244.920501650] [motor_controller_pid]: Left motor is saturated: target spd 0.15000000596046448
[WARN] [1785904244.923426443] [motor_controller_pid]: Right motor is saturated: target spd -0.15000000596046448
[WARN] [1785904244.972122625] [motor_controller_pid]: Left motor is saturated: target spd 0.15000000596046448
[WARN] [1785904244.973722947] [motor_controller_pid]: Right motor is saturated: target spd -0.15000000596046448
[WARN] [1785904245.022918965] [motor_controller_pid]: Left motor is saturated: target spd 0.15000000596046448
[WARN] [1785904245.024908956] [motor_controller_pid]: Right motor is saturated: target spd -0.15000000596046448
[WARN] [1785904245.074128011] [motor_controller_pid]: Left motor is saturated: target spd 0.15000000596046448
[WARN] [1785904245.075347221] [motor_controller_pid]: Right motor is saturated: target spd -0.15000000596046448
[WARN] [1785904245.122623007] [motor_controller_pid]: Left motor is saturated: target spd 0.15000000596046448
[WARN] [1785904245.124599795] [motor_controller_pid]: Right motor is saturated: target spd -0.15000000596046448
[WARN] [1785904245.177243626] [motor_controller_pid]: Left motor is saturated: target spd 0.15000000596046448
[WARN] [1785904245.194118671] [motor_controller_pid]: Right motor is saturated: target spd -0.15000000596046448
[WARN] [1785904245.273906635] [motor_controller_pid]: Left motor is saturated: target spd 0.11000000596046447
[WARN] [1785904245.275824811] [motor_controller_pid]: Right motor is saturated: target spd -0.11000000596046447
[WARN] [1785904245.321355940] [motor_controller_pid]: Left motor is saturated: target spd 0.07000000596046446
[WARN] [1785904245.323352320] [motor_controller_pid]: Right motor is saturated: target spd -0.07000000596046446
[WARN] [1785904251.220222396] [motor_controller_pid]: Right motor is saturated: target spd 0.16868142324015498
[WARN] [1785904251.320197625] [motor_controller_pid]: Right motor is saturated: target spd 0.1562498702983372
[WARN] [1785904251.373120105] [motor_controller_pid]: Right motor is saturated: target spd 0.1496081987576559
[WARN] [1785904251.420738504] [motor_controller_pid]: Right motor is saturated: target spd 0.1496081987576559
[WARN] [1785904251.474970991] [motor_controller_pid]: Right motor is saturated: target spd 0.15417206930695102
[WARN] [1785904251.526808818] [motor_controller_pid]: Right motor is saturated: target spd 0.15417206930695102
[WARN] [1785904251.572119577] [motor_controller_pid]: Right motor is saturated: target spd 0.14429166593609377
[WARN] [1785904251.621674559] [motor_controller_pid]: Left motor is saturated: target spd -0.10678878745974973
[WARN] [1785904251.625112502] [motor_controller_pid]: Right motor is saturated: target spd 0.14429166593609377
[WARN] [1785904251.670541798] [motor_controller_pid]: Left motor is saturated: target spd -0.12705522181885318
[WARN] [1785904251.672263750] [motor_controller_pid]: Right motor is saturated: target spd 0.15158078668219968
[WARN] [1785904251.721015211] [motor_controller_pid]: Left motor is saturated: target spd -0.12705522181885318
[WARN] [1785904251.722198939] [motor_controller_pid]: Right motor is saturated: target spd 0.15158078668219968
[WARN] [1785904251.772536740] [motor_controller_pid]: Left motor is saturated: target spd -0.12505988086336292
[WARN] [1785904251.775960886] [motor_controller_pid]: Right motor is saturated: target spd 0.1475681284559425
[WARN] [1785904251.821444182] [motor_controller_pid]: Left motor is saturated: target spd -0.12505988086336292
[WARN] [1785904251.824572957] [motor_controller_pid]: Right motor is saturated: target spd 0.1475681284559425
[WARN] [1785904251.871585575] [motor_controller_pid]: Left motor is saturated: target spd -0.14300295982950367
[WARN] [1785904251.873475788] [motor_controller_pid]: Right motor is saturated: target spd 0.15543058242208324
[WARN] [1785904251.919918441] [motor_controller_pid]: Left motor is saturated: target spd -0.14300295982950367
[WARN] [1785904251.920875871] [motor_controller_pid]: Right motor is saturated: target spd 0.15543058242208324
[WARN] [1785904251.996354240] [motor_controller_pid]: Left motor is saturated: target spd -0.1468512151885312
[WARN] [1785904252.010362049] [motor_controller_pid]: Right motor is saturated: target spd 0.1531676019978244
[WARN] [1785904252.024553859] [motor_controller_pid]: Left motor is saturated: target spd -0.1468512151885312
[WARN] [1785904252.031742653] [motor_controller_pid]: Right motor is saturated: target spd 0.1531676019978244
[WARN] [1785904252.077860693] [motor_controller_pid]: Left motor is saturated: target spd -0.14487360939840438
[WARN] [1785904252.086276493] [motor_controller_pid]: Right motor is saturated: target spd 0.14609415307184098
[WARN] [1785904252.121323072] [motor_controller_pid]: Left motor is saturated: target spd -0.14487360939840438
[WARN] [1785904252.125324036] [motor_controller_pid]: Right motor is saturated: target spd 0.14609415307184098
[WARN] [1785904252.173328863] [motor_controller_pid]: Right motor is saturated: target spd 0.11459432466274592
[WARN] [1785904252.220851280] [motor_controller_pid]: Left motor is saturated: target spd -0.10468585865253117
[WARN] [1785904252.224002277] [motor_controller_pid]: Right motor is saturated: target spd 0.11459432466274592
[WARN] [1785904252.274133892] [motor_controller_pid]: Left motor is saturated: target spd -0.12725641872161533
[WARN] [1785904252.276365069] [motor_controller_pid]: Right motor is saturated: target spd 0.1270842597318301
[WARN] [1785904252.322079477] [motor_controller_pid]: Left motor is saturated: target spd -0.12725641872161533
[WARN] [1785904252.324608268] [motor_controller_pid]: Right motor is saturated: target spd 0.1270842597318301
[WARN] [1785904252.373117375] [motor_controller_pid]: Right motor is saturated: target spd 0.1412327474059537
[WARN] [1785904252.419927011] [motor_controller_pid]: Left motor is saturated: target spd -0.13504559937100857
[WARN] [1785904252.421084072] [motor_controller_pid]: Right motor is saturated: target spd 0.1412327474059537
[WARN] [1785904252.474025775] [motor_controller_pid]: Left motor is saturated: target spd -0.14987275646107154
[WARN] [1785904252.475832932] [motor_controller_pid]: Right motor is saturated: target spd 0.15072079851253076
[WARN] [1785904252.522383603] [motor_controller_pid]: Left motor is saturated: target spd -0.14987275646107154
[WARN] [1785904252.524254427] [motor_controller_pid]: Right motor is saturated: target spd 0.15072079851253076
[WARN] [1785904252.571845567] [motor_controller_pid]: Left motor is saturated: target spd -0.14614295638458688
[WARN] [1785904252.575300602] [motor_controller_pid]: Right motor is saturated: target spd 0.15707162343604605
[WARN] [1785904252.620579490] [motor_controller_pid]: Left motor is saturated: target spd -0.14614295638458688
[WARN] [1785904252.621856885] [motor_controller_pid]: Right motor is saturated: target spd 0.15707162343604605
[WARN] [1785904252.670763401] [motor_controller_pid]: Left motor is saturated: target spd -0.1509583331741672
[WARN] [1785904252.672347687] [motor_controller_pid]: Right motor is saturated: target spd 0.15231996401173062
[WARN] [1785904252.720342366] [motor_controller_pid]: Left motor is saturated: target spd -0.1509583331741672
[WARN] [1785904252.721523779] [motor_controller_pid]: Right motor is saturated: target spd 0.15231996401173062
[WARN] [1785904252.774455870] [motor_controller_pid]: Left motor is saturated: target spd -0.14375922184432857
[WARN] [1785904252.775772358] [motor_controller_pid]: Right motor is saturated: target spd 0.15128424663101323
[WARN] [1785904252.821807065] [motor_controller_pid]: Left motor is saturated: target spd -0.14375922184432857
[WARN] [1785904252.824298743] [motor_controller_pid]: Right motor is saturated: target spd 0.15128424663101323
[WARN] [1785904252.920334601] [motor_controller_pid]: Left motor is saturated: target spd -0.15081262161697262
[WARN] [1785904252.923608672] [motor_controller_pid]: Right motor is saturated: target spd 0.14825702140365726
[WARN] [1785904253.020129421] [motor_controller_pid]: Left motor is saturated: target spd -0.15191617572134128
[WARN] [1785904253.021228686] [motor_controller_pid]: Right motor is saturated: target spd 0.1473283175247372
[WARN] [1785904253.072454603] [motor_controller_pid]: Left motor is saturated: target spd -0.1497762670392287
[WARN] [1785904253.074320149] [motor_controller_pid]: Right motor is saturated: target spd 0.15100173450763105
[WARN] [1785904253.123733075] [motor_controller_pid]: Left motor is saturated: target spd -0.1497762670392287
[WARN] [1785904253.126808127] [motor_controller_pid]: Right motor is saturated: target spd 0.15100173450763105
[WARN] [1785904253.189381395] [motor_controller_pid]: Left motor is saturated: target spd -0.14714497994606499
[WARN] [1785904253.213325883] [motor_controller_pid]: Right motor is saturated: target spd 0.14439087439353462
[WARN] [1785904253.224893328] [motor_controller_pid]: Left motor is saturated: target spd -0.14714497994606499
[WARN] [1785904253.229116423] [motor_controller_pid]: Right motor is saturated: target spd 0.14439087439353462
[WARN] [1785904253.273858697] [motor_controller_pid]: Left motor is saturated: target spd -0.12769115855638985
[WARN] [1785904253.276280968] [motor_controller_pid]: Right motor is saturated: target spd 0.11485642800385948
[WARN] [1785904253.320648703] [motor_controller_pid]: Left motor is saturated: target spd -0.12769115855638985
[WARN] [1785904253.323049400] [motor_controller_pid]: Right motor is saturated: target spd 0.11485642800385948
[WARN] [1785904253.374403928] [motor_controller_pid]: Left motor is saturated: target spd -0.14862205620866734
[WARN] [1785904253.375539823] [motor_controller_pid]: Right motor is saturated: target spd 0.14005462292570156
[WARN] [1785904253.420062503] [motor_controller_pid]: Left motor is saturated: target spd -0.14862205620866734
[WARN] [1785904253.422214161] [motor_controller_pid]: Right motor is saturated: target spd 0.14005462292570156
[WARN] [1785904253.520514623] [motor_controller_pid]: Left motor is saturated: target spd -0.149210592994187
[WARN] [1785904253.522900023] [motor_controller_pid]: Right motor is saturated: target spd 0.14586783360531555
[WARN] [1785904253.571473334] [motor_controller_pid]: Left motor is saturated: target spd -0.15272965497754049
[WARN] [1785904253.572847582] [motor_controller_pid]: Right motor is saturated: target spd 0.1424625568888383
[WARN] [1785904253.622131396] [motor_controller_pid]: Left motor is saturated: target spd -0.15272965497754049
[WARN] [1785904253.627451941] [motor_controller_pid]: Right motor is saturated: target spd 0.1424625568888383
[WARN] [1785904253.673593685] [motor_controller_pid]: Right motor is saturated: target spd 0.1302316443521093
[WARN] [1785904253.720467617] [motor_controller_pid]: Left motor is saturated: target spd -0.13069013194259896
[WARN] [1785904253.722103458] [motor_controller_pid]: Right motor is saturated: target spd 0.1302316443521093
[WARN] [1785904253.773326394] [motor_controller_pid]: Right motor is saturated: target spd 0.1137797126853664
[WARN] [1785904253.820491661] [motor_controller_pid]: Left motor is saturated: target spd -0.11668175064680981
[WARN] [1785904253.821793982] [motor_controller_pid]: Right motor is saturated: target spd 0.1137797126853664
[WARN] [1785904253.872873509] [motor_controller_pid]: Left motor is saturated: target spd -0.13549846045083833
[WARN] [1785904253.874176830] [motor_controller_pid]: Right motor is saturated: target spd 0.12542769678526092
[WARN] [1785904253.920043536] [motor_controller_pid]: Left motor is saturated: target spd -0.13549846045083833
[WARN] [1785904253.921196189] [motor_controller_pid]: Right motor is saturated: target spd 0.12542769678526092
[WARN] [1785904253.972080012] [motor_controller_pid]: Right motor is saturated: target spd 0.13288537996225525
[WARN] [1785904254.021770051] [motor_controller_pid]: Left motor is saturated: target spd -0.13287551862783265
[WARN] [1785904254.024673139] [motor_controller_pid]: Right motor is saturated: target spd 0.13288537996225525
[WARN] [1785904254.074174732] [motor_controller_pid]: Left motor is saturated: target spd -0.13885824234053726
[WARN] [1785904254.076452262] [motor_controller_pid]: Right motor is saturated: target spd 0.13493476956322556
[WARN] [1785904254.120893386] [motor_controller_pid]: Left motor is saturated: target spd -0.13885824234053726
[WARN] [1785904254.122149744] [motor_controller_pid]: Right motor is saturated: target spd 0.13493476956322556
[WARN] [1785904254.173882089] [motor_controller_pid]: Left motor is saturated: target spd -0.15069206873461838
[WARN] [1785904254.176919697] [motor_controller_pid]: Right motor is saturated: target spd 0.13668797095730667
[WARN] [1785904254.221996620] [motor_controller_pid]: Left motor is saturated: target spd -0.15069206873461838
[WARN] [1785904254.225552156] [motor_controller_pid]: Right motor is saturated: target spd 0.13668797095730667
[WARN] [1785904254.368919337] [motor_controller_pid]: Right motor is saturated: target spd 0.11755767305747605
[WARN] [1785904254.390187089] [motor_controller_pid]: Right motor is saturated: target spd 0.11755767305747605
[WARN] [1785904254.423570197] [motor_controller_pid]: Left motor is saturated: target spd -0.12259615714584361
[WARN] [1785904254.426139617] [motor_controller_pid]: Right motor is saturated: target spd 0.12087439243759145
[WARN] [1785904254.471032076] [motor_controller_pid]: Left motor is saturated: target spd -0.11367786867239513
[WARN] [1785904254.475835341] [motor_controller_pid]: Right motor is saturated: target spd 0.08996700303933583
[WARN] [1785904254.523235424] [motor_controller_pid]: Left motor is saturated: target spd -0.11367786867239513
[WARN] [1785904254.525692603] [motor_controller_pid]: Right motor is saturated: target spd 0.08996700303933583
[WARN] [1785904254.573370428] [motor_controller_pid]: Left motor is saturated: target spd -0.12244739382816479
[WARN] [1785904254.574324118] [motor_controller_pid]: Right motor is saturated: target spd 0.103033445781935
[WARN] [1785904254.623539469] [motor_controller_pid]: Left motor is saturated: target spd -0.12244739382816479
[WARN] [1785904254.624802160] [motor_controller_pid]: Right motor is saturated: target spd 0.103033445781935
[WARN] [1785904254.721954875] [motor_controller_pid]: Left motor is saturated: target spd -0.07740708132816478
[WARN] [1785904254.723939163] [motor_controller_pid]: Right motor is saturated: target spd 0.068073758281935
[WARN] [1785904258.272491241] [motor_controller_pid]: Command timeout; stopping motors
[WARN] [1785904267.020091192] [motor_controller_pid]: Left motor is saturated: target spd 0.15000000596046448
[WARN] [1785904267.120779924] [motor_controller_pid]: Left motor is saturated: target spd 0.15000000596046448
[WARN] [1785904267.176853476] [motor_controller_pid]: Left motor is saturated: target spd 0.15000000596046448
[WARN] [1785904267.221459138] [motor_controller_pid]: Left motor is saturated: target spd 0.15000000596046448
[WARN] [1785904267.274323878] [motor_controller_pid]: Left motor is saturated: target spd 0.15000000596046448
[WARN] [1785904267.320011582] [motor_controller_pid]: Left motor is saturated: target spd 0.15000000596046448
[WARN] [1785904267.373994420] [motor_controller_pid]: Left motor is saturated: target spd 0.15000000596046448
[WARN] [1785904267.420197219] [motor_controller_pid]: Left motor is saturated: target spd 0.15000000596046448
[WARN] [1785904267.473244404] [motor_controller_pid]: Left motor is saturated: target spd 0.15000000596046448
[WARN] [1785904267.520642839] [motor_controller_pid]: Left motor is saturated: target spd 0.15000000596046448
[WARN] [1785904267.570348359] [motor_controller_pid]: Left motor is saturated: target spd 0.15000000596046448
[WARN] [1785904267.622758652] [motor_controller_pid]: Left motor is saturated: target spd 0.15000000596046448
[WARN] [1785904267.820068430] [motor_controller_pid]: Left motor is saturated: target spd 0.15000000596046448
[WARN] [1785904267.821110824] [motor_controller_pid]: Right motor is saturated: target spd -0.15000000596046448
[WARN] [1785904267.874160787] [motor_controller_pid]: Left motor is saturated: target spd 0.15000000596046448
[WARN] [1785904267.875365589] [motor_controller_pid]: Right motor is saturated: target spd -0.15000000596046448
[WARN] [1785904267.920582235] [motor_controller_pid]: Left motor is saturated: target spd 0.15000000596046448
[WARN] [1785904267.921785186] [motor_controller_pid]: Right motor is saturated: target spd -0.15000000596046448
[WARN] [1785904268.020011684] [motor_controller_pid]: Left motor is saturated: target spd 0.15000000596046448
[WARN] [1785904268.021876748] [motor_controller_pid]: Right motor is saturated: target spd -0.15000000596046448
[WARN] [1785904268.120085302] [motor_controller_pid]: Right motor is saturated: target spd -0.15000000596046448
[WARN] [1785904268.170522196] [motor_controller_pid]: Left motor is saturated: target spd 0.15000000596046448
[WARN] [1785904268.220744756] [motor_controller_pid]: Left motor is saturated: target spd 0.15000000596046448
[WARN] [1785904268.224045976] [motor_controller_pid]: Right motor is saturated: target spd -0.15000000596046448
[WARN] [1785904268.271837913] [motor_controller_pid]: Left motor is saturated: target spd 0.15000000596046448
[WARN] [1785904268.273417254] [motor_controller_pid]: Right motor is saturated: target spd -0.15000000596046448
[WARN] [1785904268.320124407] [motor_controller_pid]: Left motor is saturated: target spd 0.15000000596046448
[WARN] [1785904268.321164857] [motor_controller_pid]: Right motor is saturated: target spd -0.15000000596046448
[WARN] [1785904268.373202018] [motor_controller_pid]: Left motor is saturated: target spd 0.15000000596046448
[WARN] [1785904268.375236510] [motor_controller_pid]: Right motor is saturated: target spd -0.15000000596046448
[WARN] [1785904268.421372679] [motor_controller_pid]: Left motor is saturated: target spd 0.15000000596046448
[WARN] [1785904268.424244064] [motor_controller_pid]: Right motor is saturated: target spd -0.15000000596046448
[WARN] [1785904268.473334489] [motor_controller_pid]: Left motor is saturated: target spd 0.15000000596046448
[WARN] [1785904268.474297586] [motor_controller_pid]: Right motor is saturated: target spd -0.15000000596046448
[WARN] [1785904268.520150458] [motor_controller_pid]: Left motor is saturated: target spd 0.15000000596046448
[WARN] [1785904268.521854836] [motor_controller_pid]: Right motor is saturated: target spd -0.15000000596046448
[WARN] [1785904268.622484865] [motor_controller_pid]: Left motor is saturated: target spd 0.15000000596046448
[WARN] [1785904268.624719876] [motor_controller_pid]: Right motor is saturated: target spd -0.15000000596046448
[WARN] [1785904268.720029378] [motor_controller_pid]: Left motor is saturated: target spd 0.15000000596046448
[WARN] [1785904268.721344569] [motor_controller_pid]: Right motor is saturated: target spd -0.15000000596046448
[WARN] [1785904268.773868863] [motor_controller_pid]: Left motor is saturated: target spd 0.15000000596046448
[WARN] [1785904268.775791428] [motor_controller_pid]: Right motor is saturated: target spd -0.15000000596046448
[WARN] [1785904268.820426349] [motor_controller_pid]: Left motor is saturated: target spd 0.15000000596046448
[WARN] [1785904268.821848838] [motor_controller_pid]: Right motor is saturated: target spd -0.15000000596046448
[WARN] [1785904268.872976217] [motor_controller_pid]: Left motor is saturated: target spd 0.15000000596046448
[WARN] [1785904268.874102963] [motor_controller_pid]: Right motor is saturated: target spd -0.15000000596046448
[WARN] [1785904268.919951057] [motor_controller_pid]: Left motor is saturated: target spd 0.15000000596046448
[WARN] [1785904268.921293897] [motor_controller_pid]: Right motor is saturated: target spd -0.15000000596046448
[WARN] [1785904269.020590345] [motor_controller_pid]: Left motor is saturated: target spd 0.15000000596046448
[WARN] [1785904269.022069778] [motor_controller_pid]: Right motor is saturated: target spd -0.15000000596046448
[WARN] [1785904269.124318184] [motor_controller_pid]: Left motor is saturated: target spd 0.15000000596046448
[WARN] [1785904269.125482338] [motor_controller_pid]: Right motor is saturated: target spd -0.15000000596046448
[WARN] [1785904269.221244268] [motor_controller_pid]: Left motor is saturated: target spd 0.15000000596046448
[WARN] [1785904269.222705257] [motor_controller_pid]: Right motor is saturated: target spd -0.15000000596046448
[WARN] [1785904269.270564546] [motor_controller_pid]: Left motor is saturated: target spd 0.15000000596046448
[WARN] [1785904269.271957294] [motor_controller_pid]: Right motor is saturated: target spd -0.15000000596046448
[WARN] [1785904269.320425901] [motor_controller_pid]: Left motor is saturated: target spd 0.15000000596046448
[WARN] [1785904269.323460971] [motor_controller_pid]: Right motor is saturated: target spd -0.15000000596046448
[WARN] [1785904269.373966847] [motor_controller_pid]: Left motor is saturated: target spd 0.15000000596046448
[WARN] [1785904269.375468132] [motor_controller_pid]: Right motor is saturated: target spd -0.15000000596046448
[WARN] [1785904269.420229147] [motor_controller_pid]: Left motor is saturated: target spd 0.15000000596046448
[WARN] [1785904269.422299120] [motor_controller_pid]: Right motor is saturated: target spd -0.15000000596046448
[WARN] [1785904269.474903747] [motor_controller_pid]: Left motor is saturated: target spd 0.15000000596046448
[WARN] [1785904269.476391402] [motor_controller_pid]: Right motor is saturated: target spd -0.15000000596046448
[WARN] [1785904269.522571924] [motor_controller_pid]: Left motor is saturated: target spd 0.15000000596046448
[WARN] [1785904269.525509401] [motor_controller_pid]: Right motor is saturated: target spd -0.15000000596046448
[WARN] [1785904269.573113337] [motor_controller_pid]: Left motor is saturated: target spd 0.15000000596046448
[WARN] [1785904269.574173602] [motor_controller_pid]: Right motor is saturated: target spd -0.15000000596046448
[WARN] [1785904269.624579663] [motor_controller_pid]: Left motor is saturated: target spd 0.15000000596046448
[WARN] [1785904269.630217042] [motor_controller_pid]: Right motor is saturated: target spd -0.15000000596046448
[WARN] [1785904269.682391241] [motor_controller_pid]: Left motor is saturated: target spd 0.15000000596046448
[WARN] [1785904269.689183219] [motor_controller_pid]: Right motor is saturated: target spd -0.15000000596046448
[WARN] [1785904269.722614326] [motor_controller_pid]: Left motor is saturated: target spd 0.11000000596046447
[WARN] [1785904269.726583346] [motor_controller_pid]: Right motor is saturated: target spd -0.11000000596046447
[WARN] [1785904270.224652110] [motor_controller_pid]: Left motor is saturated: target spd 0.10803259501510766
[WARN] [1785904270.271920304] [motor_controller_pid]: Right motor is saturated: target spd -0.0899460229224572
[WARN] [1785904270.420073656] [motor_controller_pid]: Right motor is saturated: target spd -0.0873792027560249
[WARN] [1785904270.730866025] [motor_controller_pid]: Left motor is saturated: target spd 0.11348883121893741
[WARN] [1785904270.801174646] [motor_controller_pid]: Left motor is saturated: target spd 0.11348883121893741
[WARN] [1785904270.809500816] [motor_controller_pid]: Right motor is saturated: target spd -0.08989746064259671
[WARN] [1785904270.822094711] [motor_controller_pid]: Left motor is saturated: target spd 0.11348883121893741
[WARN] [1785904270.826153157] [motor_controller_pid]: Right motor is saturated: target spd -0.08989746064259671
[WARN] [1785904270.872955107] [motor_controller_pid]: Left motor is saturated: target spd 0.1199677568060346
[WARN] [1785904270.874104131] [motor_controller_pid]: Right motor is saturated: target spd -0.07936328834472224
[WARN] [1785904270.920437172] [motor_controller_pid]: Left motor is saturated: target spd 0.08589367910923436
[WARN] [1785904271.520074784] [motor_controller_pid]: Left motor is saturated: target spd 0.12786482828136533
[WARN] [1785904272.821260172] [motor_controller_pid]: Left motor is saturated: target spd 0.15000000596046448
[WARN] [1785904272.874219097] [motor_controller_pid]: Left motor is saturated: target spd 0.15000000596046448
[WARN] [1785904272.920421415] [motor_controller_pid]: Left motor is saturated: target spd 0.15000000596046448
[WARN] [1785904273.020573941] [motor_controller_pid]: Left motor is saturated: target spd 0.15000000596046448
[WARN] [1785904273.119914148] [motor_controller_pid]: Left motor is saturated: target spd 0.15000000596046448
[WARN] [1785904273.220126396] [motor_controller_pid]: Left motor is saturated: target spd 0.15000000596046448
[WARN] [1785904273.221328476] [motor_controller_pid]: Right motor is saturated: target spd -0.15000000596046448
[WARN] [1785904273.271341535] [motor_controller_pid]: Left motor is saturated: target spd 0.15000000596046448
[WARN] [1785904273.272779857] [motor_controller_pid]: Right motor is saturated: target spd -0.15000000596046448
[WARN] [1785904273.426522070] [motor_controller_pid]: Right motor is saturated: target spd -0.15000000596046448
[WARN] [1785904273.478600361] [motor_controller_pid]: Left motor is saturated: target spd 0.15000000596046448
[WARN] [1785904273.485175782] [motor_controller_pid]: Right motor is saturated: target spd -0.15000000596046448
[WARN] [1785904273.526051482] [motor_controller_pid]: Left motor is saturated: target spd 0.15000000596046448
[WARN] [1785904273.531133914] [motor_controller_pid]: Right motor is saturated: target spd -0.15000000596046448
[WARN] [1785904273.572330393] [motor_controller_pid]: Left motor is saturated: target spd 0.15000000596046448
[WARN] [1785904273.574191865] [motor_controller_pid]: Right motor is saturated: target spd -0.15000000596046448
[WARN] [1785904273.620195793] [motor_controller_pid]: Left motor is saturated: target spd 0.15000000596046448
[WARN] [1785904273.622176784] [motor_controller_pid]: Right motor is saturated: target spd -0.15000000596046448
[WARN] [1785904273.871348111] [motor_controller_pid]: Left motor is saturated: target spd 0.15000000596046448
[WARN] [1785904273.919868385] [motor_controller_pid]: Left motor is saturated: target spd 0.15000000596046448
[WARN] [1785904273.920888112] [motor_controller_pid]: Right motor is saturated: target spd -0.15000000596046448
[WARN] [1785904273.973044515] [motor_controller_pid]: Right motor is saturated: target spd -0.15000000596046448
[WARN] [1785904274.119859361] [motor_controller_pid]: Left motor is saturated: target spd 0.15000000596046448
[WARN] [1785904274.121306090] [motor_controller_pid]: Right motor is saturated: target spd -0.15000000596046448
[WARN] [1785904274.174664980] [motor_controller_pid]: Right motor is saturated: target spd -0.15000000596046448
[WARN] [1785904274.223317144] [motor_controller_pid]: Left motor is saturated: target spd 0.15000000596046448
[WARN] [1785904274.226123713] [motor_controller_pid]: Right motor is saturated: target spd -0.15000000596046448
[WARN] [1785904274.272698274] [motor_controller_pid]: Left motor is saturated: target spd 0.15000000596046448
[WARN] [1785904274.274424560] [motor_controller_pid]: Right motor is saturated: target spd -0.15000000596046448
[WARN] [1785904274.319968338] [motor_controller_pid]: Left motor is saturated: target spd 0.15000000596046448
[WARN] [1785904274.322590832] [motor_controller_pid]: Right motor is saturated: target spd -0.15000000596046448
[WARN] [1785904274.374163973] [motor_controller_pid]: Left motor is saturated: target spd 0.15000000596046448
[WARN] [1785904274.376333242] [motor_controller_pid]: Right motor is saturated: target spd -0.15000000596046448
[WARN] [1785904274.419883862] [motor_controller_pid]: Left motor is saturated: target spd 0.15000000596046448
[WARN] [1785904274.421104202] [motor_controller_pid]: Right motor is saturated: target spd -0.15000000596046448
[WARN] [1785904274.620082506] [motor_controller_pid]: Left motor is saturated: target spd 0.15000000596046448
[WARN] [1785904274.621050641] [motor_controller_pid]: Right motor is saturated: target spd -0.15000000596046448
[WARN] [1785904274.670536456] [motor_controller_pid]: Left motor is saturated: target spd 0.15000000596046448
[WARN] [1785904274.720381848] [motor_controller_pid]: Left motor is saturated: target spd 0.15000000596046448
[WARN] [1785904274.721867818] [motor_controller_pid]: Right motor is saturated: target spd -0.15000000596046448
[WARN] [1785904274.772420194] [motor_controller_pid]: Right motor is saturated: target spd -0.15000000596046448
[WARN] [1785904274.819882241] [motor_controller_pid]: Right motor is saturated: target spd -0.15000000596046448
[WARN] [1785904274.919972118] [motor_controller_pid]: Left motor is saturated: target spd 0.15000000596046448
[WARN] [1785904274.920945919] [motor_controller_pid]: Right motor is saturated: target spd -0.15000000596046448
[WARN] [1785904275.521398275] [motor_controller_pid]: Left motor is saturated: target spd 0.15000000596046448
[WARN] [1785904275.525375628] [motor_controller_pid]: Right motor is saturated: target spd -0.15000000596046448
[WARN] [1785904275.572875916] [motor_controller_pid]: Left motor is saturated: target spd 0.15000000596046448
[WARN] [1785904275.575318853] [motor_controller_pid]: Right motor is saturated: target spd -0.15000000596046448
[WARN] [1785904275.620268943] [motor_controller_pid]: Left motor is saturated: target spd 0.15000000596046448
[WARN] [1785904275.622400824] [motor_controller_pid]: Right motor is saturated: target spd -0.15000000596046448
[WARN] [1785904275.721119139] [motor_controller_pid]: Left motor is saturated: target spd 0.15000000596046448
[WARN] [1785904275.725431864] [motor_controller_pid]: Right motor is saturated: target spd -0.15000000596046448
[WARN] [1785904275.773356931] [motor_controller_pid]: Left motor is saturated: target spd 0.15000000596046448
[WARN] [1785904275.774392732] [motor_controller_pid]: Right motor is saturated: target spd -0.15000000596046448
[WARN] [1785904275.820227493] [motor_controller_pid]: Left motor is saturated: target spd 0.15000000596046448
[WARN] [1785904275.821198590] [motor_controller_pid]: Right motor is saturated: target spd -0.15000000596046448
[WARN] [1785904275.874712833] [motor_controller_pid]: Left motor is saturated: target spd 0.15000000596046448
[WARN] [1785904275.876719102] [motor_controller_pid]: Right motor is saturated: target spd -0.15000000596046448
[WARN] [1785904275.919892054] [motor_controller_pid]: Left motor is saturated: target spd 0.15000000596046448
[WARN] [1785904275.921157689] [motor_controller_pid]: Right motor is saturated: target spd -0.15000000596046448
[WARN] [1785904276.120708848] [motor_controller_pid]: Left motor is saturated: target spd 0.15000000596046448
[WARN] [1785904276.123646233] [motor_controller_pid]: Right motor is saturated: target spd -0.15000000596046448
[WARN] [1785904276.181903555] [motor_controller_pid]: Left motor is saturated: target spd 0.15000000596046448
[WARN] [1785904276.187583212] [motor_controller_pid]: Right motor is saturated: target spd -0.15000000596046448
[WARN] [1785904276.221458729] [motor_controller_pid]: Left motor is saturated: target spd 0.15000000596046448
[WARN] [1785904276.222792124] [motor_controller_pid]: Right motor is saturated: target spd -0.15000000596046448
[WARN] [1785904277.675132120] [motor_controller_pid]: Command timeout; stopping motors
[WARN] [1785905319.170276789] [motor_controller_pid]: Command timeout; stopping motors
[WARN] [1785905458.623329934] [motor_controller_pid]: Left motor is saturated: target spd -0.1506584559484152
[WARN] [1785905459.724121278] [motor_controller_pid]: Right motor is saturated: target spd 0.15887559850484134
[WARN] [1785905459.771765338] [motor_controller_pid]: Right motor is saturated: target spd 0.1610879452982452
[WARN] [1785905459.822423862] [motor_controller_pid]: Right motor is saturated: target spd 0.1610879452982452
[WARN] [1785905459.922309567] [motor_controller_pid]: Right motor is saturated: target spd 0.16886097647576592
[WARN] [1785905459.973459205] [motor_controller_pid]: Right motor is saturated: target spd 0.15898166974177586
[WARN] [1785905460.120588301] [motor_controller_pid]: Right motor is saturated: target spd 0.1691553756612353
[WARN] [1785905460.173491895] [motor_controller_pid]: Right motor is saturated: target spd 0.17433727899489923
[WARN] [1785905460.222083757] [motor_controller_pid]: Right motor is saturated: target spd 0.17433727899489923
[WARN] [1785905460.271342476] [motor_controller_pid]: Right motor is saturated: target spd 0.17882315043210983
[WARN] [1785905460.321869999] [motor_controller_pid]: Right motor is saturated: target spd 0.17882315043210983
[WARN] [1785905460.420582345] [motor_controller_pid]: Right motor is saturated: target spd 0.16455001885175705
[WARN] [1785905460.471025441] [motor_controller_pid]: Right motor is saturated: target spd 0.14872629164030776
[WARN] [1785905460.521723984] [motor_controller_pid]: Right motor is saturated: target spd 0.14872629164030776
[WARN] [1785905460.842782235] [motor_controller_pid]: Right motor is saturated: target spd 0.16764993844626472
[WARN] [1785905460.871436675] [motor_controller_pid]: Left motor is saturated: target spd -0.11771084489228203
[WARN] [1785905460.878413719] [motor_controller_pid]: Right motor is saturated: target spd 0.16764993844626472
[WARN] [1785905460.923313280] [motor_controller_pid]: Right motor is saturated: target spd 0.17179831098038703
[WARN] [1785905494.469759770] [motor_controller_pid]: Command timeout; stopping motors
[WARN] [1785905973.920008209] [motor_controller_pid]: Left motor is saturated: target spd 0.04786875313036144
[WARN] [1785905973.970161619] [motor_controller_pid]: Left motor is saturated: target spd 0.04331493771458045
[WARN] [1785905974.020045860] [motor_controller_pid]: Left motor is saturated: target spd 0.04331493771458045
[WARN] [1785905974.070391085] [motor_controller_pid]: Left motor is saturated: target spd 0.058003745217621326
[WARN] [1785905974.120186826] [motor_controller_pid]: Left motor is saturated: target spd 0.058003745217621326
[WARN] [1785905974.172622787] [motor_controller_pid]: Left motor is saturated: target spd 0.06520368473390117
[WARN] [1785905974.219993975] [motor_controller_pid]: Left motor is saturated: target spd 0.06520368473390117
[WARN] [1785905974.271268243] [motor_controller_pid]: Left motor is saturated: target spd 0.05705987908747047
[WARN] [1785905974.321585524] [motor_controller_pid]: Left motor is saturated: target spd 0.05705987908747047
[WARN] [1785905974.370963447] [motor_controller_pid]: Left motor is saturated: target spd 0.05897559676766395
[WARN] [1785905974.440130384] [motor_controller_pid]: Left motor is saturated: target spd 0.05897559676766395
[WARN] [1785905974.472646405] [motor_controller_pid]: Left motor is saturated: target spd 0.056675750137493014
[WARN] [1785905974.519837647] [motor_controller_pid]: Left motor is saturated: target spd 0.056675750137493014
[WARN] [1785905974.569970297] [motor_controller_pid]: Left motor is saturated: target spd 0.0682322712097317
[WARN] [1785905974.620122040] [motor_controller_pid]: Left motor is saturated: target spd 0.0682322712097317
[WARN] [1785905974.670236486] [motor_controller_pid]: Left motor is saturated: target spd 0.058628886185586454
[WARN] [1785905974.720603471] [motor_controller_pid]: Left motor is saturated: target spd 0.058628886185586454
[WARN] [1785905974.770835085] [motor_controller_pid]: Left motor is saturated: target spd 0.04748080927962437
[WARN] [1785905974.819965895] [motor_controller_pid]: Left motor is saturated: target spd 0.04748080927962437
[WARN] [1785905974.871744834] [motor_controller_pid]: Left motor is saturated: target spd 0.048572556858416646
[WARN] [1785905974.919977824] [motor_controller_pid]: Left motor is saturated: target spd 0.048572556858416646
[WARN] [1785905974.971391685] [motor_controller_pid]: Left motor is saturated: target spd 0.049725454480759795
[WARN] [1785905975.020201531] [motor_controller_pid]: Left motor is saturated: target spd 0.049725454480759795
[WARN] [1785905975.024249482] [motor_controller_pid]: Right motor is saturated: target spd -0.02454961445797235
[WARN] [1785905975.071544837] [motor_controller_pid]: Left motor is saturated: target spd 0.05283767678081058
[WARN] [1785905975.073706776] [motor_controller_pid]: Right motor is saturated: target spd -0.02879515342176892
[WARN] [1785905975.120178940] [motor_controller_pid]: Left motor is saturated: target spd 0.05283767678081058
[WARN] [1785905975.121666487] [motor_controller_pid]: Right motor is saturated: target spd -0.02879515342176892
[WARN] [1785905975.170316553] [motor_controller_pid]: Left motor is saturated: target spd 0.053479979265574365
[WARN] [1785905975.172295177] [motor_controller_pid]: Right motor is saturated: target spd -0.023527716766949744
[WARN] [1785905975.220360018] [motor_controller_pid]: Left motor is saturated: target spd 0.053479979265574365
[WARN] [1785905975.226235703] [motor_controller_pid]: Right motor is saturated: target spd -0.023527716766949744
[WARN] [1785905975.270660836] [motor_controller_pid]: Left motor is saturated: target spd 0.0512620126222726
[WARN] [1785905975.273372464] [motor_controller_pid]: Right motor is saturated: target spd -0.027587943770969285
[WARN] [1785905975.320023073] [motor_controller_pid]: Left motor is saturated: target spd 0.0512620126222726
[WARN] [1785905975.322352736] [motor_controller_pid]: Right motor is saturated: target spd -0.027587943770969285
[WARN] [1785905975.370869876] [motor_controller_pid]: Left motor is saturated: target spd 0.05812569330967963
[WARN] [1785905975.372467757] [motor_controller_pid]: Right motor is saturated: target spd -0.03272838522158563
[WARN] [1785905975.420236614] [motor_controller_pid]: Left motor is saturated: target spd 0.05812569330967963
[WARN] [1785905975.422019699] [motor_controller_pid]: Right motor is saturated: target spd -0.03272838522158563
[WARN] [1785905975.472653297] [motor_controller_pid]: Left motor is saturated: target spd 0.052836246131081135
[WARN] [1785905975.476343950] [motor_controller_pid]: Right motor is saturated: target spd -0.025440909625869243
[WARN] [1785905975.546813636] [motor_controller_pid]: Left motor is saturated: target spd 0.052836246131081135
[WARN] [1785905975.556461086] [motor_controller_pid]: Right motor is saturated: target spd -0.025440909625869243
[WARN] [1785905975.572348742] [motor_controller_pid]: Left motor is saturated: target spd 0.057997742748353634
[WARN] [1785905975.573663694] [motor_controller_pid]: Right motor is saturated: target spd -0.02671382381906733
[WARN] [1785905975.620124784] [motor_controller_pid]: Left motor is saturated: target spd 0.057997742748353634
[WARN] [1785905975.622802709] [motor_controller_pid]: Right motor is saturated: target spd -0.02671382381906733
[WARN] [1785905975.671763740] [motor_controller_pid]: Left motor is saturated: target spd 0.061490152541734275
[WARN] [1785905975.673435473] [motor_controller_pid]: Right motor is saturated: target spd -0.024026851590536535
[WARN] [1785905975.720057805] [motor_controller_pid]: Left motor is saturated: target spd 0.061490152541734275
[WARN] [1785905975.722810970] [motor_controller_pid]: Right motor is saturated: target spd -0.024026851590536535
[WARN] [1785905975.770547605] [motor_controller_pid]: Left motor is saturated: target spd 0.059042378677614034
[WARN] [1785905975.772474358] [motor_controller_pid]: Right motor is saturated: target spd -0.024211362586729228
[WARN] [1785905975.820066085] [motor_controller_pid]: Left motor is saturated: target spd 0.059042378677614034
[WARN] [1785905975.821323500] [motor_controller_pid]: Right motor is saturated: target spd -0.024211362586729228
[WARN] [1785905975.870578515] [motor_controller_pid]: Left motor is saturated: target spd 0.052269263001810756
[WARN] [1785905975.871516299] [motor_controller_pid]: Right motor is saturated: target spd -0.020232903030980378
[WARN] [1785905975.923074291] [motor_controller_pid]: Left motor is saturated: target spd 0.052269263001810756
[WARN] [1785905975.925821364] [motor_controller_pid]: Right motor is saturated: target spd -0.020232903030980378
[WARN] [1785905975.971412763] [motor_controller_pid]: Left motor is saturated: target spd 0.051400276961456985
[WARN] [1785905975.972581770] [motor_controller_pid]: Right motor is saturated: target spd -0.026503962335456162
[WARN] [1785905976.020178108] [motor_controller_pid]: Left motor is saturated: target spd 0.051400276961456985
[WARN] [1785905976.022462752] [motor_controller_pid]: Right motor is saturated: target spd -0.026503962335456162
[WARN] [1785905976.071057263] [motor_controller_pid]: Left motor is saturated: target spd 0.04700601497301832
[WARN] [1785905976.073334129] [motor_controller_pid]: Right motor is saturated: target spd -0.021588142722751946
[WARN] [1785905976.123037036] [motor_controller_pid]: Left motor is saturated: target spd 0.04700601497301832
[WARN] [1785905976.125362588] [motor_controller_pid]: Right motor is saturated: target spd -0.021588142722751946
[WARN] [1785905976.170385502] [motor_controller_pid]: Left motor is saturated: target spd 0.050077087686024604
[WARN] [1785905976.171583009] [motor_controller_pid]: Right motor is saturated: target spd -0.024590462937392296
[WARN] [1785905976.220320206] [motor_controller_pid]: Left motor is saturated: target spd 0.050077087686024604
[WARN] [1785905976.223357966] [motor_controller_pid]: Right motor is saturated: target spd -0.024590462937392296
[WARN] [1785905976.270360207] [motor_controller_pid]: Left motor is saturated: target spd 0.05014024083679542
[WARN] [1785905976.271491252] [motor_controller_pid]: Right motor is saturated: target spd -0.019052421998325735
[WARN] [1785905976.320061299] [motor_controller_pid]: Left motor is saturated: target spd 0.05014024083679542
[WARN] [1785905976.321217047] [motor_controller_pid]: Right motor is saturated: target spd -0.019052421998325735
[WARN] [1785905976.372204481] [motor_controller_pid]: Left motor is saturated: target spd 0.04708555540628731
[WARN] [1785905976.373805028] [motor_controller_pid]: Right motor is saturated: target spd -0.019882758943364026
[WARN] [1785905976.420022949] [motor_controller_pid]: Left motor is saturated: target spd 0.04708555540628731
[WARN] [1785905976.421390865] [motor_controller_pid]: Right motor is saturated: target spd -0.019882758943364026
[WARN] [1785905976.471444385] [motor_controller_pid]: Left motor is saturated: target spd 0.04577917557824403
[WARN] [1785905976.472549522] [motor_controller_pid]: Right motor is saturated: target spd -0.019224055589549243
[WARN] [1785905976.520112211] [motor_controller_pid]: Left motor is saturated: target spd 0.04577917557824403
[WARN] [1785905976.522009112] [motor_controller_pid]: Right motor is saturated: target spd -0.019224055589549243
[WARN] [1785905976.570196843] [motor_controller_pid]: Left motor is saturated: target spd 0.05490662742080167
[WARN] [1785905976.572275856] [motor_controller_pid]: Right motor is saturated: target spd -0.026683749373536556
[WARN] [1785905976.642447466] [motor_controller_pid]: Left motor is saturated: target spd 0.05490662742080167
[WARN] [1785905976.666920565] [motor_controller_pid]: Right motor is saturated: target spd -0.026683749373536556
[WARN] [1785905976.673181475] [motor_controller_pid]: Left motor is saturated: target spd 0.05490662742080167
[WARN] [1785905976.675660750] [motor_controller_pid]: Right motor is saturated: target spd -0.026683749373536556
[WARN] [1785905976.720033993] [motor_controller_pid]: Left motor is saturated: target spd 0.06316003189738839
[WARN] [1785905976.721658688] [motor_controller_pid]: Right motor is saturated: target spd -0.032740555840171874
[WARN] [1785905976.770492386] [motor_controller_pid]: Left motor is saturated: target spd 0.05808224630020559
[WARN] [1785905976.773273885] [motor_controller_pid]: Right motor is saturated: target spd -0.024843602362647654
[WARN] [1785905976.820124014] [motor_controller_pid]: Left motor is saturated: target spd 0.05808224630020559
[WARN] [1785905976.822567493] [motor_controller_pid]: Right motor is saturated: target spd -0.024843602362647654
[WARN] [1785905976.870301628] [motor_controller_pid]: Left motor is saturated: target spd 0.05238878595661372
[WARN] [1785905976.872544938] [motor_controller_pid]: Right motor is saturated: target spd -0.020192013503797353
[WARN] [1785905976.921285635] [motor_controller_pid]: Left motor is saturated: target spd 0.05238878595661372
[WARN] [1785905976.923860133] [motor_controller_pid]: Right motor is saturated: target spd -0.020192013503797353
[WARN] [1785905976.970031628] [motor_controller_pid]: Left motor is saturated: target spd 0.0442094641532749
[WARN] [1785905976.972398791] [motor_controller_pid]: Right motor is saturated: target spd -0.015218892434611917
[WARN] [1785905977.020147148] [motor_controller_pid]: Left motor is saturated: target spd 0.0442094641532749
[WARN] [1785905977.022896092] [motor_controller_pid]: Right motor is saturated: target spd -0.015218892434611917
[WARN] [1785905977.070065797] [motor_controller_pid]: Left motor is saturated: target spd 0.05450000809589401
[WARN] [1785905977.072258515] [motor_controller_pid]: Right motor is saturated: target spd -0.02166728479703888
[WARN] [1785905977.120084632] [motor_controller_pid]: Left motor is saturated: target spd 0.05450000809589401
[WARN] [1785905977.122897279] [motor_controller_pid]: Right motor is saturated: target spd -0.02166728479703888
[WARN] [1785905977.169965595] [motor_controller_pid]: Left motor is saturated: target spd 0.05899245805256069
[WARN] [1785905977.171250511] [motor_controller_pid]: Right motor is saturated: target spd -0.020143153600767256
[WARN] [1785905977.220053763] [motor_controller_pid]: Left motor is saturated: target spd 0.05899245805256069
[WARN] [1785905977.222351167] [motor_controller_pid]: Right motor is saturated: target spd -0.020143153600767256
[WARN] [1785905977.747189520] [motor_controller_pid]: Left motor is saturated: target spd 0.043456508421944456
[WARN] [1785905977.778881590] [motor_controller_pid]: Left motor is saturated: target spd 0.043456508421944456
[WARN] [1785905977.820396186] [motor_controller_pid]: Left motor is saturated: target spd 0.05531958455126733
[WARN] [1785905977.870200760] [motor_controller_pid]: Left motor is saturated: target spd 0.06061509853564203
[WARN] [1785905977.872473867] [motor_controller_pid]: Right motor is saturated: target spd -0.029381954610720275
[WARN] [1785905977.922447127] [motor_controller_pid]: Left motor is saturated: target spd 0.047979843093268575
[WARN] [1785905977.925101051] [motor_controller_pid]: Right motor is saturated: target spd -0.015875842200405894
[WARN] [1785905977.970426893] [motor_controller_pid]: Left motor is saturated: target spd 0.047979843093268575
[WARN] [1785905977.973751285] [motor_controller_pid]: Right motor is saturated: target spd -0.015875842200405894
[WARN] [1785905978.020107652] [motor_controller_pid]: Left motor is saturated: target spd 0.047979843093268575
[WARN] [1785905978.023928194] [motor_controller_pid]: Right motor is saturated: target spd -0.015875842200405894
[WARN] [1785905978.070011874] [motor_controller_pid]: Left motor is saturated: target spd 0.05440183116905391
[WARN] [1785905978.072285926] [motor_controller_pid]: Right motor is saturated: target spd -0.019681005339697005
[WARN] [1785905978.120253229] [motor_controller_pid]: Left motor is saturated: target spd 0.05440183116905391
[WARN] [1785905978.121591904] [motor_controller_pid]: Right motor is saturated: target spd -0.019681005339697005
[WARN] [1785905978.169930876] [motor_controller_pid]: Left motor is saturated: target spd 0.05199820563849061
[WARN] [1785905978.170975845] [motor_controller_pid]: Right motor is saturated: target spd -0.013819373988546432
[WARN] [1785905978.219998377] [motor_controller_pid]: Left motor is saturated: target spd 0.05199820563849061
[WARN] [1785905978.222992582] [motor_controller_pid]: Right motor is saturated: target spd -0.013819373988546432
[WARN] [1785905978.271937965] [motor_controller_pid]: Left motor is saturated: target spd 0.04577527406476438
[WARN] [1785905978.273923848] [motor_controller_pid]: Right motor is saturated: target spd -0.012738035741820933
[WARN] [1785905978.319844453] [motor_controller_pid]: Left motor is saturated: target spd 0.04577527406476438
[WARN] [1785905978.321386814] [motor_controller_pid]: Right motor is saturated: target spd -0.012738035741820933
[WARN] [1785905978.370524773] [motor_controller_pid]: Left motor is saturated: target spd 0.05033172575719655
[WARN] [1785905978.373626496] [motor_controller_pid]: Right motor is saturated: target spd -0.021779463608190417
[WARN] [1785905978.420537867] [motor_controller_pid]: Left motor is saturated: target spd 0.05033172575719655
[WARN] [1785905978.422908326] [motor_controller_pid]: Right motor is saturated: target spd -0.021779463608190417
[WARN] [1785905978.470071606] [motor_controller_pid]: Left motor is saturated: target spd 0.05669521868648007
[WARN] [1785905978.472952457] [motor_controller_pid]: Right motor is saturated: target spd -0.023746278579812496
[WARN] [1785905978.522845328] [motor_controller_pid]: Left motor is saturated: target spd 0.056094360253866764
[WARN] [1785905978.525187954] [motor_controller_pid]: Right motor is saturated: target spd -0.025677669146005062
[WARN] [1785905978.570741186] [motor_controller_pid]: Left motor is saturated: target spd 0.056094360253866764
[WARN] [1785905978.572237881] [motor_controller_pid]: Right motor is saturated: target spd -0.025677669146005062
[WARN] [1785905978.620084590] [motor_controller_pid]: Left motor is saturated: target spd 0.056094360253866764
[WARN] [1785905978.622124900] [motor_controller_pid]: Right motor is saturated: target spd -0.025677669146005062
[WARN] [1785905978.670193389] [motor_controller_pid]: Left motor is saturated: target spd 0.056638171875383704
[WARN] [1785905978.672574181] [motor_controller_pid]: Right motor is saturated: target spd -0.027295636034104974
[WARN] [1785905978.720024685] [motor_controller_pid]: Left motor is saturated: target spd 0.056638171875383704
[WARN] [1785905978.722714017] [motor_controller_pid]: Right motor is saturated: target spd -0.027295636034104974
[WARN] [1785905978.769996686] [motor_controller_pid]: Left motor is saturated: target spd 0.066922851251252
[WARN] [1785905978.773288818] [motor_controller_pid]: Right motor is saturated: target spd -0.033138855947367846
[WARN] [1785905978.849134019] [motor_controller_pid]: Left motor is saturated: target spd 0.066922851251252
[WARN] [1785905978.854144236] [motor_controller_pid]: Right motor is saturated: target spd -0.033138855947367846
[WARN] [1785905978.877633329] [motor_controller_pid]: Left motor is saturated: target spd 0.066922851251252
[WARN] [1785905978.878919874] [motor_controller_pid]: Right motor is saturated: target spd -0.033138855947367846
[WARN] [1785905978.920783935] [motor_controller_pid]: Left motor is saturated: target spd 0.05187884792117402
[WARN] [1785905978.923857047] [motor_controller_pid]: Right motor is saturated: target spd -0.021073489641863855
[WARN] [1785905978.970202840] [motor_controller_pid]: Left motor is saturated: target spd 0.04698976130755618
[WARN] [1785905978.971192513] [motor_controller_pid]: Right motor is saturated: target spd -0.01774288712469861
[WARN] [1785905979.020433805] [motor_controller_pid]: Left motor is saturated: target spd 0.04300372698120773
[WARN] [1785905979.021708998] [motor_controller_pid]: Right motor is saturated: target spd -0.015955637909844517
[WARN] [1785905979.071205181] [motor_controller_pid]: Left motor is saturated: target spd 0.04300372698120773
[WARN] [1785905979.073245454] [motor_controller_pid]: Right motor is saturated: target spd -0.015955637909844517
[WARN] [1785905979.123384733] [motor_controller_pid]: Left motor is saturated: target spd 0.04300372698120773
[WARN] [1785905979.126017880] [motor_controller_pid]: Right motor is saturated: target spd -0.015955637909844517
[WARN] [1785905979.169909787] [motor_controller_pid]: Left motor is saturated: target spd 0.04019228730760515
[WARN] [1785905979.172821157] [motor_controller_pid]: Right motor is saturated: target spd -0.011604238409176468
[WARN] [1785905979.219958325] [motor_controller_pid]: Left motor is saturated: target spd 0.04019228730760515
[WARN] [1785905979.221908411] [motor_controller_pid]: Right motor is saturated: target spd -0.011604238409176468
[WARN] [1785905979.270577349] [motor_controller_pid]: Left motor is saturated: target spd 0.049044032398425044
[WARN] [1785905979.272716473] [motor_controller_pid]: Right motor is saturated: target spd -0.016144911941327153
[WARN] [1785905979.320914111] [motor_controller_pid]: Left motor is saturated: target spd 0.049044032398425044
[WARN] [1785905979.323297237] [motor_controller_pid]: Right motor is saturated: target spd -0.016144911941327153
[WARN] [1785905979.370146959] [motor_controller_pid]: Left motor is saturated: target spd 0.04545708547728136
[WARN] [1785905979.371358633] [motor_controller_pid]: Right motor is saturated: target spd -0.0144560356865637
[WARN] [1785905979.420232683] [motor_controller_pid]: Left motor is saturated: target spd 0.04545708547728136
[WARN] [1785905979.423192461] [motor_controller_pid]: Right motor is saturated: target spd -0.0144560356865637
[WARN] [1785905979.470210869] [motor_controller_pid]: Left motor is saturated: target spd 0.052292122718691825
[WARN] [1785905979.471379451] [motor_controller_pid]: Right motor is saturated: target spd -0.01732532006800175
[WARN] [1785905979.525600126] [motor_controller_pid]: Left motor is saturated: target spd 0.059654318000003696
[WARN] [1785905979.527552880] [motor_controller_pid]: Right motor is saturated: target spd -0.021043047105148434
[WARN] [1785905979.570027333] [motor_controller_pid]: Left motor is saturated: target spd 0.059654318000003696
[WARN] [1785905979.571366564] [motor_controller_pid]: Right motor is saturated: target spd -0.021043047105148434
[WARN] [1785905979.620167076] [motor_controller_pid]: Left motor is saturated: target spd 0.059654318000003696
[WARN] [1785905979.623623542] [motor_controller_pid]: Right motor is saturated: target spd -0.021043047105148434
[WARN] [1785905979.670056391] [motor_controller_pid]: Left motor is saturated: target spd 0.05836559215486049
[WARN] [1785905979.673745044] [motor_controller_pid]: Right motor is saturated: target spd -0.02371911576092243
[WARN] [1785905979.723973750] [motor_controller_pid]: Left motor is saturated: target spd 0.053163626896403735
[WARN] [1785905979.725113480] [motor_controller_pid]: Right motor is saturated: target spd -0.02171323288772255
[WARN] [1785905979.770199783] [motor_controller_pid]: Left motor is saturated: target spd 0.053163626896403735
[WARN] [1785905979.771250697] [motor_controller_pid]: Right motor is saturated: target spd -0.02171323288772255
[WARN] [1785905979.820030561] [motor_controller_pid]: Left motor is saturated: target spd 0.053163626896403735
[WARN] [1785905979.822956653] [motor_controller_pid]: Right motor is saturated: target spd -0.02171323288772255
[WARN] [1785905979.870207007] [motor_controller_pid]: Left motor is saturated: target spd 0.04839091057451442
[WARN] [1785905979.871426349] [motor_controller_pid]: Right motor is saturated: target spd -0.02195775454370305
[WARN] [1785905979.924720482] [motor_controller_pid]: Left motor is saturated: target spd 0.04839091057451442
[WARN] [1785905979.926274843] [motor_controller_pid]: Right motor is saturated: target spd -0.02195775454370305
[WARN] [1785905979.971951224] [motor_controller_pid]: Left motor is saturated: target spd 0.04839091057451442
[WARN] [1785905979.973953867] [motor_controller_pid]: Right motor is saturated: target spd -0.02195775454370305
[WARN] [1785905980.020062158] [motor_controller_pid]: Left motor is saturated: target spd 0.04689654630832374
[WARN] [1785905980.022482562] [motor_controller_pid]: Right motor is saturated: target spd -0.019327782865241172
[WARN] [1785905980.070236419] [motor_controller_pid]: Left motor is saturated: target spd 0.046234218011237685
[WARN] [1785905980.071242333] [motor_controller_pid]: Right motor is saturated: target spd -0.012013787796162068
[WARN] [1785905980.123160939] [motor_controller_pid]: Left motor is saturated: target spd 0.05066651182379574
[WARN] [1785905980.125275638] [motor_controller_pid]: Right motor is saturated: target spd -0.01171517668161541
[WARN] [1785905980.170164514] [motor_controller_pid]: Left motor is saturated: target spd 0.05066651182379574
[WARN] [1785905980.171433022] [motor_controller_pid]: Right motor is saturated: target spd -0.01171517668161541
[WARN] [1785905980.220238571] [motor_controller_pid]: Left motor is saturated: target spd 0.05066651182379574
[WARN] [1785905980.223623222] [motor_controller_pid]: Right motor is saturated: target spd -0.01171517668161541
[WARN] [1785905980.271984065] [motor_controller_pid]: Left motor is saturated: target spd 0.051989798823557795
[WARN] [1785905980.274350654] [motor_controller_pid]: Right motor is saturated: target spd -0.017980496009625493
[WARN] [1785905980.320910448] [motor_controller_pid]: Left motor is saturated: target spd 0.051989798823557795
[WARN] [1785905980.325024455] [motor_controller_pid]: Right motor is saturated: target spd -0.017980496009625493
[WARN] [1785905980.370219444] [motor_controller_pid]: Left motor is saturated: target spd 0.051937438243255016
[WARN] [1785905980.373382557] [motor_controller_pid]: Right motor is saturated: target spd -0.020869456535950303
[WARN] [1785905980.420420336] [motor_controller_pid]: Left motor is saturated: target spd 0.051937438243255016
[WARN] [1785905980.423315817] [motor_controller_pid]: Right motor is saturated: target spd -0.020869456535950303
[WARN] [1785905980.470013834] [motor_controller_pid]: Left motor is saturated: target spd 0.052146390084549785
[WARN] [1785905980.471816105] [motor_controller_pid]: Right motor is saturated: target spd -0.025592826302722096
[WARN] [1785905980.522274757] [motor_controller_pid]: Left motor is saturated: target spd 0.05033336431691423
[WARN] [1785905980.523974268] [motor_controller_pid]: Right motor is saturated: target spd -0.01850925534060225
[WARN] [1785905980.571284956] [motor_controller_pid]: Left motor is saturated: target spd 0.05033336431691423
[WARN] [1785905980.574540939] [motor_controller_pid]: Right motor is saturated: target spd -0.01850925534060225
[WARN] [1785905980.620374581] [motor_controller_pid]: Left motor is saturated: target spd 0.05033336431691423
[WARN] [1785905980.621598496] [motor_controller_pid]: Right motor is saturated: target spd -0.01850925534060225
[WARN] [1785905980.670100247] [motor_controller_pid]: Left motor is saturated: target spd 0.05433296469505876
[WARN] [1785905980.671204328] [motor_controller_pid]: Right motor is saturated: target spd -0.020296647571958603
[WARN] [1785905980.720199174] [motor_controller_pid]: Left motor is saturated: target spd 0.05433296469505876
[WARN] [1785905980.721758388] [motor_controller_pid]: Right motor is saturated: target spd -0.020296647571958603
[WARN] [1785905980.770467307] [motor_controller_pid]: Left motor is saturated: target spd 0.052706615762319414
[WARN] [1785905980.773928217] [motor_controller_pid]: Right motor is saturated: target spd -0.02122528688469902
[WARN] [1785905980.821743612] [motor_controller_pid]: Left motor is saturated: target spd 0.04909418185409158
[WARN] [1785905980.823220973] [motor_controller_pid]: Right motor is saturated: target spd -0.020599547427333893
[WARN] [1785905980.870454235] [motor_controller_pid]: Left motor is saturated: target spd 0.04909418185409158
[WARN] [1785905980.873315549] [motor_controller_pid]: Right motor is saturated: target spd -0.020599547427333893
[WARN] [1785905980.920937035] [motor_controller_pid]: Left motor is saturated: target spd 0.04909418185409158
[WARN] [1785905980.924301223] [motor_controller_pid]: Right motor is saturated: target spd -0.020599547427333893
[WARN] [1785905980.970166865] [motor_controller_pid]: Left motor is saturated: target spd 0.04831001801667735
[WARN] [1785905980.971276316] [motor_controller_pid]: Right motor is saturated: target spd -0.020032228098530322
[WARN] [1785905981.024110668] [motor_controller_pid]: Left motor is saturated: target spd 0.04831001801667735
[WARN] [1785905981.028766828] [motor_controller_pid]: Right motor is saturated: target spd -0.020032228098530322
[WARN] [1785905981.070377127] [motor_controller_pid]: Left motor is saturated: target spd 0.04831001801667735
[WARN] [1785905981.071669580] [motor_controller_pid]: Right motor is saturated: target spd -0.020032228098530322
[WARN] [1785905981.120147275] [motor_controller_pid]: Left motor is saturated: target spd 0.0594619883671403
[WARN] [1785905981.122690106] [motor_controller_pid]: Right motor is saturated: target spd -0.024350837014615535
[WARN] [1785905981.170188351] [motor_controller_pid]: Left motor is saturated: target spd 0.056043651523627336
[WARN] [1785905981.171294821] [motor_controller_pid]: Right motor is saturated: target spd -0.02332511114832014
[WARN] [1785905981.220065703] [motor_controller_pid]: Left motor is saturated: target spd 0.056043651523627336
[WARN] [1785905981.223257667] [motor_controller_pid]: Right motor is saturated: target spd -0.02332511114832014
[WARN] [1785905981.270539522] [motor_controller_pid]: Left motor is saturated: target spd 0.05735683320034295
[WARN] [1785905981.272534794] [motor_controller_pid]: Right motor is saturated: target spd -0.02297852309476584
[WARN] [1785905981.324252620] [motor_controller_pid]: Left motor is saturated: target spd 0.04988284472599626
[WARN] [1785905981.328123719] [motor_controller_pid]: Right motor is saturated: target spd -0.01879338856562972
[WARN] [1785905981.370164799] [motor_controller_pid]: Left motor is saturated: target spd 0.04988284472599626
[WARN] [1785905981.371302918] [motor_controller_pid]: Right motor is saturated: target spd -0.01879338856562972
[WARN] [1785905981.420547803] [motor_controller_pid]: Left motor is saturated: target spd 0.05072511527277529
[WARN] [1785905981.424926682] [motor_controller_pid]: Right motor is saturated: target spd -0.01886984911225736
[WARN] [1785905981.470669434] [motor_controller_pid]: Left motor is saturated: target spd 0.05072511527277529
[WARN] [1785905981.472633688] [motor_controller_pid]: Right motor is saturated: target spd -0.01886984911225736
[WARN] [1785905981.520012116] [motor_controller_pid]: Left motor is saturated: target spd 0.05072511527277529
[WARN] [1785905981.521467089] [motor_controller_pid]: Right motor is saturated: target spd -0.01886984911225736
[WARN] [1785905981.570240249] [motor_controller_pid]: Left motor is saturated: target spd 0.04804107835153118
[WARN] [1785905981.572775228] [motor_controller_pid]: Right motor is saturated: target spd -0.01745707998415455
[WARN] [1785905981.621017181] [motor_controller_pid]: Left motor is saturated: target spd 0.043851042820047585
[WARN] [1785905981.622318689] [motor_controller_pid]: Right motor is saturated: target spd -0.016865541504789146
[WARN] [1785905981.670050157] [motor_controller_pid]: Left motor is saturated: target spd 0.043851042820047585
[WARN] [1785905981.671153960] [motor_controller_pid]: Right motor is saturated: target spd -0.016865541504789146
[WARN] [1785905981.720566717] [motor_controller_pid]: Left motor is saturated: target spd 0.04782885550353676
[WARN] [1785905981.722496025] [motor_controller_pid]: Right motor is saturated: target spd -0.02292336286213249
[WARN] [1785905981.769996974] [motor_controller_pid]: Left motor is saturated: target spd 0.04782885550353676
[WARN] [1785905981.771015702] [motor_controller_pid]: Right motor is saturated: target spd -0.02292336286213249
[WARN] [1785905981.819929641] [motor_controller_pid]: Left motor is saturated: target spd 0.04782885550353676
[WARN] [1785905981.821162149] [motor_controller_pid]: Right motor is saturated: target spd -0.02292336286213249
[WARN] [1785905981.870111051] [motor_controller_pid]: Left motor is saturated: target spd 0.0502389267006889
[WARN] [1785905981.873470535] [motor_controller_pid]: Right motor is saturated: target spd -0.019130814083479344
[WARN] [1785905981.921236096] [motor_controller_pid]: Left motor is saturated: target spd 0.04567486286815256
[WARN] [1785905981.922916958] [motor_controller_pid]: Right motor is saturated: target spd -0.018263300352729855
[WARN] [1785905981.970155220] [motor_controller_pid]: Left motor is saturated: target spd 0.04567486286815256
[WARN] [1785905981.971223727] [motor_controller_pid]: Right motor is saturated: target spd -0.018263300352729855
[WARN] [1785905982.020009239] [motor_controller_pid]: Left motor is saturated: target spd 0.04567486286815256
[WARN] [1785905982.022410180] [motor_controller_pid]: Right motor is saturated: target spd -0.018263300352729855
[WARN] [1785905982.072110290] [motor_controller_pid]: Left motor is saturated: target spd 0.05082551601277664
[WARN] [1785905982.074003357] [motor_controller_pid]: Right motor is saturated: target spd -0.020673205825220795
[WARN] [1785905982.120928580] [motor_controller_pid]: Left motor is saturated: target spd 0.05082551601277664
[WARN] [1785905982.128253589] [motor_controller_pid]: Right motor is saturated: target spd -0.020673205825220795
[WARN] [1785905982.187792391] [motor_controller_pid]: Left motor is saturated: target spd 0.05082551601277664
[WARN] [1785905982.194050968] [motor_controller_pid]: Right motor is saturated: target spd -0.020673205825220795
[WARN] [1785905982.220493653] [motor_controller_pid]: Left motor is saturated: target spd 0.06346355435119942
[WARN] [1785905982.223715026] [motor_controller_pid]: Right motor is saturated: target spd -0.02323061916364357
[WARN] [1785905982.271628976] [motor_controller_pid]: Left motor is saturated: target spd 0.06089267378346995
[WARN] [1785905982.273386025] [motor_controller_pid]: Right motor is saturated: target spd -0.023853493280243127
[WARN] [1785905982.320104635] [motor_controller_pid]: Left motor is saturated: target spd 0.06089267378346995
[WARN] [1785905982.321449476] [motor_controller_pid]: Right motor is saturated: target spd -0.023853493280243127
[WARN] [1785905982.370740492] [motor_controller_pid]: Left motor is saturated: target spd 0.05249916297411546
[WARN] [1785905982.373624602] [motor_controller_pid]: Right motor is saturated: target spd -0.021594916460756213
[WARN] [1785905982.419950062] [motor_controller_pid]: Left motor is saturated: target spd 0.05249916297411546
[WARN] [1785905982.421248792] [motor_controller_pid]: Right motor is saturated: target spd -0.021594916460756213
[WARN] [1785905982.470458714] [motor_controller_pid]: Left motor is saturated: target spd 0.04948047839151695
[WARN] [1785905982.472974415] [motor_controller_pid]: Right motor is saturated: target spd -0.021082271709572525
[WARN] [1785905982.520058046] [motor_controller_pid]: Left motor is saturated: target spd 0.04948047839151695
[WARN] [1785905982.522289653] [motor_controller_pid]: Right motor is saturated: target spd -0.021082271709572525
[WARN] [1785905982.570254919] [motor_controller_pid]: Left motor is saturated: target spd 0.051439446870330724
[WARN] [1785905982.571847929] [motor_controller_pid]: Right motor is saturated: target spd -0.02310179406022653
[WARN] [1785905982.620018400] [motor_controller_pid]: Left motor is saturated: target spd 0.051439446870330724
[WARN] [1785905982.622717435] [motor_controller_pid]: Right motor is saturated: target spd -0.02310179406022653
[WARN] [1785905982.671906506] [motor_controller_pid]: Left motor is saturated: target spd 0.05939627948757261
[WARN] [1785905982.673185532] [motor_controller_pid]: Right motor is saturated: target spd -0.024359087016619742
[WARN] [1785905982.720045736] [motor_controller_pid]: Left motor is saturated: target spd 0.05939627948757261
[WARN] [1785905982.723462350] [motor_controller_pid]: Right motor is saturated: target spd -0.024359087016619742
[WARN] [1785905982.770289664] [motor_controller_pid]: Left motor is saturated: target spd 0.05498872099947184
[WARN] [1785905982.771765396] [motor_controller_pid]: Right motor is saturated: target spd -0.02377888412643224
[WARN] [1785905982.820819057] [motor_controller_pid]: Left motor is saturated: target spd 0.05498872099947184
[WARN] [1785905982.823051498] [motor_controller_pid]: Right motor is saturated: target spd -0.02377888412643224
[WARN] [1785905982.871122505] [motor_controller_pid]: Left motor is saturated: target spd 0.0508388538655825
[WARN] [1785905982.873908689] [motor_controller_pid]: Right motor is saturated: target spd -0.021759737581294028
[WARN] [1785905982.920181759] [motor_controller_pid]: Left motor is saturated: target spd 0.0508388538655825
[WARN] [1785905982.924878085] [motor_controller_pid]: Right motor is saturated: target spd -0.021759737581294028
[WARN] [1785905982.970248539] [motor_controller_pid]: Left motor is saturated: target spd 0.06020717084482312
[WARN] [1785905982.972112087] [motor_controller_pid]: Right motor is saturated: target spd -0.028982835411280394
[WARN] [1785905983.020210762] [motor_controller_pid]: Left motor is saturated: target spd 0.06020717084482312
[WARN] [1785905983.022069144] [motor_controller_pid]: Right motor is saturated: target spd -0.028982835411280394
[WARN] [1785905983.070474894] [motor_controller_pid]: Left motor is saturated: target spd 0.052946834680996833
[WARN] [1785905983.072518240] [motor_controller_pid]: Right motor is saturated: target spd -0.025313870193995537
[WARN] [1785905983.120660545] [motor_controller_pid]: Left motor is saturated: target spd 0.052946834680996833
[WARN] [1785905983.122025201] [motor_controller_pid]: Right motor is saturated: target spd -0.025313870193995537
[WARN] [1785905983.171281012] [motor_controller_pid]: Left motor is saturated: target spd 0.05362152074356563
[WARN] [1785905983.173804491] [motor_controller_pid]: Right motor is saturated: target spd -0.030583480849070477
[WARN] [1785905983.220956567] [motor_controller_pid]: Left motor is saturated: target spd 0.05362152074356563
[WARN] [1785905983.222709263] [motor_controller_pid]: Right motor is saturated: target spd -0.030583480849070477
[WARN] [1785905983.299184858] [motor_controller_pid]: Left motor is saturated: target spd 0.055850339003838595
[WARN] [1785905983.303078345] [motor_controller_pid]: Right motor is saturated: target spd -0.02493839257117361
[WARN] [1785905983.319947896] [motor_controller_pid]: Left motor is saturated: target spd 0.055850339003838595
[WARN] [1785905983.320760698] [motor_controller_pid]: Right motor is saturated: target spd -0.02493839257117361
[WARN] [1785905983.371799020] [motor_controller_pid]: Left motor is saturated: target spd 0.05739275510469452
[WARN] [1785905983.373885385] [motor_controller_pid]: Right motor is saturated: target spd -0.017918741749133913
[WARN] [1785905983.420043473] [motor_controller_pid]: Left motor is saturated: target spd 0.05739275510469452
[WARN] [1785905983.422220505] [motor_controller_pid]: Right motor is saturated: target spd -0.017918741749133913
[WARN] [1785905983.472247821] [motor_controller_pid]: Left motor is saturated: target spd 0.0396563816777803
[WARN] [1785905983.473891850] [motor_controller_pid]: Right motor is saturated: target spd -0.020343618322219696
[WARN] [1785905983.520873314] [motor_controller_pid]: Left motor is saturated: target spd 0.0646160691777803
[WARN] [1785905983.522347471] [motor_controller_pid]: Right motor is saturated: target spd -0.05538393082221969
[WARN] [1785905983.570212792] [motor_controller_pid]: Left motor is saturated: target spd 0.09
[WARN] [1785905983.573715500] [motor_controller_pid]: Right motor is saturated: target spd -0.09
[WARN] [1785905983.620408424] [motor_controller_pid]: Left motor is saturated: target spd 0.09
[WARN] [1785905983.623166479] [motor_controller_pid]: Right motor is saturated: target spd -0.09
[WARN] [1785905983.670215628] [motor_controller_pid]: Left motor is saturated: target spd 0.15
[WARN] [1785905983.671449210] [motor_controller_pid]: Right motor is saturated: target spd -0.15
[WARN] [1785905983.720179351] [motor_controller_pid]: Left motor is saturated: target spd 0.15
[WARN] [1785905983.725123864] [motor_controller_pid]: Right motor is saturated: target spd -0.15
[WARN] [1785905983.770358983] [motor_controller_pid]: Left motor is saturated: target spd 0.15000000596046448
[WARN] [1785905983.773362150] [motor_controller_pid]: Right motor is saturated: target spd -0.15000000596046448
[WARN] [1785905983.820116334] [motor_controller_pid]: Left motor is saturated: target spd 0.15000000596046448
[WARN] [1785905983.821396398] [motor_controller_pid]: Right motor is saturated: target spd -0.15000000596046448
[WARN] [1785905983.870758599] [motor_controller_pid]: Left motor is saturated: target spd 0.15000000596046448
[WARN] [1785905983.873668284] [motor_controller_pid]: Right motor is saturated: target spd -0.15000000596046448
[WARN] [1785905983.920003632] [motor_controller_pid]: Left motor is saturated: target spd 0.15000000596046448
[WARN] [1785905983.923969027] [motor_controller_pid]: Right motor is saturated: target spd -0.15000000596046448
[WARN] [1785905983.971198955] [motor_controller_pid]: Left motor is saturated: target spd 0.15000000596046448
[WARN] [1785905983.974196085] [motor_controller_pid]: Right motor is saturated: target spd -0.15000000596046448
[WARN] [1785905984.024212179] [motor_controller_pid]: Left motor is saturated: target spd 0.15000000596046448
[WARN] [1785905984.027710590] [motor_controller_pid]: Right motor is saturated: target spd -0.15000000596046448
[WARN] [1785905984.070303711] [motor_controller_pid]: Left motor is saturated: target spd 0.15000000596046448
[WARN] [1785905984.072223038] [motor_controller_pid]: Right motor is saturated: target spd -0.15000000596046448
[WARN] [1785905984.119992581] [motor_controller_pid]: Left motor is saturated: target spd 0.15000000596046448
[WARN] [1785905984.123216897] [motor_controller_pid]: Right motor is saturated: target spd -0.15000000596046448
[WARN] [1785905984.171425220] [motor_controller_pid]: Left motor is saturated: target spd 0.15000000596046448
[WARN] [1785905984.172709877] [motor_controller_pid]: Right motor is saturated: target spd -0.15000000596046448
[WARN] [1785905984.222419524] [motor_controller_pid]: Left motor is saturated: target spd 0.15000000596046448
[WARN] [1785905984.226653014] [motor_controller_pid]: Right motor is saturated: target spd -0.15000000596046448
[WARN] [1785905984.271725576] [motor_controller_pid]: Left motor is saturated: target spd 0.15000000596046448
[WARN] [1785905984.273389939] [motor_controller_pid]: Right motor is saturated: target spd -0.15000000596046448
[WARN] [1785905984.319991752] [motor_controller_pid]: Left motor is saturated: target spd 0.15000000596046448
[WARN] [1785905984.321848467] [motor_controller_pid]: Right motor is saturated: target spd -0.15000000596046448
[WARN] [1785905984.370808110] [motor_controller_pid]: Left motor is saturated: target spd 0.15000000596046448
[WARN] [1785905984.373217977] [motor_controller_pid]: Right motor is saturated: target spd -0.15000000596046448
[WARN] [1785905984.422526788] [motor_controller_pid]: Left motor is saturated: target spd 0.15000000596046448
[WARN] [1785905984.426385257] [motor_controller_pid]: Right motor is saturated: target spd -0.15000000596046448
[WARN] [1785905984.472079213] [motor_controller_pid]: Left motor is saturated: target spd 0.15000000596046448
[WARN] [1785905984.473314980] [motor_controller_pid]: Right motor is saturated: target spd -0.15000000596046448
[WARN] [1785905984.520435463] [motor_controller_pid]: Left motor is saturated: target spd 0.15000000596046448
[WARN] [1785905984.522242363] [motor_controller_pid]: Right motor is saturated: target spd -0.15000000596046448
[WARN] [1785905984.570536187] [motor_controller_pid]: Left motor is saturated: target spd 0.15000000596046448
[WARN] [1785905984.572175790] [motor_controller_pid]: Right motor is saturated: target spd -0.15000000596046448
[WARN] [1785905984.620079389] [motor_controller_pid]: Left motor is saturated: target spd 0.15000000596046448
[WARN] [1785905984.621564916] [motor_controller_pid]: Right motor is saturated: target spd -0.15000000596046448
[WARN] [1785905984.671381398] [motor_controller_pid]: Left motor is saturated: target spd 0.15000000596046448
[WARN] [1785905984.672570591] [motor_controller_pid]: Right motor is saturated: target spd -0.15000000596046448
[WARN] [1785905984.720015483] [motor_controller_pid]: Left motor is saturated: target spd 0.15000000596046448
[WARN] [1785905984.721161694] [motor_controller_pid]: Right motor is saturated: target spd -0.15000000596046448
[WARN] [1785905984.770183355] [motor_controller_pid]: Left motor is saturated: target spd 0.15000000596046448
[WARN] [1785905984.771305862] [motor_controller_pid]: Right motor is saturated: target spd -0.15000000596046448
[WARN] [1785905984.820036207] [motor_controller_pid]: Left motor is saturated: target spd 0.15000000596046448
[WARN] [1785905984.821442661] [motor_controller_pid]: Right motor is saturated: target spd -0.15000000596046448
[WARN] [1785905984.869905337] [motor_controller_pid]: Left motor is saturated: target spd 0.15000000596046448
[WARN] [1785905984.872421575] [motor_controller_pid]: Right motor is saturated: target spd -0.15000000596046448
[WARN] [1785905984.920897400] [motor_controller_pid]: Left motor is saturated: target spd 0.15000000596046448
[WARN] [1785905984.925790487] [motor_controller_pid]: Right motor is saturated: target spd -0.15000000596046448
[WARN] [1785905984.970359046] [motor_controller_pid]: Left motor is saturated: target spd 0.15000000596046448
[WARN] [1785905984.972262391] [motor_controller_pid]: Right motor is saturated: target spd -0.15000000596046448
[WARN] [1785905985.020512770] [motor_controller_pid]: Left motor is saturated: target spd 0.15000000596046448
[WARN] [1785905985.022312689] [motor_controller_pid]: Right motor is saturated: target spd -0.15000000596046448
[WARN] [1785905985.070928404] [motor_controller_pid]: Left motor is saturated: target spd 0.15000000596046448
[WARN] [1785905985.073918460] [motor_controller_pid]: Right motor is saturated: target spd -0.15000000596046448
[WARN] [1785905985.119993584] [motor_controller_pid]: Left motor is saturated: target spd 0.15000000596046448
[WARN] [1785905985.122642212] [motor_controller_pid]: Right motor is saturated: target spd -0.15000000596046448
[WARN] [1785905985.170436532] [motor_controller_pid]: Left motor is saturated: target spd 0.15000000596046448
[WARN] [1785905985.172391730] [motor_controller_pid]: Right motor is saturated: target spd -0.15000000596046448
[WARN] [1785905985.221149279] [motor_controller_pid]: Left motor is saturated: target spd 0.15000000596046448
[WARN] [1785905985.223721684] [motor_controller_pid]: Right motor is saturated: target spd -0.15000000596046448
[WARN] [1785905985.270046606] [motor_controller_pid]: Left motor is saturated: target spd 0.15000000596046448
[WARN] [1785905985.271489541] [motor_controller_pid]: Right motor is saturated: target spd -0.15000000596046448
[WARN] [1785905985.320367276] [motor_controller_pid]: Left motor is saturated: target spd 0.15000000596046448
[WARN] [1785905985.325074861] [motor_controller_pid]: Right motor is saturated: target spd -0.15000000596046448
[WARN] [1785905985.370202924] [motor_controller_pid]: Left motor is saturated: target spd 0.15000000596046448
[WARN] [1785905985.373157906] [motor_controller_pid]: Right motor is saturated: target spd -0.15000000596046448
[WARN] [1785905985.420076962] [motor_controller_pid]: Left motor is saturated: target spd 0.15000000596046448
[WARN] [1785905985.421631323] [motor_controller_pid]: Right motor is saturated: target spd -0.15000000596046448
[WARN] [1785905985.470876375] [motor_controller_pid]: Left motor is saturated: target spd 0.15000000596046448
[WARN] [1785905985.473057963] [motor_controller_pid]: Right motor is saturated: target spd -0.15000000596046448
[WARN] [1785905985.520117260] [motor_controller_pid]: Left motor is saturated: target spd 0.15000000596046448
[WARN] [1785905985.521492769] [motor_controller_pid]: Right motor is saturated: target spd -0.15000000596046448
[WARN] [1785905985.571313676] [motor_controller_pid]: Left motor is saturated: target spd 0.15000000596046448
[WARN] [1785905985.572772519] [motor_controller_pid]: Right motor is saturated: target spd -0.15000000596046448
[WARN] [1785905985.620123985] [motor_controller_pid]: Left motor is saturated: target spd 0.15000000596046448
[WARN] [1785905985.621791069] [motor_controller_pid]: Right motor is saturated: target spd -0.15000000596046448
[WARN] [1785905985.671439753] [motor_controller_pid]: Left motor is saturated: target spd 0.15000000596046448
[WARN] [1785905985.672685650] [motor_controller_pid]: Right motor is saturated: target spd -0.15000000596046448
[WARN] [1785905985.720304747] [motor_controller_pid]: Left motor is saturated: target spd 0.15000000596046448
[WARN] [1785905985.724638682] [motor_controller_pid]: Right motor is saturated: target spd -0.15000000596046448
[WARN] [1785905985.770367786] [motor_controller_pid]: Left motor is saturated: target spd 0.15000000596046448
[WARN] [1785905985.772915876] [motor_controller_pid]: Right motor is saturated: target spd -0.15000000596046448
[WARN] [1785905985.819977284] [motor_controller_pid]: Left motor is saturated: target spd 0.15000000596046448
[WARN] [1785905985.822537504] [motor_controller_pid]: Right motor is saturated: target spd -0.15000000596046448
[WARN] [1785905985.870436881] [motor_controller_pid]: Left motor is saturated: target spd 0.15000000596046448
[WARN] [1785905985.872576413] [motor_controller_pid]: Right motor is saturated: target spd -0.15000000596046448
[WARN] [1785905985.925819342] [motor_controller_pid]: Left motor is saturated: target spd 0.15000000596046448
[WARN] [1785905985.927249703] [motor_controller_pid]: Right motor is saturated: target spd -0.15000000596046448
[WARN] [1785905985.970935072] [motor_controller_pid]: Left motor is saturated: target spd 0.15000000596046448
[WARN] [1785905985.972924936] [motor_controller_pid]: Right motor is saturated: target spd -0.15000000596046448
[WARN] [1785905986.020131697] [motor_controller_pid]: Left motor is saturated: target spd 0.15000000596046448
[WARN] [1785905986.021695244] [motor_controller_pid]: Right motor is saturated: target spd -0.15000000596046448
[WARN] [1785905986.071196316] [motor_controller_pid]: Left motor is saturated: target spd 0.15000000596046448
[WARN] [1785905986.072640622] [motor_controller_pid]: Right motor is saturated: target spd -0.15000000596046448
[WARN] [1785905986.120392738] [motor_controller_pid]: Left motor is saturated: target spd 0.15000000596046448
[WARN] [1785905986.121947285] [motor_controller_pid]: Right motor is saturated: target spd -0.15000000596046448
[WARN] [1785905986.170192627] [motor_controller_pid]: Left motor is saturated: target spd 0.15000000596046448
[WARN] [1785905986.172412604] [motor_controller_pid]: Right motor is saturated: target spd -0.15000000596046448
[WARN] [1785905986.220224943] [motor_controller_pid]: Left motor is saturated: target spd 0.15000000596046448
[WARN] [1785905986.221470210] [motor_controller_pid]: Right motor is saturated: target spd -0.15000000596046448
[WARN] [1785905986.272170956] [motor_controller_pid]: Left motor is saturated: target spd 0.15000000596046448
[WARN] [1785905986.273994727] [motor_controller_pid]: Right motor is saturated: target spd -0.15000000596046448
[WARN] [1785905986.320138333] [motor_controller_pid]: Left motor is saturated: target spd 0.15000000596046448
[WARN] [1785905986.322836943] [motor_controller_pid]: Right motor is saturated: target spd -0.15000000596046448
[WARN] [1785905986.370153779] [motor_controller_pid]: Left motor is saturated: target spd 0.15000000596046448
[WARN] [1785905986.372637869] [motor_controller_pid]: Right motor is saturated: target spd -0.15000000596046448
[WARN] [1785905986.420323855] [motor_controller_pid]: Left motor is saturated: target spd 0.15000000596046448
[WARN] [1785905986.424379751] [motor_controller_pid]: Right motor is saturated: target spd -0.15000000596046448
[WARN] [1785905986.471647402] [motor_controller_pid]: Left motor is saturated: target spd 0.15000000596046448
[WARN] [1785905986.473190504] [motor_controller_pid]: Right motor is saturated: target spd -0.15000000596046448
[WARN] [1785905986.520991028] [motor_controller_pid]: Left motor is saturated: target spd 0.15000000596046448
[WARN] [1785905986.523726194] [motor_controller_pid]: Right motor is saturated: target spd -0.15000000596046448
[WARN] [1785905986.570296321] [motor_controller_pid]: Left motor is saturated: target spd 0.15000000596046448
[WARN] [1785905986.573228340] [motor_controller_pid]: Right motor is saturated: target spd -0.15000000596046448
[WARN] [1785905986.621492219] [motor_controller_pid]: Left motor is saturated: target spd 0.15000000596046448
[WARN] [1785905986.622738801] [motor_controller_pid]: Right motor is saturated: target spd -0.15000000596046448
[WARN] [1785905986.670693197] [motor_controller_pid]: Left motor is saturated: target spd 0.15000000596046448
[WARN] [1785905986.672406874] [motor_controller_pid]: Right motor is saturated: target spd -0.15000000596046448
[WARN] [1785905986.726400104] [motor_controller_pid]: Left motor is saturated: target spd 0.15000000596046448
[WARN] [1785905986.728556914] [motor_controller_pid]: Right motor is saturated: target spd -0.15000000596046448
[WARN] [1785905986.772400802] [motor_controller_pid]: Left motor is saturated: target spd 0.15000000596046448
[WARN] [1785905986.774012109] [motor_controller_pid]: Right motor is saturated: target spd -0.15000000596046448
[WARN] [1785905986.823912868] [motor_controller_pid]: Left motor is saturated: target spd 0.15000000596046448
[WARN] [1785905986.826839665] [motor_controller_pid]: Right motor is saturated: target spd -0.15000000596046448
[WARN] [1785905986.870124012] [motor_controller_pid]: Left motor is saturated: target spd 0.15000000596046448
[WARN] [1785905986.871739689] [motor_controller_pid]: Right motor is saturated: target spd -0.15000000596046448
[WARN] [1785905986.920669924] [motor_controller_pid]: Left motor is saturated: target spd 0.15000000596046448
[WARN] [1785905986.924421263] [motor_controller_pid]: Right motor is saturated: target spd -0.15000000596046448
[WARN] [1785905986.970281238] [motor_controller_pid]: Left motor is saturated: target spd 0.15000000596046448
[WARN] [1785905986.972420603] [motor_controller_pid]: Right motor is saturated: target spd -0.15000000596046448
[WARN] [1785905987.020939946] [motor_controller_pid]: Left motor is saturated: target spd 0.15000000596046448
[WARN] [1785905987.024307894] [motor_controller_pid]: Right motor is saturated: target spd -0.15000000596046448
[WARN] [1785905987.070303406] [motor_controller_pid]: Left motor is saturated: target spd 0.15000000596046448
[WARN] [1785905987.071429006] [motor_controller_pid]: Right motor is saturated: target spd -0.15000000596046448
[WARN] [1785905987.120444816] [motor_controller_pid]: Left motor is saturated: target spd 0.15000000596046448
[WARN] [1785905987.122949887] [motor_controller_pid]: Right motor is saturated: target spd -0.15000000596046448
[WARN] [1785905987.170381891] [motor_controller_pid]: Left motor is saturated: target spd 0.15000000596046448
[WARN] [1785905987.172146531] [motor_controller_pid]: Right motor is saturated: target spd -0.15000000596046448
[WARN] [1785905987.223128854] [motor_controller_pid]: Left motor is saturated: target spd 0.15000000596046448
[WARN] [1785905987.226668746] [motor_controller_pid]: Right motor is saturated: target spd -0.15000000596046448
[WARN] [1785905987.271789031] [motor_controller_pid]: Left motor is saturated: target spd 0.15000000596046448
[WARN] [1785905987.274962496] [motor_controller_pid]: Right motor is saturated: target spd -0.15000000596046448
[WARN] [1785905987.321871181] [motor_controller_pid]: Left motor is saturated: target spd 0.15000000596046448
[WARN] [1785905987.323976880] [motor_controller_pid]: Right motor is saturated: target spd -0.15000000596046448
[WARN] [1785905987.371785441] [motor_controller_pid]: Left motor is saturated: target spd 0.15000000596046448
[WARN] [1785905987.372926133] [motor_controller_pid]: Right motor is saturated: target spd -0.15000000596046448
[WARN] [1785905987.425289594] [motor_controller_pid]: Left motor is saturated: target spd 0.15000000596046448
[WARN] [1785905987.426430342] [motor_controller_pid]: Right motor is saturated: target spd -0.15000000596046448
[WARN] [1785905987.472307243] [motor_controller_pid]: Left motor is saturated: target spd 0.15000000596046448
[WARN] [1785905987.473779845] [motor_controller_pid]: Right motor is saturated: target spd -0.15000000596046448
[WARN] [1785905987.520140767] [motor_controller_pid]: Left motor is saturated: target spd 0.15000000596046448
[WARN] [1785905987.521407794] [motor_controller_pid]: Right motor is saturated: target spd -0.15000000596046448
[WARN] [1785905987.570403900] [motor_controller_pid]: Left motor is saturated: target spd 0.15000000596046448
[WARN] [1785905987.572776340] [motor_controller_pid]: Right motor is saturated: target spd -0.15000000596046448
[WARN] [1785905987.620384104] [motor_controller_pid]: Left motor is saturated: target spd 0.15000000596046448
[WARN] [1785905987.622237079] [motor_controller_pid]: Right motor is saturated: target spd -0.15000000596046448
[WARN] [1785905987.670168585] [motor_controller_pid]: Left motor is saturated: target spd 0.15000000596046448
[WARN] [1785905987.672525230] [motor_controller_pid]: Right motor is saturated: target spd -0.15000000596046448
[WARN] [1785905987.720066530] [motor_controller_pid]: Left motor is saturated: target spd 0.15000000596046448
[WARN] [1785905987.723492348] [motor_controller_pid]: Right motor is saturated: target spd -0.15000000596046448
[WARN] [1785905987.770799369] [motor_controller_pid]: Left motor is saturated: target spd 0.15000000596046448
[WARN] [1785905987.772945179] [motor_controller_pid]: Right motor is saturated: target spd -0.15000000596046448
[WARN] [1785905987.820527369] [motor_controller_pid]: Left motor is saturated: target spd 0.15000000596046448
[WARN] [1785905987.822964792] [motor_controller_pid]: Right motor is saturated: target spd -0.15000000596046448
[WARN] [1785905987.870433166] [motor_controller_pid]: Left motor is saturated: target spd 0.15000000596046448
[WARN] [1785905987.873192609] [motor_controller_pid]: Right motor is saturated: target spd -0.15000000596046448
[WARN] [1785905987.922809015] [motor_controller_pid]: Left motor is saturated: target spd 0.15000000596046448
[WARN] [1785905987.924296117] [motor_controller_pid]: Right motor is saturated: target spd -0.15000000596046448
[WARN] [1785905987.970160740] [motor_controller_pid]: Left motor is saturated: target spd 0.15000000596046448
[WARN] [1785905987.971593305] [motor_controller_pid]: Right motor is saturated: target spd -0.15000000596046448
[WARN] [1785905988.020697559] [motor_controller_pid]: Left motor is saturated: target spd 0.15000000596046448
[WARN] [1785905988.023751912] [motor_controller_pid]: Right motor is saturated: target spd -0.15000000596046448
[WARN] [1785905988.070487615] [motor_controller_pid]: Left motor is saturated: target spd 0.15000000596046448
[WARN] [1785905988.073632209] [motor_controller_pid]: Right motor is saturated: target spd -0.15000000596046448
[WARN] [1785905988.120340041] [motor_controller_pid]: Left motor is saturated: target spd 0.15000000596046448
[WARN] [1785905988.123257504] [motor_controller_pid]: Right motor is saturated: target spd -0.15000000596046448
[WARN] [1785905988.170468450] [motor_controller_pid]: Left motor is saturated: target spd 0.15000000596046448
[WARN] [1785905988.172879817] [motor_controller_pid]: Right motor is saturated: target spd -0.15000000596046448
[WARN] [1785905988.221164289] [motor_controller_pid]: Left motor is saturated: target spd 0.15000000596046448
[WARN] [1785905988.224477291] [motor_controller_pid]: Right motor is saturated: target spd -0.15000000596046448
[WARN] [1785905988.272137555] [motor_controller_pid]: Left motor is saturated: target spd 0.15000000596046448
[WARN] [1785905988.273862492] [motor_controller_pid]: Right motor is saturated: target spd -0.15000000596046448
[WARN] [1785905988.320344119] [motor_controller_pid]: Left motor is saturated: target spd 0.15000000596046448
[WARN] [1785905988.322254094] [motor_controller_pid]: Right motor is saturated: target spd -0.15000000596046448
[WARN] [1785905988.370267342] [motor_controller_pid]: Left motor is saturated: target spd 0.15000000596046448
[WARN] [1785905988.371445850] [motor_controller_pid]: Right motor is saturated: target spd -0.15000000596046448
[WARN] [1785905988.421222812] [motor_controller_pid]: Left motor is saturated: target spd 0.15000000596046448
[WARN] [1785905988.425154448] [motor_controller_pid]: Right motor is saturated: target spd -0.15000000596046448
[WARN] [1785905988.471191276] [motor_controller_pid]: Left motor is saturated: target spd 0.15000000596046448
[WARN] [1785905988.473320086] [motor_controller_pid]: Right motor is saturated: target spd -0.15000000596046448
[WARN] [1785905988.520228160] [motor_controller_pid]: Left motor is saturated: target spd 0.15000000596046448
[WARN] [1785905988.521413945] [motor_controller_pid]: Right motor is saturated: target spd -0.15000000596046448
[WARN] [1785905988.571367298] [motor_controller_pid]: Left motor is saturated: target spd 0.15000000596046448
[WARN] [1785905988.572699232] [motor_controller_pid]: Right motor is saturated: target spd -0.15000000596046448
[WARN] [1785905988.620960259] [motor_controller_pid]: Left motor is saturated: target spd 0.15000000596046448
[WARN] [1785905988.622714696] [motor_controller_pid]: Right motor is saturated: target spd -0.15000000596046448
[WARN] [1785905988.670540924] [motor_controller_pid]: Left motor is saturated: target spd 0.15000000596046448
[WARN] [1785905988.671657302] [motor_controller_pid]: Right motor is saturated: target spd -0.15000000596046448
[WARN] [1785905988.720907243] [motor_controller_pid]: Left motor is saturated: target spd 0.15000000596046448
[WARN] [1785905988.724836045] [motor_controller_pid]: Right motor is saturated: target spd -0.15000000596046448
[WARN] [1785905988.770127017] [motor_controller_pid]: Left motor is saturated: target spd 0.15000000596046448
[WARN] [1785905988.772476606] [motor_controller_pid]: Right motor is saturated: target spd -0.15000000596046448
[WARN] [1785905988.820376279] [motor_controller_pid]: Left motor is saturated: target spd 0.15000000596046448
[WARN] [1785905988.821663231] [motor_controller_pid]: Right motor is saturated: target spd -0.15000000596046448
[WARN] [1785905988.870200723] [motor_controller_pid]: Left motor is saturated: target spd 0.15000000596046448
[WARN] [1785905988.873098815] [motor_controller_pid]: Right motor is saturated: target spd -0.15000000596046448
[WARN] [1785905988.921174527] [motor_controller_pid]: Left motor is saturated: target spd 0.15000000596046448
[WARN] [1785905988.924950976] [motor_controller_pid]: Right motor is saturated: target spd -0.15000000596046448
[WARN] [1785905988.970540394] [motor_controller_pid]: Left motor is saturated: target spd 0.15000000596046448
[WARN] [1785905988.972764056] [motor_controller_pid]: Right motor is saturated: target spd -0.15000000596046448
[WARN] [1785905989.020551710] [motor_controller_pid]: Left motor is saturated: target spd 0.15000000596046448
[WARN] [1785905989.022210313] [motor_controller_pid]: Right motor is saturated: target spd -0.15000000596046448
[WARN] [1785905989.070641952] [motor_controller_pid]: Left motor is saturated: target spd 0.15000000596046448
[WARN] [1785905989.072764003] [motor_controller_pid]: Right motor is saturated: target spd -0.15000000596046448
[WARN] [1785905989.120261673] [motor_controller_pid]: Left motor is saturated: target spd 0.15000000596046448
[WARN] [1785905989.121375588] [motor_controller_pid]: Right motor is saturated: target spd -0.15000000596046448
[WARN] [1785905989.170259508] [motor_controller_pid]: Left motor is saturated: target spd 0.15000000596046448
[WARN] [1785905989.172412410] [motor_controller_pid]: Right motor is saturated: target spd -0.15000000596046448
[WARN] [1785905989.220094267] [motor_controller_pid]: Left motor is saturated: target spd 0.15000000596046448
[WARN] [1785905989.221483183] [motor_controller_pid]: Right motor is saturated: target spd -0.15000000596046448
[WARN] [1785905989.271205312] [motor_controller_pid]: Left motor is saturated: target spd 0.15000000596046448
[WARN] [1785905989.272931119] [motor_controller_pid]: Right motor is saturated: target spd -0.15000000596046448
[WARN] [1785905989.319941620] [motor_controller_pid]: Left motor is saturated: target spd 0.15000000596046448
[WARN] [1785905989.322517562] [motor_controller_pid]: Right motor is saturated: target spd -0.15000000596046448
[WARN] [1785905989.370043807] [motor_controller_pid]: Left motor is saturated: target spd 0.15000000596046448
[WARN] [1785905989.372351099] [motor_controller_pid]: Right motor is saturated: target spd -0.15000000596046448
[WARN] [1785905989.420003586] [motor_controller_pid]: Left motor is saturated: target spd 0.15000000596046448
[WARN] [1785905989.421063241] [motor_controller_pid]: Right motor is saturated: target spd -0.15000000596046448
[WARN] [1785905989.471380688] [motor_controller_pid]: Left motor is saturated: target spd 0.15000000596046448
[WARN] [1785905989.473541276] [motor_controller_pid]: Right motor is saturated: target spd -0.15000000596046448
[WARN] [1785905989.520060940] [motor_controller_pid]: Left motor is saturated: target spd 0.15000000596046448
[WARN] [1785905989.521197040] [motor_controller_pid]: Right motor is saturated: target spd -0.15000000596046448
[WARN] [1785905989.570541018] [motor_controller_pid]: Left motor is saturated: target spd 0.15000000596046448
[WARN] [1785905989.572628661] [motor_controller_pid]: Right motor is saturated: target spd -0.15000000596046448
[WARN] [1785905989.620535260] [motor_controller_pid]: Left motor is saturated: target spd 0.15000000596046448
[WARN] [1785905989.622271549] [motor_controller_pid]: Right motor is saturated: target spd -0.15000000596046448
[WARN] [1785905989.670626502] [motor_controller_pid]: Left motor is saturated: target spd 0.15000000596046448
[WARN] [1785905989.672519644] [motor_controller_pid]: Right motor is saturated: target spd -0.15000000596046448
[WARN] [1785905989.720106667] [motor_controller_pid]: Left motor is saturated: target spd 0.15000000596046448
[WARN] [1785905989.721369138] [motor_controller_pid]: Right motor is saturated: target spd -0.15000000596046448
[WARN] [1785905989.770245836] [motor_controller_pid]: Left motor is saturated: target spd 0.15000000596046448
[WARN] [1785905989.772479905] [motor_controller_pid]: Right motor is saturated: target spd -0.15000000596046448
[WARN] [1785905989.820248022] [motor_controller_pid]: Left motor is saturated: target spd 0.15000000596046448
[WARN] [1785905989.823042058] [motor_controller_pid]: Right motor is saturated: target spd -0.15000000596046448
[WARN] [1785905989.870306153] [motor_controller_pid]: Left motor is saturated: target spd 0.15000000596046448
[WARN] [1785905989.872200721] [motor_controller_pid]: Right motor is saturated: target spd -0.15000000596046448
[WARN] [1785905989.922188222] [motor_controller_pid]: Left motor is saturated: target spd 0.15000000596046448
[WARN] [1785905989.924950165] [motor_controller_pid]: Right motor is saturated: target spd -0.15000000596046448
[WARN] [1785905989.970464415] [motor_controller_pid]: Left motor is saturated: target spd 0.15000000596046448
[WARN] [1785905989.971501348] [motor_controller_pid]: Right motor is saturated: target spd -0.15000000596046448
[WARN] [1785905990.021577757] [motor_controller_pid]: Left motor is saturated: target spd 0.15000000596046448
[WARN] [1785905990.024505498] [motor_controller_pid]: Right motor is saturated: target spd -0.15000000596046448
[WARN] [1785905990.070175805] [motor_controller_pid]: Left motor is saturated: target spd 0.15000000596046448
[WARN] [1785905990.071939779] [motor_controller_pid]: Right motor is saturated: target spd -0.15000000596046448
[WARN] [1785905990.120253121] [motor_controller_pid]: Left motor is saturated: target spd 0.15000000596046448
[WARN] [1785905990.121855687] [motor_controller_pid]: Right motor is saturated: target spd -0.15000000596046448
[WARN] [1785905990.170379975] [motor_controller_pid]: Left motor is saturated: target spd 0.15000000596046448
[WARN] [1785905990.172536692] [motor_controller_pid]: Right motor is saturated: target spd -0.15000000596046448
[WARN] [1785905990.225034561] [motor_controller_pid]: Left motor is saturated: target spd 0.15000000596046448
[WARN] [1785905990.227592355] [motor_controller_pid]: Right motor is saturated: target spd -0.15000000596046448
[WARN] [1785905990.271920727] [motor_controller_pid]: Left motor is saturated: target spd 0.15000000596046448
[WARN] [1785905990.273196217] [motor_controller_pid]: Right motor is saturated: target spd -0.15000000596046448
[WARN] [1785905990.321748987] [motor_controller_pid]: Left motor is saturated: target spd 0.15000000596046448
[WARN] [1785905990.325190342] [motor_controller_pid]: Right motor is saturated: target spd -0.15000000596046448
[WARN] [1785905990.370321145] [motor_controller_pid]: Left motor is saturated: target spd 0.15000000596046448
[WARN] [1785905990.372396344] [motor_controller_pid]: Right motor is saturated: target spd -0.15000000596046448
[WARN] [1785905990.420233702] [motor_controller_pid]: Left motor is saturated: target spd 0.15000000596046448
[WARN] [1785905990.422435493] [motor_controller_pid]: Right motor is saturated: target spd -0.15000000596046448
[WARN] [1785905990.470066979] [motor_controller_pid]: Left motor is saturated: target spd 0.15000000596046448
[WARN] [1785905990.470983374] [motor_controller_pid]: Right motor is saturated: target spd -0.15000000596046448
[WARN] [1785905990.521011801] [motor_controller_pid]: Left motor is saturated: target spd 0.15000000596046448
[WARN] [1785905990.522318384] [motor_controller_pid]: Right motor is saturated: target spd -0.15000000596046448
[WARN] [1785905990.570089630] [motor_controller_pid]: Left motor is saturated: target spd 0.15000000596046448
[WARN] [1785905990.572031605] [motor_controller_pid]: Right motor is saturated: target spd -0.15000000596046448
[WARN] [1785905990.620199632] [motor_controller_pid]: Left motor is saturated: target spd 0.15000000596046448
[WARN] [1785905990.624658660] [motor_controller_pid]: Right motor is saturated: target spd -0.15000000596046448
[WARN] [1785905990.670423171] [motor_controller_pid]: Left motor is saturated: target spd 0.15000000596046448
[WARN] [1785905990.672454036] [motor_controller_pid]: Right motor is saturated: target spd -0.15000000596046448
[WARN] [1785905990.720359505] [motor_controller_pid]: Left motor is saturated: target spd 0.15000000596046448
[WARN] [1785905990.723211116] [motor_controller_pid]: Right motor is saturated: target spd -0.15000000596046448
[WARN] [1785905990.771538310] [motor_controller_pid]: Left motor is saturated: target spd 0.15000000596046448
[WARN] [1785905990.773341173] [motor_controller_pid]: Right motor is saturated: target spd -0.15000000596046448
[WARN] [1785905990.822466317] [motor_controller_pid]: Left motor is saturated: target spd 0.15000000596046448
[WARN] [1785905990.824337107] [motor_controller_pid]: Right motor is saturated: target spd -0.15000000596046448
[WARN] [1785905990.871310626] [motor_controller_pid]: Left motor is saturated: target spd 0.15000000596046448
[WARN] [1785905990.873774308] [motor_controller_pid]: Right motor is saturated: target spd -0.15000000596046448
[WARN] [1785905990.922664561] [motor_controller_pid]: Left motor is saturated: target spd 0.15000000596046448
[WARN] [1785905990.925800581] [motor_controller_pid]: Right motor is saturated: target spd -0.15000000596046448
[WARN] [1785905990.971886446] [motor_controller_pid]: Left motor is saturated: target spd 0.15000000596046448
[WARN] [1785905990.973346807] [motor_controller_pid]: Right motor is saturated: target spd -0.15000000596046448
[WARN] [1785905991.020329808] [motor_controller_pid]: Left motor is saturated: target spd 0.15000000596046448
[WARN] [1785905991.022519544] [motor_controller_pid]: Right motor is saturated: target spd -0.15000000596046448
[WARN] [1785905991.071593724] [motor_controller_pid]: Left motor is saturated: target spd 0.15000000596046448
[WARN] [1785905991.074347427] [motor_controller_pid]: Right motor is saturated: target spd -0.15000000596046448
[WARN] [1785905991.119951511] [motor_controller_pid]: Left motor is saturated: target spd 0.15000000596046448
[WARN] [1785905991.122576584] [motor_controller_pid]: Right motor is saturated: target spd -0.15000000596046448
[WARN] [1785905991.170953834] [motor_controller_pid]: Left motor is saturated: target spd 0.15000000596046448
[WARN] [1785905991.172425787] [motor_controller_pid]: Right motor is saturated: target spd -0.15000000596046448
[WARN] [1785905991.221081724] [motor_controller_pid]: Left motor is saturated: target spd 0.15000000596046448
[WARN] [1785905991.222626438] [motor_controller_pid]: Right motor is saturated: target spd -0.15000000596046448
[WARN] [1785905991.273518556] [motor_controller_pid]: Left motor is saturated: target spd 0.15000000596046448
[WARN] [1785905991.274878694] [motor_controller_pid]: Right motor is saturated: target spd -0.15000000596046448
[WARN] [1785905991.320391315] [motor_controller_pid]: Left motor is saturated: target spd 0.15000000596046448
[WARN] [1785905991.321588545] [motor_controller_pid]: Right motor is saturated: target spd -0.15000000596046448
[WARN] [1785905991.369949850] [motor_controller_pid]: Left motor is saturated: target spd 0.15000000596046448
[WARN] [1785905991.371474452] [motor_controller_pid]: Right motor is saturated: target spd -0.15000000596046448
[WARN] [1785905991.419982944] [motor_controller_pid]: Left motor is saturated: target spd 0.15000000596046448
[WARN] [1785905991.421636362] [motor_controller_pid]: Right motor is saturated: target spd -0.15000000596046448
[WARN] [1785905991.471406880] [motor_controller_pid]: Left motor is saturated: target spd 0.15000000596046448
[WARN] [1785905991.473759543] [motor_controller_pid]: Right motor is saturated: target spd -0.15000000596046448
[WARN] [1785905991.520371690] [motor_controller_pid]: Left motor is saturated: target spd 0.15000000596046448
[WARN] [1785905991.523599673] [motor_controller_pid]: Right motor is saturated: target spd -0.15000000596046448
[WARN] [1785905991.570989380] [motor_controller_pid]: Left motor is saturated: target spd 0.15000000596046448
[WARN] [1785905991.572387463] [motor_controller_pid]: Right motor is saturated: target spd -0.15000000596046448
[WARN] [1785905991.620060986] [motor_controller_pid]: Left motor is saturated: target spd 0.15000000596046448
[WARN] [1785905991.622131851] [motor_controller_pid]: Right motor is saturated: target spd -0.15000000596046448
[WARN] [1785905991.671552089] [motor_controller_pid]: Left motor is saturated: target spd 0.15000000596046448
[WARN] [1785905991.672995672] [motor_controller_pid]: Right motor is saturated: target spd -0.15000000596046448
[WARN] [1785905991.719945080] [motor_controller_pid]: Left motor is saturated: target spd 0.15000000596046448
[WARN] [1785905991.720986661] [motor_controller_pid]: Right motor is saturated: target spd -0.15000000596046448
[WARN] [1785905991.770628363] [motor_controller_pid]: Left motor is saturated: target spd 0.15000000596046448
[WARN] [1785905991.772811321] [motor_controller_pid]: Right motor is saturated: target spd -0.15000000596046448
[WARN] [1785905991.820071268] [motor_controller_pid]: Left motor is saturated: target spd 0.15000000596046448
[WARN] [1785905991.822368209] [motor_controller_pid]: Right motor is saturated: target spd -0.15000000596046448
[WARN] [1785905991.871432833] [motor_controller_pid]: Left motor is saturated: target spd 0.15000000596046448
[WARN] [1785905991.872820583] [motor_controller_pid]: Right motor is saturated: target spd -0.15000000596046448
[WARN] [1785905991.920018011] [motor_controller_pid]: Left motor is saturated: target spd 0.15000000596046448
[WARN] [1785905991.923014196] [motor_controller_pid]: Right motor is saturated: target spd -0.15000000596046448
[WARN] [1785905991.971141038] [motor_controller_pid]: Left motor is saturated: target spd 0.15000000596046448
[WARN] [1785905991.972861734] [motor_controller_pid]: Right motor is saturated: target spd -0.15000000596046448
[WARN] [1785905992.019997180] [motor_controller_pid]: Left motor is saturated: target spd 0.15000000596046448
[WARN] [1785905992.021452189] [motor_controller_pid]: Right motor is saturated: target spd -0.15000000596046448
[WARN] [1785905992.069969643] [motor_controller_pid]: Left motor is saturated: target spd 0.15000000596046448
[WARN] [1785905992.071136780] [motor_controller_pid]: Right motor is saturated: target spd -0.15000000596046448
[WARN] [1785905992.119957904] [motor_controller_pid]: Left motor is saturated: target spd 0.15000000596046448
[WARN] [1785905992.121390524] [motor_controller_pid]: Right motor is saturated: target spd -0.15000000596046448
[WARN] [1785905992.170092813] [motor_controller_pid]: Left motor is saturated: target spd 0.15000000596046448
[WARN] [1785905992.171172079] [motor_controller_pid]: Right motor is saturated: target spd -0.15000000596046448
[WARN] [1785905992.221910029] [motor_controller_pid]: Left motor is saturated: target spd 0.15000000596046448
[WARN] [1785905992.226725763] [motor_controller_pid]: Right motor is saturated: target spd -0.15000000596046448
[WARN] [1785905992.270237409] [motor_controller_pid]: Left motor is saturated: target spd 0.15000000596046448
[WARN] [1785905992.272538127] [motor_controller_pid]: Right motor is saturated: target spd -0.15000000596046448
[WARN] [1785905992.320262040] [motor_controller_pid]: Left motor is saturated: target spd 0.15000000596046448
[WARN] [1785905992.322980279] [motor_controller_pid]: Right motor is saturated: target spd -0.15000000596046448
[WARN] [1785905992.370117466] [motor_controller_pid]: Left motor is saturated: target spd 0.15000000596046448
[WARN] [1785905992.372614093] [motor_controller_pid]: Right motor is saturated: target spd -0.15000000596046448
[WARN] [1785905992.420261931] [motor_controller_pid]: Left motor is saturated: target spd 0.15000000596046448
[WARN] [1785905992.421935775] [motor_controller_pid]: Right motor is saturated: target spd -0.15000000596046448
[WARN] [1785905992.470935640] [motor_controller_pid]: Left motor is saturated: target spd 0.15000000596046448
[WARN] [1785905992.472733614] [motor_controller_pid]: Right motor is saturated: target spd -0.15000000596046448
[WARN] [1785905992.520473045] [motor_controller_pid]: Left motor is saturated: target spd 0.15000000596046448
[WARN] [1785905992.521552237] [motor_controller_pid]: Right motor is saturated: target spd -0.15000000596046448
[WARN] [1785905992.570137230] [motor_controller_pid]: Left motor is saturated: target spd 0.15000000596046448
[WARN] [1785905992.573492325] [motor_controller_pid]: Right motor is saturated: target spd -0.15000000596046448
[WARN] [1785905992.625492709] [motor_controller_pid]: Left motor is saturated: target spd 0.15000000596046448
[WARN] [1785905992.628623247] [motor_controller_pid]: Right motor is saturated: target spd -0.15000000596046448
[WARN] [1785905992.672114707] [motor_controller_pid]: Left motor is saturated: target spd 0.15000000596046448
[WARN] [1785905992.673214677] [motor_controller_pid]: Right motor is saturated: target spd -0.15000000596046448
[WARN] [1785905992.721498704] [motor_controller_pid]: Left motor is saturated: target spd 0.15000000596046448
[WARN] [1785905992.726102067] [motor_controller_pid]: Right motor is saturated: target spd -0.15000000596046448
[WARN] [1785905992.770299198] [motor_controller_pid]: Left motor is saturated: target spd 0.15000000596046448
[WARN] [1785905992.773110956] [motor_controller_pid]: Right motor is saturated: target spd -0.15000000596046448
[WARN] [1785905992.822748492] [motor_controller_pid]: Left motor is saturated: target spd 0.15000000596046448
[WARN] [1785905992.825239971] [motor_controller_pid]: Right motor is saturated: target spd -0.15000000596046448
[WARN] [1785905992.870303533] [motor_controller_pid]: Left motor is saturated: target spd 0.15000000596046448
[WARN] [1785905992.871522726] [motor_controller_pid]: Right motor is saturated: target spd -0.15000000596046448
[WARN] [1785905992.919848939] [motor_controller_pid]: Left motor is saturated: target spd 0.15000000596046448
[WARN] [1785905992.922331270] [motor_controller_pid]: Right motor is saturated: target spd -0.15000000596046448
[WARN] [1785905992.971558507] [motor_controller_pid]: Left motor is saturated: target spd 0.15000000596046448
[WARN] [1785905992.972519698] [motor_controller_pid]: Right motor is saturated: target spd -0.15000000596046448
[WARN] [1785905993.020415519] [motor_controller_pid]: Left motor is saturated: target spd 0.15000000596046448
[WARN] [1785905993.024719213] [motor_controller_pid]: Right motor is saturated: target spd -0.15000000596046448
[WARN] [1785905993.070549669] [motor_controller_pid]: Left motor is saturated: target spd 0.15000000596046448
[WARN] [1785905993.072852072] [motor_controller_pid]: Right motor is saturated: target spd -0.15000000596046448
[WARN] [1785905993.121005451] [motor_controller_pid]: Left motor is saturated: target spd 0.15000000596046448
[WARN] [1785905993.123250317] [motor_controller_pid]: Right motor is saturated: target spd -0.15000000596046448
[WARN] [1785905993.172068533] [motor_controller_pid]: Left motor is saturated: target spd 0.15000000596046448
[WARN] [1785905993.173124743] [motor_controller_pid]: Right motor is saturated: target spd -0.15000000596046448
[WARN] [1785905993.223161133] [motor_controller_pid]: Left motor is saturated: target spd 0.15000000596046448
[WARN] [1785905993.225617149] [motor_controller_pid]: Right motor is saturated: target spd -0.15000000596046448
[WARN] [1785905993.271757496] [motor_controller_pid]: Left motor is saturated: target spd 0.15000000596046448
[WARN] [1785905993.273824324] [motor_controller_pid]: Right motor is saturated: target spd -0.15000000596046448
[WARN] [1785905993.320782528] [motor_controller_pid]: Left motor is saturated: target spd 0.15000000596046448
[WARN] [1785905993.321935554] [motor_controller_pid]: Right motor is saturated: target spd -0.15000000596046448
[WARN] [1785905993.370948345] [motor_controller_pid]: Left motor is saturated: target spd 0.15000000596046448
[WARN] [1785905993.373234637] [motor_controller_pid]: Right motor is saturated: target spd -0.15000000596046448
[WARN] [1785905993.420108322] [motor_controller_pid]: Left motor is saturated: target spd 0.15000000596046448
[WARN] [1785905993.421139606] [motor_controller_pid]: Right motor is saturated: target spd -0.15000000596046448
[WARN] [1785905993.471744982] [motor_controller_pid]: Left motor is saturated: target spd 0.11504031846046447
[WARN] [1785905993.473669846] [motor_controller_pid]: Right motor is saturated: target spd -0.10495969346046446
[WARN] [1785905993.520082509] [motor_controller_pid]: Left motor is saturated: target spd 0.11504031846046447
[WARN] [1785905993.523130658] [motor_controller_pid]: Right motor is saturated: target spd -0.10495969346046446
[WARN] [1785905993.570154696] [motor_controller_pid]: Left motor is saturated: target spd 0.04512094346046446
[WARN] [1785905993.571469112] [motor_controller_pid]: Right motor is saturated: target spd -0.014879068460464459
[WARN] [1785905993.621141129] [motor_controller_pid]: Left motor is saturated: target spd 0.04512094346046446
[WARN] [1785905993.622596453] [motor_controller_pid]: Right motor is saturated: target spd -0.014879068460464459
[WARN] [1785905993.670144143] [motor_controller_pid]: Left motor is saturated: target spd 0.0252015625
[WARN] [1785905993.672094933] [motor_controller_pid]: Right motor is saturated: target spd 0.0252015625
[WARN] [1785905993.722916402] [motor_controller_pid]: Left motor is saturated: target spd 0.0252015625
[WARN] [1785905993.724739654] [motor_controller_pid]: Right motor is saturated: target spd 0.0252015625
[WARN] [1785905993.771895193] [motor_controller_pid]: Left motor is saturated: target spd 0.0352821875
[WARN] [1785905993.772993329] [motor_controller_pid]: Right motor is saturated: target spd 0.0352821875
[WARN] [1785905993.820884391] [motor_controller_pid]: Left motor is saturated: target spd 0.0352821875
[WARN] [1785905993.823090590] [motor_controller_pid]: Right motor is saturated: target spd 0.0352821875
[WARN] [1785905993.870385074] [motor_controller_pid]: Left motor is saturated: target spd 0.045362812499999995
[WARN] [1785905993.872811830] [motor_controller_pid]: Right motor is saturated: target spd 0.045362812499999995
[WARN] [1785905993.921029080] [motor_controller_pid]: Left motor is saturated: target spd 0.045362812499999995
[WARN] [1785905993.923196297] [motor_controller_pid]: Right motor is saturated: target spd 0.045362812499999995
[WARN] [1785905993.971495787] [motor_controller_pid]: Left motor is saturated: target spd 0.050403125
[WARN] [1785905993.972845444] [motor_controller_pid]: Right motor is saturated: target spd 0.050403125
[WARN] [1785905994.020550782] [motor_controller_pid]: Left motor is saturated: target spd 0.050403125
[WARN] [1785905994.023828099] [motor_controller_pid]: Right motor is saturated: target spd 0.050403125
[WARN] [1785905994.071637827] [motor_controller_pid]: Left motor is saturated: target spd 0.050403125
[WARN] [1785905994.073633062] [motor_controller_pid]: Right motor is saturated: target spd 0.050403125
[WARN] [1785905994.123138356] [motor_controller_pid]: Left motor is saturated: target spd 0.050403125
[WARN] [1785905994.126107357] [motor_controller_pid]: Right motor is saturated: target spd 0.050403125
[WARN] [1785905994.170640083] [motor_controller_pid]: Left motor is saturated: target spd 0.050403125
[WARN] [1785905994.171988369] [motor_controller_pid]: Right motor is saturated: target spd 0.050403125
[WARN] [1785905994.223669306] [motor_controller_pid]: Left motor is saturated: target spd 0.050403125
[WARN] [1785905994.225586337] [motor_controller_pid]: Right motor is saturated: target spd 0.050403125
[WARN] [1785905994.270128878] [motor_controller_pid]: Left motor is saturated: target spd 0.050403125
[WARN] [1785905994.271156866] [motor_controller_pid]: Right motor is saturated: target spd 0.050403125
[WARN] [1785905994.321413461] [motor_controller_pid]: Left motor is saturated: target spd 0.050403125
[WARN] [1785905994.324045793] [motor_controller_pid]: Right motor is saturated: target spd 0.050403125
[WARN] [1785905994.370220899] [motor_controller_pid]: Left motor is saturated: target spd 0.050403125
[WARN] [1785905994.371871298] [motor_controller_pid]: Right motor is saturated: target spd 0.050403125
[WARN] [1785905994.420825978] [motor_controller_pid]: Left motor is saturated: target spd 0.050403125
[WARN] [1785905994.424065165] [motor_controller_pid]: Right motor is saturated: target spd 0.050403125
[WARN] [1785905994.472078894] [motor_controller_pid]: Left motor is saturated: target spd 0.050403125
[WARN] [1785905994.473514755] [motor_controller_pid]: Right motor is saturated: target spd 0.050403125
[WARN] [1785905994.521893728] [motor_controller_pid]: Left motor is saturated: target spd 0.050403125
[WARN] [1785905994.523081698] [motor_controller_pid]: Right motor is saturated: target spd 0.050403125
[WARN] [1785905994.571063168] [motor_controller_pid]: Left motor is saturated: target spd 0.050403125
[WARN] [1785905994.572487066] [motor_controller_pid]: Right motor is saturated: target spd 0.050403125
[WARN] [1785905994.624484506] [motor_controller_pid]: Left motor is saturated: target spd 0.050403125
[WARN] [1785905994.626045645] [motor_controller_pid]: Right motor is saturated: target spd 0.050403125
[WARN] [1785905994.670575797] [motor_controller_pid]: Left motor is saturated: target spd 0.050403125
[WARN] [1785905994.671963935] [motor_controller_pid]: Right motor is saturated: target spd 0.050403125
[WARN] [1785905994.721124653] [motor_controller_pid]: Left motor is saturated: target spd 0.050403125
[WARN] [1785905994.724663009] [motor_controller_pid]: Right motor is saturated: target spd 0.050403125
[WARN] [1785905994.770857393] [motor_controller_pid]: Left motor is saturated: target spd 0.050403125
[WARN] [1785905994.772904666] [motor_controller_pid]: Right motor is saturated: target spd 0.050403125
[WARN] [1785905994.822268977] [motor_controller_pid]: Left motor is saturated: target spd 0.050403125
[WARN] [1785905994.824311935] [motor_controller_pid]: Right motor is saturated: target spd 0.050403125
[WARN] [1785905994.871632549] [motor_controller_pid]: Left motor is saturated: target spd 0.050403125
[WARN] [1785905994.873384745] [motor_controller_pid]: Right motor is saturated: target spd 0.050403125
[WARN] [1785905994.920125818] [motor_controller_pid]: Left motor is saturated: target spd 0.050403125
[WARN] [1785905994.922152294] [motor_controller_pid]: Right motor is saturated: target spd 0.050403125
[WARN] [1785905994.970459321] [motor_controller_pid]: Left motor is saturated: target spd 0.050403125
[WARN] [1785905994.971612162] [motor_controller_pid]: Right motor is saturated: target spd 0.050403125
[WARN] [1785905995.022546595] [motor_controller_pid]: Left motor is saturated: target spd 0.050403125
[WARN] [1785905995.025066888] [motor_controller_pid]: Right motor is saturated: target spd 0.050403125
[WARN] [1785905995.070431323] [motor_controller_pid]: Left motor is saturated: target spd 0.050403125
[WARN] [1785905995.072454373] [motor_controller_pid]: Right motor is saturated: target spd 0.050403125
[WARN] [1785905995.120765012] [motor_controller_pid]: Left motor is saturated: target spd 0.050403125
[WARN] [1785905995.121900352] [motor_controller_pid]: Right motor is saturated: target spd 0.050403125
[WARN] [1785905995.170445066] [motor_controller_pid]: Left motor is saturated: target spd 0.050403125
[WARN] [1785905995.172163503] [motor_controller_pid]: Right motor is saturated: target spd 0.050403125
[WARN] [1785905995.224115202] [motor_controller_pid]: Left motor is saturated: target spd 0.050403125
[WARN] [1785905995.225201394] [motor_controller_pid]: Right motor is saturated: target spd 0.050403125
[WARN] [1785905995.272662230] [motor_controller_pid]: Left motor is saturated: target spd 0.050403125
[WARN] [1785905995.275158543] [motor_controller_pid]: Right motor is saturated: target spd 0.050403125
[WARN] [1785905995.321380501] [motor_controller_pid]: Left motor is saturated: target spd 0.050403125
[WARN] [1785905995.324584262] [motor_controller_pid]: Right motor is saturated: target spd 0.050403125
[WARN] [1785905995.370053253] [motor_controller_pid]: Left motor is saturated: target spd 0.050403125
[WARN] [1785905995.373205958] [motor_controller_pid]: Right motor is saturated: target spd 0.050403125
[WARN] [1785905995.423101940] [motor_controller_pid]: Left motor is saturated: target spd 0.050403125
[WARN] [1785905995.425194528] [motor_controller_pid]: Right motor is saturated: target spd 0.050403125
[WARN] [1785905995.470299461] [motor_controller_pid]: Left motor is saturated: target spd 0.050403125
[WARN] [1785905995.471659932] [motor_controller_pid]: Right motor is saturated: target spd 0.050403125
[WARN] [1785905995.522124121] [motor_controller_pid]: Left motor is saturated: target spd 0.050403125
[WARN] [1785905995.523970689] [motor_controller_pid]: Right motor is saturated: target spd 0.050403125
[WARN] [1785905995.570213351] [motor_controller_pid]: Left motor is saturated: target spd 0.050403125
[WARN] [1785905995.573315686] [motor_controller_pid]: Right motor is saturated: target spd 0.050403125
[WARN] [1785905995.620667614] [motor_controller_pid]: Left motor is saturated: target spd 0.050403125
[WARN] [1785905995.622858443] [motor_controller_pid]: Right motor is saturated: target spd 0.050403125
[WARN] [1785905995.671097266] [motor_controller_pid]: Left motor is saturated: target spd 0.050403125
[WARN] [1785905995.673634431] [motor_controller_pid]: Right motor is saturated: target spd 0.050403125
[WARN] [1785905995.721228083] [motor_controller_pid]: Left motor is saturated: target spd 0.050403125
[WARN] [1785905995.770335671] [motor_controller_pid]: Left motor is saturated: target spd 0.050403125
[WARN] [1785905995.820473377] [motor_controller_pid]: Left motor is saturated: target spd 0.050403125
[WARN] [1785905995.870750306] [motor_controller_pid]: Left motor is saturated: target spd 0.050403125
[WARN] [1785905995.922317280] [motor_controller_pid]: Left motor is saturated: target spd 0.050403125
[WARN] [1785905995.970520177] [motor_controller_pid]: Left motor is saturated: target spd 0.050403125
[WARN] [1785905996.020062434] [motor_controller_pid]: Left motor is saturated: target spd 0.050403125
[WARN] [1785905996.070640957] [motor_controller_pid]: Left motor is saturated: target spd 0.050403125
[WARN] [1785905996.120147215] [motor_controller_pid]: Left motor is saturated: target spd 0.050403125
[WARN] [1785905996.169999252] [motor_controller_pid]: Left motor is saturated: target spd 0.050403125
[WARN] [1785905996.220771702] [motor_controller_pid]: Left motor is saturated: target spd 0.050403125
[WARN] [1785905996.270831537] [motor_controller_pid]: Left motor is saturated: target spd 0.050403125
[WARN] [1785905996.320189553] [motor_controller_pid]: Left motor is saturated: target spd 0.050403125
[WARN] [1785905996.370693798] [motor_controller_pid]: Left motor is saturated: target spd 0.050403125
[WARN] [1785905996.419994461] [motor_controller_pid]: Left motor is saturated: target spd 0.050403125
[WARN] [1785905996.471454971] [motor_controller_pid]: Left motor is saturated: target spd 0.050403125
[WARN] [1785905996.523895469] [motor_controller_pid]: Left motor is saturated: target spd 0.050403125
[WARN] [1785905996.570092909] [motor_controller_pid]: Left motor is saturated: target spd 0.050403125
[WARN] [1785905996.620308467] [motor_controller_pid]: Left motor is saturated: target spd 0.050403125
[WARN] [1785905996.672381019] [motor_controller_pid]: Left motor is saturated: target spd 0.050403125
[WARN] [1785905996.720605842] [motor_controller_pid]: Left motor is saturated: target spd 0.050403125
[WARN] [1785905996.770254248] [motor_controller_pid]: Left motor is saturated: target spd 0.050403125
[WARN] [1785905996.820072378] [motor_controller_pid]: Left motor is saturated: target spd 0.050403125
[WARN] [1785905996.871896927] [motor_controller_pid]: Left motor is saturated: target spd 0.050403125
[WARN] [1785905996.924336055] [motor_controller_pid]: Left motor is saturated: target spd 0.050403125
[WARN] [1785905996.970364346] [motor_controller_pid]: Left motor is saturated: target spd 0.050403125
[WARN] [1785905997.021831171] [motor_controller_pid]: Left motor is saturated: target spd 0.050403125
[WARN] [1785905997.070404922] [motor_controller_pid]: Left motor is saturated: target spd 0.050403125
[WARN] [1785905997.120027458] [motor_controller_pid]: Left motor is saturated: target spd 0.050403125
[WARN] [1785905997.170149960] [motor_controller_pid]: Left motor is saturated: target spd 0.050403125
[WARN] [1785905997.223388518] [motor_controller_pid]: Left motor is saturated: target spd 0.050403125
[WARN] [1785905997.270380538] [motor_controller_pid]: Left motor is saturated: target spd 0.050403125
[WARN] [1785905997.319881499] [motor_controller_pid]: Left motor is saturated: target spd 0.050403125
[WARN] [1785905997.370607949] [motor_controller_pid]: Left motor is saturated: target spd 0.050403125
[WARN] [1785905997.420870100] [motor_controller_pid]: Left motor is saturated: target spd 0.050403125
[WARN] [1785905997.472196313] [motor_controller_pid]: Left motor is saturated: target spd 0.050403125
[WARN] [1785905997.521089881] [motor_controller_pid]: Left motor is saturated: target spd 0.050403125
[WARN] [1785905997.570062653] [motor_controller_pid]: Left motor is saturated: target spd 0.050403125
[WARN] [1785905997.622873728] [motor_controller_pid]: Left motor is saturated: target spd 0.050403125
[WARN] [1785905997.670547399] [motor_controller_pid]: Left motor is saturated: target spd 0.050403125
[WARN] [1785905997.720164083] [motor_controller_pid]: Left motor is saturated: target spd 0.050403125
[WARN] [1785905997.771486019] [motor_controller_pid]: Left motor is saturated: target spd 0.050403125
[WARN] [1785905997.820022510] [motor_controller_pid]: Left motor is saturated: target spd 0.050403125
[WARN] [1785905997.870457014] [motor_controller_pid]: Left motor is saturated: target spd 0.050403125
[WARN] [1785905997.919925142] [motor_controller_pid]: Left motor is saturated: target spd 0.050403125
[WARN] [1785905997.970299904] [motor_controller_pid]: Left motor is saturated: target spd 0.050403125
[WARN] [1785905998.020003255] [motor_controller_pid]: Left motor is saturated: target spd 0.050403125
[WARN] [1785905998.070269703] [motor_controller_pid]: Left motor is saturated: target spd 0.050403125
[WARN] [1785905998.121804047] [motor_controller_pid]: Left motor is saturated: target spd 0.050403125
[WARN] [1785905998.170104074] [motor_controller_pid]: Left motor is saturated: target spd 0.050403125
[WARN] [1785905998.219925963] [motor_controller_pid]: Left motor is saturated: target spd 0.050403125
[WARN] [1785905998.270728895] [motor_controller_pid]: Left motor is saturated: target spd 0.050403125
[WARN] [1785905998.319960373] [motor_controller_pid]: Left motor is saturated: target spd 0.050403125
[WARN] [1785905998.370843750] [motor_controller_pid]: Left motor is saturated: target spd 0.050403125
[WARN] [1785905998.419823800] [motor_controller_pid]: Left motor is saturated: target spd 0.050403125
[WARN] [1785905998.472297020] [motor_controller_pid]: Left motor is saturated: target spd 0.050403125
[WARN] [1785905998.521015199] [motor_controller_pid]: Left motor is saturated: target spd 0.050403125
[WARN] [1785905998.570483807] [motor_controller_pid]: Left motor is saturated: target spd 0.050403125
[WARN] [1785905998.619940824] [motor_controller_pid]: Left motor is saturated: target spd 0.050403125
[WARN] [1785905998.671806207] [motor_controller_pid]: Left motor is saturated: target spd 0.050403125
[WARN] [1785905998.720755498] [motor_controller_pid]: Left motor is saturated: target spd 0.050403125
[WARN] [1785905998.770095569] [motor_controller_pid]: Left motor is saturated: target spd 0.050403125
[WARN] [1785905998.820137533] [motor_controller_pid]: Left motor is saturated: target spd 0.050403125
[WARN] [1785905998.871977786] [motor_controller_pid]: Left motor is saturated: target spd 0.050403125
[WARN] [1785905998.920084664] [motor_controller_pid]: Left motor is saturated: target spd 0.050403125
[WARN] [1785905998.972288272] [motor_controller_pid]: Left motor is saturated: target spd 0.050403125
[WARN] [1785905999.020048389] [motor_controller_pid]: Left motor is saturated: target spd 0.050403125
[WARN] [1785905999.071299305] [motor_controller_pid]: Left motor is saturated: target spd 0.050403125
[WARN] [1785905999.119934983] [motor_controller_pid]: Left motor is saturated: target spd 0.050403125
[WARN] [1785905999.170481191] [motor_controller_pid]: Left motor is saturated: target spd 0.050403125
[WARN] [1785905999.220135819] [motor_controller_pid]: Left motor is saturated: target spd 0.050403125
[WARN] [1785905999.270438674] [motor_controller_pid]: Left motor is saturated: target spd 0.050403125
[WARN] [1785905999.319914765] [motor_controller_pid]: Left motor is saturated: target spd 0.050403125
[WARN] [1785905999.370851142] [motor_controller_pid]: Left motor is saturated: target spd 0.050403125
[WARN] [1785905999.419877544] [motor_controller_pid]: Left motor is saturated: target spd 0.050403125
[WARN] [1785905999.471601316] [motor_controller_pid]: Left motor is saturated: target spd 0.050403125
[WARN] [1785905999.520519532] [motor_controller_pid]: Left motor is saturated: target spd 0.050403125
[WARN] [1785905999.570450088] [motor_controller_pid]: Left motor is saturated: target spd 0.050403125
[WARN] [1785905999.620049976] [motor_controller_pid]: Left motor is saturated: target spd 0.050403125
[WARN] [1785905999.670642444] [motor_controller_pid]: Left motor is saturated: target spd 0.050403125
[WARN] [1785905999.720038034] [motor_controller_pid]: Left motor is saturated: target spd 0.050403125
[WARN] [1785905999.771917269] [motor_controller_pid]: Left motor is saturated: target spd 0.050403125
[WARN] [1785905999.820062054] [motor_controller_pid]: Left motor is saturated: target spd 0.050403125
[WARN] [1785905999.870811949] [motor_controller_pid]: Left motor is saturated: target spd 0.050403125
[WARN] [1785905999.923674598] [motor_controller_pid]: Left motor is saturated: target spd 0.050403125
[WARN] [1785905999.970508449] [motor_controller_pid]: Left motor is saturated: target spd 0.050403125
[WARN] [1785906000.020009225] [motor_controller_pid]: Left motor is saturated: target spd 0.050403125
[WARN] [1785906000.070823731] [motor_controller_pid]: Left motor is saturated: target spd 0.050403125
[WARN] [1785906000.120781195] [motor_controller_pid]: Left motor is saturated: target spd 0.050403125
[WARN] [1785906000.170401305] [motor_controller_pid]: Left motor is saturated: target spd 0.050403125
[WARN] [1785906000.222665709] [motor_controller_pid]: Left motor is saturated: target spd 0.050403125
[WARN] [1785906000.270140065] [motor_controller_pid]: Left motor is saturated: target spd 0.050403125
[WARN] [1785906000.319868434] [motor_controller_pid]: Left motor is saturated: target spd 0.050403125
[WARN] [1785906000.369975807] [motor_controller_pid]: Left motor is saturated: target spd 0.050403125
[WARN] [1785906000.419998660] [motor_controller_pid]: Left motor is saturated: target spd 0.050403125
[WARN] [1785906000.470187255] [motor_controller_pid]: Left motor is saturated: target spd 0.050403125
[WARN] [1785906000.520189608] [motor_controller_pid]: Left motor is saturated: target spd 0.050403125
[WARN] [1785906000.571054947] [motor_controller_pid]: Left motor is saturated: target spd 0.050403125
[WARN] [1785906000.619957497] [motor_controller_pid]: Left motor is saturated: target spd 0.050403125
[WARN] [1785906000.671982363] [motor_controller_pid]: Left motor is saturated: target spd 0.050403125
[WARN] [1785906000.721250267] [motor_controller_pid]: Left motor is saturated: target spd 0.050403125
[WARN] [1785906000.770353336] [motor_controller_pid]: Left motor is saturated: target spd 0.050403125
[WARN] [1785906000.820127966] [motor_controller_pid]: Left motor is saturated: target spd 0.050403125
[WARN] [1785906000.870233319] [motor_controller_pid]: Left motor is saturated: target spd 0.050403125
[WARN] [1785906000.920152727] [motor_controller_pid]: Left motor is saturated: target spd 0.050403125
[WARN] [1785906000.970863029] [motor_controller_pid]: Left motor is saturated: target spd 0.050403125
[WARN] [1785906001.020114099] [motor_controller_pid]: Left motor is saturated: target spd 0.050403125
[WARN] [1785906001.071130440] [motor_controller_pid]: Left motor is saturated: target spd 0.050403125
[WARN] [1785906001.120046268] [motor_controller_pid]: Left motor is saturated: target spd 0.050403125
[WARN] [1785906001.170266085] [motor_controller_pid]: Left motor is saturated: target spd 0.050403125
[WARN] [1785906001.224870856] [motor_controller_pid]: Left motor is saturated: target spd 0.050403125
[WARN] [1785906001.271911024] [motor_controller_pid]: Left motor is saturated: target spd 0.050403125
[WARN] [1785906001.319948790] [motor_controller_pid]: Left motor is saturated: target spd 0.050403125
[WARN] [1785906001.371089206] [motor_controller_pid]: Left motor is saturated: target spd 0.050403125
[WARN] [1785906001.422910459] [motor_controller_pid]: Left motor is saturated: target spd 0.050403125
[WARN] [1785906001.470650872] [motor_controller_pid]: Left motor is saturated: target spd 0.050403125
[WARN] [1785906001.523212926] [motor_controller_pid]: Left motor is saturated: target spd 0.050403125
[WARN] [1785906001.570133019] [motor_controller_pid]: Left motor is saturated: target spd 0.050403125
[WARN] [1785906001.621643530] [motor_controller_pid]: Left motor is saturated: target spd 0.050403125
[WARN] [1785906001.670991582] [motor_controller_pid]: Left motor is saturated: target spd 0.050403125
[WARN] [1785906001.720109726] [motor_controller_pid]: Left motor is saturated: target spd 0.050403125
[WARN] [1785906001.770459970] [motor_controller_pid]: Left motor is saturated: target spd 0.050403125
[WARN] [1785906001.819964709] [motor_controller_pid]: Left motor is saturated: target spd 0.050403125
[WARN] [1785906001.870341416] [motor_controller_pid]: Left motor is saturated: target spd 0.050403125
[WARN] [1785906001.921924205] [motor_controller_pid]: Left motor is saturated: target spd 0.050403125
[WARN] [1785906001.970281195] [motor_controller_pid]: Left motor is saturated: target spd 0.050403125
[WARN] [1785906002.019974195] [motor_controller_pid]: Left motor is saturated: target spd 0.050403125
[WARN] [1785906002.070127660] [motor_controller_pid]: Left motor is saturated: target spd 0.050403125
[WARN] [1785906002.120400422] [motor_controller_pid]: Left motor is saturated: target spd 0.050403125
[WARN] [1785906002.170412571] [motor_controller_pid]: Left motor is saturated: target spd 0.050403125
[WARN] [1785906002.219997588] [motor_controller_pid]: Left motor is saturated: target spd 0.050403125
[WARN] [1785906002.270529870] [motor_controller_pid]: Left motor is saturated: target spd 0.050403125
[WARN] [1785906002.322316753] [motor_controller_pid]: Left motor is saturated: target spd 0.050403125
[WARN] [1785906002.372814628] [motor_controller_pid]: Left motor is saturated: target spd 0.050403125
[WARN] [1785906002.420066815] [motor_controller_pid]: Left motor is saturated: target spd 0.050403125
[WARN] [1785906002.470317873] [motor_controller_pid]: Left motor is saturated: target spd 0.050403125
[WARN] [1785906002.519975335] [motor_controller_pid]: Left motor is saturated: target spd 0.050403125
[WARN] [1785906002.571474049] [motor_controller_pid]: Left motor is saturated: target spd 0.050403125
[WARN] [1785906002.620006412] [motor_controller_pid]: Left motor is saturated: target spd 0.050403125
[WARN] [1785906002.670295989] [motor_controller_pid]: Left motor is saturated: target spd 0.050403125
[WARN] [1785906002.720029025] [motor_controller_pid]: Left motor is saturated: target spd 0.050403125
[WARN] [1785906002.770938032] [motor_controller_pid]: Left motor is saturated: target spd 0.050403125
[WARN] [1785906002.772657209] [motor_controller_pid]: Right motor is saturated: target spd 0.050403125
[WARN] [1785906002.820030638] [motor_controller_pid]: Left motor is saturated: target spd 0.050403125
[WARN] [1785906002.823786014] [motor_controller_pid]: Right motor is saturated: target spd 0.050403125
[WARN] [1785906002.871054498] [motor_controller_pid]: Left motor is saturated: target spd 0.050403125
[WARN] [1785906002.872380062] [motor_controller_pid]: Right motor is saturated: target spd 0.050403125
[WARN] [1785906002.919963214] [motor_controller_pid]: Left motor is saturated: target spd 0.050403125
[WARN] [1785906002.922541508] [motor_controller_pid]: Right motor is saturated: target spd 0.050403125
[WARN] [1785906002.970030012] [motor_controller_pid]: Left motor is saturated: target spd 0.050403125
[WARN] [1785906002.971208779] [motor_controller_pid]: Right motor is saturated: target spd 0.050403125
[WARN] [1785906003.020011661] [motor_controller_pid]: Left motor is saturated: target spd 0.050403125
[WARN] [1785906003.021972414] [motor_controller_pid]: Right motor is saturated: target spd 0.050403125
[WARN] [1785906003.070652444] [motor_controller_pid]: Left motor is saturated: target spd 0.050403125
[WARN] [1785906003.074055984] [motor_controller_pid]: Right motor is saturated: target spd 0.050403125
[WARN] [1785906003.119857422] [motor_controller_pid]: Left motor is saturated: target spd 0.050403125
[WARN] [1785906003.121600099] [motor_controller_pid]: Right motor is saturated: target spd 0.050403125
[WARN] [1785906003.170162906] [motor_controller_pid]: Left motor is saturated: target spd 0.050403125
[WARN] [1785906003.171360099] [motor_controller_pid]: Right motor is saturated: target spd 0.050403125
[WARN] [1785906003.220955134] [motor_controller_pid]: Left motor is saturated: target spd 0.050403125
[WARN] [1785906003.222281050] [motor_controller_pid]: Right motor is saturated: target spd 0.050403125
[WARN] [1785906003.271563306] [motor_controller_pid]: Left motor is saturated: target spd 0.050403125
[WARN] [1785906003.273275595] [motor_controller_pid]: Right motor is saturated: target spd 0.050403125
[WARN] [1785906003.320023649] [motor_controller_pid]: Left motor is saturated: target spd 0.050403125
[WARN] [1785906003.322303497] [motor_controller_pid]: Right motor is saturated: target spd 0.050403125
[WARN] [1785906003.370220503] [motor_controller_pid]: Left motor is saturated: target spd 0.050403125
[WARN] [1785906003.371636012] [motor_controller_pid]: Right motor is saturated: target spd 0.050403125
[WARN] [1785906003.420056578] [motor_controller_pid]: Left motor is saturated: target spd 0.050403125
[WARN] [1785906003.421655254] [motor_controller_pid]: Right motor is saturated: target spd 0.050403125
[WARN] [1785906003.472828170] [motor_controller_pid]: Left motor is saturated: target spd 0.0453628125
[WARN] [1785906003.473953196] [motor_controller_pid]: Right motor is saturated: target spd 0.0453628125
[WARN] [1785906003.521614090] [motor_controller_pid]: Left motor is saturated: target spd 0.0453628125
[WARN] [1785906003.524450182] [motor_controller_pid]: Right motor is saturated: target spd 0.0453628125
[WARN] [1785906003.570301249] [motor_controller_pid]: Left motor is saturated: target spd 0.035282187500000006
[WARN] [1785906003.572497041] [motor_controller_pid]: Right motor is saturated: target spd 0.035282187500000006
[WARN] [1785906003.620754253] [motor_controller_pid]: Left motor is saturated: target spd 0.035282187500000006
[WARN] [1785906003.622123447] [motor_controller_pid]: Right motor is saturated: target spd 0.035282187500000006
[WARN] [1785906003.671046274] [motor_controller_pid]: Left motor is saturated: target spd 0.025201562500000007
[WARN] [1785906003.673120028] [motor_controller_pid]: Right motor is saturated: target spd 0.025201562500000007
[WARN] [1785906003.720078825] [motor_controller_pid]: Left motor is saturated: target spd 0.025201562500000007
[WARN] [1785906003.722890528] [motor_controller_pid]: Right motor is saturated: target spd 0.025201562500000007
[WARN] [1785906003.771603336] [motor_controller_pid]: Left motor is saturated: target spd 0.015120937500000008
[WARN] [1785906003.773083197] [motor_controller_pid]: Right motor is saturated: target spd 0.015120937500000008
[WARN] [1785906003.819811733] [motor_controller_pid]: Left motor is saturated: target spd 0.015120937500000008
[WARN] [1785906003.821379780] [motor_controller_pid]: Right motor is saturated: target spd 0.015120937500000008
[WARN] [1785906004.969886370] [motor_controller_pid]: Command timeout; stopping motors
[WARN] [1785906011.420359699] [motor_controller_pid]: Left motor is saturated: target spd 0.05846920120641589
[WARN] [1785906011.470478090] [motor_controller_pid]: Left motor is saturated: target spd 0.05981765024391934
[WARN] [1785906011.521434004] [motor_controller_pid]: Left motor is saturated: target spd 0.05981765024391934
[WARN] [1785906011.571583414] [motor_controller_pid]: Left motor is saturated: target spd 0.051629224694147706
[WARN] [1785906011.620122406] [motor_controller_pid]: Left motor is saturated: target spd 0.051629224694147706
[WARN] [1785906011.669983387] [motor_controller_pid]: Left motor is saturated: target spd 0.04430373902604915
[WARN] [1785906011.720234057] [motor_controller_pid]: Left motor is saturated: target spd 0.04430373902604915
[WARN] [1785906011.772170626] [motor_controller_pid]: Left motor is saturated: target spd 0.04123020343966782
[WARN] [1785906011.848913370] [motor_controller_pid]: Left motor is saturated: target spd 0.04123020343966782
[WARN] [1785906011.890594466] [motor_controller_pid]: Left motor is saturated: target spd 0.03894374111141078
[WARN] [1785906011.920870491] [motor_controller_pid]: Left motor is saturated: target spd 0.03894374111141078
[WARN] [1785906011.970123080] [motor_controller_pid]: Left motor is saturated: target spd 0.04292790247257799
[WARN] [1785906012.020530084] [motor_controller_pid]: Left motor is saturated: target spd 0.04292790247257799
[WARN] [1785906012.072254651] [motor_controller_pid]: Left motor is saturated: target spd 0.04777940740957856
[WARN] [1785906012.120440289] [motor_controller_pid]: Left motor is saturated: target spd 0.04777940740957856
[WARN] [1785906012.170429308] [motor_controller_pid]: Left motor is saturated: target spd 0.04158279434563592
[WARN] [1785906012.221851467] [motor_controller_pid]: Left motor is saturated: target spd 0.04158279434563592
[WARN] [1785906012.271020981] [motor_controller_pid]: Left motor is saturated: target spd 0.044074963031802326
[WARN] [1785906012.320765869] [motor_controller_pid]: Left motor is saturated: target spd 0.044074963031802326
[WARN] [1785906012.371654839] [motor_controller_pid]: Left motor is saturated: target spd 0.04189924253779463
[WARN] [1785906012.374420023] [motor_controller_pid]: Right motor is saturated: target spd -0.018325089377583936
[WARN] [1785906012.420674815] [motor_controller_pid]: Left motor is saturated: target spd 0.04189924253779463
[WARN] [1785906012.422457327] [motor_controller_pid]: Right motor is saturated: target spd -0.018325089377583936
[WARN] [1785906012.471149190] [motor_controller_pid]: Left motor is saturated: target spd 0.04496828917367384
[WARN] [1785906012.472322605] [motor_controller_pid]: Right motor is saturated: target spd -0.02081477191345766
[WARN] [1785906012.521806621] [motor_controller_pid]: Left motor is saturated: target spd 0.04496828917367384
[WARN] [1785906012.523924097] [motor_controller_pid]: Right motor is saturated: target spd -0.02081477191345766
[WARN] [1785906012.572130365] [motor_controller_pid]: Left motor is saturated: target spd 0.04541630630064756
[WARN] [1785906012.573734875] [motor_controller_pid]: Right motor is saturated: target spd -0.021098759428970514
[WARN] [1785906012.620010056] [motor_controller_pid]: Left motor is saturated: target spd 0.04541630630064756
[WARN] [1785906012.621128045] [motor_controller_pid]: Right motor is saturated: target spd -0.021098759428970514
[WARN] [1785906012.670129799] [motor_controller_pid]: Left motor is saturated: target spd 0.04510526493443176
[WARN] [1785906012.671371825] [motor_controller_pid]: Right motor is saturated: target spd -0.016586533335316928
[WARN] [1785906012.720317727] [motor_controller_pid]: Left motor is saturated: target spd 0.04510526493443176
[WARN] [1785906012.723698563] [motor_controller_pid]: Right motor is saturated: target spd -0.016586533335316928
[WARN] [1785906012.770372173] [motor_controller_pid]: Left motor is saturated: target spd 0.04689430503295734
[WARN] [1785906012.772761318] [motor_controller_pid]: Right motor is saturated: target spd -0.016408882456552237
[WARN] [1785906012.820724602] [motor_controller_pid]: Left motor is saturated: target spd 0.04689430503295734
[WARN] [1785906012.822797671] [motor_controller_pid]: Right motor is saturated: target spd -0.016408882456552237
[WARN] [1785906012.870329305] [motor_controller_pid]: Left motor is saturated: target spd 0.049097200075909495
[WARN] [1785906012.871625442] [motor_controller_pid]: Right motor is saturated: target spd -0.016412253339961172
[WARN] [1785906012.922069872] [motor_controller_pid]: Left motor is saturated: target spd 0.049097200075909495
[WARN] [1785906012.923790124] [motor_controller_pid]: Right motor is saturated: target spd -0.016412253339961172
[WARN] [1785906012.980278296] [motor_controller_pid]: Left motor is saturated: target spd 0.059498145648557696
[WARN] [1785906012.982331475] [motor_controller_pid]: Right motor is saturated: target spd -0.026824780336301774
[WARN] [1785906013.021413500] [motor_controller_pid]: Left motor is saturated: target spd 0.059498145648557696
[WARN] [1785906013.024383426] [motor_controller_pid]: Right motor is saturated: target spd -0.026824780336301774
[WARN] [1785906013.070415180] [motor_controller_pid]: Left motor is saturated: target spd 0.051816620285622776
[WARN] [1785906013.072313544] [motor_controller_pid]: Right motor is saturated: target spd -0.024410225098021328
[WARN] [1785906013.120594293] [motor_controller_pid]: Left motor is saturated: target spd 0.051755444586556405
[WARN] [1785906013.122544787] [motor_controller_pid]: Right motor is saturated: target spd -0.02542734754057601
[WARN] [1785906013.170330700] [motor_controller_pid]: Left motor is saturated: target spd 0.051755444586556405
[WARN] [1785906013.173191681] [motor_controller_pid]: Right motor is saturated: target spd -0.02542734754057601
[WARN] [1785906013.220333146] [motor_controller_pid]: Left motor is saturated: target spd 0.051755444586556405
[WARN] [1785906013.222203639] [motor_controller_pid]: Right motor is saturated: target spd -0.02542734754057601
[WARN] [1785906013.270129516] [motor_controller_pid]: Left motor is saturated: target spd 0.04803176909359172
[WARN] [1785906013.271399135] [motor_controller_pid]: Right motor is saturated: target spd -0.023338296118658036
[WARN] [1785906013.320139295] [motor_controller_pid]: Left motor is saturated: target spd 0.04803176909359172
[WARN] [1785906013.321743157] [motor_controller_pid]: Right motor is saturated: target spd -0.023338296118658036
[WARN] [1785906013.370364779] [motor_controller_pid]: Left motor is saturated: target spd 0.051598292892985044
[WARN] [1785906013.373129667] [motor_controller_pid]: Right motor is saturated: target spd -0.02620965510029346
[WARN] [1785906013.423130908] [motor_controller_pid]: Left motor is saturated: target spd 0.047004512995155526
[WARN] [1785906013.425567461] [motor_controller_pid]: Right motor is saturated: target spd -0.02297370925578289
[WARN] [1785906013.470476282] [motor_controller_pid]: Left motor is saturated: target spd 0.047004512995155526
[WARN] [1785906013.472792241] [motor_controller_pid]: Right motor is saturated: target spd -0.02297370925578289
[WARN] [1785906013.520282133] [motor_controller_pid]: Left motor is saturated: target spd 0.047004512995155526
[WARN] [1785906013.521522049] [motor_controller_pid]: Right motor is saturated: target spd -0.02297370925578289
[WARN] [1785906013.570427987] [motor_controller_pid]: Left motor is saturated: target spd 0.0565607169480063
[WARN] [1785906013.573154412] [motor_controller_pid]: Right motor is saturated: target spd -0.022277825155761093
[WARN] [1785906013.620407229] [motor_controller_pid]: Left motor is saturated: target spd 0.0565607169480063
[WARN] [1785906013.621670922] [motor_controller_pid]: Right motor is saturated: target spd -0.022277825155761093
[WARN] [1785906013.670316507] [motor_controller_pid]: Left motor is saturated: target spd 0.04798488779244944
[WARN] [1785906013.672660670] [motor_controller_pid]: Right motor is saturated: target spd -0.0193610070806928
[WARN] [1785906013.720426657] [motor_controller_pid]: Left motor is saturated: target spd 0.04798488779244944
[WARN] [1785906013.723190860] [motor_controller_pid]: Right motor is saturated: target spd -0.0193610070806928
[WARN] [1785906013.770115230] [motor_controller_pid]: Left motor is saturated: target spd 0.048465502945985645
[WARN] [1785906013.771748796] [motor_controller_pid]: Right motor is saturated: target spd -0.016787479133997113
[WARN] [1785906013.821323739] [motor_controller_pid]: Left motor is saturated: target spd 0.051652325397450474
[WARN] [1785906013.823932052] [motor_controller_pid]: Right motor is saturated: target spd -0.015200706118624657
[WARN] [1785906013.871897114] [motor_controller_pid]: Left motor is saturated: target spd 0.051652325397450474
[WARN] [1785906013.873948164] [motor_controller_pid]: Right motor is saturated: target spd -0.015200706118624657
[WARN] [1785906013.920228623] [motor_controller_pid]: Left motor is saturated: target spd 0.051652325397450474
[WARN] [1785906013.921609743] [motor_controller_pid]: Right motor is saturated: target spd -0.015200706118624657
[WARN] [1785906013.970253791] [motor_controller_pid]: Left motor is saturated: target spd 0.05153736454769969
[WARN] [1785906013.971823560] [motor_controller_pid]: Right motor is saturated: target spd -0.008583098823577166
[WARN] [1785906014.020897611] [motor_controller_pid]: Left motor is saturated: target spd 0.05153736454769969
[WARN] [1785906014.024696394] [motor_controller_pid]: Right motor is saturated: target spd -0.008583098823577166
[WARN] [1785906014.089813935] [motor_controller_pid]: Left motor is saturated: target spd 0.05644462024327368
[WARN] [1785906014.106350892] [motor_controller_pid]: Right motor is saturated: target spd -0.019142071255482732
[WARN] [1785906014.121762026] [motor_controller_pid]: Left motor is saturated: target spd 0.05644462024327368
[WARN] [1785906014.124437432] [motor_controller_pid]: Right motor is saturated: target spd -0.019142071255482732
[WARN] [1785906014.170418463] [motor_controller_pid]: Left motor is saturated: target spd 0.06245510948095471
[WARN] [1785906014.172941924] [motor_controller_pid]: Right motor is saturated: target spd -0.032602921899221836
[WARN] [1785906014.220730114] [motor_controller_pid]: Left motor is saturated: target spd 0.06245510948095471
[WARN] [1785906014.223358761] [motor_controller_pid]: Right motor is saturated: target spd -0.032602921899221836
[WARN] [1785906014.270157964] [motor_controller_pid]: Left motor is saturated: target spd 0.055683794235158714
[WARN] [1785906014.272265051] [motor_controller_pid]: Right motor is saturated: target spd -0.025775429988931862
[WARN] [1785906014.319990982] [motor_controller_pid]: Left motor is saturated: target spd 0.055683794235158714
[WARN] [1785906014.322973723] [motor_controller_pid]: Right motor is saturated: target spd -0.025775429988931862
[WARN] [1785906014.370459542] [motor_controller_pid]: Left motor is saturated: target spd 0.05232406479232013
[WARN] [1785906014.373476413] [motor_controller_pid]: Right motor is saturated: target spd -0.024680218874290585
[WARN] [1785906014.420428821] [motor_controller_pid]: Left motor is saturated: target spd 0.05232406479232013
[WARN] [1785906014.422942559] [motor_controller_pid]: Right motor is saturated: target spd -0.024680218874290585
[WARN] [1785906014.471236531] [motor_controller_pid]: Left motor is saturated: target spd 0.05855220865067094
[WARN] [1785906014.472899708] [motor_controller_pid]: Right motor is saturated: target spd -0.02246472675744444
[WARN] [1785906014.520124691] [motor_controller_pid]: Left motor is saturated: target spd 0.05855220865067094
[WARN] [1785906014.521408385] [motor_controller_pid]: Right motor is saturated: target spd -0.02246472675744444
[WARN] [1785906014.570076340] [motor_controller_pid]: Left motor is saturated: target spd 0.053932677869684996
[WARN] [1785906014.571100162] [motor_controller_pid]: Right motor is saturated: target spd -0.02308430158626288
[WARN] [1785906014.620032489] [motor_controller_pid]: Left motor is saturated: target spd 0.053932677869684996
[WARN] [1785906014.621345368] [motor_controller_pid]: Right motor is saturated: target spd -0.02308430158626288
[WARN] [1785906015.020401852] [motor_controller_pid]: Left motor is saturated: target spd 0.05528299952642992
[WARN] [1785906015.072962610] [motor_controller_pid]: Left motor is saturated: target spd 0.05387072534114122
[WARN] [1785906015.120065186] [motor_controller_pid]: Left motor is saturated: target spd 0.05387072534114122
[WARN] [1785906015.177334399] [motor_controller_pid]: Left motor is saturated: target spd 0.055757503317389635
[WARN] [1785906015.227130306] [motor_controller_pid]: Right motor is saturated: target spd -0.027298886968102308
[WARN] [1785906015.242019863] [motor_controller_pid]: Left motor is saturated: target spd 0.055757503317389635
[WARN] [1785906015.243831171] [motor_controller_pid]: Right motor is saturated: target spd -0.027298886968102308
[WARN] [1785906015.269862558] [motor_controller_pid]: Left motor is saturated: target spd 0.0579745699711144
[WARN] [1785906015.271098769] [motor_controller_pid]: Right motor is saturated: target spd -0.027922905509918928
[WARN] [1785906015.320021986] [motor_controller_pid]: Left motor is saturated: target spd 0.0579745699711144
[WARN] [1785906015.323600786] [motor_controller_pid]: Right motor is saturated: target spd -0.027922905509918928
[WARN] [1785906015.370395545] [motor_controller_pid]: Left motor is saturated: target spd 0.051251870304066686
[WARN] [1785906015.372801801] [motor_controller_pid]: Right motor is saturated: target spd -0.021564211041014643
[WARN] [1785906015.419994432] [motor_controller_pid]: Left motor is saturated: target spd 0.051251870304066686
[WARN] [1785906015.422636931] [motor_controller_pid]: Right motor is saturated: target spd -0.021564211041014643
[WARN] [1785906015.472966434] [motor_controller_pid]: Left motor is saturated: target spd 0.045987935763597484
[WARN] [1785906015.474546851] [motor_controller_pid]: Right motor is saturated: target spd -0.017474284368753434
[WARN] [1785906015.520783458] [motor_controller_pid]: Left motor is saturated: target spd 0.045987935763597484
[WARN] [1785906015.523490920] [motor_controller_pid]: Right motor is saturated: target spd -0.017474284368753434
[WARN] [1785906015.571359278] [motor_controller_pid]: Left motor is saturated: target spd 0.04946865715943277
[WARN] [1785906015.573113752] [motor_controller_pid]: Right motor is saturated: target spd -0.021326104021444917
[WARN] [1785906015.620217272] [motor_controller_pid]: Left motor is saturated: target spd 0.04946865715943277
[WARN] [1785906015.621402594] [motor_controller_pid]: Right motor is saturated: target spd -0.021326104021444917
[WARN] [1785906015.670207365] [motor_controller_pid]: Left motor is saturated: target spd 0.04770585366236046
[WARN] [1785906015.671335854] [motor_controller_pid]: Right motor is saturated: target spd -0.017126505890022965
[WARN] [1785906015.720239811] [motor_controller_pid]: Left motor is saturated: target spd 0.04770585366236046
[WARN] [1785906015.725800383] [motor_controller_pid]: Right motor is saturated: target spd -0.017126505890022965
[WARN] [1785906015.769997607] [motor_controller_pid]: Left motor is saturated: target spd 0.04302448164112866
[WARN] [1785906015.771736599] [motor_controller_pid]: Right motor is saturated: target spd -0.012477582884952427
[WARN] [1785906015.820088090] [motor_controller_pid]: Left motor is saturated: target spd 0.04302448164112866
[WARN] [1785906015.822328548] [motor_controller_pid]: Right motor is saturated: target spd -0.012477582884952427
[WARN] [1785906015.870378111] [motor_controller_pid]: Left motor is saturated: target spd 0.04481322429170832
[WARN] [1785906015.872610662] [motor_controller_pid]: Right motor is saturated: target spd -0.011613122010324151
[WARN] [1785906015.920516706] [motor_controller_pid]: Left motor is saturated: target spd 0.04481322429170832
[WARN] [1785906015.922612312] [motor_controller_pid]: Right motor is saturated: target spd -0.011613122010324151
[WARN] [1785906015.970564504] [motor_controller_pid]: Left motor is saturated: target spd 0.05168556842822582
[WARN] [1785906015.972468534] [motor_controller_pid]: Right motor is saturated: target spd -0.01900151696186513
[WARN] [1785906016.020086705] [motor_controller_pid]: Left motor is saturated: target spd 0.05168556842822582
[WARN] [1785906016.021447621] [motor_controller_pid]: Right motor is saturated: target spd -0.01900151696186513
[WARN] [1785906016.070085336] [motor_controller_pid]: Left motor is saturated: target spd 0.0579975124662742
[WARN] [1785906016.071521364] [motor_controller_pid]: Right motor is saturated: target spd -0.024094824844039978
[WARN] [1785906016.122468889] [motor_controller_pid]: Left motor is saturated: target spd 0.0579975124662742
[WARN] [1785906016.123727601] [motor_controller_pid]: Right motor is saturated: target spd -0.024094824844039978
[WARN] [1785906016.170325988] [motor_controller_pid]: Left motor is saturated: target spd 0.05309640557477251
[WARN] [1785906016.172283463] [motor_controller_pid]: Right motor is saturated: target spd -0.01747971831848845
[WARN] [1785906016.219994820] [motor_controller_pid]: Left motor is saturated: target spd 0.05309640557477251
[WARN] [1785906016.221712905] [motor_controller_pid]: Right motor is saturated: target spd -0.01747971831848845
[WARN] [1785906016.270022599] [motor_controller_pid]: Left motor is saturated: target spd 0.05002090312009677
[WARN] [1785906016.271411941] [motor_controller_pid]: Right motor is saturated: target spd -0.01872802548641339
[WARN] [1785906016.325320282] [motor_controller_pid]: Left motor is saturated: target spd 0.05002090312009677
[WARN] [1785906016.327044923] [motor_controller_pid]: Right motor is saturated: target spd -0.01872802548641339
[WARN] [1785906016.370710050] [motor_controller_pid]: Left motor is saturated: target spd 0.04986437697820365
[WARN] [1785906016.373082306] [motor_controller_pid]: Right motor is saturated: target spd -0.019814719362929466
[WARN] [1785906016.420145122] [motor_controller_pid]: Left motor is saturated: target spd 0.04986437697820365
[WARN] [1785906016.421570186] [motor_controller_pid]: Right motor is saturated: target spd -0.019814719362929466
[WARN] [1785906016.472699787] [motor_controller_pid]: Left motor is saturated: target spd 0.04538345538638532
[WARN] [1785906016.473955795] [motor_controller_pid]: Right motor is saturated: target spd -0.017358092436566948
[WARN] [1785906016.520563627] [motor_controller_pid]: Left motor is saturated: target spd 0.04538345538638532
[WARN] [1785906016.523177940] [motor_controller_pid]: Right motor is saturated: target spd -0.017358092436566948
[WARN] [1785906016.571455633] [motor_controller_pid]: Left motor is saturated: target spd 0.038695571552589535
[WARN] [1785906016.572947032] [motor_controller_pid]: Right motor is saturated: target spd -0.012707746047899126
[WARN] [1785906016.620738723] [motor_controller_pid]: Left motor is saturated: target spd 0.038695571552589535
[WARN] [1785906016.624089670] [motor_controller_pid]: Right motor is saturated: target spd -0.012707746047899126
[WARN] [1785906016.671640637] [motor_controller_pid]: Left motor is saturated: target spd 0.047691592371463774
[WARN] [1785906016.672792274] [motor_controller_pid]: Right motor is saturated: target spd -0.022301218116283418
[WARN] [1785906016.720293389] [motor_controller_pid]: Left motor is saturated: target spd 0.047691592371463774
[WARN] [1785906016.722778756] [motor_controller_pid]: Right motor is saturated: target spd -0.022301218116283418
[WARN] [1785906016.771872807] [motor_controller_pid]: Left motor is saturated: target spd 0.05919733636137098
[WARN] [1785906016.772861406] [motor_controller_pid]: Right motor is saturated: target spd -0.026797548010386526
[WARN] [1785906016.820105408] [motor_controller_pid]: Left motor is saturated: target spd 0.05919733636137098
[WARN] [1785906016.822426090] [motor_controller_pid]: Right motor is saturated: target spd -0.026797548010386526
[WARN] [1785906016.870430097] [motor_controller_pid]: Left motor is saturated: target spd 0.05827825208120048
[WARN] [1785906016.871555826] [motor_controller_pid]: Right motor is saturated: target spd -0.03055990050621331
[WARN] [1785906016.920140837] [motor_controller_pid]: Left motor is saturated: target spd 0.05827825208120048
[WARN] [1785906016.921456326] [motor_controller_pid]: Right motor is saturated: target spd -0.03055990050621331
[WARN] [1785906016.971111436] [motor_controller_pid]: Left motor is saturated: target spd 0.06340645688297226
[WARN] [1785906016.973156449] [motor_controller_pid]: Right motor is saturated: target spd -0.03428537708995864
[WARN] [1785906017.020293117] [motor_controller_pid]: Left motor is saturated: target spd 0.06340645688297226
[WARN] [1785906017.022708170] [motor_controller_pid]: Right motor is saturated: target spd -0.03428537708995864
[WARN] [1785906017.070147469] [motor_controller_pid]: Left motor is saturated: target spd 0.06217972106486559
[WARN] [1785906017.072758893] [motor_controller_pid]: Right motor is saturated: target spd -0.027584821812808514
[WARN] [1785906017.119972099] [motor_controller_pid]: Left motor is saturated: target spd 0.06217972106486559
[WARN] [1785906017.123065711] [motor_controller_pid]: Right motor is saturated: target spd -0.027584821812808514
[WARN] [1785906017.170356769] [motor_controller_pid]: Left motor is saturated: target spd 0.05721254440397024
[WARN] [1785906017.172474375] [motor_controller_pid]: Right motor is saturated: target spd -0.02606749740988016
[WARN] [1785906017.224425555] [motor_controller_pid]: Left motor is saturated: target spd 0.05347605172069743
[WARN] [1785906017.226760015] [motor_controller_pid]: Right motor is saturated: target spd -0.02676102396575734
[WARN] [1785906017.270135233] [motor_controller_pid]: Left motor is saturated: target spd 0.05347605172069743
[WARN] [1785906017.271248351] [motor_controller_pid]: Right motor is saturated: target spd -0.02676102396575734
[WARN] [1785906017.320016770] [motor_controller_pid]: Left motor is saturated: target spd 0.05347605172069743
[WARN] [1785906017.322885122] [motor_controller_pid]: Right motor is saturated: target spd -0.02676102396575734
[WARN] [1785906017.370576053] [motor_controller_pid]: Left motor is saturated: target spd 0.053089972131885585
[WARN] [1785906017.373244347] [motor_controller_pid]: Right motor is saturated: target spd -0.027881313568912446
[WARN] [1785906017.458283329] [motor_controller_pid]: Left motor is saturated: target spd 0.053089972131885585
[WARN] [1785906017.461390275] [motor_controller_pid]: Right motor is saturated: target spd -0.027881313568912446
[WARN] [1785906017.471313874] [motor_controller_pid]: Left motor is saturated: target spd 0.05405617423183284
[WARN] [1785906017.473152738] [motor_controller_pid]: Right motor is saturated: target spd -0.029471189604932443
[WARN] [1785906017.520136257] [motor_controller_pid]: Left motor is saturated: target spd 0.05405617423183284
[WARN] [1785906017.522520105] [motor_controller_pid]: Right motor is saturated: target spd -0.029471189604932443
[WARN] [1785906017.571401859] [motor_controller_pid]: Left motor is saturated: target spd 0.05415330574028194
[WARN] [1785906017.572750626] [motor_controller_pid]: Right motor is saturated: target spd -0.025904762296751142
[WARN] [1785906017.622022382] [motor_controller_pid]: Left motor is saturated: target spd 0.05987330658584833
[WARN] [1785906017.624762085] [motor_controller_pid]: Right motor is saturated: target spd -0.02730996029227972
[WARN] [1785906017.670289576] [motor_controller_pid]: Left motor is saturated: target spd 0.05987330658584833
[WARN] [1785906017.672187736] [motor_controller_pid]: Right motor is saturated: target spd -0.02730996029227972
[WARN] [1785906017.720070391] [motor_controller_pid]: Left motor is saturated: target spd 0.05987330658584833
[WARN] [1785906017.722178663] [motor_controller_pid]: Right motor is saturated: target spd -0.02730996029227972
[WARN] [1785906017.770081503] [motor_controller_pid]: Left motor is saturated: target spd 0.05407917900048197
[WARN] [1785906017.771828607] [motor_controller_pid]: Right motor is saturated: target spd -0.020831402111425996
[WARN] [1785906017.820190801] [motor_controller_pid]: Left motor is saturated: target spd 0.05407917900048197
[WARN] [1785906017.822751262] [motor_controller_pid]: Right motor is saturated: target spd -0.020831402111425996
[WARN] [1785906017.869938800] [motor_controller_pid]: Left motor is saturated: target spd 0.04948772115353495
[WARN] [1785906017.872565502] [motor_controller_pid]: Right motor is saturated: target spd -0.020745571724139156
[WARN] [1785906017.920066099] [motor_controller_pid]: Left motor is saturated: target spd 0.04948772115353495
[WARN] [1785906017.921279384] [motor_controller_pid]: Right motor is saturated: target spd -0.020745571724139156
[WARN] [1785906017.970788993] [motor_controller_pid]: Left motor is saturated: target spd 0.051298914537765083
[WARN] [1785906017.972721209] [motor_controller_pid]: Right motor is saturated: target spd -0.0217374432226643
[WARN] [1785906018.020021119] [motor_controller_pid]: Left motor is saturated: target spd 0.051298914537765083
[WARN] [1785906018.021271516] [motor_controller_pid]: Right motor is saturated: target spd -0.0217374432226643
[WARN] [1785906018.071789983] [motor_controller_pid]: Left motor is saturated: target spd 0.04687479114690796
[WARN] [1785906018.073655162] [motor_controller_pid]: Right motor is saturated: target spd -0.01893867575963959
[WARN] [1785906018.121086221] [motor_controller_pid]: Left motor is saturated: target spd 0.04687479114690796
[WARN] [1785906018.123009140] [motor_controller_pid]: Right motor is saturated: target spd -0.01893867575963959
[WARN] [1785906018.170891220] [motor_controller_pid]: Left motor is saturated: target spd 0.05202583675999194
[WARN] [1785906018.172561861] [motor_controller_pid]: Right motor is saturated: target spd -0.017254280990175903
[WARN] [1785906018.222025284] [motor_controller_pid]: Left motor is saturated: target spd 0.05202583675999194
[WARN] [1785906018.227075020] [motor_controller_pid]: Right motor is saturated: target spd -0.017254280990175903
[WARN] [1785906018.270044736] [motor_controller_pid]: Left motor is saturated: target spd 0.0579648163434118
[WARN] [1785906018.272630567] [motor_controller_pid]: Right motor is saturated: target spd -0.025172725665941833
[WARN] [1785906018.319957181] [motor_controller_pid]: Left motor is saturated: target spd 0.0579648163434118
[WARN] [1785906018.321923045] [motor_controller_pid]: Right motor is saturated: target spd -0.025172725665941833
[WARN] [1785906018.370394518] [motor_controller_pid]: Left motor is saturated: target spd 0.06925009635351598
[WARN] [1785906018.373579797] [motor_controller_pid]: Right motor is saturated: target spd -0.025384734598174693
[WARN] [1785906018.421133505] [motor_controller_pid]: Left motor is saturated: target spd 0.06925009635351598
[WARN] [1785906018.423596076] [motor_controller_pid]: Right motor is saturated: target spd -0.025384734598174693
[WARN] [1785906018.471721473] [motor_controller_pid]: Left motor is saturated: target spd 0.05564396667852998
[WARN] [1785906018.474419675] [motor_controller_pid]: Right motor is saturated: target spd -0.017506563778966665
[WARN] [1785906018.556223544] [motor_controller_pid]: Left motor is saturated: target spd 0.05564396667852998
[WARN] [1785906018.568251898] [motor_controller_pid]: Right motor is saturated: target spd -0.017506563778966665
[WARN] [1785906018.580347752] [motor_controller_pid]: Left motor is saturated: target spd 0.05564396667852998
[WARN] [1785906018.588223579] [motor_controller_pid]: Right motor is saturated: target spd -0.017506563778966665
[WARN] [1785906018.620497376] [motor_controller_pid]: Left motor is saturated: target spd 0.04931299735419452
[WARN] [1785906018.623126448] [motor_controller_pid]: Right motor is saturated: target spd -0.01504958819039166
[WARN] [1785906018.670808972] [motor_controller_pid]: Left motor is saturated: target spd 0.049106369023211305
[WARN] [1785906018.672106739] [motor_controller_pid]: Right motor is saturated: target spd -0.01670827507507056
[WARN] [1785906018.720393266] [motor_controller_pid]: Left motor is saturated: target spd 0.049106369023211305
[WARN] [1785906018.721643867] [motor_controller_pid]: Right motor is saturated: target spd -0.01670827507507056
[WARN] [1785906018.770531102] [motor_controller_pid]: Left motor is saturated: target spd 0.045262092737481
[WARN] [1785906018.771801073] [motor_controller_pid]: Right motor is saturated: target spd -0.015412783237174153
[WARN] [1785906018.819951488] [motor_controller_pid]: Left motor is saturated: target spd 0.045262092737481
[WARN] [1785906018.821110977] [motor_controller_pid]: Right motor is saturated: target spd -0.015412783237174153
[WARN] [1785906018.870358806] [motor_controller_pid]: Left motor is saturated: target spd 0.060014903077110646
[WARN] [1785906018.872361671] [motor_controller_pid]: Right motor is saturated: target spd -0.019409716597571968
[WARN] [1785906018.920085547] [motor_controller_pid]: Left motor is saturated: target spd 0.060014903077110646
[WARN] [1785906018.923227789] [motor_controller_pid]: Right motor is saturated: target spd -0.019409716597571968
[WARN] [1785906018.970510736] [motor_controller_pid]: Left motor is saturated: target spd 0.057504270531982184
[WARN] [1785906018.972644360] [motor_controller_pid]: Right motor is saturated: target spd -0.02608549936786294
[WARN] [1785906019.020008085] [motor_controller_pid]: Left motor is saturated: target spd 0.057504270531982184
[WARN] [1785906019.021156741] [motor_controller_pid]: Right motor is saturated: target spd -0.02608549936786294
[WARN] [1785906019.070170291] [motor_controller_pid]: Left motor is saturated: target spd 0.05414765772558749
[WARN] [1785906019.071249631] [motor_controller_pid]: Right motor is saturated: target spd -0.021699230399355292
[WARN] [1785906019.120326923] [motor_controller_pid]: Left motor is saturated: target spd 0.05414765772558749
[WARN] [1785906019.122107934] [motor_controller_pid]: Right motor is saturated: target spd -0.021699230399355292
[WARN] [1785906019.170262405] [motor_controller_pid]: Left motor is saturated: target spd 0.05609346640529111
[WARN] [1785906019.172080917] [motor_controller_pid]: Right motor is saturated: target spd -0.028181108708959075
[WARN] [1785906019.220818410] [motor_controller_pid]: Left motor is saturated: target spd 0.05609346640529111
[WARN] [1785906019.222940571] [motor_controller_pid]: Right motor is saturated: target spd -0.028181108708959075
[WARN] [1785906019.271624953] [motor_controller_pid]: Left motor is saturated: target spd 0.06767875983426347
[WARN] [1785906019.272673200] [motor_controller_pid]: Right motor is saturated: target spd -0.038475711801555006
[WARN] [1785906019.320121204] [motor_controller_pid]: Left motor is saturated: target spd 0.06767875983426347
[WARN] [1785906019.322735331] [motor_controller_pid]: Right motor is saturated: target spd -0.038475711801555006
[WARN] [1785906019.370231631] [motor_controller_pid]: Left motor is saturated: target spd 0.05630971993273124
[WARN] [1785906019.371598029] [motor_controller_pid]: Right motor is saturated: target spd -0.025097692953888327
[WARN] [1785906019.420097095] [motor_controller_pid]: Left motor is saturated: target spd 0.05630971993273124
[WARN] [1785906019.421307287] [motor_controller_pid]: Right motor is saturated: target spd -0.025097692953888327
[WARN] [1785906019.471857051] [motor_controller_pid]: Left motor is saturated: target spd 0.05987635613307357
[WARN] [1785906019.472950984] [motor_controller_pid]: Right motor is saturated: target spd -0.02188185989037156
[WARN] [1785906019.520133060] [motor_controller_pid]: Left motor is saturated: target spd 0.05987635613307357
[WARN] [1785906019.521341086] [motor_controller_pid]: Right motor is saturated: target spd -0.02188185989037156
[WARN] [1785906019.571766590] [motor_controller_pid]: Left motor is saturated: target spd 0.05140245904950425
[WARN] [1785906019.573428934] [motor_controller_pid]: Right motor is saturated: target spd -0.020286580419261006
[WARN] [1785906019.652066357] [motor_controller_pid]: Left motor is saturated: target spd 0.05140245904950425
[WARN] [1785906019.655043486] [motor_controller_pid]: Right motor is saturated: target spd -0.020286580419261006
[WARN] [1785906019.671018013] [motor_controller_pid]: Left motor is saturated: target spd 0.0529938885115087
[WARN] [1785906019.673207527] [motor_controller_pid]: Right motor is saturated: target spd -0.021204223380237818
[WARN] [1785906019.720032008] [motor_controller_pid]: Left motor is saturated: target spd 0.0529938885115087
[WARN] [1785906019.722702655] [motor_controller_pid]: Right motor is saturated: target spd -0.021204223380237818
[WARN] [1785906019.769905712] [motor_controller_pid]: Left motor is saturated: target spd 0.054846096719801424
[WARN] [1785906019.771310999] [motor_controller_pid]: Right motor is saturated: target spd -0.021374646638333796
[WARN] [1785906019.820023862] [motor_controller_pid]: Left motor is saturated: target spd 0.054846096719801424
[WARN] [1785906019.821337204] [motor_controller_pid]: Right motor is saturated: target spd -0.021374646638333796
[WARN] [1785906019.869926474] [motor_controller_pid]: Left motor is saturated: target spd 0.059599437191709875
[WARN] [1785906019.871663374] [motor_controller_pid]: Right motor is saturated: target spd -0.02007501535154879
[WARN] [1785906019.921483448] [motor_controller_pid]: Left motor is saturated: target spd 0.06046155107300728
[WARN] [1785906019.923415349] [motor_controller_pid]: Right motor is saturated: target spd -0.018884420272894203
[WARN] [1785906019.970275386] [motor_controller_pid]: Left motor is saturated: target spd 0.06046155107300728
[WARN] [1785906019.974028669] [motor_controller_pid]: Right motor is saturated: target spd -0.018884420272894203
[WARN] [1785906020.021047558] [motor_controller_pid]: Left motor is saturated: target spd 0.06046155107300728
[WARN] [1785906020.024884786] [motor_controller_pid]: Right motor is saturated: target spd -0.018884420272894203
[WARN] [1785906020.070174128] [motor_controller_pid]: Left motor is saturated: target spd 0.07289133491236717
[WARN] [1785906020.071325228] [motor_controller_pid]: Right motor is saturated: target spd -0.029328976848535238
[WARN] [1785906020.120049647] [motor_controller_pid]: Left motor is saturated: target spd 0.07289133491236717
[WARN] [1785906020.122229623] [motor_controller_pid]: Right motor is saturated: target spd -0.029328976848535238
[WARN] [1785906020.170432891] [motor_controller_pid]: Left motor is saturated: target spd 0.06750383777962998
[WARN] [1785906020.172864703] [motor_controller_pid]: Right motor is saturated: target spd -0.028239341541659087
[WARN] [1785906020.220126464] [motor_controller_pid]: Left motor is saturated: target spd 0.06750383777962998
[WARN] [1785906020.222322460] [motor_controller_pid]: Right motor is saturated: target spd -0.028239341541659087
[WARN] [1785906020.270223910] [motor_controller_pid]: Left motor is saturated: target spd 0.059992715853638946
[WARN] [1785906020.272865038] [motor_controller_pid]: Right motor is saturated: target spd -0.026482276481203736
[WARN] [1785906020.320011873] [motor_controller_pid]: Left motor is saturated: target spd 0.059992715853638946
[WARN] [1785906020.322796409] [motor_controller_pid]: Right motor is saturated: target spd -0.026482276481203736
[WARN] [1785906020.370195135] [motor_controller_pid]: Left motor is saturated: target spd 0.05677885727379471
[WARN] [1785906020.372903133] [motor_controller_pid]: Right motor is saturated: target spd -0.02177885754611343
[WARN] [1785906020.420037616] [motor_controller_pid]: Left motor is saturated: target spd 0.05677885727379471
[WARN] [1785906020.422062240] [motor_controller_pid]: Right motor is saturated: target spd -0.02177885754611343
[WARN] [1785906020.470479546] [motor_controller_pid]: Left motor is saturated: target spd 0.049039234338421375
[WARN] [1785906020.472764227] [motor_controller_pid]: Right motor is saturated: target spd -0.017635974170546978
[WARN] [1785906020.520269749] [motor_controller_pid]: Left motor is saturated: target spd 0.049039234338421375
[WARN] [1785906020.522738265] [motor_controller_pid]: Right motor is saturated: target spd -0.017635974170546978
[WARN] [1785906020.570645457] [motor_controller_pid]: Left motor is saturated: target spd 0.04297175159417093
[WARN] [1785906020.572573098] [motor_controller_pid]: Right motor is saturated: target spd -0.015364197141304612
[WARN] [1785906020.621411981] [motor_controller_pid]: Left motor is saturated: target spd 0.05438557372931391
[WARN] [1785906020.622620007] [motor_controller_pid]: Right motor is saturated: target spd -0.01927170051690191
[WARN] [1785906020.670063251] [motor_controller_pid]: Left motor is saturated: target spd 0.05438557372931391
[WARN] [1785906020.673203827] [motor_controller_pid]: Right motor is saturated: target spd -0.01927170051690191
[WARN] [1785906020.734032841] [motor_controller_pid]: Left motor is saturated: target spd 0.05438557372931391
[WARN] [1785906020.749499235] [motor_controller_pid]: Right motor is saturated: target spd -0.01927170051690191
[WARN] [1785906020.772256267] [motor_controller_pid]: Left motor is saturated: target spd 0.05478095207102597
[WARN] [1785906020.774814376] [motor_controller_pid]: Right motor is saturated: target spd -0.02393660750500858
[WARN] [1785906020.820862723] [motor_controller_pid]: Left motor is saturated: target spd 0.05478095207102597
[WARN] [1785906021.121479252] [motor_controller_pid]: Left motor is saturated: target spd 0.15
[WARN] [1785906021.172208183] [motor_controller_pid]: Left motor is saturated: target spd 0.15000000596046448
[WARN] [1785906021.225046554] [motor_controller_pid]: Left motor is saturated: target spd 0.15000000596046448
[WARN] [1785906021.270893270] [motor_controller_pid]: Left motor is saturated: target spd 0.15000000596046448
[WARN] [1785906021.321707109] [motor_controller_pid]: Left motor is saturated: target spd 0.15000000596046448
[WARN] [1785906021.372806599] [motor_controller_pid]: Left motor is saturated: target spd 0.15000000596046448
[WARN] [1785906021.375620228] [motor_controller_pid]: Right motor is saturated: target spd -0.15000000596046448
[WARN] [1785906021.474057165] [motor_controller_pid]: Left motor is saturated: target spd 0.15000000596046448
[WARN] [1785906021.475406729] [motor_controller_pid]: Right motor is saturated: target spd -0.15000000596046448
[WARN] [1785906021.521308000] [motor_controller_pid]: Left motor is saturated: target spd 0.15000000596046448
[WARN] [1785906021.575233174] [motor_controller_pid]: Left motor is saturated: target spd 0.15000000596046448
[WARN] [1785906021.580125798] [motor_controller_pid]: Right motor is saturated: target spd -0.15000000596046448
[WARN] [1785906021.622929679] [motor_controller_pid]: Left motor is saturated: target spd 0.15000000596046448
[WARN] [1785906021.626480109] [motor_controller_pid]: Right motor is saturated: target spd -0.15000000596046448
[WARN] [1785906021.670970520] [motor_controller_pid]: Left motor is saturated: target spd 0.15000000596046448
[WARN] [1785906021.672728549] [motor_controller_pid]: Right motor is saturated: target spd -0.15000000596046448
[WARN] [1785906021.721591932] [motor_controller_pid]: Left motor is saturated: target spd 0.15000000596046448
[WARN] [1785906021.773343204] [motor_controller_pid]: Left motor is saturated: target spd 0.15000000596046448
[WARN] [1785906021.774666082] [motor_controller_pid]: Right motor is saturated: target spd -0.15000000596046448
[WARN] [1785906021.823027277] [motor_controller_pid]: Left motor is saturated: target spd 0.15000000596046448
[WARN] [1785906021.872584757] [motor_controller_pid]: Left motor is saturated: target spd 0.15000000596046448
[WARN] [1785906021.921369435] [motor_controller_pid]: Left motor is saturated: target spd 0.15000000596046448
[WARN] [1785906021.925204793] [motor_controller_pid]: Right motor is saturated: target spd -0.15000000596046448
[WARN] [1785906021.974168028] [motor_controller_pid]: Left motor is saturated: target spd 0.15000000596046448
[WARN] [1785906022.022976133] [motor_controller_pid]: Left motor is saturated: target spd 0.15000000596046448
[WARN] [1785906022.025583668] [motor_controller_pid]: Right motor is saturated: target spd -0.15000000596046448
[WARN] [1785906022.073381544] [motor_controller_pid]: Left motor is saturated: target spd 0.15000000596046448
[WARN] [1785906022.074852701] [motor_controller_pid]: Right motor is saturated: target spd -0.15000000596046448
[WARN] [1785906022.121751460] [motor_controller_pid]: Left motor is saturated: target spd 0.15000000596046448
[WARN] [1785906022.123692158] [motor_controller_pid]: Right motor is saturated: target spd -0.15000000596046448
[WARN] [1785906022.170836863] [motor_controller_pid]: Left motor is saturated: target spd 0.15000000596046448
[WARN] [1785906022.173405231] [motor_controller_pid]: Right motor is saturated: target spd -0.15000000596046448
[WARN] [1785906022.224067607] [motor_controller_pid]: Left motor is saturated: target spd 0.15000000596046448
[WARN] [1785906022.271442277] [motor_controller_pid]: Left motor is saturated: target spd 0.15000000596046448
[WARN] [1785906022.274198627] [motor_controller_pid]: Right motor is saturated: target spd -0.15000000596046448
[WARN] [1785906022.320265159] [motor_controller_pid]: Left motor is saturated: target spd 0.15000000596046448
[WARN] [1785906022.374334112] [motor_controller_pid]: Left motor is saturated: target spd 0.15000000596046448
[WARN] [1785906022.424400187] [motor_controller_pid]: Left motor is saturated: target spd 0.15000000596046448
[WARN] [1785906022.471837172] [motor_controller_pid]: Left motor is saturated: target spd 0.15000000596046448
[WARN] [1785906022.474003556] [motor_controller_pid]: Right motor is saturated: target spd -0.15000000596046448
[WARN] [1785906022.520537332] [motor_controller_pid]: Left motor is saturated: target spd 0.15000000596046448
[WARN] [1785906022.571674025] [motor_controller_pid]: Left motor is saturated: target spd 0.15000000596046448
[WARN] [1785906022.578375549] [motor_controller_pid]: Right motor is saturated: target spd -0.15000000596046448
[WARN] [1785906022.621313191] [motor_controller_pid]: Left motor is saturated: target spd 0.15000000596046448
[WARN] [1785906022.624213302] [motor_controller_pid]: Right motor is saturated: target spd -0.15000000596046448
[WARN] [1785906022.670746966] [motor_controller_pid]: Left motor is saturated: target spd 0.15000000596046448
[WARN] [1785906022.721912678] [motor_controller_pid]: Left motor is saturated: target spd 0.15000000596046448
[WARN] [1785906022.723430021] [motor_controller_pid]: Right motor is saturated: target spd -0.15000000596046448
[WARN] [1785906022.772404627] [motor_controller_pid]: Left motor is saturated: target spd 0.15000000596046448
[WARN] [1785906022.774103841] [motor_controller_pid]: Right motor is saturated: target spd -0.15000000596046448
[WARN] [1785906022.821002082] [motor_controller_pid]: Left motor is saturated: target spd 0.15000000596046448
[WARN] [1785906022.823570821] [motor_controller_pid]: Right motor is saturated: target spd -0.15000000596046448
[WARN] [1785906022.873567599] [motor_controller_pid]: Left motor is saturated: target spd 0.15000000596046448
[WARN] [1785906022.920289006] [motor_controller_pid]: Left motor is saturated: target spd 0.15000000596046448
[WARN] [1785906022.975288983] [motor_controller_pid]: Left motor is saturated: target spd 0.15000000596046448
[WARN] [1785906023.023149100] [motor_controller_pid]: Left motor is saturated: target spd 0.15000000596046448
[WARN] [1785906023.025808172] [motor_controller_pid]: Right motor is saturated: target spd -0.15000000596046448
[WARN] [1785906023.070439695] [motor_controller_pid]: Left motor is saturated: target spd 0.15000000596046448
[WARN] [1785906023.073644827] [motor_controller_pid]: Right motor is saturated: target spd -0.15000000596046448
[WARN] [1785906023.122096799] [motor_controller_pid]: Left motor is saturated: target spd 0.15000000596046448
[WARN] [1785906023.171391722] [motor_controller_pid]: Left motor is saturated: target spd 0.15000000596046448
[WARN] [1785906023.174904763] [motor_controller_pid]: Right motor is saturated: target spd -0.15000000596046448
[WARN] [1785906023.222275025] [motor_controller_pid]: Left motor is saturated: target spd 0.15000000596046448
[WARN] [1785906023.272746233] [motor_controller_pid]: Left motor is saturated: target spd 0.15000000596046448
[WARN] [1785906023.321305928] [motor_controller_pid]: Left motor is saturated: target spd 0.15000000596046448
[WARN] [1785906023.324862414] [motor_controller_pid]: Right motor is saturated: target spd -0.15000000596046448
[WARN] [1785906023.370533906] [motor_controller_pid]: Left motor is saturated: target spd 0.15000000596046448
[WARN] [1785906023.372187954] [motor_controller_pid]: Right motor is saturated: target spd -0.15000000596046448
[WARN] [1785906023.422609587] [motor_controller_pid]: Left motor is saturated: target spd 0.15000000596046448
[WARN] [1785906023.426604168] [motor_controller_pid]: Right motor is saturated: target spd -0.15000000596046448
[WARN] [1785906023.473085887] [motor_controller_pid]: Left motor is saturated: target spd 0.15000000596046448
[WARN] [1785906023.474346006] [motor_controller_pid]: Right motor is saturated: target spd -0.15000000596046448
[WARN] [1785906023.522771183] [motor_controller_pid]: Left motor is saturated: target spd 0.15000000596046448
[WARN] [1785906023.570483836] [motor_controller_pid]: Left motor is saturated: target spd 0.15000000596046448
[WARN] [1785906023.573365243] [motor_controller_pid]: Right motor is saturated: target spd -0.15000000596046448
[WARN] [1785906023.623753228] [motor_controller_pid]: Left motor is saturated: target spd 0.15000000596046448
[WARN] [1785906023.627126453] [motor_controller_pid]: Right motor is saturated: target spd -0.15000000596046448
[WARN] [1785906023.671323788] [motor_controller_pid]: Left motor is saturated: target spd 0.15000000596046448
[WARN] [1785906023.672656463] [motor_controller_pid]: Right motor is saturated: target spd -0.15000000596046448
[WARN] [1785906023.720576321] [motor_controller_pid]: Left motor is saturated: target spd 0.15000000596046448
[WARN] [1785906023.771786645] [motor_controller_pid]: Left motor is saturated: target spd 0.15000000596046448
[WARN] [1785906023.823041747] [motor_controller_pid]: Left motor is saturated: target spd 0.15000000596046448
[WARN] [1785906023.873053785] [motor_controller_pid]: Left motor is saturated: target spd 0.15000000596046448
[WARN] [1785906023.875778876] [motor_controller_pid]: Right motor is saturated: target spd -0.15000000596046448
[WARN] [1785906023.929359733] [motor_controller_pid]: Left motor is saturated: target spd 0.15000000596046448
[WARN] [1785906023.935116010] [motor_controller_pid]: Right motor is saturated: target spd -0.15000000596046448
[WARN] [1785906023.982541384] [motor_controller_pid]: Left motor is saturated: target spd 0.15000000596046448
[WARN] [1785906023.994430348] [motor_controller_pid]: Right motor is saturated: target spd -0.15000000596046448
[WARN] [1785906024.026271531] [motor_controller_pid]: Left motor is saturated: target spd 0.15000000596046448
[WARN] [1785906024.030598243] [motor_controller_pid]: Right motor is saturated: target spd -0.15000000596046448
[WARN] [1785906024.074033610] [motor_controller_pid]: Left motor is saturated: target spd 0.15000000596046448
[WARN] [1785906024.075685787] [motor_controller_pid]: Right motor is saturated: target spd -0.15000000596046448
[WARN] [1785906024.173881593] [motor_controller_pid]: Left motor is saturated: target spd 0.15000000596046448
[WARN] [1785906024.226523574] [motor_controller_pid]: Left motor is saturated: target spd 0.15000000596046448
[WARN] [1785906024.228402641] [motor_controller_pid]: Right motor is saturated: target spd -0.15000000596046448
[WARN] [1785906024.271049744] [motor_controller_pid]: Left motor is saturated: target spd 0.15000000596046448
[WARN] [1785906024.273287702] [motor_controller_pid]: Right motor is saturated: target spd -0.15000000596046448
[WARN] [1785906024.320084720] [motor_controller_pid]: Left motor is saturated: target spd 0.15000000596046448
[WARN] [1785906024.371268210] [motor_controller_pid]: Left motor is saturated: target spd 0.15000000596046448
[WARN] [1785906024.474371140] [motor_controller_pid]: Left motor is saturated: target spd 0.15000000596046448
[WARN] [1785906024.523696562] [motor_controller_pid]: Left motor is saturated: target spd 0.15000000596046448
[WARN] [1785906024.575034572] [motor_controller_pid]: Left motor is saturated: target spd 0.15000000596046448
[WARN] [1785906024.621392939] [motor_controller_pid]: Left motor is saturated: target spd 0.15000000596046448
[WARN] [1785906024.623728324] [motor_controller_pid]: Right motor is saturated: target spd -0.15000000596046448
[WARN] [1785906024.671056993] [motor_controller_pid]: Left motor is saturated: target spd 0.15000000596046448
[WARN] [1785906024.672411354] [motor_controller_pid]: Right motor is saturated: target spd -0.15000000596046448
[WARN] [1785906024.722544522] [motor_controller_pid]: Left motor is saturated: target spd 0.15000000596046448
[WARN] [1785906024.773048323] [motor_controller_pid]: Left motor is saturated: target spd 0.15000000596046448
[WARN] [1785906024.775486653] [motor_controller_pid]: Right motor is saturated: target spd -0.15000000596046448
[WARN] [1785906024.870341901] [motor_controller_pid]: Left motor is saturated: target spd 0.15000000596046448
[WARN] [1785906024.925347767] [motor_controller_pid]: Left motor is saturated: target spd 0.15000000596046448
[WARN] [1785906024.994548593] [motor_controller_pid]: Left motor is saturated: target spd 0.15000000596046448
[WARN] [1785906025.021097464] [motor_controller_pid]: Left motor is saturated: target spd 0.11000000596046447
[WARN] [1785906025.024665320] [motor_controller_pid]: Right motor is saturated: target spd -0.11000000596046447
[WARN] [1785906026.128389553] [motor_controller_pid]: Left motor is saturated: target spd 0.1305512546317652
[WARN] [1785906026.171573233] [motor_controller_pid]: Left motor is saturated: target spd 0.12865952850282192
[WARN] [1785906026.221939663] [motor_controller_pid]: Left motor is saturated: target spd 0.12865952850282192
[WARN] [1785906028.770279115] [motor_controller_pid]: Command timeout; stopping motors
[WARN] [1785906165.376540355] [motor_controller_pid]: Command timeout; stopping motors
[WARN] [1785906226.869824392] [motor_controller_pid]: Command timeout; stopping motors
[WARN] [1785906227.819784925] [motor_controller_pid]: Command timeout; stopping motors
[WARN] [1785906235.469847033] [motor_controller_pid]: Command timeout; stopping motors
[WARN] [1785906242.569841414] [motor_controller_pid]: Command timeout; stopping motors
[WARN] [1785906243.519768428] [motor_controller_pid]: Command timeout; stopping motors
[WARN] [1785906245.569889748] [motor_controller_pid]: Command timeout; stopping motors
[WARN] [1785906246.669888238] [motor_controller_pid]: Command timeout; stopping motors
[WARN] [1785906254.719814615] [motor_controller_pid]: Command timeout; stopping motors
[WARN] [1785906255.569840534] [motor_controller_pid]: Command timeout; stopping motors
[WARN] [1785906256.569851503] [motor_controller_pid]: Command timeout; stopping motors
[WARN] [1785906257.369952246] [motor_controller_pid]: Command timeout; stopping motors
[WARN] [1785906258.019879271] [motor_controller_pid]: Command timeout; stopping motors
[WARN] [1785906258.969840804] [motor_controller_pid]: Command timeout; stopping motors
[WARN] [1785906260.319724161] [motor_controller_pid]: Command timeout; stopping motors
[WARN] [1785906298.619674746] [motor_controller_pid]: Command timeout; stopping motors
[WARN] [1785906299.869844898] [motor_controller_pid]: Command timeout; stopping motors
[WARN] [1785906302.069793582] [motor_controller_pid]: Command timeout; stopping motors
[WARN] [1785906304.169823135] [motor_controller_pid]: Command timeout; stopping motors
[WARN] [1785906308.169782049] [motor_controller_pid]: Command timeout; stopping motors
[WARN] [1785906317.519757773] [motor_controller_pid]: Command timeout; stopping motors
[WARN] [1785906320.070216885] [motor_controller_pid]: Left motor is saturated: target spd -0.15
[WARN] [1785906320.120130525] [motor_controller_pid]: Left motor is saturated: target spd -0.15
[WARN] [1785906320.170138832] [motor_controller_pid]: Left motor is saturated: target spd -0.15
[WARN] [1785906320.220113824] [motor_controller_pid]: Left motor is saturated: target spd -0.15
[WARN] [1785906320.270253372] [motor_controller_pid]: Left motor is saturated: target spd -0.15
[WARN] [1785906320.319963381] [motor_controller_pid]: Left motor is saturated: target spd -0.15
[WARN] [1785906320.370201096] [motor_controller_pid]: Left motor is saturated: target spd -0.15
[WARN] [1785906320.420042328] [motor_controller_pid]: Left motor is saturated: target spd -0.15
[WARN] [1785906320.470118098] [motor_controller_pid]: Left motor is saturated: target spd -0.15
[WARN] [1785906320.520076794] [motor_controller_pid]: Left motor is saturated: target spd -0.15
[WARN] [1785906320.570131193] [motor_controller_pid]: Left motor is saturated: target spd -0.15
[WARN] [1785906320.620057741] [motor_controller_pid]: Left motor is saturated: target spd -0.15
[WARN] [1785906320.670211456] [motor_controller_pid]: Left motor is saturated: target spd -0.15
[WARN] [1785906320.720086836] [motor_controller_pid]: Left motor is saturated: target spd -0.15
[WARN] [1785906320.770115347] [motor_controller_pid]: Left motor is saturated: target spd -0.15
[WARN] [1785906320.820130635] [motor_controller_pid]: Left motor is saturated: target spd -0.15
[WARN] [1785906320.870155942] [motor_controller_pid]: Left motor is saturated: target spd -0.15
[WARN] [1785906320.919998044] [motor_controller_pid]: Left motor is saturated: target spd -0.15
[WARN] [1785906320.970170315] [motor_controller_pid]: Left motor is saturated: target spd -0.15
[WARN] [1785906321.020185918] [motor_controller_pid]: Left motor is saturated: target spd -0.15
[WARN] [1785906321.070145910] [motor_controller_pid]: Left motor is saturated: target spd -0.15
[WARN] [1785906321.120145513] [motor_controller_pid]: Left motor is saturated: target spd -0.15
[WARN] [1785906321.170278283] [motor_controller_pid]: Left motor is saturated: target spd -0.15
[WARN] [1785906321.219810328] [motor_controller_pid]: Command timeout; stopping motors
[WARN] [1785906517.669820272] [motor_controller_pid]: Command timeout; stopping motors
[WARN] [1785906533.719730050] [motor_controller_pid]: Command timeout; stopping motors
[WARN] [1785906535.069889271] [motor_controller_pid]: Command timeout; stopping motors
[WARN] [1785906551.019722949] [motor_controller_pid]: Command timeout; stopping motors
[WARN] [1785906554.669810379] [motor_controller_pid]: Command timeout; stopping motors
[WARN] [1785906594.320071887] [motor_controller_pid]: Left motor is saturated: target spd -0.15
[WARN] [1785906594.370873599] [motor_controller_pid]: Left motor is saturated: target spd -0.15
[WARN] [1785906594.420080616] [motor_controller_pid]: Left motor is saturated: target spd -0.15
[WARN] [1785906594.470093249] [motor_controller_pid]: Left motor is saturated: target spd -0.15
[WARN] [1785906594.520040827] [motor_controller_pid]: Left motor is saturated: target spd -0.15
[WARN] [1785906594.570234794] [motor_controller_pid]: Left motor is saturated: target spd -0.15
[WARN] [1785906594.620151926] [motor_controller_pid]: Left motor is saturated: target spd -0.15
[WARN] [1785906594.670218597] [motor_controller_pid]: Left motor is saturated: target spd -0.15
[WARN] [1785906594.720096044] [motor_controller_pid]: Left motor is saturated: target spd -0.15
[WARN] [1785906594.770118733] [motor_controller_pid]: Left motor is saturated: target spd -0.15
[WARN] [1785906594.820101143] [motor_controller_pid]: Left motor is saturated: target spd -0.15
[WARN] [1785906594.870211684] [motor_controller_pid]: Left motor is saturated: target spd -0.15
[WARN] [1785906594.920057742] [motor_controller_pid]: Left motor is saturated: target spd -0.15
[WARN] [1785906594.970173969] [motor_controller_pid]: Left motor is saturated: target spd -0.15
[WARN] [1785906595.020065953] [motor_controller_pid]: Left motor is saturated: target spd -0.15
[WARN] [1785906595.070132160] [motor_controller_pid]: Left motor is saturated: target spd -0.15
[WARN] [1785906595.120171312] [motor_controller_pid]: Left motor is saturated: target spd -0.15
[WARN] [1785906595.170200130] [motor_controller_pid]: Left motor is saturated: target spd -0.15
[WARN] [1785906595.219983595] [motor_controller_pid]: Left motor is saturated: target spd -0.15
[WARN] [1785906595.270176785] [motor_controller_pid]: Left motor is saturated: target spd -0.15
[WARN] [1785906595.320141436] [motor_controller_pid]: Left motor is saturated: target spd -0.15
[WARN] [1785906595.370177181] [motor_controller_pid]: Left motor is saturated: target spd -0.15
[WARN] [1785906595.420073387] [motor_controller_pid]: Left motor is saturated: target spd -0.15
[WARN] [1785906595.470119520] [motor_controller_pid]: Left motor is saturated: target spd -0.15
[WARN] [1785906595.520108486] [motor_controller_pid]: Left motor is saturated: target spd -0.15
[WARN] [1785906595.570263583] [motor_controller_pid]: Left motor is saturated: target spd -0.15
[WARN] [1785906595.620116290] [motor_controller_pid]: Left motor is saturated: target spd -0.15
[WARN] [1785906595.670247608] [motor_controller_pid]: Left motor is saturated: target spd -0.15
[WARN] [1785906595.720076777] [motor_controller_pid]: Left motor is saturated: target spd -0.15
[WARN] [1785906595.770179781] [motor_controller_pid]: Left motor is saturated: target spd -0.15
[WARN] [1785906595.820037154] [motor_controller_pid]: Left motor is saturated: target spd -0.15
[WARN] [1785906595.870241992] [motor_controller_pid]: Left motor is saturated: target spd -0.15
[WARN] [1785906595.920051643] [motor_controller_pid]: Left motor is saturated: target spd -0.15
[WARN] [1785906595.969887237] [motor_controller_pid]: Command timeout; stopping motors
[WARN] [1785906598.569788115] [motor_controller_pid]: Command timeout; stopping motors
[WARN] [1785906642.019704949] [motor_controller_pid]: Command timeout; stopping motors
[WARN] [1785906658.769910202] [motor_controller_pid]: Command timeout; stopping motors
