[INFO] [1775883480.257812821] [uart_bridge]: UART bridge node started
[INFO] [1775883480.259158105] [uart_bridge]: Opened UART on /dev/ttyAMA0 @ 115200
[INFO] [1775885096.260822650] [uart_bridge]: UART RX: TASK_CREATE|T1774338887|room1|D1
[INFO] [1775885096.261683728] [uart_bridge]: Task received from BBG: task_id=T1774338887, destination=room1, drawer_id=D1
[INFO] [1775885096.262245157] [uart_bridge]: Handling task creation: task_id=T1774338887, destination=room1, drawer_id=D1
[INFO] [1775885096.266233621] [uart_bridge]: UART TX: STATUS|T1774338887|MOVING
[INFO] [1775885096.267929537] [uart_bridge]: Monitoring arrival at room1 (3.54, 28.7)
[WARN] [1775885096.268820338] [uart_bridge]: Waiting for pose data from /pose topic...
[WARN] [1775885096.769992510] [uart_bridge]: Waiting for pose data from /pose topic...
[WARN] [1775885097.271150109] [uart_bridge]: Waiting for pose data from /pose topic...
[WARN] [1775885097.772411189] [uart_bridge]: Waiting for pose data from /pose topic...
[WARN] [1775885098.273629862] [uart_bridge]: Waiting for pose data from /pose topic...
[WARN] [1775885098.774831405] [uart_bridge]: Waiting for pose data from /pose topic...
[WARN] [1775885099.276024411] [uart_bridge]: Waiting for pose data from /pose topic...
[WARN] [1775885099.777215084] [uart_bridge]: Waiting for pose data from /pose topic...
[WARN] [1775885100.278400608] [uart_bridge]: Waiting for pose data from /pose topic...
[WARN] [1775885100.779573892] [uart_bridge]: Waiting for pose data from /pose topic...
[WARN] [1775885101.280829621] [uart_bridge]: Waiting for pose data from /pose topic...
[WARN] [1775885101.782006367] [uart_bridge]: Waiting for pose data from /pose topic...
[WARN] [1775885102.283228837] [uart_bridge]: Waiting for pose data from /pose topic...
[WARN] [1775885102.784339527] [uart_bridge]: Waiting for pose data from /pose topic...
[WARN] [1775885103.285496663] [uart_bridge]: Waiting for pose data from /pose topic...
[WARN] [1775885103.786656409] [uart_bridge]: Waiting for pose data from /pose topic...
[WARN] [1775885104.287889582] [uart_bridge]: Waiting for pose data from /pose topic...
[WARN] [1775885104.789144070] [uart_bridge]: Waiting for pose data from /pose topic...
[WARN] [1775885105.290360539] [uart_bridge]: Waiting for pose data from /pose topic...
[WARN] [1775885105.791595342] [uart_bridge]: Waiting for pose data from /pose topic...
[WARN] [1775885106.292837792] [uart_bridge]: Waiting for pose data from /pose topic...
[WARN] [1775885106.794060854] [uart_bridge]: Waiting for pose data from /pose topic...
[WARN] [1775885107.295280786] [uart_bridge]: Waiting for pose data from /pose topic...
[WARN] [1775885107.796491570] [uart_bridge]: Waiting for pose data from /pose topic...
[WARN] [1775885108.297747391] [uart_bridge]: Waiting for pose data from /pose topic...
[WARN] [1775885108.798983879] [uart_bridge]: Waiting for pose data from /pose topic...
[WARN] [1775885109.300369201] [uart_bridge]: Waiting for pose data from /pose topic...
[WARN] [1775885109.801576244] [uart_bridge]: Waiting for pose data from /pose topic...
[WARN] [1775885110.302799139] [uart_bridge]: Waiting for pose data from /pose topic...
[WARN] [1775885110.804079275] [uart_bridge]: Waiting for pose data from /pose topic...
[WARN] [1775885111.305236225] [uart_bridge]: Waiting for pose data from /pose topic...
[WARN] [1775885111.806512973] [uart_bridge]: Waiting for pose data from /pose topic...
[WARN] [1775885112.307753886] [uart_bridge]: Waiting for pose data from /pose topic...
[WARN] [1775885112.808948800] [uart_bridge]: Waiting for pose data from /pose topic...
[WARN] [1775885113.309999287] [uart_bridge]: Waiting for pose data from /pose topic...
[WARN] [1775885113.811231978] [uart_bridge]: Waiting for pose data from /pose topic...
[WARN] [1775885114.312239798] [uart_bridge]: Waiting for pose data from /pose topic...
[WARN] [1775885114.813404989] [uart_bridge]: Waiting for pose data from /pose topic...
[WARN] [1775885115.314578513] [uart_bridge]: Waiting for pose data from /pose topic...
[WARN] [1775885115.815540370] [uart_bridge]: Waiting for pose data from /pose topic...
[WARN] [1775885116.316461097] [uart_bridge]: Waiting for pose data from /pose topic...
[WARN] [1775885116.817474695] [uart_bridge]: Waiting for pose data from /pose topic...
[WARN] [1775885117.318553230] [uart_bridge]: Waiting for pose data from /pose topic...
[WARN] [1775885117.819425829] [uart_bridge]: Waiting for pose data from /pose topic...
[WARN] [1775885118.320449168] [uart_bridge]: Waiting for pose data from /pose topic...
[WARN] [1775885118.821353989] [uart_bridge]: Waiting for pose data from /pose topic...
[WARN] [1775885119.322230291] [uart_bridge]: Waiting for pose data from /pose topic...
[WARN] [1775885119.823465410] [uart_bridge]: Waiting for pose data from /pose topic...
[WARN] [1775885120.324532768] [uart_bridge]: Waiting for pose data from /pose topic...
[WARN] [1775885120.825389626] [uart_bridge]: Waiting for pose data from /pose topic...
[WARN] [1775885121.326259872] [uart_bridge]: Waiting for pose data from /pose topic...
[WARN] [1775885121.827128489] [uart_bridge]: Waiting for pose data from /pose topic...
[WARN] [1775885122.328004532] [uart_bridge]: Waiting for pose data from /pose topic...
[WARN] [1775885122.828875519] [uart_bridge]: Waiting for pose data from /pose topic...
[WARN] [1775885123.329744950] [uart_bridge]: Waiting for pose data from /pose topic...
[WARN] [1775885123.830603308] [uart_bridge]: Waiting for pose data from /pose topic...
[WARN] [1775885124.331489980] [uart_bridge]: Waiting for pose data from /pose topic...
[WARN] [1775885124.832408523] [uart_bridge]: Waiting for pose data from /pose topic...
[WARN] [1775885125.333376622] [uart_bridge]: Waiting for pose data from /pose topic...
[WARN] [1775885125.834508129] [uart_bridge]: Waiting for pose data from /pose topic...
[WARN] [1775885126.335448709] [uart_bridge]: Waiting for pose data from /pose topic...
[WARN] [1775885126.836439512] [uart_bridge]: Waiting for pose data from /pose topic...
[WARN] [1775885127.337548463] [uart_bridge]: Waiting for pose data from /pose topic...
[WARN] [1775885127.838632007] [uart_bridge]: Waiting for pose data from /pose topic...
[WARN] [1775885128.339692995] [uart_bridge]: Waiting for pose data from /pose topic...
[WARN] [1775885128.840709335] [uart_bridge]: Waiting for pose data from /pose topic...
[WARN] [1775885129.341778749] [uart_bridge]: Waiting for pose data from /pose topic...
[WARN] [1775885129.842895237] [uart_bridge]: Waiting for pose data from /pose topic...
[WARN] [1775885130.343906188] [uart_bridge]: Waiting for pose data from /pose topic...
[WARN] [1775885130.844947065] [uart_bridge]: Waiting for pose data from /pose topic...
[WARN] [1775885131.346085609] [uart_bridge]: Waiting for pose data from /pose topic...
[WARN] [1775885131.847226913] [uart_bridge]: Waiting for pose data from /pose topic...
[WARN] [1775885132.348265530] [uart_bridge]: Waiting for pose data from /pose topic...
[WARN] [1775885132.849409593] [uart_bridge]: Waiting for pose data from /pose topic...
[WARN] [1775885133.350543007] [uart_bridge]: Waiting for pose data from /pose topic...
[WARN] [1775885133.851701088] [uart_bridge]: Waiting for pose data from /pose topic...
[WARN] [1775885134.352854836] [uart_bridge]: Waiting for pose data from /pose topic...
[WARN] [1775885134.854070233] [uart_bridge]: Waiting for pose data from /pose topic...
[WARN] [1775885135.355282610] [uart_bridge]: Waiting for pose data from /pose topic...
[WARN] [1775885135.856425858] [uart_bridge]: Waiting for pose data from /pose topic...
[WARN] [1775885136.357570625] [uart_bridge]: Waiting for pose data from /pose topic...
[WARN] [1775885136.858749243] [uart_bridge]: Waiting for pose data from /pose topic...
[WARN] [1775885137.360827921] [uart_bridge]: Waiting for pose data from /pose topic...
[WARN] [1775885137.862021447] [uart_bridge]: Waiting for pose data from /pose topic...
[WARN] [1775885138.363253140] [uart_bridge]: Waiting for pose data from /pose topic...
[WARN] [1775885138.864450999] [uart_bridge]: Waiting for pose data from /pose topic...
[WARN] [1775885139.365603043] [uart_bridge]: Waiting for pose data from /pose topic...
[WARN] [1775885139.866868866] [uart_bridge]: Waiting for pose data from /pose topic...
[WARN] [1775885140.368026151] [uart_bridge]: Waiting for pose data from /pose topic...
[WARN] [1775885140.869250492] [uart_bridge]: Waiting for pose data from /pose topic...
[WARN] [1775885141.370408517] [uart_bridge]: Waiting for pose data from /pose topic...
[WARN] [1775885141.871615099] [uart_bridge]: Waiting for pose data from /pose topic...
[WARN] [1775885142.372881255] [uart_bridge]: Waiting for pose data from /pose topic...
[WARN] [1775885142.874100484] [uart_bridge]: Waiting for pose data from /pose topic...
[WARN] [1775885143.375221732] [uart_bridge]: Waiting for pose data from /pose topic...
[WARN] [1775885143.876406350] [uart_bridge]: Waiting for pose data from /pose topic...
[WARN] [1775885144.377609913] [uart_bridge]: Waiting for pose data from /pose topic...
[WARN] [1775885144.878792050] [uart_bridge]: Waiting for pose data from /pose topic...
[WARN] [1775885145.379957131] [uart_bridge]: Waiting for pose data from /pose topic...
[WARN] [1775885145.881120694] [uart_bridge]: Waiting for pose data from /pose topic...
[WARN] [1775885146.382249442] [uart_bridge]: Waiting for pose data from /pose topic...
[WARN] [1775885146.883468653] [uart_bridge]: Waiting for pose data from /pose topic...
[WARN] [1775885147.384687809] [uart_bridge]: Waiting for pose data from /pose topic...
[WARN] [1775885147.885916964] [uart_bridge]: Waiting for pose data from /pose topic...
[WARN] [1775885148.387095175] [uart_bridge]: Waiting for pose data from /pose topic...
[WARN] [1775885148.888311331] [uart_bridge]: Waiting for pose data from /pose topic...
[WARN] [1775885149.389497597] [uart_bridge]: Waiting for pose data from /pose topic...
[WARN] [1775885149.890759883] [uart_bridge]: Waiting for pose data from /pose topic...
[WARN] [1775885150.391990038] [uart_bridge]: Waiting for pose data from /pose topic...
[WARN] [1775885150.893170583] [uart_bridge]: Waiting for pose data from /pose topic...
[WARN] [1775885151.394420424] [uart_bridge]: Waiting for pose data from /pose topic...
[WARN] [1775885151.895655691] [uart_bridge]: Waiting for pose data from /pose topic...
[WARN] [1775885152.396874050] [uart_bridge]: Waiting for pose data from /pose topic...
[WARN] [1775885152.898093668] [uart_bridge]: Waiting for pose data from /pose topic...
[WARN] [1775885153.399380843] [uart_bridge]: Waiting for pose data from /pose topic...
[WARN] [1775885153.900434609] [uart_bridge]: Waiting for pose data from /pose topic...
[WARN] [1775885154.401340504] [uart_bridge]: Waiting for pose data from /pose topic...
[WARN] [1775885154.902214713] [uart_bridge]: Waiting for pose data from /pose topic...
[WARN] [1775885155.403075922] [uart_bridge]: Waiting for pose data from /pose topic...
[WARN] [1775885155.904352837] [uart_bridge]: Waiting for pose data from /pose topic...
[WARN] [1775885156.405560345] [uart_bridge]: Waiting for pose data from /pose topic...
[WARN] [1775885156.906801445] [uart_bridge]: Waiting for pose data from /pose topic...
[WARN] [1775885157.408026045] [uart_bridge]: Waiting for pose data from /pose topic...
[WARN] [1775885157.909159719] [uart_bridge]: Waiting for pose data from /pose topic...
[WARN] [1775885158.410224299] [uart_bridge]: Waiting for pose data from /pose topic...
[WARN] [1775885158.911444974] [uart_bridge]: Waiting for pose data from /pose topic...
[WARN] [1775885159.412532184] [uart_bridge]: Waiting for pose data from /pose topic...
[WARN] [1775885159.913635321] [uart_bridge]: Waiting for pose data from /pose topic...
[WARN] [1775885160.414634401] [uart_bridge]: Waiting for pose data from /pose topic...
[WARN] [1775885160.915594240] [uart_bridge]: Waiting for pose data from /pose topic...
[WARN] [1775885161.416548969] [uart_bridge]: Waiting for pose data from /pose topic...
[WARN] [1775885161.917667828] [uart_bridge]: Waiting for pose data from /pose topic...
[WARN] [1775885162.418565945] [uart_bridge]: Waiting for pose data from /pose topic...
[WARN] [1775885162.919436654] [uart_bridge]: Waiting for pose data from /pose topic...
[WARN] [1775885163.420390512] [uart_bridge]: Waiting for pose data from /pose topic...
[WARN] [1775885163.921351259] [uart_bridge]: Waiting for pose data from /pose topic...
[WARN] [1775885164.422224505] [uart_bridge]: Waiting for pose data from /pose topic...
[WARN] [1775885164.923115937] [uart_bridge]: Waiting for pose data from /pose topic...
[WARN] [1775885165.424324055] [uart_bridge]: Waiting for pose data from /pose topic...
[WARN] [1775885165.925193154] [uart_bridge]: Waiting for pose data from /pose topic...
[WARN] [1775885166.426061067] [uart_bridge]: Waiting for pose data from /pose topic...
[WARN] [1775885166.927249204] [uart_bridge]: Waiting for pose data from /pose topic...
[WARN] [1775885167.428479526] [uart_bridge]: Waiting for pose data from /pose topic...
[WARN] [1775885167.929719274] [uart_bridge]: Waiting for pose data from /pose topic...
[WARN] [1775885168.430943282] [uart_bridge]: Waiting for pose data from /pose topic...
[WARN] [1775885168.931868103] [uart_bridge]: Waiting for pose data from /pose topic...
[WARN] [1775885169.432982998] [uart_bridge]: Waiting for pose data from /pose topic...
[WARN] [1775885169.934085894] [uart_bridge]: Waiting for pose data from /pose topic...
[WARN] [1775885170.435004733] [uart_bridge]: Waiting for pose data from /pose topic...
[WARN] [1775885170.937024115] [uart_bridge]: Waiting for pose data from /pose topic...
[WARN] [1775885171.438134048] [uart_bridge]: Waiting for pose data from /pose topic...
[WARN] [1775885171.939347759] [uart_bridge]: Waiting for pose data from /pose topic...
[WARN] [1775885172.440549878] [uart_bridge]: Waiting for pose data from /pose topic...
[WARN] [1775885172.941710644] [uart_bridge]: Waiting for pose data from /pose topic...
[WARN] [1775885173.442964633] [uart_bridge]: Waiting for pose data from /pose topic...
[WARN] [1775885173.944182400] [uart_bridge]: Waiting for pose data from /pose topic...
[WARN] [1775885174.445342722] [uart_bridge]: Waiting for pose data from /pose topic...
[WARN] [1775885174.946491285] [uart_bridge]: Waiting for pose data from /pose topic...
[WARN] [1775885175.447634977] [uart_bridge]: Waiting for pose data from /pose topic...
[WARN] [1775885175.948784540] [uart_bridge]: Waiting for pose data from /pose topic...
[WARN] [1775885176.449936028] [uart_bridge]: Waiting for pose data from /pose topic...
[WARN] [1775885176.951084276] [uart_bridge]: Waiting for pose data from /pose topic...
[WARN] [1775885177.452247246] [uart_bridge]: Waiting for pose data from /pose topic...
[WARN] [1775885177.953401642] [uart_bridge]: Waiting for pose data from /pose topic...
[WARN] [1775885178.454542001] [uart_bridge]: Waiting for pose data from /pose topic...
[WARN] [1775885178.955702601] [uart_bridge]: Waiting for pose data from /pose topic...
[WARN] [1775885179.456854775] [uart_bridge]: Waiting for pose data from /pose topic...
[WARN] [1775885179.958039097] [uart_bridge]: Waiting for pose data from /pose topic...
[WARN] [1775885180.459282845] [uart_bridge]: Waiting for pose data from /pose topic...
[WARN] [1775885180.961278190] [uart_bridge]: Waiting for pose data from /pose topic...
[WARN] [1775885181.462483753] [uart_bridge]: Waiting for pose data from /pose topic...
[WARN] [1775885181.963742538] [uart_bridge]: Waiting for pose data from /pose topic...
[WARN] [1775885182.464953323] [uart_bridge]: Waiting for pose data from /pose topic...
[WARN] [1775885182.965803884] [uart_bridge]: Waiting for pose data from /pose topic...
[WARN] [1775885183.466954521] [uart_bridge]: Waiting for pose data from /pose topic...
[WARN] [1775885183.968084862] [uart_bridge]: Waiting for pose data from /pose topic...
[WARN] [1775885184.469277054] [uart_bridge]: Waiting for pose data from /pose topic...
[WARN] [1775885184.970505284] [uart_bridge]: Waiting for pose data from /pose topic...
[WARN] [1775885185.471679013] [uart_bridge]: Waiting for pose data from /pose topic...
[WARN] [1775885185.972860169] [uart_bridge]: Waiting for pose data from /pose topic...
[WARN] [1775885186.474022768] [uart_bridge]: Waiting for pose data from /pose topic...
[WARN] [1775885186.975180516] [uart_bridge]: Waiting for pose data from /pose topic...
[WARN] [1775885187.476344746] [uart_bridge]: Waiting for pose data from /pose topic...
[WARN] [1775885187.977491845] [uart_bridge]: Waiting for pose data from /pose topic...
[WARN] [1775885188.478671556] [uart_bridge]: Waiting for pose data from /pose topic...
[WARN] [1775885188.979831156] [uart_bridge]: Waiting for pose data from /pose topic...
[WARN] [1775885189.480995163] [uart_bridge]: Waiting for pose data from /pose topic...
[WARN] [1775885189.982160411] [uart_bridge]: Waiting for pose data from /pose topic...
[WARN] [1775885190.483381456] [uart_bridge]: Waiting for pose data from /pose topic...
[WARN] [1775885190.984555130] [uart_bridge]: Waiting for pose data from /pose topic...
[WARN] [1775885191.485808878] [uart_bridge]: Waiting for pose data from /pose topic...
[WARN] [1775885191.987009404] [uart_bridge]: Waiting for pose data from /pose topic...
[WARN] [1775885192.488232133] [uart_bridge]: Waiting for pose data from /pose topic...
[WARN] [1775885192.989457789] [uart_bridge]: Waiting for pose data from /pose topic...
[WARN] [1775885193.490687723] [uart_bridge]: Waiting for pose data from /pose topic...
[WARN] [1775885193.991922175] [uart_bridge]: Waiting for pose data from /pose topic...
[WARN] [1775885194.493169034] [uart_bridge]: Waiting for pose data from /pose topic...
[WARN] [1775885194.994223670] [uart_bridge]: Waiting for pose data from /pose topic...
[WARN] [1775885195.495306547] [uart_bridge]: Waiting for pose data from /pose topic...
[WARN] [1775885195.996542481] [uart_bridge]: Waiting for pose data from /pose topic...
[WARN] [1775885196.497780933] [uart_bridge]: Waiting for pose data from /pose topic...
[WARN] [1775885196.999016959] [uart_bridge]: Waiting for pose data from /pose topic...
[WARN] [1775885197.500629524] [uart_bridge]: Waiting for pose data from /pose topic...
[WARN] [1775885198.001855809] [uart_bridge]: Waiting for pose data from /pose topic...
[WARN] [1775885198.503014687] [uart_bridge]: Waiting for pose data from /pose topic...
[WARN] [1775885199.004194305] [uart_bridge]: Waiting for pose data from /pose topic...
[WARN] [1775885199.505345849] [uart_bridge]: Waiting for pose data from /pose topic...
[WARN] [1775885200.006514801] [uart_bridge]: Waiting for pose data from /pose topic...
[WARN] [1775885200.507654771] [uart_bridge]: Waiting for pose data from /pose topic...
[WARN] [1775885201.008815000] [uart_bridge]: Waiting for pose data from /pose topic...
[WARN] [1775885201.509980156] [uart_bridge]: Waiting for pose data from /pose topic...
[WARN] [1775885202.011124200] [uart_bridge]: Waiting for pose data from /pose topic...
[WARN] [1775885202.512276503] [uart_bridge]: Waiting for pose data from /pose topic...
[WARN] [1775885203.013413436] [uart_bridge]: Waiting for pose data from /pose topic...
[WARN] [1775885203.514554739] [uart_bridge]: Waiting for pose data from /pose topic...
[WARN] [1775885204.015642987] [uart_bridge]: Waiting for pose data from /pose topic...
[WARN] [1775885204.516816124] [uart_bridge]: Waiting for pose data from /pose topic...
[WARN] [1775885205.017739593] [uart_bridge]: Waiting for pose data from /pose topic...
[WARN] [1775885205.518851544] [uart_bridge]: Waiting for pose data from /pose topic...
[WARN] [1775885206.019903014] [uart_bridge]: Waiting for pose data from /pose topic...
[WARN] [1775885206.520789890] [uart_bridge]: Waiting for pose data from /pose topic...
[WARN] [1775885207.021668284] [uart_bridge]: Waiting for pose data from /pose topic...
[WARN] [1775885207.522582624] [uart_bridge]: Waiting for pose data from /pose topic...
[WARN] [1775885208.023507241] [uart_bridge]: Waiting for pose data from /pose topic...
[WARN] [1775885208.524467099] [uart_bridge]: Waiting for pose data from /pose topic...
[WARN] [1775885209.025338178] [uart_bridge]: Waiting for pose data from /pose topic...
[WARN] [1775885209.526214721] [uart_bridge]: Waiting for pose data from /pose topic...
[WARN] [1775885210.027146912] [uart_bridge]: Waiting for pose data from /pose topic...
[WARN] [1775885210.528039677] [uart_bridge]: Waiting for pose data from /pose topic...
[WARN] [1775885211.028912591] [uart_bridge]: Waiting for pose data from /pose topic...
[WARN] [1775885211.530112727] [uart_bridge]: Waiting for pose data from /pose topic...
[WARN] [1775885212.031352902] [uart_bridge]: Waiting for pose data from /pose topic...
[WARN] [1775885212.532543742] [uart_bridge]: Waiting for pose data from /pose topic...
[WARN] [1775885213.033811157] [uart_bridge]: Waiting for pose data from /pose topic...
[WARN] [1775885213.534983961] [uart_bridge]: Waiting for pose data from /pose topic...
[WARN] [1775885214.036145672] [uart_bridge]: Waiting for pose data from /pose topic...
[WARN] [1775885214.537310161] [uart_bridge]: Waiting for pose data from /pose topic...
[WARN] [1775885215.038389464] [uart_bridge]: Waiting for pose data from /pose topic...
[WARN] [1775885215.539582693] [uart_bridge]: Waiting for pose data from /pose topic...
[WARN] [1775885216.040736700] [uart_bridge]: Waiting for pose data from /pose topic...
[WARN] [1775885216.541901800] [uart_bridge]: Waiting for pose data from /pose topic...
[WARN] [1775885217.043052196] [uart_bridge]: Waiting for pose data from /pose topic...
[WARN] [1775885217.544288037] [uart_bridge]: Waiting for pose data from /pose topic...
[WARN] [1775885218.045454489] [uart_bridge]: Waiting for pose data from /pose topic...
[WARN] [1775885218.546609551] [uart_bridge]: Waiting for pose data from /pose topic...
[WARN] [1775885219.047756558] [uart_bridge]: Waiting for pose data from /pose topic...
[WARN] [1775885219.548917084] [uart_bridge]: Waiting for pose data from /pose topic...
[WARN] [1775885220.050056869] [uart_bridge]: Waiting for pose data from /pose topic...
[WARN] [1775885220.551202802] [uart_bridge]: Waiting for pose data from /pose topic...
[WARN] [1775885221.052346976] [uart_bridge]: Waiting for pose data from /pose topic...
[WARN] [1775885221.553486372] [uart_bridge]: Waiting for pose data from /pose topic...
[WARN] [1775885222.054614008] [uart_bridge]: Waiting for pose data from /pose topic...
[WARN] [1775885222.555774460] [uart_bridge]: Waiting for pose data from /pose topic...
[WARN] [1775885223.056918615] [uart_bridge]: Waiting for pose data from /pose topic...
[WARN] [1775885223.558068992] [uart_bridge]: Waiting for pose data from /pose topic...
[WARN] [1775885224.059230277] [uart_bridge]: Waiting for pose data from /pose topic...
[WARN] [1775885224.561079158] [uart_bridge]: Waiting for pose data from /pose topic...
[WARN] [1775885225.062454370] [uart_bridge]: Waiting for pose data from /pose topic...
[WARN] [1775885225.563652396] [uart_bridge]: Waiting for pose data from /pose topic...
[WARN] [1775885226.064803477] [uart_bridge]: Waiting for pose data from /pose topic...
[WARN] [1775885226.565997263] [uart_bridge]: Waiting for pose data from /pose topic...
[WARN] [1775885227.067283881] [uart_bridge]: Waiting for pose data from /pose topic...
[WARN] [1775885227.568495148] [uart_bridge]: Waiting for pose data from /pose topic...
[WARN] [1775885228.069688118] [uart_bridge]: Waiting for pose data from /pose topic...
[WARN] [1775885228.570886181] [uart_bridge]: Waiting for pose data from /pose topic...
[WARN] [1775885229.072059022] [uart_bridge]: Waiting for pose data from /pose topic...
[WARN] [1775885229.573244807] [uart_bridge]: Waiting for pose data from /pose topic...
[WARN] [1775885230.074407184] [uart_bridge]: Waiting for pose data from /pose topic...
[WARN] [1775885230.575632636] [uart_bridge]: Waiting for pose data from /pose topic...
[WARN] [1775885231.076786458] [uart_bridge]: Waiting for pose data from /pose topic...
[WARN] [1775885231.577941373] [uart_bridge]: Waiting for pose data from /pose topic...
[WARN] [1775885232.079120769] [uart_bridge]: Waiting for pose data from /pose topic...
[WARN] [1775885232.580281147] [uart_bridge]: Waiting for pose data from /pose topic...
[WARN] [1775885233.081507710] [uart_bridge]: Waiting for pose data from /pose topic...
[WARN] [1775885233.582747051] [uart_bridge]: Waiting for pose data from /pose topic...
[WARN] [1775885234.083921373] [uart_bridge]: Waiting for pose data from /pose topic...
[WARN] [1775885234.585082139] [uart_bridge]: Waiting for pose data from /pose topic...
[WARN] [1775885235.086252072] [uart_bridge]: Waiting for pose data from /pose topic...
[WARN] [1775885235.587496691] [uart_bridge]: Waiting for pose data from /pose topic...
[WARN] [1775885236.088742198] [uart_bridge]: Waiting for pose data from /pose topic...
[WARN] [1775885236.589988965] [uart_bridge]: Waiting for pose data from /pose topic...
[WARN] [1775885237.091239695] [uart_bridge]: Waiting for pose data from /pose topic...
[WARN] [1775885237.592563073] [uart_bridge]: Waiting for pose data from /pose topic...
[WARN] [1775885238.093812137] [uart_bridge]: Waiting for pose data from /pose topic...
[WARN] [1775885238.594984718] [uart_bridge]: Waiting for pose data from /pose topic...
[WARN] [1775885239.096226003] [uart_bridge]: Waiting for pose data from /pose topic...
[WARN] [1775885239.597472492] [uart_bridge]: Waiting for pose data from /pose topic...
[WARN] [1775885240.098875038] [uart_bridge]: Waiting for pose data from /pose topic...
[WARN] [1775885240.600284917] [uart_bridge]: Waiting for pose data from /pose topic...
[WARN] [1775885241.101514294] [uart_bridge]: Waiting for pose data from /pose topic...
[WARN] [1775885241.602740802] [uart_bridge]: Waiting for pose data from /pose topic...
[WARN] [1775885242.103992458] [uart_bridge]: Waiting for pose data from /pose topic...
[WARN] [1775885242.605434614] [uart_bridge]: Waiting for pose data from /pose topic...
[WARN] [1775885243.106555603] [uart_bridge]: Waiting for pose data from /pose topic...
[WARN] [1775885243.607737629] [uart_bridge]: Waiting for pose data from /pose topic...
[WARN] [1775885244.108868432] [uart_bridge]: Waiting for pose data from /pose topic...
[WARN] [1775885244.610141347] [uart_bridge]: Waiting for pose data from /pose topic...
[WARN] [1775885245.111313521] [uart_bridge]: Waiting for pose data from /pose topic...
[WARN] [1775885245.612515602] [uart_bridge]: Waiting for pose data from /pose topic...
[WARN] [1775885246.113660184] [uart_bridge]: Waiting for pose data from /pose topic...
[WARN] [1775885246.614781654] [uart_bridge]: Waiting for pose data from /pose topic...
[WARN] [1775885247.115958309] [uart_bridge]: Waiting for pose data from /pose topic...
[WARN] [1775885247.617076760] [uart_bridge]: Waiting for pose data from /pose topic...
[WARN] [1775885248.118247138] [uart_bridge]: Waiting for pose data from /pose topic...
[WARN] [1775885248.619202348] [uart_bridge]: Waiting for pose data from /pose topic...
[WARN] [1775885249.120078668] [uart_bridge]: Waiting for pose data from /pose topic...
[WARN] [1775885249.621251509] [uart_bridge]: Waiting for pose data from /pose topic...
[WARN] [1775885250.122421072] [uart_bridge]: Waiting for pose data from /pose topic...
[WARN] [1775885250.623682616] [uart_bridge]: Waiting for pose data from /pose topic...
[WARN] [1775885251.124600252] [uart_bridge]: Waiting for pose data from /pose topic...
[WARN] [1775885251.625776629] [uart_bridge]: Waiting for pose data from /pose topic...
[WARN] [1775885252.126952266] [uart_bridge]: Waiting for pose data from /pose topic...
[WARN] [1775885252.628123181] [uart_bridge]: Waiting for pose data from /pose topic...
[WARN] [1775885253.129311540] [uart_bridge]: Waiting for pose data from /pose topic...
[WARN] [1775885253.630553788] [uart_bridge]: Waiting for pose data from /pose topic...
[WARN] [1775885254.131739499] [uart_bridge]: Waiting for pose data from /pose topic...
[WARN] [1775885254.632970766] [uart_bridge]: Waiting for pose data from /pose topic...
[WARN] [1775885255.134204163] [uart_bridge]: Waiting for pose data from /pose topic...
[WARN] [1775885255.635483207] [uart_bridge]: Waiting for pose data from /pose topic...
[WARN] [1775885256.136707789] [uart_bridge]: Waiting for pose data from /pose topic...
[WARN] [1775885256.637919130] [uart_bridge]: Waiting for pose data from /pose topic...
[WARN] [1775885257.139147582] [uart_bridge]: Waiting for pose data from /pose topic...
[WARN] [1775885257.640353367] [uart_bridge]: Waiting for pose data from /pose topic...
[WARN] [1775885258.141599819] [uart_bridge]: Waiting for pose data from /pose topic...
[WARN] [1775885258.642794159] [uart_bridge]: Waiting for pose data from /pose topic...
[WARN] [1775885259.144018352] [uart_bridge]: Waiting for pose data from /pose topic...
[WARN] [1775885259.645175470] [uart_bridge]: Waiting for pose data from /pose topic...
[WARN] [1775885260.146311552] [uart_bridge]: Waiting for pose data from /pose topic...
[WARN] [1775885260.647481892] [uart_bridge]: Waiting for pose data from /pose topic...
[WARN] [1775885261.148615584] [uart_bridge]: Waiting for pose data from /pose topic...
[WARN] [1775885261.649783258] [uart_bridge]: Waiting for pose data from /pose topic...
[WARN] [1775885262.150931858] [uart_bridge]: Waiting for pose data from /pose topic...
[WARN] [1775885262.652105161] [uart_bridge]: Waiting for pose data from /pose topic...
[WARN] [1775885263.153279780] [uart_bridge]: Waiting for pose data from /pose topic...
[WARN] [1775885263.654469065] [uart_bridge]: Waiting for pose data from /pose topic...
[WARN] [1775885264.155607350] [uart_bridge]: Waiting for pose data from /pose topic...
[WARN] [1775885264.656781394] [uart_bridge]: Waiting for pose data from /pose topic...
[WARN] [1775885265.157958864] [uart_bridge]: Waiting for pose data from /pose topic...
[WARN] [1775885265.659122779] [uart_bridge]: Waiting for pose data from /pose topic...
[WARN] [1775885266.161055938] [uart_bridge]: Waiting for pose data from /pose topic...
[WARN] [1775885266.662270779] [uart_bridge]: Waiting for pose data from /pose topic...
[WARN] [1775885267.163433304] [uart_bridge]: Waiting for pose data from /pose topic...
[WARN] [1775885267.664571182] [uart_bridge]: Waiting for pose data from /pose topic...
[WARN] [1775885268.165771948] [uart_bridge]: Waiting for pose data from /pose topic...
[WARN] [1775885268.667068419] [uart_bridge]: Waiting for pose data from /pose topic...
[WARN] [1775885269.168251389] [uart_bridge]: Waiting for pose data from /pose topic...
[WARN] [1775885269.669506138] [uart_bridge]: Waiting for pose data from /pose topic...
[WARN] [1775885270.170749627] [uart_bridge]: Waiting for pose data from /pose topic...
[WARN] [1775885270.671923727] [uart_bridge]: Waiting for pose data from /pose topic...
[WARN] [1775885271.173074363] [uart_bridge]: Waiting for pose data from /pose topic...
[WARN] [1775885271.674221759] [uart_bridge]: Waiting for pose data from /pose topic...
[WARN] [1775885272.175355674] [uart_bridge]: Waiting for pose data from /pose topic...
[WARN] [1775885272.676488866] [uart_bridge]: Waiting for pose data from /pose topic...
[WARN] [1775885273.177595743] [uart_bridge]: Waiting for pose data from /pose topic...
[WARN] [1775885273.678758121] [uart_bridge]: Waiting for pose data from /pose topic...
[WARN] [1775885274.179914498] [uart_bridge]: Waiting for pose data from /pose topic...
[WARN] [1775885274.681074098] [uart_bridge]: Waiting for pose data from /pose topic...
[WARN] [1775885275.182298754] [uart_bridge]: Waiting for pose data from /pose topic...
[WARN] [1775885275.683486224] [uart_bridge]: Waiting for pose data from /pose topic...
[WARN] [1775885276.184666250] [uart_bridge]: Waiting for pose data from /pose topic...
[WARN] [1775885276.685915239] [uart_bridge]: Waiting for pose data from /pose topic...
[WARN] [1775885277.187159246] [uart_bridge]: Waiting for pose data from /pose topic...
[WARN] [1775885277.688349291] [uart_bridge]: Waiting for pose data from /pose topic...
[WARN] [1775885278.189592910] [uart_bridge]: Waiting for pose data from /pose topic...
[WARN] [1775885278.690826676] [uart_bridge]: Waiting for pose data from /pose topic...
[WARN] [1775885279.192119017] [uart_bridge]: Waiting for pose data from /pose topic...
[WARN] [1775885279.693320729] [uart_bridge]: Waiting for pose data from /pose topic...
[WARN] [1775885280.194529903] [uart_bridge]: Waiting for pose data from /pose topic...
[WARN] [1775885280.695730558] [uart_bridge]: Waiting for pose data from /pose topic...
[WARN] [1775885281.196910547] [uart_bridge]: Waiting for pose data from /pose topic...
[WARN] [1775885281.698170480] [uart_bridge]: Waiting for pose data from /pose topic...
[WARN] [1775885282.199482637] [uart_bridge]: Waiting for pose data from /pose topic...
[WARN] [1775885282.700374753] [uart_bridge]: Waiting for pose data from /pose topic...
[WARN] [1775885283.201566279] [uart_bridge]: Waiting for pose data from /pose topic...
[WARN] [1775885283.702862398] [uart_bridge]: Waiting for pose data from /pose topic...
[WARN] [1775885284.204121536] [uart_bridge]: Waiting for pose data from /pose topic...
[WARN] [1775885284.705340987] [uart_bridge]: Waiting for pose data from /pose topic...
[WARN] [1775885285.206584310] [uart_bridge]: Waiting for pose data from /pose topic...
[WARN] [1775885285.707853503] [uart_bridge]: Waiting for pose data from /pose topic...
[WARN] [1775885286.209095603] [uart_bridge]: Waiting for pose data from /pose topic...
[WARN] [1775885286.710345814] [uart_bridge]: Waiting for pose data from /pose topic...
[WARN] [1775885287.211544951] [uart_bridge]: Waiting for pose data from /pose topic...
[WARN] [1775885287.712764366] [uart_bridge]: Waiting for pose data from /pose topic...
[WARN] [1775885288.213895873] [uart_bridge]: Waiting for pose data from /pose topic...
[WARN] [1775885288.715029139] [uart_bridge]: Waiting for pose data from /pose topic...
[WARN] [1775885289.216070609] [uart_bridge]: Waiting for pose data from /pose topic...
[WARN] [1775885289.717114004] [uart_bridge]: Waiting for pose data from /pose topic...
[WARN] [1775885290.218328808] [uart_bridge]: Waiting for pose data from /pose topic...
[WARN] [1775885290.719553686] [uart_bridge]: Waiting for pose data from /pose topic...
[WARN] [1775885291.220777971] [uart_bridge]: Waiting for pose data from /pose topic...
[WARN] [1775885291.721998849] [uart_bridge]: Waiting for pose data from /pose topic...
[WARN] [1775885292.223219338] [uart_bridge]: Waiting for pose data from /pose topic...
[WARN] [1775885292.724447827] [uart_bridge]: Waiting for pose data from /pose topic...
[WARN] [1775885293.225628427] [uart_bridge]: Waiting for pose data from /pose topic...
[WARN] [1775885293.726809119] [uart_bridge]: Waiting for pose data from /pose topic...
[WARN] [1775885294.228025719] [uart_bridge]: Waiting for pose data from /pose topic...
[WARN] [1775885294.729244727] [uart_bridge]: Waiting for pose data from /pose topic...
[WARN] [1775885295.230465753] [uart_bridge]: Waiting for pose data from /pose topic...
[WARN] [1775885295.731698871] [uart_bridge]: Waiting for pose data from /pose topic...
[WARN] [1775885296.232938731] [uart_bridge]: Waiting for pose data from /pose topic...
[WARN] [1775885296.734177609] [uart_bridge]: Waiting for pose data from /pose topic...
[WARN] [1775885297.235477302] [uart_bridge]: Waiting for pose data from /pose topic...
[WARN] [1775885297.736701272] [uart_bridge]: Waiting for pose data from /pose topic...
[WARN] [1775885298.237941835] [uart_bridge]: Waiting for pose data from /pose topic...
[WARN] [1775885298.739273806] [uart_bridge]: Waiting for pose data from /pose topic...
[WARN] [1775885299.240494166] [uart_bridge]: Waiting for pose data from /pose topic...
[WARN] [1775885299.741642099] [uart_bridge]: Waiting for pose data from /pose topic...
[WARN] [1775885300.242850310] [uart_bridge]: Waiting for pose data from /pose topic...
[WARN] [1775885300.744010817] [uart_bridge]: Waiting for pose data from /pose topic...
[WARN] [1775885301.245154046] [uart_bridge]: Waiting for pose data from /pose topic...
[WARN] [1775885301.746310776] [uart_bridge]: Waiting for pose data from /pose topic...
[WARN] [1775885302.247459449] [uart_bridge]: Waiting for pose data from /pose topic...
[WARN] [1775885302.748640531] [uart_bridge]: Waiting for pose data from /pose topic...
[WARN] [1775885303.249799075] [uart_bridge]: Waiting for pose data from /pose topic...
[WARN] [1775885303.750946915] [uart_bridge]: Waiting for pose data from /pose topic...
[WARN] [1775885304.252106645] [uart_bridge]: Waiting for pose data from /pose topic...
[WARN] [1775885304.753261781] [uart_bridge]: Waiting for pose data from /pose topic...
[WARN] [1775885305.254479622] [uart_bridge]: Waiting for pose data from /pose topic...
[WARN] [1775885305.755651759] [uart_bridge]: Waiting for pose data from /pose topic...
[WARN] [1775885306.256864655] [uart_bridge]: Waiting for pose data from /pose topic...
[WARN] [1775885306.758059626] [uart_bridge]: Waiting for pose data from /pose topic...
[WARN] [1775885307.259265503] [uart_bridge]: Waiting for pose data from /pose topic...
[WARN] [1775885307.761216607] [uart_bridge]: Waiting for pose data from /pose topic...
[WARN] [1775885308.262406726] [uart_bridge]: Waiting for pose data from /pose topic...
[WARN] [1775885308.763668493] [uart_bridge]: Waiting for pose data from /pose topic...
[WARN] [1775885309.264892315] [uart_bridge]: Waiting for pose data from /pose topic...
[WARN] [1775885309.766121934] [uart_bridge]: Waiting for pose data from /pose topic...
[WARN] [1775885310.267309663] [uart_bridge]: Waiting for pose data from /pose topic...
[WARN] [1775885310.768465633] [uart_bridge]: Waiting for pose data from /pose topic...
[WARN] [1775885311.269722400] [uart_bridge]: Waiting for pose data from /pose topic...
[WARN] [1775885311.770891815] [uart_bridge]: Waiting for pose data from /pose topic...
[WARN] [1775885312.272053303] [uart_bridge]: Waiting for pose data from /pose topic...
[WARN] [1775885312.773193736] [uart_bridge]: Waiting for pose data from /pose topic...
[WARN] [1775885313.274331910] [uart_bridge]: Waiting for pose data from /pose topic...
[WARN] [1775885313.775477065] [uart_bridge]: Waiting for pose data from /pose topic...
[WARN] [1775885314.276638332] [uart_bridge]: Waiting for pose data from /pose topic...
[WARN] [1775885314.777792802] [uart_bridge]: Waiting for pose data from /pose topic...
[WARN] [1775885315.278955457] [uart_bridge]: Waiting for pose data from /pose topic...
[WARN] [1775885315.780173076] [uart_bridge]: Waiting for pose data from /pose topic...
[WARN] [1775885316.281372842] [uart_bridge]: Waiting for pose data from /pose topic...
[WARN] [1775885316.782593572] [uart_bridge]: Waiting for pose data from /pose topic...
[WARN] [1775885317.283772357] [uart_bridge]: Waiting for pose data from /pose topic...
[WARN] [1775885317.784983438] [uart_bridge]: Waiting for pose data from /pose topic...
[WARN] [1775885318.286197742] [uart_bridge]: Waiting for pose data from /pose topic...
[WARN] [1775885318.787413620] [uart_bridge]: Waiting for pose data from /pose topic...
[WARN] [1775885319.288633813] [uart_bridge]: Waiting for pose data from /pose topic...
[WARN] [1775885319.789853857] [uart_bridge]: Waiting for pose data from /pose topic...
[WARN] [1775885320.291069476] [uart_bridge]: Waiting for pose data from /pose topic...
[WARN] [1775885320.792295928] [uart_bridge]: Waiting for pose data from /pose topic...
[WARN] [1775885321.293506935] [uart_bridge]: Waiting for pose data from /pose topic...
[WARN] [1775885321.794727905] [uart_bridge]: Waiting for pose data from /pose topic...
[WARN] [1775885322.295933524] [uart_bridge]: Waiting for pose data from /pose topic...
[WARN] [1775885322.797147772] [uart_bridge]: Waiting for pose data from /pose topic...
[WARN] [1775885323.298417095] [uart_bridge]: Waiting for pose data from /pose topic...
[WARN] [1775885323.799782733] [uart_bridge]: Waiting for pose data from /pose topic...
[WARN] [1775885324.301027833] [uart_bridge]: Waiting for pose data from /pose topic...
[WARN] [1775885324.802239729] [uart_bridge]: Waiting for pose data from /pose topic...
[WARN] [1775885325.303472014] [uart_bridge]: Waiting for pose data from /pose topic...
[WARN] [1775885325.804716448] [uart_bridge]: Waiting for pose data from /pose topic...
[WARN] [1775885326.305922752] [uart_bridge]: Waiting for pose data from /pose topic...
[WARN] [1775885326.807118055] [uart_bridge]: Waiting for pose data from /pose topic...
[WARN] [1775885327.308219895] [uart_bridge]: Waiting for pose data from /pose topic...
[WARN] [1775885327.809433440] [uart_bridge]: Waiting for pose data from /pose topic...
[WARN] [1775885328.310613484] [uart_bridge]: Waiting for pose data from /pose topic...
[WARN] [1775885328.811784362] [uart_bridge]: Waiting for pose data from /pose topic...
[WARN] [1775885329.312954313] [uart_bridge]: Waiting for pose data from /pose topic...
[WARN] [1775885329.814119450] [uart_bridge]: Waiting for pose data from /pose topic...
[WARN] [1775885330.315250828] [uart_bridge]: Waiting for pose data from /pose topic...
[WARN] [1775885330.816228593] [uart_bridge]: Waiting for pose data from /pose topic...
[WARN] [1775885331.317186155] [uart_bridge]: Waiting for pose data from /pose topic...
[WARN] [1775885331.818094846] [uart_bridge]: Waiting for pose data from /pose topic...
[WARN] [1775885332.318978944] [uart_bridge]: Waiting for pose data from /pose topic...
[WARN] [1775885332.820076988] [uart_bridge]: Waiting for pose data from /pose topic...
[WARN] [1775885333.321106198] [uart_bridge]: Waiting for pose data from /pose topic...
[WARN] [1775885333.822059778] [uart_bridge]: Waiting for pose data from /pose topic...
[WARN] [1775885334.322964784] [uart_bridge]: Waiting for pose data from /pose topic...
[WARN] [1775885334.824087532] [uart_bridge]: Waiting for pose data from /pose topic...
[WARN] [1775885335.324972482] [uart_bridge]: Waiting for pose data from /pose topic...
[WARN] [1775885335.825856025] [uart_bridge]: Waiting for pose data from /pose topic...
[WARN] [1775885336.326729919] [uart_bridge]: Waiting for pose data from /pose topic...
[WARN] [1775885336.827577721] [uart_bridge]: Waiting for pose data from /pose topic...
[WARN] [1775885337.328472894] [uart_bridge]: Waiting for pose data from /pose topic...
[WARN] [1775885337.829336844] [uart_bridge]: Waiting for pose data from /pose topic...
[WARN] [1775885338.330208053] [uart_bridge]: Waiting for pose data from /pose topic...
[WARN] [1775885338.831076651] [uart_bridge]: Waiting for pose data from /pose topic...
[WARN] [1775885339.331950713] [uart_bridge]: Waiting for pose data from /pose topic...
[WARN] [1775885339.832962164] [uart_bridge]: Waiting for pose data from /pose topic...
[WARN] [1775885340.334074893] [uart_bridge]: Waiting for pose data from /pose topic...
[WARN] [1775885340.834993843] [uart_bridge]: Waiting for pose data from /pose topic...
[WARN] [1775885341.336028813] [uart_bridge]: Waiting for pose data from /pose topic...
[WARN] [1775885341.837079856] [uart_bridge]: Waiting for pose data from /pose topic...
[WARN] [1775885342.338130918] [uart_bridge]: Waiting for pose data from /pose topic...
[WARN] [1775885342.839133462] [uart_bridge]: Waiting for pose data from /pose topic...
[WARN] [1775885343.340219672] [uart_bridge]: Waiting for pose data from /pose topic...
[WARN] [1775885343.841311309] [uart_bridge]: Waiting for pose data from /pose topic...
[WARN] [1775885344.342473168] [uart_bridge]: Waiting for pose data from /pose topic...
[WARN] [1775885344.843599749] [uart_bridge]: Waiting for pose data from /pose topic...
[WARN] [1775885345.344763386] [uart_bridge]: Waiting for pose data from /pose topic...
[WARN] [1775885345.845901207] [uart_bridge]: Waiting for pose data from /pose topic...
[WARN] [1775885346.347046344] [uart_bridge]: Waiting for pose data from /pose topic...
[WARN] [1775885346.848188684] [uart_bridge]: Waiting for pose data from /pose topic...
[WARN] [1775885347.349353692] [uart_bridge]: Waiting for pose data from /pose topic...
[WARN] [1775885347.850488495] [uart_bridge]: Waiting for pose data from /pose topic...
[WARN] [1775885348.351695058] [uart_bridge]: Waiting for pose data from /pose topic...
[WARN] [1775885348.852852398] [uart_bridge]: Waiting for pose data from /pose topic...
[WARN] [1775885349.354056480] [uart_bridge]: Waiting for pose data from /pose topic...
[WARN] [1775885349.855263265] [uart_bridge]: Waiting for pose data from /pose topic...
[WARN] [1775885350.356502199] [uart_bridge]: Waiting for pose data from /pose topic...
[WARN] [1775885350.857716058] [uart_bridge]: Waiting for pose data from /pose topic...
[WARN] [1775885351.358936306] [uart_bridge]: Waiting for pose data from /pose topic...
[WARN] [1775885351.861015096] [uart_bridge]: Waiting for pose data from /pose topic...
[WARN] [1775885352.362225381] [uart_bridge]: Waiting for pose data from /pose topic...
[WARN] [1775885352.863461333] [uart_bridge]: Waiting for pose data from /pose topic...
[WARN] [1775885353.364681081] [uart_bridge]: Waiting for pose data from /pose topic...
[WARN] [1775885353.865893663] [uart_bridge]: Waiting for pose data from /pose topic...
[WARN] [1775885354.367085818] [uart_bridge]: Waiting for pose data from /pose topic...
[WARN] [1775885354.868354548] [uart_bridge]: Waiting for pose data from /pose topic...
[WARN] [1775885355.369575500] [uart_bridge]: Waiting for pose data from /pose topic...
[WARN] [1775885355.870767026] [uart_bridge]: Waiting for pose data from /pose topic...
[WARN] [1775885356.371947348] [uart_bridge]: Waiting for pose data from /pose topic...
[WARN] [1775885356.873104633] [uart_bridge]: Waiting for pose data from /pose topic...
[WARN] [1775885357.374270881] [uart_bridge]: Waiting for pose data from /pose topic...
[WARN] [1775885357.875435017] [uart_bridge]: Waiting for pose data from /pose topic...
[WARN] [1775885358.376585191] [uart_bridge]: Waiting for pose data from /pose topic...
[WARN] [1775885358.877752328] [uart_bridge]: Waiting for pose data from /pose topic...
[WARN] [1775885359.378913539] [uart_bridge]: Waiting for pose data from /pose topic...
[WARN] [1775885359.880066324] [uart_bridge]: Waiting for pose data from /pose topic...
[WARN] [1775885360.381231016] [uart_bridge]: Waiting for pose data from /pose topic...
[WARN] [1775885360.882395431] [uart_bridge]: Waiting for pose data from /pose topic...
[WARN] [1775885361.383565660] [uart_bridge]: Waiting for pose data from /pose topic...
[WARN] [1775885361.884711130] [uart_bridge]: Waiting for pose data from /pose topic...
[WARN] [1775885362.385948545] [uart_bridge]: Waiting for pose data from /pose topic...
[WARN] [1775885362.887184608] [uart_bridge]: Waiting for pose data from /pose topic...
[WARN] [1775885363.388431449] [uart_bridge]: Waiting for pose data from /pose topic...
[WARN] [1775885363.889615123] [uart_bridge]: Waiting for pose data from /pose topic...
[WARN] [1775885364.390840723] [uart_bridge]: Waiting for pose data from /pose topic...
[WARN] [1775885364.892062027] [uart_bridge]: Waiting for pose data from /pose topic...
[WARN] [1775885365.393295257] [uart_bridge]: Waiting for pose data from /pose topic...
[WARN] [1775885365.894508023] [uart_bridge]: Waiting for pose data from /pose topic...
[WARN] [1775885366.395732235] [uart_bridge]: Waiting for pose data from /pose topic...
[WARN] [1775885366.896949186] [uart_bridge]: Waiting for pose data from /pose topic...
[WARN] [1775885367.398173712] [uart_bridge]: Waiting for pose data from /pose topic...
[WARN] [1775885367.899438609] [uart_bridge]: Waiting for pose data from /pose topic...
[WARN] [1775885368.400750969] [uart_bridge]: Waiting for pose data from /pose topic...
[WARN] [1775885368.901979199] [uart_bridge]: Waiting for pose data from /pose topic...
[WARN] [1775885369.403193780] [uart_bridge]: Waiting for pose data from /pose topic...
[WARN] [1775885369.904379232] [uart_bridge]: Waiting for pose data from /pose topic...
[WARN] [1775885370.405554758] [uart_bridge]: Waiting for pose data from /pose topic...
[WARN] [1775885370.906767302] [uart_bridge]: Waiting for pose data from /pose topic...
[WARN] [1775885371.408002587] [uart_bridge]: Waiting for pose data from /pose topic...
[WARN] [1775885371.909164428] [uart_bridge]: Waiting for pose data from /pose topic...
[WARN] [1775885372.410271231] [uart_bridge]: Waiting for pose data from /pose topic...
[WARN] [1775885372.911432405] [uart_bridge]: Waiting for pose data from /pose topic...
[WARN] [1775885373.412542023] [uart_bridge]: Waiting for pose data from /pose topic...
[WARN] [1775885373.913695104] [uart_bridge]: Waiting for pose data from /pose topic...
[WARN] [1775885374.414842259] [uart_bridge]: Waiting for pose data from /pose topic...
[WARN] [1775885374.916047804] [uart_bridge]: Waiting for pose data from /pose topic...
[WARN] [1775885375.417262459] [uart_bridge]: Waiting for pose data from /pose topic...
[WARN] [1775885375.918486745] [uart_bridge]: Waiting for pose data from /pose topic...
[WARN] [1775885376.419720882] [uart_bridge]: Waiting for pose data from /pose topic...
[WARN] [1775885376.920941019] [uart_bridge]: Waiting for pose data from /pose topic...
[WARN] [1775885377.422172619] [uart_bridge]: Waiting for pose data from /pose topic...
[WARN] [1775885377.923453812] [uart_bridge]: Waiting for pose data from /pose topic...
[WARN] [1775885378.424691671] [uart_bridge]: Waiting for pose data from /pose topic...
[WARN] [1775885378.925843586] [uart_bridge]: Waiting for pose data from /pose topic...
[WARN] [1775885379.427072112] [uart_bridge]: Waiting for pose data from /pose topic...
[WARN] [1775885379.928287582] [uart_bridge]: Waiting for pose data from /pose topic...
[WARN] [1775885380.429501293] [uart_bridge]: Waiting for pose data from /pose topic...
[WARN] [1775885380.930659189] [uart_bridge]: Waiting for pose data from /pose topic...
[WARN] [1775885381.431884604] [uart_bridge]: Waiting for pose data from /pose topic...
[WARN] [1775885381.933096741] [uart_bridge]: Waiting for pose data from /pose topic...
[WARN] [1775885382.434321675] [uart_bridge]: Waiting for pose data from /pose topic...
[WARN] [1775885382.935524441] [uart_bridge]: Waiting for pose data from /pose topic...
[WARN] [1775885383.436732319] [uart_bridge]: Waiting for pose data from /pose topic...
[WARN] [1775885383.937878067] [uart_bridge]: Waiting for pose data from /pose topic...
[WARN] [1775885384.439263353] [uart_bridge]: Waiting for pose data from /pose topic...
[WARN] [1775885384.940497527] [uart_bridge]: Waiting for pose data from /pose topic...
[WARN] [1775885385.441718738] [uart_bridge]: Waiting for pose data from /pose topic...
[WARN] [1775885385.942859949] [uart_bridge]: Waiting for pose data from /pose topic...
[WARN] [1775885386.444012530] [uart_bridge]: Waiting for pose data from /pose topic...
[WARN] [1775885386.945162889] [uart_bridge]: Waiting for pose data from /pose topic...
[WARN] [1775885387.446319656] [uart_bridge]: Waiting for pose data from /pose topic...
[WARN] [1775885387.947464867] [uart_bridge]: Waiting for pose data from /pose topic...
[WARN] [1775885388.448592800] [uart_bridge]: Waiting for pose data from /pose topic...
[WARN] [1775885388.949813566] [uart_bridge]: Waiting for pose data from /pose topic...
[WARN] [1775885389.450967388] [uart_bridge]: Waiting for pose data from /pose topic...
[WARN] [1775885389.952111636] [uart_bridge]: Waiting for pose data from /pose topic...
[WARN] [1775885390.453287717] [uart_bridge]: Waiting for pose data from /pose topic...
[WARN] [1775885390.954487762] [uart_bridge]: Waiting for pose data from /pose topic...
[WARN] [1775885391.455695788] [uart_bridge]: Waiting for pose data from /pose topic...
[WARN] [1775885391.956894425] [uart_bridge]: Waiting for pose data from /pose topic...
[WARN] [1775885392.458038969] [uart_bridge]: Waiting for pose data from /pose topic...
[WARN] [1775885392.959244087] [uart_bridge]: Waiting for pose data from /pose topic...
[WARN] [1775885393.461337192] [uart_bridge]: Waiting for pose data from /pose topic...
[WARN] [1775885393.962543532] [uart_bridge]: Waiting for pose data from /pose topic...
[WARN] [1775885394.463796744] [uart_bridge]: Waiting for pose data from /pose topic...
[WARN] [1775885394.965040566] [uart_bridge]: Waiting for pose data from /pose topic...
[WARN] [1775885395.466276037] [uart_bridge]: Waiting for pose data from /pose topic...
[WARN] [1775885395.967480396] [uart_bridge]: Waiting for pose data from /pose topic...
[WARN] [1775885396.468654792] [uart_bridge]: Waiting for pose data from /pose topic...
[WARN] [1775885396.969844559] [uart_bridge]: Waiting for pose data from /pose topic...
[WARN] [1775885397.471006269] [uart_bridge]: Waiting for pose data from /pose topic...
[WARN] [1775885397.972162943] [uart_bridge]: Waiting for pose data from /pose topic...
[WARN] [1775885398.473323802] [uart_bridge]: Waiting for pose data from /pose topic...
[WARN] [1775885398.974484106] [uart_bridge]: Waiting for pose data from /pose topic...
[WARN] [1775885399.475655261] [uart_bridge]: Waiting for pose data from /pose topic...
[WARN] [1775885399.976811416] [uart_bridge]: Waiting for pose data from /pose topic...
[WARN] [1775885400.477973868] [uart_bridge]: Waiting for pose data from /pose topic...
[WARN] [1775885400.979142209] [uart_bridge]: Waiting for pose data from /pose topic...
[WARN] [1775885401.480306605] [uart_bridge]: Waiting for pose data from /pose topic...
[WARN] [1775885401.981484149] [uart_bridge]: Waiting for pose data from /pose topic...
[WARN] [1775885402.482662878] [uart_bridge]: Waiting for pose data from /pose topic...
[WARN] [1775885402.983835700] [uart_bridge]: Waiting for pose data from /pose topic...
[WARN] [1775885403.485032448] [uart_bridge]: Waiting for pose data from /pose topic...
[WARN] [1775885403.986275623] [uart_bridge]: Waiting for pose data from /pose topic...
[WARN] [1775885404.487499723] [uart_bridge]: Waiting for pose data from /pose topic...
[WARN] [1775885404.988769397] [uart_bridge]: Waiting for pose data from /pose topic...
[WARN] [1775885405.490035127] [uart_bridge]: Waiting for pose data from /pose topic...
[WARN] [1775885405.991274246] [uart_bridge]: Waiting for pose data from /pose topic...
[WARN] [1775885406.492502827] [uart_bridge]: Waiting for pose data from /pose topic...
[WARN] [1775885406.993730168] [uart_bridge]: Waiting for pose data from /pose topic...
[WARN] [1775885407.494951139] [uart_bridge]: Waiting for pose data from /pose topic...
[WARN] [1775885407.996218943] [uart_bridge]: Waiting for pose data from /pose topic...
[WARN] [1775885408.497448543] [uart_bridge]: Waiting for pose data from /pose topic...
[WARN] [1775885408.998665661] [uart_bridge]: Waiting for pose data from /pose topic...
[WARN] [1775885409.500015688] [uart_bridge]: Waiting for pose data from /pose topic...
[WARN] [1775885410.001237899] [uart_bridge]: Waiting for pose data from /pose topic...
[WARN] [1775885410.502499536] [uart_bridge]: Waiting for pose data from /pose topic...
[WARN] [1775885411.003738433] [uart_bridge]: Waiting for pose data from /pose topic...
[WARN] [1775885411.504969070] [uart_bridge]: Waiting for pose data from /pose topic...
[WARN] [1775885412.006136744] [uart_bridge]: Waiting for pose data from /pose topic...
[WARN] [1775885412.507316566] [uart_bridge]: Waiting for pose data from /pose topic...
[WARN] [1775885413.008539981] [uart_bridge]: Waiting for pose data from /pose topic...
[WARN] [1775885413.509715173] [uart_bridge]: Waiting for pose data from /pose topic...
[WARN] [1775885414.010818810] [uart_bridge]: Waiting for pose data from /pose topic...
[WARN] [1775885414.512002743] [uart_bridge]: Waiting for pose data from /pose topic...
[WARN] [1775885415.013171658] [uart_bridge]: Waiting for pose data from /pose topic...
[WARN] [1775885415.514347369] [uart_bridge]: Waiting for pose data from /pose topic...
[WARN] [1775885416.015525765] [uart_bridge]: Waiting for pose data from /pose topic...
[WARN] [1775885416.516695587] [uart_bridge]: Waiting for pose data from /pose topic...
[WARN] [1775885417.017864224] [uart_bridge]: Waiting for pose data from /pose topic...
[WARN] [1775885417.519087342] [uart_bridge]: Waiting for pose data from /pose topic...
[WARN] [1775885418.020318942] [uart_bridge]: Waiting for pose data from /pose topic...
[WARN] [1775885418.521569579] [uart_bridge]: Waiting for pose data from /pose topic...
[WARN] [1775885419.022787161] [uart_bridge]: Waiting for pose data from /pose topic...
[WARN] [1775885419.523967298] [uart_bridge]: Waiting for pose data from /pose topic...
[WARN] [1775885420.025154824] [uart_bridge]: Waiting for pose data from /pose topic...
[WARN] [1775885420.526390516] [uart_bridge]: Waiting for pose data from /pose topic...
[WARN] [1775885421.027635228] [uart_bridge]: Waiting for pose data from /pose topic...
[WARN] [1775885421.528858939] [uart_bridge]: Waiting for pose data from /pose topic...
[WARN] [1775885422.030111909] [uart_bridge]: Waiting for pose data from /pose topic...
[WARN] [1775885422.531289157] [uart_bridge]: Waiting for pose data from /pose topic...
[WARN] [1775885423.032464202] [uart_bridge]: Waiting for pose data from /pose topic...
[WARN] [1775885423.533724672] [uart_bridge]: Waiting for pose data from /pose topic...
[WARN] [1775885424.034742568] [uart_bridge]: Waiting for pose data from /pose topic...
[WARN] [1775885424.535750611] [uart_bridge]: Waiting for pose data from /pose topic...
[WARN] [1775885425.036896489] [uart_bridge]: Waiting for pose data from /pose topic...
[WARN] [1775885425.537898143] [uart_bridge]: Waiting for pose data from /pose topic...
[WARN] [1775885426.039046021] [uart_bridge]: Waiting for pose data from /pose topic...
[WARN] [1775885426.540052545] [uart_bridge]: Waiting for pose data from /pose topic...
[WARN] [1775885427.041092515] [uart_bridge]: Waiting for pose data from /pose topic...
[WARN] [1775885427.542229300] [uart_bridge]: Waiting for pose data from /pose topic...
[WARN] [1775885428.043366955] [uart_bridge]: Waiting for pose data from /pose topic...
[WARN] [1775885428.544499647] [uart_bridge]: Waiting for pose data from /pose topic...
[WARN] [1775885429.045641228] [uart_bridge]: Waiting for pose data from /pose topic...
[WARN] [1775885429.546776606] [uart_bridge]: Waiting for pose data from /pose topic...
[WARN] [1775885430.047917261] [uart_bridge]: Waiting for pose data from /pose topic...
[WARN] [1775885430.549107379] [uart_bridge]: Waiting for pose data from /pose topic...
[WARN] [1775885431.050254553] [uart_bridge]: Waiting for pose data from /pose topic...
[WARN] [1775885431.551420782] [uart_bridge]: Waiting for pose data from /pose topic...
[WARN] [1775885432.052611771] [uart_bridge]: Waiting for pose data from /pose topic...
[WARN] [1775885432.553810001] [uart_bridge]: Waiting for pose data from /pose topic...
[WARN] [1775885433.054997527] [uart_bridge]: Waiting for pose data from /pose topic...
[WARN] [1775885433.556198182] [uart_bridge]: Waiting for pose data from /pose topic...
[WARN] [1775885434.057416782] [uart_bridge]: Waiting for pose data from /pose topic...
[WARN] [1775885434.558625808] [uart_bridge]: Waiting for pose data from /pose topic...
[WARN] [1775885435.060661060] [uart_bridge]: Waiting for pose data from /pose topic...
[WARN] [1775885435.561871290] [uart_bridge]: Waiting for pose data from /pose topic...
[WARN] [1775885436.063094483] [uart_bridge]: Waiting for pose data from /pose topic...
[WARN] [1775885436.564284990] [uart_bridge]: Waiting for pose data from /pose topic...
[WARN] [1775885437.065476738] [uart_bridge]: Waiting for pose data from /pose topic...
[WARN] [1775885437.566703005] [uart_bridge]: Waiting for pose data from /pose topic...
[WARN] [1775885438.067843512] [uart_bridge]: Waiting for pose data from /pose topic...
[WARN] [1775885438.568987019] [uart_bridge]: Waiting for pose data from /pose topic...
[WARN] [1775885439.070217656] [uart_bridge]: Waiting for pose data from /pose topic...
[WARN] [1775885439.571434941] [uart_bridge]: Waiting for pose data from /pose topic...
[WARN] [1775885440.072582078] [uart_bridge]: Waiting for pose data from /pose topic...
[WARN] [1775885440.573748011] [uart_bridge]: Waiting for pose data from /pose topic...
[WARN] [1775885441.074906167] [uart_bridge]: Waiting for pose data from /pose topic...
[WARN] [1775885441.576056581] [uart_bridge]: Waiting for pose data from /pose topic...
[WARN] [1775885442.077238718] [uart_bridge]: Waiting for pose data from /pose topic...
[WARN] [1775885442.578393170] [uart_bridge]: Waiting for pose data from /pose topic...
[WARN] [1775885443.079536751] [uart_bridge]: Waiting for pose data from /pose topic...
[WARN] [1775885443.580695184] [uart_bridge]: Waiting for pose data from /pose topic...
[WARN] [1775885444.081868154] [uart_bridge]: Waiting for pose data from /pose topic...
[WARN] [1775885444.583023568] [uart_bridge]: Waiting for pose data from /pose topic...
[WARN] [1775885445.084243650] [uart_bridge]: Waiting for pose data from /pose topic...
[WARN] [1775885445.585462065] [uart_bridge]: Waiting for pose data from /pose topic...
[WARN] [1775885446.086696221] [uart_bridge]: Waiting for pose data from /pose topic...
[WARN] [1775885446.587942136] [uart_bridge]: Waiting for pose data from /pose topic...
[WARN] [1775885447.089178143] [uart_bridge]: Waiting for pose data from /pose topic...
[WARN] [1775885447.590355076] [uart_bridge]: Waiting for pose data from /pose topic...
[WARN] [1775885448.091574528] [uart_bridge]: Waiting for pose data from /pose topic...
[WARN] [1775885448.592825795] [uart_bridge]: Waiting for pose data from /pose topic...
[WARN] [1775885449.094041858] [uart_bridge]: Waiting for pose data from /pose topic...
[WARN] [1775885449.595273662] [uart_bridge]: Waiting for pose data from /pose topic...
[WARN] [1775885450.096494540] [uart_bridge]: Waiting for pose data from /pose topic...
[WARN] [1775885450.597729029] [uart_bridge]: Waiting for pose data from /pose topic...
[WARN] [1775885451.098966962] [uart_bridge]: Waiting for pose data from /pose topic...
[WARN] [1775885451.600315378] [uart_bridge]: Waiting for pose data from /pose topic...
[WARN] [1775885452.101536978] [uart_bridge]: Waiting for pose data from /pose topic...
[WARN] [1775885452.602828560] [uart_bridge]: Waiting for pose data from /pose topic...
[WARN] [1775885453.104049160] [uart_bridge]: Waiting for pose data from /pose topic...
[WARN] [1775885453.605187630] [uart_bridge]: Waiting for pose data from /pose topic...
[WARN] [1775885454.106450063] [uart_bridge]: Waiting for pose data from /pose topic...
[WARN] [1775885454.607694349] [uart_bridge]: Waiting for pose data from /pose topic...
[WARN] [1775885455.108835985] [uart_bridge]: Waiting for pose data from /pose topic...
[WARN] [1775885455.610091160] [uart_bridge]: Waiting for pose data from /pose topic...
[WARN] [1775885456.111294963] [uart_bridge]: Waiting for pose data from /pose topic...
[WARN] [1775885456.612373748] [uart_bridge]: Waiting for pose data from /pose topic...
[WARN] [1775885457.113351199] [uart_bridge]: Waiting for pose data from /pose topic...
[WARN] [1775885457.614437150] [uart_bridge]: Waiting for pose data from /pose topic...
[WARN] [1775885458.115400656] [uart_bridge]: Waiting for pose data from /pose topic...
[WARN] [1775885458.616548570] [uart_bridge]: Waiting for pose data from /pose topic...
[WARN] [1775885459.117642762] [uart_bridge]: Waiting for pose data from /pose topic...
[WARN] [1775885459.618600398] [uart_bridge]: Waiting for pose data from /pose topic...
[WARN] [1775885460.119507571] [uart_bridge]: Waiting for pose data from /pose topic...
[WARN] [1775885460.620382799] [uart_bridge]: Waiting for pose data from /pose topic...
[WARN] [1775885461.121285990] [uart_bridge]: Waiting for pose data from /pose topic...
[WARN] [1775885461.622158773] [uart_bridge]: Waiting for pose data from /pose topic...
[WARN] [1775885462.123062298] [uart_bridge]: Waiting for pose data from /pose topic...
[WARN] [1775885462.624024878] [uart_bridge]: Waiting for pose data from /pose topic...
[WARN] [1775885463.124905717] [uart_bridge]: Waiting for pose data from /pose topic...
[WARN] [1775885463.625783315] [uart_bridge]: Waiting for pose data from /pose topic...
[WARN] [1775885464.126663747] [uart_bridge]: Waiting for pose data from /pose topic...
[WARN] [1775885464.627521956] [uart_bridge]: Waiting for pose data from /pose topic...
[WARN] [1775885465.128379795] [uart_bridge]: Waiting for pose data from /pose topic...
[WARN] [1775885465.629347486] [uart_bridge]: Waiting for pose data from /pose topic...
[WARN] [1775885466.130282381] [uart_bridge]: Waiting for pose data from /pose topic...
[WARN] [1775885466.631188406] [uart_bridge]: Waiting for pose data from /pose topic...
[WARN] [1775885467.132274098] [uart_bridge]: Waiting for pose data from /pose topic...
[WARN] [1775885467.633171011] [uart_bridge]: Waiting for pose data from /pose topic...
[WARN] [1775885468.134038461] [uart_bridge]: Waiting for pose data from /pose topic...
[WARN] [1775885468.635244487] [uart_bridge]: Waiting for pose data from /pose topic...
[WARN] [1775885469.136220882] [uart_bridge]: Waiting for pose data from /pose topic...
[WARN] [1775885469.637266463] [uart_bridge]: Waiting for pose data from /pose topic...
[WARN] [1775885470.138361229] [uart_bridge]: Waiting for pose data from /pose topic...
[WARN] [1775885470.639520828] [uart_bridge]: Waiting for pose data from /pose topic...
[WARN] [1775885471.140681224] [uart_bridge]: Waiting for pose data from /pose topic...
[WARN] [1775885471.641868139] [uart_bridge]: Waiting for pose data from /pose topic...
[WARN] [1775885472.143028017] [uart_bridge]: Waiting for pose data from /pose topic...
[WARN] [1775885472.644185265] [uart_bridge]: Waiting for pose data from /pose topic...
[WARN] [1775885473.145336457] [uart_bridge]: Waiting for pose data from /pose topic...
[WARN] [1775885473.646489834] [uart_bridge]: Waiting for pose data from /pose topic...
[WARN] [1775885474.147734305] [uart_bridge]: Waiting for pose data from /pose topic...
[WARN] [1775885474.648947238] [uart_bridge]: Waiting for pose data from /pose topic...
[WARN] [1775885475.150125690] [uart_bridge]: Waiting for pose data from /pose topic...
[WARN] [1775885475.651287234] [uart_bridge]: Waiting for pose data from /pose topic...
[WARN] [1775885476.152490871] [uart_bridge]: Waiting for pose data from /pose topic...
[WARN] [1775885476.653748675] [uart_bridge]: Waiting for pose data from /pose topic...
[WARN] [1775885477.154959405] [uart_bridge]: Waiting for pose data from /pose topic...
[WARN] [1775885477.656174005] [uart_bridge]: Waiting for pose data from /pose topic...
[WARN] [1775885478.157407012] [uart_bridge]: Waiting for pose data from /pose topic...
[WARN] [1775885478.658623779] [uart_bridge]: Waiting for pose data from /pose topic...
[WARN] [1775885479.160662476] [uart_bridge]: Waiting for pose data from /pose topic...
[WARN] [1775885479.661880817] [uart_bridge]: Waiting for pose data from /pose topic...
[WARN] [1775885480.163150250] [uart_bridge]: Waiting for pose data from /pose topic...
[WARN] [1775885480.664357610] [uart_bridge]: Waiting for pose data from /pose topic...
[WARN] [1775885481.165561450] [uart_bridge]: Waiting for pose data from /pose topic...
[WARN] [1775885481.666781717] [uart_bridge]: Waiting for pose data from /pose topic...
[WARN] [1775885482.167947724] [uart_bridge]: Waiting for pose data from /pose topic...
[WARN] [1775885482.669179454] [uart_bridge]: Waiting for pose data from /pose topic...
[WARN] [1775885483.170408128] [uart_bridge]: Waiting for pose data from /pose topic...
[WARN] [1775885483.671553728] [uart_bridge]: Waiting for pose data from /pose topic...
[WARN] [1775885484.172702439] [uart_bridge]: Waiting for pose data from /pose topic...
[WARN] [1775885484.673852168] [uart_bridge]: Waiting for pose data from /pose topic...
[WARN] [1775885485.175014971] [uart_bridge]: Waiting for pose data from /pose topic...
[WARN] [1775885485.676162793] [uart_bridge]: Waiting for pose data from /pose topic...
[WARN] [1775885486.177323263] [uart_bridge]: Waiting for pose data from /pose topic...
[WARN] [1775885486.678524400] [uart_bridge]: Waiting for pose data from /pose topic...
[WARN] [1775885487.179741130] [uart_bridge]: Waiting for pose data from /pose topic...
[WARN] [1775885487.680948489] [uart_bridge]: Waiting for pose data from /pose topic...
[WARN] [1775885488.182111589] [uart_bridge]: Waiting for pose data from /pose topic...
[WARN] [1775885488.683259207] [uart_bridge]: Waiting for pose data from /pose topic...
[WARN] [1775885489.184440752] [uart_bridge]: Waiting for pose data from /pose topic...
[WARN] [1775885489.685665555] [uart_bridge]: Waiting for pose data from /pose topic...
[WARN] [1775885490.186873896] [uart_bridge]: Waiting for pose data from /pose topic...
[WARN] [1775885490.688068866] [uart_bridge]: Waiting for pose data from /pose topic...
[WARN] [1775885491.189382874] [uart_bridge]: Waiting for pose data from /pose topic...
[WARN] [1775885491.690592863] [uart_bridge]: Waiting for pose data from /pose topic...
[WARN] [1775885492.191777463] [uart_bridge]: Waiting for pose data from /pose topic...
[WARN] [1775885492.692993971] [uart_bridge]: Waiting for pose data from /pose topic...
[WARN] [1775885493.194217997] [uart_bridge]: Waiting for pose data from /pose topic...
[WARN] [1775885493.695423374] [uart_bridge]: Waiting for pose data from /pose topic...
[WARN] [1775885494.196685771] [uart_bridge]: Waiting for pose data from /pose topic...
[WARN] [1775885494.697906149] [uart_bridge]: Waiting for pose data from /pose topic...
[WARN] [1775885495.199144545] [uart_bridge]: Waiting for pose data from /pose topic...
[WARN] [1775885495.700468775] [uart_bridge]: Waiting for pose data from /pose topic...
[WARN] [1775885496.201700413] [uart_bridge]: Waiting for pose data from /pose topic...
[WARN] [1775885496.702931679] [uart_bridge]: Waiting for pose data from /pose topic...
[WARN] [1775885497.204148131] [uart_bridge]: Waiting for pose data from /pose topic...
[WARN] [1775885497.705383935] [uart_bridge]: Waiting for pose data from /pose topic...
[WARN] [1775885498.206741702] [uart_bridge]: Waiting for pose data from /pose topic...
[WARN] [1775885498.707928432] [uart_bridge]: Waiting for pose data from /pose topic...
[WARN] [1775885499.209118939] [uart_bridge]: Waiting for pose data from /pose topic...
[WARN] [1775885499.710319280] [uart_bridge]: Waiting for pose data from /pose topic...
[WARN] [1775885500.211498954] [uart_bridge]: Waiting for pose data from /pose topic...
[WARN] [1775885500.712589387] [uart_bridge]: Waiting for pose data from /pose topic...
[WARN] [1775885501.213635189] [uart_bridge]: Waiting for pose data from /pose topic...
[WARN] [1775885501.714822975] [uart_bridge]: Waiting for pose data from /pose topic...
[WARN] [1775885502.215949259] [uart_bridge]: Waiting for pose data from /pose topic...
[WARN] [1775885502.716981914] [uart_bridge]: Waiting for pose data from /pose topic...
[WARN] [1775885503.217953439] [uart_bridge]: Waiting for pose data from /pose topic...
[WARN] [1775885503.718972778] [uart_bridge]: Waiting for pose data from /pose topic...
[WARN] [1775885504.220000581] [uart_bridge]: Waiting for pose data from /pose topic...
[WARN] [1775885504.720974902] [uart_bridge]: Waiting for pose data from /pose topic...
[WARN] [1775885505.221918186] [uart_bridge]: Waiting for pose data from /pose topic...
[WARN] [1775885505.722835544] [uart_bridge]: Waiting for pose data from /pose topic...
[WARN] [1775885506.224028551] [uart_bridge]: Waiting for pose data from /pose topic...
[WARN] [1775885506.724905798] [uart_bridge]: Waiting for pose data from /pose topic...
[WARN] [1775885507.225780581] [uart_bridge]: Waiting for pose data from /pose topic...
[WARN] [1775885507.726645531] [uart_bridge]: Waiting for pose data from /pose topic...
[WARN] [1775885508.227494148] [uart_bridge]: Waiting for pose data from /pose topic...
[WARN] [1775885508.728345042] [uart_bridge]: Waiting for pose data from /pose topic...
[WARN] [1775885509.229218622] [uart_bridge]: Waiting for pose data from /pose topic...
[WARN] [1775885509.730085609] [uart_bridge]: Waiting for pose data from /pose topic...
[WARN] [1775885510.230951930] [uart_bridge]: Waiting for pose data from /pose topic...
[WARN] [1775885510.731845121] [uart_bridge]: Waiting for pose data from /pose topic...
[WARN] [1775885511.232763367] [uart_bridge]: Waiting for pose data from /pose topic...
[WARN] [1775885511.733717966] [uart_bridge]: Waiting for pose data from /pose topic...
[WARN] [1775885512.234600509] [uart_bridge]: Waiting for pose data from /pose topic...
[WARN] [1775885512.735540404] [uart_bridge]: Waiting for pose data from /pose topic...
[WARN] [1775885513.236370002] [uart_bridge]: Waiting for pose data from /pose topic...
[WARN] [1775885513.737568083] [uart_bridge]: Waiting for pose data from /pose topic...
[WARN] [1775885514.238773257] [uart_bridge]: Waiting for pose data from /pose topic...
[WARN] [1775885514.739938320] [uart_bridge]: Waiting for pose data from /pose topic...
[WARN] [1775885515.241102494] [uart_bridge]: Waiting for pose data from /pose topic...
[WARN] [1775885515.742259575] [uart_bridge]: Waiting for pose data from /pose topic...
[WARN] [1775885516.243307100] [uart_bridge]: Waiting for pose data from /pose topic...
[WARN] [1775885516.744450218] [uart_bridge]: Waiting for pose data from /pose topic...
[WARN] [1775885517.245593670] [uart_bridge]: Waiting for pose data from /pose topic...
[WARN] [1775885517.746768288] [uart_bridge]: Waiting for pose data from /pose topic...
[WARN] [1775885518.247935795] [uart_bridge]: Waiting for pose data from /pose topic...
[WARN] [1775885518.749229674] [uart_bridge]: Waiting for pose data from /pose topic...
[WARN] [1775885519.250393570] [uart_bridge]: Waiting for pose data from /pose topic...
[WARN] [1775885519.751604447] [uart_bridge]: Waiting for pose data from /pose topic...
[WARN] [1775885520.252820103] [uart_bridge]: Waiting for pose data from /pose topic...
[WARN] [1775885520.753987129] [uart_bridge]: Waiting for pose data from /pose topic...
[WARN] [1775885521.255210636] [uart_bridge]: Waiting for pose data from /pose topic...
[WARN] [1775885521.756385792] [uart_bridge]: Waiting for pose data from /pose topic...
[WARN] [1775885522.257598669] [uart_bridge]: Waiting for pose data from /pose topic...
[WARN] [1775885522.758821084] [uart_bridge]: Waiting for pose data from /pose topic...
[WARN] [1775885523.260932856] [uart_bridge]: Waiting for pose data from /pose topic...
[WARN] [1775885523.762093400] [uart_bridge]: Waiting for pose data from /pose topic...
[WARN] [1775885524.263265481] [uart_bridge]: Waiting for pose data from /pose topic...
[WARN] [1775885524.764402358] [uart_bridge]: Waiting for pose data from /pose topic...
[WARN] [1775885525.265611718] [uart_bridge]: Waiting for pose data from /pose topic...
[WARN] [1775885525.766788521] [uart_bridge]: Waiting for pose data from /pose topic...
[WARN] [1775885526.268010973] [uart_bridge]: Waiting for pose data from /pose topic...
[WARN] [1775885526.769181295] [uart_bridge]: Waiting for pose data from /pose topic...
[WARN] [1775885527.270329654] [uart_bridge]: Waiting for pose data from /pose topic...
[WARN] [1775885527.771483735] [uart_bridge]: Waiting for pose data from /pose topic...
[WARN] [1775885528.272646094] [uart_bridge]: Waiting for pose data from /pose topic...
[WARN] [1775885528.773808379] [uart_bridge]: Waiting for pose data from /pose topic...
[WARN] [1775885529.274969090] [uart_bridge]: Waiting for pose data from /pose topic...
[WARN] [1775885529.776135746] [uart_bridge]: Waiting for pose data from /pose topic...
[WARN] [1775885530.277288586] [uart_bridge]: Waiting for pose data from /pose topic...
[WARN] [1775885530.778426926] [uart_bridge]: Waiting for pose data from /pose topic...
[WARN] [1775885531.279573989] [uart_bridge]: Waiting for pose data from /pose topic...
[WARN] [1775885531.780702755] [uart_bridge]: Waiting for pose data from /pose topic...
[WARN] [1775885532.281919189] [uart_bridge]: Waiting for pose data from /pose topic...
[WARN] [1775885532.783089770] [uart_bridge]: Waiting for pose data from /pose topic...
[WARN] [1775885533.284292018] [uart_bridge]: Waiting for pose data from /pose topic...
[WARN] [1775885533.785440970] [uart_bridge]: Waiting for pose data from /pose topic...
[WARN] [1775885534.286591199] [uart_bridge]: Waiting for pose data from /pose topic...
[WARN] [1775885534.787808836] [uart_bridge]: Waiting for pose data from /pose topic...
[WARN] [1775885535.289017584] [uart_bridge]: Waiting for pose data from /pose topic...
[WARN] [1775885535.790235036] [uart_bridge]: Waiting for pose data from /pose topic...
[WARN] [1775885536.291441840] [uart_bridge]: Waiting for pose data from /pose topic...
[WARN] [1775885536.792655773] [uart_bridge]: Waiting for pose data from /pose topic...
[WARN] [1775885537.293872003] [uart_bridge]: Waiting for pose data from /pose topic...
[WARN] [1775885537.795078899] [uart_bridge]: Waiting for pose data from /pose topic...
[WARN] [1775885538.296296110] [uart_bridge]: Waiting for pose data from /pose topic...
[WARN] [1775885538.797504155] [uart_bridge]: Waiting for pose data from /pose topic...
[WARN] [1775885539.298712662] [uart_bridge]: Waiting for pose data from /pose topic...
[WARN] [1775885539.800044781] [uart_bridge]: Waiting for pose data from /pose topic...
[WARN] [1775885540.301266418] [uart_bridge]: Waiting for pose data from /pose topic...
[WARN] [1775885540.802481778] [uart_bridge]: Waiting for pose data from /pose topic...
[WARN] [1775885541.303646100] [uart_bridge]: Waiting for pose data from /pose topic...
[WARN] [1775885541.804856292] [uart_bridge]: Waiting for pose data from /pose topic...
[WARN] [1775885542.306081503] [uart_bridge]: Waiting for pose data from /pose topic...
[WARN] [1775885542.807329696] [uart_bridge]: Waiting for pose data from /pose topic...
[WARN] [1775885543.308529703] [uart_bridge]: Waiting for pose data from /pose topic...
[WARN] [1775885543.809594192] [uart_bridge]: Waiting for pose data from /pose topic...
[WARN] [1775885544.310842681] [uart_bridge]: Waiting for pose data from /pose topic...
[WARN] [1775885544.812023632] [uart_bridge]: Waiting for pose data from /pose topic...
[WARN] [1775885545.313199399] [uart_bridge]: Waiting for pose data from /pose topic...
[WARN] [1775885545.814425758] [uart_bridge]: Waiting for pose data from /pose topic...
[WARN] [1775885546.315597765] [uart_bridge]: Waiting for pose data from /pose topic...
[WARN] [1775885546.816779921] [uart_bridge]: Waiting for pose data from /pose topic...
[WARN] [1775885547.317685112] [uart_bridge]: Waiting for pose data from /pose topic...
[WARN] [1775885547.818757841] [uart_bridge]: Waiting for pose data from /pose topic...
[WARN] [1775885548.319935700] [uart_bridge]: Waiting for pose data from /pose topic...
[WARN] [1775885548.821114559] [uart_bridge]: Waiting for pose data from /pose topic...
[WARN] [1775885549.322007269] [uart_bridge]: Waiting for pose data from /pose topic...
[WARN] [1775885549.823183220] [uart_bridge]: Waiting for pose data from /pose topic...
[WARN] [1775885550.324411487] [uart_bridge]: Waiting for pose data from /pose topic...
[WARN] [1775885550.825611568] [uart_bridge]: Waiting for pose data from /pose topic...
[WARN] [1775885551.326860391] [uart_bridge]: Waiting for pose data from /pose topic...
[WARN] [1775885551.828103639] [uart_bridge]: Waiting for pose data from /pose topic...
[WARN] [1775885552.329313295] [uart_bridge]: Waiting for pose data from /pose topic...
[WARN] [1775885552.830536950] [uart_bridge]: Waiting for pose data from /pose topic...
[WARN] [1775885553.331781180] [uart_bridge]: Waiting for pose data from /pose topic...
[WARN] [1775885553.833020503] [uart_bridge]: Waiting for pose data from /pose topic...
[WARN] [1775885554.334196510] [uart_bridge]: Waiting for pose data from /pose topic...
[WARN] [1775885554.835371110] [uart_bridge]: Waiting for pose data from /pose topic...
[WARN] [1775885555.336575024] [uart_bridge]: Waiting for pose data from /pose topic...
[WARN] [1775885555.837799662] [uart_bridge]: Waiting for pose data from /pose topic...
[WARN] [1775885556.338996687] [uart_bridge]: Waiting for pose data from /pose topic...
[WARN] [1775885556.840152787] [uart_bridge]: Waiting for pose data from /pose topic...
[WARN] [1775885557.341301924] [uart_bridge]: Waiting for pose data from /pose topic...
[WARN] [1775885557.842460190] [uart_bridge]: Waiting for pose data from /pose topic...
[WARN] [1775885558.343605234] [uart_bridge]: Waiting for pose data from /pose topic...
[WARN] [1775885558.844778630] [uart_bridge]: Waiting for pose data from /pose topic...
[WARN] [1775885559.345921786] [uart_bridge]: Waiting for pose data from /pose topic...
[WARN] [1775885559.847071830] [uart_bridge]: Waiting for pose data from /pose topic...
[WARN] [1775885560.348232059] [uart_bridge]: Waiting for pose data from /pose topic...
[WARN] [1775885560.849397196] [uart_bridge]: Waiting for pose data from /pose topic...
[WARN] [1775885561.350561555] [uart_bridge]: Waiting for pose data from /pose topic...
[WARN] [1775885561.851793026] [uart_bridge]: Waiting for pose data from /pose topic...
[WARN] [1775885562.353008255] [uart_bridge]: Waiting for pose data from /pose topic...
[WARN] [1775885562.854156781] [uart_bridge]: Waiting for pose data from /pose topic...
[WARN] [1775885563.355326807] [uart_bridge]: Waiting for pose data from /pose topic...
[WARN] [1775885563.856483814] [uart_bridge]: Waiting for pose data from /pose topic...
[WARN] [1775885564.357721284] [uart_bridge]: Waiting for pose data from /pose topic...
[WARN] [1775885564.858946421] [uart_bridge]: Waiting for pose data from /pose topic...
[WARN] [1775885565.361068100] [uart_bridge]: Waiting for pose data from /pose topic...
[WARN] [1775885565.862257570] [uart_bridge]: Waiting for pose data from /pose topic...
[WARN] [1775885566.363433281] [uart_bridge]: Waiting for pose data from /pose topic...
[WARN] [1775885566.864633937] [uart_bridge]: Waiting for pose data from /pose topic...
[WARN] [1775885567.365834129] [uart_bridge]: Waiting for pose data from /pose topic...
[WARN] [1775885567.867149915] [uart_bridge]: Waiting for pose data from /pose topic...
[WARN] [1775885568.368325422] [uart_bridge]: Waiting for pose data from /pose topic...
[WARN] [1775885568.869537689] [uart_bridge]: Waiting for pose data from /pose topic...
[WARN] [1775885569.370706418] [uart_bridge]: Waiting for pose data from /pose topic...
[WARN] [1775885569.871864870] [uart_bridge]: Waiting for pose data from /pose topic...
[WARN] [1775885570.372985321] [uart_bridge]: Waiting for pose data from /pose topic...
[WARN] [1775885570.874157866] [uart_bridge]: Waiting for pose data from /pose topic...
[WARN] [1775885571.375332910] [uart_bridge]: Waiting for pose data from /pose topic...
[WARN] [1775885571.876487843] [uart_bridge]: Waiting for pose data from /pose topic...
[WARN] [1775885572.377645980] [uart_bridge]: Waiting for pose data from /pose topic...
[WARN] [1775885572.878852191] [uart_bridge]: Waiting for pose data from /pose topic...
[WARN] [1775885573.380067439] [uart_bridge]: Waiting for pose data from /pose topic...
[WARN] [1775885573.881278058] [uart_bridge]: Waiting for pose data from /pose topic...
[WARN] [1775885574.382452935] [uart_bridge]: Waiting for pose data from /pose topic...
[WARN] [1775885574.883685813] [uart_bridge]: Waiting for pose data from /pose topic...
[WARN] [1775885575.384926098] [uart_bridge]: Waiting for pose data from /pose topic...
[WARN] [1775885575.886139624] [uart_bridge]: Waiting for pose data from /pose topic...
[WARN] [1775885576.387354687] [uart_bridge]: Waiting for pose data from /pose topic...
[WARN] [1775885576.888573010] [uart_bridge]: Waiting for pose data from /pose topic...
[WARN] [1775885577.389746813] [uart_bridge]: Waiting for pose data from /pose topic...
[WARN] [1775885577.890952691] [uart_bridge]: Waiting for pose data from /pose topic...
[WARN] [1775885578.392179272] [uart_bridge]: Waiting for pose data from /pose topic...
[WARN] [1775885578.893387743] [uart_bridge]: Waiting for pose data from /pose topic...
[WARN] [1775885579.394593324] [uart_bridge]: Waiting for pose data from /pose topic...
[WARN] [1775885579.895822350] [uart_bridge]: Waiting for pose data from /pose topic...
[WARN] [1775885580.397037673] [uart_bridge]: Waiting for pose data from /pose topic...
[WARN] [1775885580.898261180] [uart_bridge]: Waiting for pose data from /pose topic...
[WARN] [1775885581.399548706] [uart_bridge]: Waiting for pose data from /pose topic...
[WARN] [1775885581.900803918] [uart_bridge]: Waiting for pose data from /pose topic...
[WARN] [1775885582.402028240] [uart_bridge]: Waiting for pose data from /pose topic...
[WARN] [1775885582.903248507] [uart_bridge]: Waiting for pose data from /pose topic...
[WARN] [1775885583.404545811] [uart_bridge]: Waiting for pose data from /pose topic...
[WARN] [1775885583.905734837] [uart_bridge]: Waiting for pose data from /pose topic...
[WARN] [1775885584.406978696] [uart_bridge]: Waiting for pose data from /pose topic...
[WARN] [1775885584.908198963] [uart_bridge]: Waiting for pose data from /pose topic...
[WARN] [1775885585.409360266] [uart_bridge]: Waiting for pose data from /pose topic...
[WARN] [1775885585.910555589] [uart_bridge]: Waiting for pose data from /pose topic...
[WARN] [1775885586.411726503] [uart_bridge]: Waiting for pose data from /pose topic...
[WARN] [1775885586.912892825] [uart_bridge]: Waiting for pose data from /pose topic...
[WARN] [1775885587.414094610] [uart_bridge]: Waiting for pose data from /pose topic...
[WARN] [1775885587.915325192] [uart_bridge]: Waiting for pose data from /pose topic...
[WARN] [1775885588.416486551] [uart_bridge]: Waiting for pose data from /pose topic...
[WARN] [1775885588.917585280] [uart_bridge]: Waiting for pose data from /pose topic...
[WARN] [1775885589.418732694] [uart_bridge]: Waiting for pose data from /pose topic...
[WARN] [1775885589.919954813] [uart_bridge]: Waiting for pose data from /pose topic...
[WARN] [1775885590.421119413] [uart_bridge]: Waiting for pose data from /pose topic...
[WARN] [1775885590.922334217] [uart_bridge]: Waiting for pose data from /pose topic...
[WARN] [1775885591.423555539] [uart_bridge]: Waiting for pose data from /pose topic...
[WARN] [1775885591.924734583] [uart_bridge]: Waiting for pose data from /pose topic...
[WARN] [1775885592.425611607] [uart_bridge]: Waiting for pose data from /pose topic...
[WARN] [1775885592.926545910] [uart_bridge]: Waiting for pose data from /pose topic...
[WARN] [1775885593.427448415] [uart_bridge]: Waiting for pose data from /pose topic...
[WARN] [1775885593.928333273] [uart_bridge]: Waiting for pose data from /pose topic...
[WARN] [1775885594.429234723] [uart_bridge]: Waiting for pose data from /pose topic...
[WARN] [1775885594.930188952] [uart_bridge]: Waiting for pose data from /pose topic...
[WARN] [1775885595.431173199] [uart_bridge]: Waiting for pose data from /pose topic...
[WARN] [1775885595.932083056] [uart_bridge]: Waiting for pose data from /pose topic...
[WARN] [1775885596.433016303] [uart_bridge]: Waiting for pose data from /pose topic...
[WARN] [1775885596.933972143] [uart_bridge]: Waiting for pose data from /pose topic...
[WARN] [1775885597.434988445] [uart_bridge]: Waiting for pose data from /pose topic...
[WARN] [1775885597.936079934] [uart_bridge]: Waiting for pose data from /pose topic...
[WARN] [1775885598.437000347] [uart_bridge]: Waiting for pose data from /pose topic...
[WARN] [1775885598.938140928] [uart_bridge]: Waiting for pose data from /pose topic...
[WARN] [1775885599.439300417] [uart_bridge]: Waiting for pose data from /pose topic...
[WARN] [1775885599.940326479] [uart_bridge]: Waiting for pose data from /pose topic...
[WARN] [1775885600.441396282] [uart_bridge]: Waiting for pose data from /pose topic...
[WARN] [1775885600.942545381] [uart_bridge]: Waiting for pose data from /pose topic...
[WARN] [1775885601.443688481] [uart_bridge]: Waiting for pose data from /pose topic...
[WARN] [1775885601.944844007] [uart_bridge]: Waiting for pose data from /pose topic...
[WARN] [1775885602.445998069] [uart_bridge]: Waiting for pose data from /pose topic...
[WARN] [1775885602.947155725] [uart_bridge]: Waiting for pose data from /pose topic...
[WARN] [1775885603.448306510] [uart_bridge]: Waiting for pose data from /pose topic...
[WARN] [1775885603.949452665] [uart_bridge]: Waiting for pose data from /pose topic...
[WARN] [1775885604.450588727] [uart_bridge]: Waiting for pose data from /pose topic...
[WARN] [1775885604.951805531] [uart_bridge]: Waiting for pose data from /pose topic...
[WARN] [1775885605.453016594] [uart_bridge]: Waiting for pose data from /pose topic...
[WARN] [1775885605.954237139] [uart_bridge]: Waiting for pose data from /pose topic...
[WARN] [1775885606.455450350] [uart_bridge]: Waiting for pose data from /pose topic...
[WARN] [1775885606.956663542] [uart_bridge]: Waiting for pose data from /pose topic...
[WARN] [1775885607.457879772] [uart_bridge]: Waiting for pose data from /pose topic...
[WARN] [1775885607.959098094] [uart_bridge]: Waiting for pose data from /pose topic...
[WARN] [1775885608.461355903] [uart_bridge]: Waiting for pose data from /pose topic...
[WARN] [1775885608.962573429] [uart_bridge]: Waiting for pose data from /pose topic...
[WARN] [1775885609.463942178] [uart_bridge]: Waiting for pose data from /pose topic...
[WARN] [1775885609.965146834] [uart_bridge]: Waiting for pose data from /pose topic...
[WARN] [1775885610.466342804] [uart_bridge]: Waiting for pose data from /pose topic...
[WARN] [1775885610.967575571] [uart_bridge]: Waiting for pose data from /pose topic...
[WARN] [1775885611.468767171] [uart_bridge]: Waiting for pose data from /pose topic...
[INFO] [1775885611.660862875] [uart_bridge]: UART RX: TASK_CREATE|T1774339403|room1|D1
[WARN] [1775885611.661800102] [uart_bridge]: Busy with task T1774338887; rejecting new task T1774339403
[INFO] [1775885611.665325861] [uart_bridge]: UART TX: STATUS|T1774339403|BLOCKED
[WARN] [1775885611.969951511] [uart_bridge]: Waiting for pose data from /pose topic...
[WARN] [1775885612.471104352] [uart_bridge]: Waiting for pose data from /pose topic...
[WARN] [1775885612.972271341] [uart_bridge]: Waiting for pose data from /pose topic...
[WARN] [1775885613.473417607] [uart_bridge]: Waiting for pose data from /pose topic...
[WARN] [1775885613.974564707] [uart_bridge]: Waiting for pose data from /pose topic...
[WARN] [1775885614.475729714] [uart_bridge]: Waiting for pose data from /pose topic...
[WARN] [1775885614.976882091] [uart_bridge]: Waiting for pose data from /pose topic...
[WARN] [1775885615.478037376] [uart_bridge]: Waiting for pose data from /pose topic...
[WARN] [1775885615.979204161] [uart_bridge]: Waiting for pose data from /pose topic...
[WARN] [1775885616.480364668] [uart_bridge]: Waiting for pose data from /pose topic...
[WARN] [1775885616.981507120] [uart_bridge]: Waiting for pose data from /pose topic...
[WARN] [1775885617.482675516] [uart_bridge]: Waiting for pose data from /pose topic...
[WARN] [1775885617.983885708] [uart_bridge]: Waiting for pose data from /pose topic...
[WARN] [1775885618.485031438] [uart_bridge]: Waiting for pose data from /pose topic...
[WARN] [1775885618.986177686] [uart_bridge]: Waiting for pose data from /pose topic...
[WARN] [1775885619.487315637] [uart_bridge]: Waiting for pose data from /pose topic...
[WARN] [1775885619.988535774] [uart_bridge]: Waiting for pose data from /pose topic...
[WARN] [1775885620.489700337] [uart_bridge]: Waiting for pose data from /pose topic...
[WARN] [1775885620.990861344] [uart_bridge]: Waiting for pose data from /pose topic...
[WARN] [1775885621.492000296] [uart_bridge]: Waiting for pose data from /pose topic...
[WARN] [1775885621.993139969] [uart_bridge]: Waiting for pose data from /pose topic...
[WARN] [1775885622.494273384] [uart_bridge]: Waiting for pose data from /pose topic...
[WARN] [1775885622.995412965] [uart_bridge]: Waiting for pose data from /pose topic...
[WARN] [1775885623.496546361] [uart_bridge]: Waiting for pose data from /pose topic...
[WARN] [1775885623.997748887] [uart_bridge]: Waiting for pose data from /pose topic...
[WARN] [1775885624.498965450] [uart_bridge]: Waiting for pose data from /pose topic...
[WARN] [1775885625.000260439] [uart_bridge]: Waiting for pose data from /pose topic...
[WARN] [1775885625.501477558] [uart_bridge]: Waiting for pose data from /pose topic...
[WARN] [1775885626.002698121] [uart_bridge]: Waiting for pose data from /pose topic...
[WARN] [1775885626.503928573] [uart_bridge]: Waiting for pose data from /pose topic...
[WARN] [1775885627.005155524] [uart_bridge]: Waiting for pose data from /pose topic...
[WARN] [1775885627.506435236] [uart_bridge]: Waiting for pose data from /pose topic...
[WARN] [1775885628.007689170] [uart_bridge]: Waiting for pose data from /pose topic...
[WARN] [1775885628.508869918] [uart_bridge]: Waiting for pose data from /pose topic...
[WARN] [1775885629.010046740] [uart_bridge]: Waiting for pose data from /pose topic...
[WARN] [1775885629.511229191] [uart_bridge]: Waiting for pose data from /pose topic...
[WARN] [1775885630.012308994] [uart_bridge]: Waiting for pose data from /pose topic...
[WARN] [1775885630.513481131] [uart_bridge]: Waiting for pose data from /pose topic...
[WARN] [1775885631.014667935] [uart_bridge]: Waiting for pose data from /pose topic...
[WARN] [1775885631.515826090] [uart_bridge]: Waiting for pose data from /pose topic...
[WARN] [1775885632.016983727] [uart_bridge]: Waiting for pose data from /pose topic...
[WARN] [1775885632.518207345] [uart_bridge]: Waiting for pose data from /pose topic...
[WARN] [1775885633.019098092] [uart_bridge]: Waiting for pose data from /pose topic...
[WARN] [1775885633.519973857] [uart_bridge]: Waiting for pose data from /pose topic...
[WARN] [1775885634.020849474] [uart_bridge]: Waiting for pose data from /pose topic...
[WARN] [1775885634.521797480] [uart_bridge]: Waiting for pose data from /pose topic...
[WARN] [1775885635.022756208] [uart_bridge]: Waiting for pose data from /pose topic...
[WARN] [1775885635.523955678] [uart_bridge]: Waiting for pose data from /pose topic...
[WARN] [1775885636.025189908] [uart_bridge]: Waiting for pose data from /pose topic...
[WARN] [1775885636.526410545] [uart_bridge]: Waiting for pose data from /pose topic...
[WARN] [1775885637.027607034] [uart_bridge]: Waiting for pose data from /pose topic...
[WARN] [1775885637.528810190] [uart_bridge]: Waiting for pose data from /pose topic...
[WARN] [1775885638.029681566] [uart_bridge]: Waiting for pose data from /pose topic...
[WARN] [1775885638.530610924] [uart_bridge]: Waiting for pose data from /pose topic...
[WARN] [1775885639.031479318] [uart_bridge]: Waiting for pose data from /pose topic...
[WARN] [1775885639.532343694] [uart_bridge]: Waiting for pose data from /pose topic...
[WARN] [1775885640.033239589] [uart_bridge]: Waiting for pose data from /pose topic...
[WARN] [1775885640.534240354] [uart_bridge]: Waiting for pose data from /pose topic...
[WARN] [1775885641.035220083] [uart_bridge]: Waiting for pose data from /pose topic...
[WARN] [1775885641.536417405] [uart_bridge]: Waiting for pose data from /pose topic...
[WARN] [1775885642.037611820] [uart_bridge]: Waiting for pose data from /pose topic...
[WARN] [1775885642.538825401] [uart_bridge]: Waiting for pose data from /pose topic...
[WARN] [1775885643.039979279] [uart_bridge]: Waiting for pose data from /pose topic...
[WARN] [1775885643.541183323] [uart_bridge]: Waiting for pose data from /pose topic...
[WARN] [1775885644.042409627] [uart_bridge]: Waiting for pose data from /pose topic...
[WARN] [1775885644.543606468] [uart_bridge]: Waiting for pose data from /pose topic...
[WARN] [1775885645.044759345] [uart_bridge]: Waiting for pose data from /pose topic...
[WARN] [1775885645.545914149] [uart_bridge]: Waiting for pose data from /pose topic...
[WARN] [1775885646.047064452] [uart_bridge]: Waiting for pose data from /pose topic...
[WARN] [1775885646.548209959] [uart_bridge]: Waiting for pose data from /pose topic...
[WARN] [1775885647.049355077] [uart_bridge]: Waiting for pose data from /pose topic...
[WARN] [1775885647.550552566] [uart_bridge]: Waiting for pose data from /pose topic...
[WARN] [1775885648.051765129] [uart_bridge]: Waiting for pose data from /pose topic...
[WARN] [1775885648.552955840] [uart_bridge]: Waiting for pose data from /pose topic...
[WARN] [1775885649.054157662] [uart_bridge]: Waiting for pose data from /pose topic...
[WARN] [1775885649.555358966] [uart_bridge]: Waiting for pose data from /pose topic...
[WARN] [1775885650.056566399] [uart_bridge]: Waiting for pose data from /pose topic...
[WARN] [1775885650.557756110] [uart_bridge]: Waiting for pose data from /pose topic...
[WARN] [1775885651.058966525] [uart_bridge]: Waiting for pose data from /pose topic...
[WARN] [1775885651.561012037] [uart_bridge]: Waiting for pose data from /pose topic...
[WARN] [1775885652.062238692] [uart_bridge]: Waiting for pose data from /pose topic...
[WARN] [1775885652.563489459] [uart_bridge]: Waiting for pose data from /pose topic...
[WARN] [1775885653.064703115] [uart_bridge]: Waiting for pose data from /pose topic...
[WARN] [1775885653.565930900] [uart_bridge]: Waiting for pose data from /pose topic...
[WARN] [1775885654.067188519] [uart_bridge]: Waiting for pose data from /pose topic...
[WARN] [1775885654.568465804] [uart_bridge]: Waiting for pose data from /pose topic...
[WARN] [1775885655.069738479] [uart_bridge]: Waiting for pose data from /pose topic...
[WARN] [1775885655.570894875] [uart_bridge]: Waiting for pose data from /pose topic...
[WARN] [1775885656.072062049] [uart_bridge]: Waiting for pose data from /pose topic...
[WARN] [1775885656.573214945] [uart_bridge]: Waiting for pose data from /pose topic...
[WARN] [1775885657.074371378] [uart_bridge]: Waiting for pose data from /pose topic...
[WARN] [1775885657.575537089] [uart_bridge]: Waiting for pose data from /pose topic...
[WARN] [1775885658.076710874] [uart_bridge]: Waiting for pose data from /pose topic...
[WARN] [1775885658.577869103] [uart_bridge]: Waiting for pose data from /pose topic...
[WARN] [1775885659.079037110] [uart_bridge]: Waiting for pose data from /pose topic...
[WARN] [1775885659.580221858] [uart_bridge]: Waiting for pose data from /pose topic...
[WARN] [1775885660.081382254] [uart_bridge]: Waiting for pose data from /pose topic...
[WARN] [1775885660.582534058] [uart_bridge]: Waiting for pose data from /pose topic...
[WARN] [1775885661.083760343] [uart_bridge]: Waiting for pose data from /pose topic...
[WARN] [1775885661.584981943] [uart_bridge]: Waiting for pose data from /pose topic...
[WARN] [1775885662.086137969] [uart_bridge]: Waiting for pose data from /pose topic...
[WARN] [1775885662.587003511] [uart_bridge]: Waiting for pose data from /pose topic...
[WARN] [1775885663.088140833] [uart_bridge]: Waiting for pose data from /pose topic...
[WARN] [1775885663.589302433] [uart_bridge]: Waiting for pose data from /pose topic...
[WARN] [1775885664.090450236] [uart_bridge]: Waiting for pose data from /pose topic...
[WARN] [1775885664.591600688] [uart_bridge]: Waiting for pose data from /pose topic...
[WARN] [1775885665.092758954] [uart_bridge]: Waiting for pose data from /pose topic...
[WARN] [1775885665.593919443] [uart_bridge]: Waiting for pose data from /pose topic...
[WARN] [1775885666.095073617] [uart_bridge]: Waiting for pose data from /pose topic...
[WARN] [1775885666.596235235] [uart_bridge]: Waiting for pose data from /pose topic...
[WARN] [1775885667.097393483] [uart_bridge]: Waiting for pose data from /pose topic...
[WARN] [1775885667.598541953] [uart_bridge]: Waiting for pose data from /pose topic...
[WARN] [1775885668.099860183] [uart_bridge]: Waiting for pose data from /pose topic...
[WARN] [1775885668.601028635] [uart_bridge]: Waiting for pose data from /pose topic...
[WARN] [1775885669.102183623] [uart_bridge]: Waiting for pose data from /pose topic...
[WARN] [1775885669.603345316] [uart_bridge]: Waiting for pose data from /pose topic...
[WARN] [1775885670.104500656] [uart_bridge]: Waiting for pose data from /pose topic...
[WARN] [1775885670.605752016] [uart_bridge]: Waiting for pose data from /pose topic...
[WARN] [1775885671.106988171] [uart_bridge]: Waiting for pose data from /pose topic...
[WARN] [1775885671.608169845] [uart_bridge]: Waiting for pose data from /pose topic...
[WARN] [1775885672.109335575] [uart_bridge]: Waiting for pose data from /pose topic...
[WARN] [1775885672.610506360] [uart_bridge]: Waiting for pose data from /pose topic...
[WARN] [1775885673.111717071] [uart_bridge]: Waiting for pose data from /pose topic...
[WARN] [1775885673.612883689] [uart_bridge]: Waiting for pose data from /pose topic...
[WARN] [1775885674.114127215] [uart_bridge]: Waiting for pose data from /pose topic...
[WARN] [1775885674.615331056] [uart_bridge]: Waiting for pose data from /pose topic...
[WARN] [1775885675.116511656] [uart_bridge]: Waiting for pose data from /pose topic...
[WARN] [1775885675.617538996] [uart_bridge]: Waiting for pose data from /pose topic...
[WARN] [1775885676.118676151] [uart_bridge]: Waiting for pose data from /pose topic...
[WARN] [1775885676.619972955] [uart_bridge]: Waiting for pose data from /pose topic...
[WARN] [1775885677.121190907] [uart_bridge]: Waiting for pose data from /pose topic...
[WARN] [1775885677.622401266] [uart_bridge]: Waiting for pose data from /pose topic...
[WARN] [1775885678.123598903] [uart_bridge]: Waiting for pose data from /pose topic...
[WARN] [1775885678.624833466] [uart_bridge]: Waiting for pose data from /pose topic...
[WARN] [1775885679.126169548] [uart_bridge]: Waiting for pose data from /pose topic...
[WARN] [1775885679.627400000] [uart_bridge]: Waiting for pose data from /pose topic...
[WARN] [1775885680.128605397] [uart_bridge]: Waiting for pose data from /pose topic...
[WARN] [1775885680.629845089] [uart_bridge]: Waiting for pose data from /pose topic...
[WARN] [1775885681.131062541] [uart_bridge]: Waiting for pose data from /pose topic...
[WARN] [1775885681.632269030] [uart_bridge]: Waiting for pose data from /pose topic...
[WARN] [1775885682.133491019] [uart_bridge]: Waiting for pose data from /pose topic...
[WARN] [1775885682.634724230] [uart_bridge]: Waiting for pose data from /pose topic...
[WARN] [1775885683.135921145] [uart_bridge]: Waiting for pose data from /pose topic...
[WARN] [1775885683.637125449] [uart_bridge]: Waiting for pose data from /pose topic...
[WARN] [1775885684.138317104] [uart_bridge]: Waiting for pose data from /pose topic...
[WARN] [1775885684.639519760] [uart_bridge]: Waiting for pose data from /pose topic...
[WARN] [1775885685.140716434] [uart_bridge]: Waiting for pose data from /pose topic...
[WARN] [1775885685.641916349] [uart_bridge]: Waiting for pose data from /pose topic...
[WARN] [1775885686.143037374] [uart_bridge]: Waiting for pose data from /pose topic...
[WARN] [1775885686.644175400] [uart_bridge]: Waiting for pose data from /pose topic...
[WARN] [1775885687.145309499] [uart_bridge]: Waiting for pose data from /pose topic...
[WARN] [1775885687.646463154] [uart_bridge]: Waiting for pose data from /pose topic...
[WARN] [1775885688.147585310] [uart_bridge]: Waiting for pose data from /pose topic...
[WARN] [1775885688.648714224] [uart_bridge]: Waiting for pose data from /pose topic...
[WARN] [1775885689.149858268] [uart_bridge]: Waiting for pose data from /pose topic...
[WARN] [1775885689.651025720] [uart_bridge]: Waiting for pose data from /pose topic...
[WARN] [1775885690.152233968] [uart_bridge]: Waiting for pose data from /pose topic...
[WARN] [1775885690.653440346] [uart_bridge]: Waiting for pose data from /pose topic...
[WARN] [1775885691.154582056] [uart_bridge]: Waiting for pose data from /pose topic...
[WARN] [1775885691.655792138] [uart_bridge]: Waiting for pose data from /pose topic...
[WARN] [1775885692.156991979] [uart_bridge]: Waiting for pose data from /pose topic...
[WARN] [1775885692.658195893] [uart_bridge]: Waiting for pose data from /pose topic...
[WARN] [1775885693.159398623] [uart_bridge]: Waiting for pose data from /pose topic...
[WARN] [1775885693.661155041] [uart_bridge]: Waiting for pose data from /pose topic...
[WARN] [1775885694.162337455] [uart_bridge]: Waiting for pose data from /pose topic...
[WARN] [1775885694.663557759] [uart_bridge]: Waiting for pose data from /pose topic...
[WARN] [1775885695.164729748] [uart_bridge]: Waiting for pose data from /pose topic...
[WARN] [1775885695.665632365] [uart_bridge]: Waiting for pose data from /pose topic...
[WARN] [1775885696.166809427] [uart_bridge]: Waiting for pose data from /pose topic...
[WARN] [1775885696.667968453] [uart_bridge]: Waiting for pose data from /pose topic...
[WARN] [1775885697.169199368] [uart_bridge]: Waiting for pose data from /pose topic...
[WARN] [1775885697.670414561] [uart_bridge]: Waiting for pose data from /pose topic...
[WARN] [1775885698.171670661] [uart_bridge]: Waiting for pose data from /pose topic...
[WARN] [1775885698.672828150] [uart_bridge]: Waiting for pose data from /pose topic...
[WARN] [1775885699.173991768] [uart_bridge]: Waiting for pose data from /pose topic...
[WARN] [1775885699.675154886] [uart_bridge]: Waiting for pose data from /pose topic...
[WARN] [1775885700.176307856] [uart_bridge]: Waiting for pose data from /pose topic...
[WARN] [1775885700.677450789] [uart_bridge]: Waiting for pose data from /pose topic...
[WARN] [1775885701.178597130] [uart_bridge]: Waiting for pose data from /pose topic...
[WARN] [1775885701.679790433] [uart_bridge]: Waiting for pose data from /pose topic...
[WARN] [1775885702.180995422] [uart_bridge]: Waiting for pose data from /pose topic...
[WARN] [1775885702.682156300] [uart_bridge]: Waiting for pose data from /pose topic...
[WARN] [1775885703.183353955] [uart_bridge]: Waiting for pose data from /pose topic...
[WARN] [1775885703.684505647] [uart_bridge]: Waiting for pose data from /pose topic...
[WARN] [1775885704.185646210] [uart_bridge]: Waiting for pose data from /pose topic...
[WARN] [1775885704.686853643] [uart_bridge]: Waiting for pose data from /pose topic...
[WARN] [1775885705.188010502] [uart_bridge]: Waiting for pose data from /pose topic...
[WARN] [1775885705.689164121] [uart_bridge]: Waiting for pose data from /pose topic...
[WARN] [1775885706.190307646] [uart_bridge]: Waiting for pose data from /pose topic...
[WARN] [1775885706.691440283] [uart_bridge]: Waiting for pose data from /pose topic...
[WARN] [1775885707.192591123] [uart_bridge]: Waiting for pose data from /pose topic...
[WARN] [1775885707.693784390] [uart_bridge]: Waiting for pose data from /pose topic...
[WARN] [1775885708.194996657] [uart_bridge]: Waiting for pose data from /pose topic...
[WARN] [1775885708.696207719] [uart_bridge]: Waiting for pose data from /pose topic...
[WARN] [1775885709.197417338] [uart_bridge]: Waiting for pose data from /pose topic...
[WARN] [1775885709.698558215] [uart_bridge]: Waiting for pose data from /pose topic...
[WARN] [1775885710.199855816] [uart_bridge]: Waiting for pose data from /pose topic...
[WARN] [1775885710.701028545] [uart_bridge]: Waiting for pose data from /pose topic...
[WARN] [1775885711.202256108] [uart_bridge]: Waiting for pose data from /pose topic...
[WARN] [1775885711.703478931] [uart_bridge]: Waiting for pose data from /pose topic...
[WARN] [1775885712.204702401] [uart_bridge]: Waiting for pose data from /pose topic...
[WARN] [1775885712.705881519] [uart_bridge]: Waiting for pose data from /pose topic...
[WARN] [1775885713.207007934] [uart_bridge]: Waiting for pose data from /pose topic...
[WARN] [1775885713.708137682] [uart_bridge]: Waiting for pose data from /pose topic...
[WARN] [1775885714.209303318] [uart_bridge]: Waiting for pose data from /pose topic...
[WARN] [1775885714.710417918] [uart_bridge]: Waiting for pose data from /pose topic...
[WARN] [1775885715.211553610] [uart_bridge]: Waiting for pose data from /pose topic...
[WARN] [1775885715.712557820] [uart_bridge]: Waiting for pose data from /pose topic...
[WARN] [1775885716.214244349] [uart_bridge]: Waiting for pose data from /pose topic...
[WARN] [1775885716.715267929] [uart_bridge]: Waiting for pose data from /pose topic...
[WARN] [1775885717.216195417] [uart_bridge]: Waiting for pose data from /pose topic...
[WARN] [1775885717.717330350] [uart_bridge]: Waiting for pose data from /pose topic...
[WARN] [1775885718.218336911] [uart_bridge]: Waiting for pose data from /pose topic...
[WARN] [1775885718.719318510] [uart_bridge]: Waiting for pose data from /pose topic...
[WARN] [1775885719.220343165] [uart_bridge]: Waiting for pose data from /pose topic...
[WARN] [1775885719.721231782] [uart_bridge]: Waiting for pose data from /pose topic...
[WARN] [1775885720.222110399] [uart_bridge]: Waiting for pose data from /pose topic...
[WARN] [1775885720.722989515] [uart_bridge]: Waiting for pose data from /pose topic...
[WARN] [1775885721.223883225] [uart_bridge]: Waiting for pose data from /pose topic...
[WARN] [1775885721.724995917] [uart_bridge]: Waiting for pose data from /pose topic...
[WARN] [1775885722.225878460] [uart_bridge]: Waiting for pose data from /pose topic...
[WARN] [1775885722.726787114] [uart_bridge]: Waiting for pose data from /pose topic...
[WARN] [1775885723.227665453] [uart_bridge]: Waiting for pose data from /pose topic...
[WARN] [1775885723.728556514] [uart_bridge]: Waiting for pose data from /pose topic...
[WARN] [1775885724.229433372] [uart_bridge]: Waiting for pose data from /pose topic...
[WARN] [1775885724.730300877] [uart_bridge]: Waiting for pose data from /pose topic...
[WARN] [1775885725.231202476] [uart_bridge]: Waiting for pose data from /pose topic...
[WARN] [1775885725.732171704] [uart_bridge]: Waiting for pose data from /pose topic...
[WARN] [1775885726.233188174] [uart_bridge]: Waiting for pose data from /pose topic...
[WARN] [1775885726.734261625] [uart_bridge]: Waiting for pose data from /pose topic...
[WARN] [1775885727.235280909] [uart_bridge]: Waiting for pose data from /pose topic...
[WARN] [1775885727.736345175] [uart_bridge]: Waiting for pose data from /pose topic...
[WARN] [1775885728.237277162] [uart_bridge]: Waiting for pose data from /pose topic...
[WARN] [1775885728.738259187] [uart_bridge]: Waiting for pose data from /pose topic...
[WARN] [1775885729.239199064] [uart_bridge]: Waiting for pose data from /pose topic...
[WARN] [1775885729.740349145] [uart_bridge]: Waiting for pose data from /pose topic...
[WARN] [1775885730.241502282] [uart_bridge]: Waiting for pose data from /pose topic...
[WARN] [1775885730.742645715] [uart_bridge]: Waiting for pose data from /pose topic...
[WARN] [1775885731.243690666] [uart_bridge]: Waiting for pose data from /pose topic...
[WARN] [1775885731.744837691] [uart_bridge]: Waiting for pose data from /pose topic...
[WARN] [1775885732.245988457] [uart_bridge]: Waiting for pose data from /pose topic...
[WARN] [1775885732.747136002] [uart_bridge]: Waiting for pose data from /pose topic...
[WARN] [1775885733.248342139] [uart_bridge]: Waiting for pose data from /pose topic...
[WARN] [1775885733.749537776] [uart_bridge]: Waiting for pose data from /pose topic...
[WARN] [1775885734.250725190] [uart_bridge]: Waiting for pose data from /pose topic...
[WARN] [1775885734.751935438] [uart_bridge]: Waiting for pose data from /pose topic...
[WARN] [1775885735.253149798] [uart_bridge]: Waiting for pose data from /pose topic...
[WARN] [1775885735.754361231] [uart_bridge]: Waiting for pose data from /pose topic...
[WARN] [1775885736.255559701] [uart_bridge]: Waiting for pose data from /pose topic...
[WARN] [1775885736.756812913] [uart_bridge]: Waiting for pose data from /pose topic...
[WARN] [1775885737.257995105] [uart_bridge]: Waiting for pose data from /pose topic...
[WARN] [1775885737.759161668] [uart_bridge]: Waiting for pose data from /pose topic...
[WARN] [1775885738.261250087] [uart_bridge]: Waiting for pose data from /pose topic...
[WARN] [1775885738.762458113] [uart_bridge]: Waiting for pose data from /pose topic...
[WARN] [1775885739.263710528] [uart_bridge]: Waiting for pose data from /pose topic...
[WARN] [1775885739.764858369] [uart_bridge]: Waiting for pose data from /pose topic...
[WARN] [1775885740.266012042] [uart_bridge]: Waiting for pose data from /pose topic...
[WARN] [1775885740.767206809] [uart_bridge]: Waiting for pose data from /pose topic...
[WARN] [1775885741.268401613] [uart_bridge]: Waiting for pose data from /pose topic...
[WARN] [1775885741.769584472] [uart_bridge]: Waiting for pose data from /pose topic...
[WARN] [1775885742.270746368] [uart_bridge]: Waiting for pose data from /pose topic...
[WARN] [1775885742.771900486] [uart_bridge]: Waiting for pose data from /pose topic...
[WARN] [1775885743.273063290] [uart_bridge]: Waiting for pose data from /pose topic...
[WARN] [1775885743.774226519] [uart_bridge]: Waiting for pose data from /pose topic...
[WARN] [1775885744.275385063] [uart_bridge]: Waiting for pose data from /pose topic...
[WARN] [1775885744.776527811] [uart_bridge]: Waiting for pose data from /pose topic...
[WARN] [1775885745.277684688] [uart_bridge]: Waiting for pose data from /pose topic...
[WARN] [1775885745.778895918] [uart_bridge]: Waiting for pose data from /pose topic...
[WARN] [1775885746.280074870] [uart_bridge]: Waiting for pose data from /pose topic...
[WARN] [1775885746.781306044] [uart_bridge]: Waiting for pose data from /pose topic...
[WARN] [1775885747.282503422] [uart_bridge]: Waiting for pose data from /pose topic...
[WARN] [1775885747.783712651] [uart_bridge]: Waiting for pose data from /pose topic...
[WARN] [1775885748.284933918] [uart_bridge]: Waiting for pose data from /pose topic...
[WARN] [1775885748.786079944] [uart_bridge]: Waiting for pose data from /pose topic...
[WARN] [1775885749.287245877] [uart_bridge]: Waiting for pose data from /pose topic...
[WARN] [1775885749.788394125] [uart_bridge]: Waiting for pose data from /pose topic...
[WARN] [1775885750.289532169] [uart_bridge]: Waiting for pose data from /pose topic...
[WARN] [1775885750.790667787] [uart_bridge]: Waiting for pose data from /pose topic...
[WARN] [1775885751.291815016] [uart_bridge]: Waiting for pose data from /pose topic...
[WARN] [1775885751.793026153] [uart_bridge]: Waiting for pose data from /pose topic...
[WARN] [1775885752.294194383] [uart_bridge]: Waiting for pose data from /pose topic...
[WARN] [1775885752.795403538] [uart_bridge]: Waiting for pose data from /pose topic...
[WARN] [1775885753.296551471] [uart_bridge]: Waiting for pose data from /pose topic...
[WARN] [1775885753.797709849] [uart_bridge]: Waiting for pose data from /pose topic...
[WARN] [1775885754.298864745] [uart_bridge]: Waiting for pose data from /pose topic...
[WARN] [1775885754.800267605] [uart_bridge]: Waiting for pose data from /pose topic...
[WARN] [1775885755.301425353] [uart_bridge]: Waiting for pose data from /pose topic...
[WARN] [1775885755.802674083] [uart_bridge]: Waiting for pose data from /pose topic...
[WARN] [1775885756.303928294] [uart_bridge]: Waiting for pose data from /pose topic...
[WARN] [1775885756.805141042] [uart_bridge]: Waiting for pose data from /pose topic...
[WARN] [1775885757.306355068] [uart_bridge]: Waiting for pose data from /pose topic...
[WARN] [1775885757.807569298] [uart_bridge]: Waiting for pose data from /pose topic...
[WARN] [1775885758.308813657] [uart_bridge]: Waiting for pose data from /pose topic...
[WARN] [1775885758.809984201] [uart_bridge]: Waiting for pose data from /pose topic...
[WARN] [1775885759.311085171] [uart_bridge]: Waiting for pose data from /pose topic...
[WARN] [1775885759.812241752] [uart_bridge]: Waiting for pose data from /pose topic...
[WARN] [1775885760.313445464] [uart_bridge]: Waiting for pose data from /pose topic...
[WARN] [1775885760.814598897] [uart_bridge]: Waiting for pose data from /pose topic...
[WARN] [1775885761.315725737] [uart_bridge]: Waiting for pose data from /pose topic...
[WARN] [1775885761.816897726] [uart_bridge]: Waiting for pose data from /pose topic...
[WARN] [1775885762.318062307] [uart_bridge]: Waiting for pose data from /pose topic...
[WARN] [1775885762.819182795] [uart_bridge]: Waiting for pose data from /pose topic...
[WARN] [1775885763.320334617] [uart_bridge]: Waiting for pose data from /pose topic...
[WARN] [1775885763.821212604] [uart_bridge]: Waiting for pose data from /pose topic...
[WARN] [1775885764.322150370] [uart_bridge]: Waiting for pose data from /pose topic...
[WARN] [1775885764.823029912] [uart_bridge]: Waiting for pose data from /pose topic...
[WARN] [1775885765.323913363] [uart_bridge]: Waiting for pose data from /pose topic...
[WARN] [1775885765.825136703] [uart_bridge]: Waiting for pose data from /pose topic...
[WARN] [1775885766.326014376] [uart_bridge]: Waiting for pose data from /pose topic...
[WARN] [1775885766.826891308] [uart_bridge]: Waiting for pose data from /pose topic...
[WARN] [1775885767.327771258] [uart_bridge]: Waiting for pose data from /pose topic...
[WARN] [1775885767.828666930] [uart_bridge]: Waiting for pose data from /pose topic...
[WARN] [1775885768.329516973] [uart_bridge]: Waiting for pose data from /pose topic...
[WARN] [1775885768.830372719] [uart_bridge]: Waiting for pose data from /pose topic...
[WARN] [1775885769.331244391] [uart_bridge]: Waiting for pose data from /pose topic...
[WARN] [1775885769.832125416] [uart_bridge]: Waiting for pose data from /pose topic...
[WARN] [1775885770.333017829] [uart_bridge]: Waiting for pose data from /pose topic...
[WARN] [1775885770.833898631] [uart_bridge]: Waiting for pose data from /pose topic...
[WARN] [1775885771.334748062] [uart_bridge]: Waiting for pose data from /pose topic...
[WARN] [1775885771.835710532] [uart_bridge]: Waiting for pose data from /pose topic...
[WARN] [1775885772.336706834] [uart_bridge]: Waiting for pose data from /pose topic...
[WARN] [1775885772.837615562] [uart_bridge]: Waiting for pose data from /pose topic...
[WARN] [1775885773.338518587] [uart_bridge]: Waiting for pose data from /pose topic...
[WARN] [1775885773.839552019] [uart_bridge]: Waiting for pose data from /pose topic...
[WARN] [1775885774.340703119] [uart_bridge]: Waiting for pose data from /pose topic...
[WARN] [1775885774.841694755] [uart_bridge]: Waiting for pose data from /pose topic...
[WARN] [1775885775.342834688] [uart_bridge]: Waiting for pose data from /pose topic...
[WARN] [1775885775.843988547] [uart_bridge]: Waiting for pose data from /pose topic...
[WARN] [1775885776.345135424] [uart_bridge]: Waiting for pose data from /pose topic...
[WARN] [1775885776.846294746] [uart_bridge]: Waiting for pose data from /pose topic...
[WARN] [1775885777.347441475] [uart_bridge]: Waiting for pose data from /pose topic...
[WARN] [1775885777.848612483] [uart_bridge]: Waiting for pose data from /pose topic...
[WARN] [1775885778.349778823] [uart_bridge]: Waiting for pose data from /pose topic...
[WARN] [1775885778.851002682] [uart_bridge]: Waiting for pose data from /pose topic...
[WARN] [1775885779.352171949] [uart_bridge]: Waiting for pose data from /pose topic...
[WARN] [1775885779.853400734] [uart_bridge]: Waiting for pose data from /pose topic...
[WARN] [1775885780.354550260] [uart_bridge]: Waiting for pose data from /pose topic...
[WARN] [1775885780.855775027] [uart_bridge]: Waiting for pose data from /pose topic...
[WARN] [1775885781.356995182] [uart_bridge]: Waiting for pose data from /pose topic...
[WARN] [1775885781.858216690] [uart_bridge]: Waiting for pose data from /pose topic...
[WARN] [1775885782.359387067] [uart_bridge]: Waiting for pose data from /pose topic...
[WARN] [1775885782.861244800] [uart_bridge]: Waiting for pose data from /pose topic...
[WARN] [1775885783.362432826] [uart_bridge]: Waiting for pose data from /pose topic...
[WARN] [1775885783.863674241] [uart_bridge]: Waiting for pose data from /pose topic...
[WARN] [1775885784.364881730] [uart_bridge]: Waiting for pose data from /pose topic...
[WARN] [1775885784.866086793] [uart_bridge]: Waiting for pose data from /pose topic...
[WARN] [1775885785.367407412] [uart_bridge]: Waiting for pose data from /pose topic...
[WARN] [1775885785.868641938] [uart_bridge]: Waiting for pose data from /pose topic...
[WARN] [1775885786.369943075] [uart_bridge]: Waiting for pose data from /pose topic...
[WARN] [1775885786.871160694] [uart_bridge]: Waiting for pose data from /pose topic...
[WARN] [1775885787.372312460] [uart_bridge]: Waiting for pose data from /pose topic...
[WARN] [1775885787.873456653] [uart_bridge]: Waiting for pose data from /pose topic...
[WARN] [1775885788.374589493] [uart_bridge]: Waiting for pose data from /pose topic...
[WARN] [1775885788.875754296] [uart_bridge]: Waiting for pose data from /pose topic...
[WARN] [1775885789.376918878] [uart_bridge]: Waiting for pose data from /pose topic...
[WARN] [1775885789.878163959] [uart_bridge]: Waiting for pose data from /pose topic...
[WARN] [1775885790.379332948] [uart_bridge]: Waiting for pose data from /pose topic...
[WARN] [1775885790.880493214] [uart_bridge]: Waiting for pose data from /pose topic...
[WARN] [1775885791.381654814] [uart_bridge]: Waiting for pose data from /pose topic...
[WARN] [1775885791.882862729] [uart_bridge]: Waiting for pose data from /pose topic...
[WARN] [1775885792.384080699] [uart_bridge]: Waiting for pose data from /pose topic...
[WARN] [1775885792.885287614] [uart_bridge]: Waiting for pose data from /pose topic...
[WARN] [1775885793.386565011] [uart_bridge]: Waiting for pose data from /pose topic...
[WARN] [1775885793.887720129] [uart_bridge]: Waiting for pose data from /pose topic...
[WARN] [1775885794.388937933] [uart_bridge]: Waiting for pose data from /pose topic...
[WARN] [1775885794.890090162] [uart_bridge]: Waiting for pose data from /pose topic...
[WARN] [1775885795.391245558] [uart_bridge]: Waiting for pose data from /pose topic...
[WARN] [1775885795.892464880] [uart_bridge]: Waiting for pose data from /pose topic...
[WARN] [1775885796.393611128] [uart_bridge]: Waiting for pose data from /pose topic...
[WARN] [1775885796.894762932] [uart_bridge]: Waiting for pose data from /pose topic...
[WARN] [1775885797.395908180] [uart_bridge]: Waiting for pose data from /pose topic...
[WARN] [1775885797.897046427] [uart_bridge]: Waiting for pose data from /pose topic...
[WARN] [1775885798.398247027] [uart_bridge]: Waiting for pose data from /pose topic...
[WARN] [1775885798.899510776] [uart_bridge]: Waiting for pose data from /pose topic...
[WARN] [1775885799.400691227] [uart_bridge]: Waiting for pose data from /pose topic...
[WARN] [1775885799.901909290] [uart_bridge]: Waiting for pose data from /pose topic...
[WARN] [1775885800.403129853] [uart_bridge]: Waiting for pose data from /pose topic...
[WARN] [1775885800.904315268] [uart_bridge]: Waiting for pose data from /pose topic...
[WARN] [1775885801.405526868] [uart_bridge]: Waiting for pose data from /pose topic...
[WARN] [1775885801.906784265] [uart_bridge]: Waiting for pose data from /pose topic...
[WARN] [1775885802.407950550] [uart_bridge]: Waiting for pose data from /pose topic...
[WARN] [1775885802.909050334] [uart_bridge]: Waiting for pose data from /pose topic...
[WARN] [1775885803.410313546] [uart_bridge]: Waiting for pose data from /pose topic...
[WARN] [1775885803.911438460] [uart_bridge]: Waiting for pose data from /pose topic...
[WARN] [1775885804.412498319] [uart_bridge]: Waiting for pose data from /pose topic...
[WARN] [1775885804.913597011] [uart_bridge]: Waiting for pose data from /pose topic...
[WARN] [1775885805.414579795] [uart_bridge]: Waiting for pose data from /pose topic...
[WARN] [1775885805.915598190] [uart_bridge]: Waiting for pose data from /pose topic...
[WARN] [1775885806.416569344] [uart_bridge]: Waiting for pose data from /pose topic...
[WARN] [1775885806.917446054] [uart_bridge]: Waiting for pose data from /pose topic...
[WARN] [1775885807.418501042] [uart_bridge]: Waiting for pose data from /pose topic...
[WARN] [1775885807.919451548] [uart_bridge]: Waiting for pose data from /pose topic...
[WARN] [1775885808.420326905] [uart_bridge]: Waiting for pose data from /pose topic...
[WARN] [1775885808.921538746] [uart_bridge]: Waiting for pose data from /pose topic...
[WARN] [1775885809.422428715] [uart_bridge]: Waiting for pose data from /pose topic...
[WARN] [1775885809.923647796] [uart_bridge]: Waiting for pose data from /pose topic...
[WARN] [1775885810.424866193] [uart_bridge]: Waiting for pose data from /pose topic...
[WARN] [1775885810.926021515] [uart_bridge]: Waiting for pose data from /pose topic...
[WARN] [1775885811.427174985] [uart_bridge]: Waiting for pose data from /pose topic...
[WARN] [1775885811.928392011] [uart_bridge]: Waiting for pose data from /pose topic...
[WARN] [1775885812.429624203] [uart_bridge]: Waiting for pose data from /pose topic...
[WARN] [1775885812.930832452] [uart_bridge]: Waiting for pose data from /pose topic...
[WARN] [1775885813.432044811] [uart_bridge]: Waiting for pose data from /pose topic...
[WARN] [1775885813.933253318] [uart_bridge]: Waiting for pose data from /pose topic...
[WARN] [1775885814.434474900] [uart_bridge]: Waiting for pose data from /pose topic...
[WARN] [1775885814.935677518] [uart_bridge]: Waiting for pose data from /pose topic...
[WARN] [1775885815.436866748] [uart_bridge]: Waiting for pose data from /pose topic...
[WARN] [1775885815.938021977] [uart_bridge]: Waiting for pose data from /pose topic...
[WARN] [1775885816.439222281] [uart_bridge]: Waiting for pose data from /pose topic...
[WARN] [1775885816.940426733] [uart_bridge]: Waiting for pose data from /pose topic...
[WARN] [1775885817.441583981] [uart_bridge]: Waiting for pose data from /pose topic...
[WARN] [1775885817.942796488] [uart_bridge]: Waiting for pose data from /pose topic...
[WARN] [1775885818.443935717] [uart_bridge]: Waiting for pose data from /pose topic...
[WARN] [1775885818.945023983] [uart_bridge]: Waiting for pose data from /pose topic...
[WARN] [1775885819.446176176] [uart_bridge]: Waiting for pose data from /pose topic...
[WARN] [1775885819.947311923] [uart_bridge]: Waiting for pose data from /pose topic...
[WARN] [1775885820.448442338] [uart_bridge]: Waiting for pose data from /pose topic...
[WARN] [1775885820.949569530] [uart_bridge]: Waiting for pose data from /pose topic...
[WARN] [1775885821.450718111] [uart_bridge]: Waiting for pose data from /pose topic...
[WARN] [1775885821.951842322] [uart_bridge]: Waiting for pose data from /pose topic...
[WARN] [1775885822.452984977] [uart_bridge]: Waiting for pose data from /pose topic...
[WARN] [1775885822.954180966] [uart_bridge]: Waiting for pose data from /pose topic...
[WARN] [1775885823.455384455] [uart_bridge]: Waiting for pose data from /pose topic...
[WARN] [1775885823.956598333] [uart_bridge]: Waiting for pose data from /pose topic...
[WARN] [1775885824.457829507] [uart_bridge]: Waiting for pose data from /pose topic...
[WARN] [1775885824.959052014] [uart_bridge]: Waiting for pose data from /pose topic...
[WARN] [1775885825.461071989] [uart_bridge]: Waiting for pose data from /pose topic...
[WARN] [1775885825.962298348] [uart_bridge]: Waiting for pose data from /pose topic...
[WARN] [1775885826.463545652] [uart_bridge]: Waiting for pose data from /pose topic...
[WARN] [1775885826.964724956] [uart_bridge]: Waiting for pose data from /pose topic...
[WARN] [1775885827.465886203] [uart_bridge]: Waiting for pose data from /pose topic...
[WARN] [1775885827.967144693] [uart_bridge]: Waiting for pose data from /pose topic...
[WARN] [1775885828.468390367] [uart_bridge]: Waiting for pose data from /pose topic...
[WARN] [1775885828.969645171] [uart_bridge]: Waiting for pose data from /pose topic...
[WARN] [1775885829.470906012] [uart_bridge]: Waiting for pose data from /pose topic...
[WARN] [1775885829.972143519] [uart_bridge]: Waiting for pose data from /pose topic...
[WARN] [1775885830.473298323] [uart_bridge]: Waiting for pose data from /pose topic...
[WARN] [1775885830.974488515] [uart_bridge]: Waiting for pose data from /pose topic...
[WARN] [1775885831.475635856] [uart_bridge]: Waiting for pose data from /pose topic...
[WARN] [1775885831.976844863] [uart_bridge]: Waiting for pose data from /pose topic...
[WARN] [1775885832.478000389] [uart_bridge]: Waiting for pose data from /pose topic...
[WARN] [1775885832.979145988] [uart_bridge]: Waiting for pose data from /pose topic...
[WARN] [1775885833.480323588] [uart_bridge]: Waiting for pose data from /pose topic...
[WARN] [1775885833.981483225] [uart_bridge]: Waiting for pose data from /pose topic...
[WARN] [1775885834.482723455] [uart_bridge]: Waiting for pose data from /pose topic...
[WARN] [1775885834.983881332] [uart_bridge]: Waiting for pose data from /pose topic...
[WARN] [1775885835.485106747] [uart_bridge]: Waiting for pose data from /pose topic...
[WARN] [1775885835.986256680] [uart_bridge]: Waiting for pose data from /pose topic...
[WARN] [1775885836.487403058] [uart_bridge]: Waiting for pose data from /pose topic...
[WARN] [1775885836.988596195] [uart_bridge]: Waiting for pose data from /pose topic...
[WARN] [1775885837.489749313] [uart_bridge]: Waiting for pose data from /pose topic...
[WARN] [1775885837.990889635] [uart_bridge]: Waiting for pose data from /pose topic...
[WARN] [1775885838.492095938] [uart_bridge]: Waiting for pose data from /pose topic...
[WARN] [1775885838.993252260] [uart_bridge]: Waiting for pose data from /pose topic...
[WARN] [1775885839.494396897] [uart_bridge]: Waiting for pose data from /pose topic...
[WARN] [1775885839.995534071] [uart_bridge]: Waiting for pose data from /pose topic...
[WARN] [1775885840.496699226] [uart_bridge]: Waiting for pose data from /pose topic...
[WARN] [1775885840.997916197] [uart_bridge]: Waiting for pose data from /pose topic...
[WARN] [1775885841.499086204] [uart_bridge]: Waiting for pose data from /pose topic...
[WARN] [1775885842.000437230] [uart_bridge]: Waiting for pose data from /pose topic...
[WARN] [1775885842.501672553] [uart_bridge]: Waiting for pose data from /pose topic...
[WARN] [1775885843.002899875] [uart_bridge]: Waiting for pose data from /pose topic...
[WARN] [1775885843.504216994] [uart_bridge]: Waiting for pose data from /pose topic...
[WARN] [1775885844.005460057] [uart_bridge]: Waiting for pose data from /pose topic...
[WARN] [1775885844.506639916] [uart_bridge]: Waiting for pose data from /pose topic...
[WARN] [1775885845.007916146] [uart_bridge]: Waiting for pose data from /pose topic...
[WARN] [1775885845.509099524] [uart_bridge]: Waiting for pose data from /pose topic...
[WARN] [1775885846.010267365] [uart_bridge]: Waiting for pose data from /pose topic...
[WARN] [1775885846.511438520] [uart_bridge]: Waiting for pose data from /pose topic...
[WARN] [1775885847.012551323] [uart_bridge]: Waiting for pose data from /pose topic...
[WARN] [1775885847.513781331] [uart_bridge]: Waiting for pose data from /pose topic...
[WARN] [1775885848.014956523] [uart_bridge]: Waiting for pose data from /pose topic...
[WARN] [1775885848.516188586] [uart_bridge]: Waiting for pose data from /pose topic...
[WARN] [1775885849.017363927] [uart_bridge]: Waiting for pose data from /pose topic...
[WARN] [1775885849.518399378] [uart_bridge]: Waiting for pose data from /pose topic...
[WARN] [1775885850.019476033] [uart_bridge]: Waiting for pose data from /pose topic...
[WARN] [1775885850.520441687] [uart_bridge]: Waiting for pose data from /pose topic...
[WARN] [1775885851.021318618] [uart_bridge]: Waiting for pose data from /pose topic...
[WARN] [1775885851.522203828] [uart_bridge]: Waiting for pose data from /pose topic...
[WARN] [1775885852.023095093] [uart_bridge]: Waiting for pose data from /pose topic...
[WARN] [1775885852.523984247] [uart_bridge]: Waiting for pose data from /pose topic...
[WARN] [1775885853.025445404] [uart_bridge]: Waiting for pose data from /pose topic...
[WARN] [1775885853.526335891] [uart_bridge]: Waiting for pose data from /pose topic...
[WARN] [1775885854.027284342] [uart_bridge]: Waiting for pose data from /pose topic...
[WARN] [1775885854.528174014] [uart_bridge]: Waiting for pose data from /pose topic...
[WARN] [1775885855.029065298] [uart_bridge]: Waiting for pose data from /pose topic...
[WARN] [1775885855.529958359] [uart_bridge]: Waiting for pose data from /pose topic...
[WARN] [1775885856.030938754] [uart_bridge]: Waiting for pose data from /pose topic...
[WARN] [1775885856.531914575] [uart_bridge]: Waiting for pose data from /pose topic...
[WARN] [1775885857.032860637] [uart_bridge]: Waiting for pose data from /pose topic...
[WARN] [1775885857.533757346] [uart_bridge]: Waiting for pose data from /pose topic...
[WARN] [1775885858.034668574] [uart_bridge]: Waiting for pose data from /pose topic...
[WARN] [1775885858.535514228] [uart_bridge]: Waiting for pose data from /pose topic...
[WARN] [1775885859.036598494] [uart_bridge]: Waiting for pose data from /pose topic...
[WARN] [1775885859.537502055] [uart_bridge]: Waiting for pose data from /pose topic...
[WARN] [1775885860.038588525] [uart_bridge]: Waiting for pose data from /pose topic...
[WARN] [1775885860.539782958] [uart_bridge]: Waiting for pose data from /pose topic...
[WARN] [1775885861.040952058] [uart_bridge]: Waiting for pose data from /pose topic...
[WARN] [1775885861.542123602] [uart_bridge]: Waiting for pose data from /pose topic...
[WARN] [1775885862.043326554] [uart_bridge]: Waiting for pose data from /pose topic...
[WARN] [1775885862.544480302] [uart_bridge]: Waiting for pose data from /pose topic...
[WARN] [1775885863.045647476] [uart_bridge]: Waiting for pose data from /pose topic...
[WARN] [1775885863.546809576] [uart_bridge]: Waiting for pose data from /pose topic...
[WARN] [1775885864.047977083] [uart_bridge]: Waiting for pose data from /pose topic...
[WARN] [1775885864.549171405] [uart_bridge]: Waiting for pose data from /pose topic...
[WARN] [1775885865.050308320] [uart_bridge]: Waiting for pose data from /pose topic...
[WARN] [1775885865.551530179] [uart_bridge]: Waiting for pose data from /pose topic...
[WARN] [1775885866.052755297] [uart_bridge]: Waiting for pose data from /pose topic...
[WARN] [1775885866.553928490] [uart_bridge]: Waiting for pose data from /pose topic...
[WARN] [1775885867.055144127] [uart_bridge]: Waiting for pose data from /pose topic...
[WARN] [1775885867.556307116] [uart_bridge]: Waiting for pose data from /pose topic...
[WARN] [1775885868.057520290] [uart_bridge]: Waiting for pose data from /pose topic...
[WARN] [1775885868.558761205] [uart_bridge]: Waiting for pose data from /pose topic...
[WARN] [1775885869.060803161] [uart_bridge]: Waiting for pose data from /pose topic...
[WARN] [1775885869.562023613] [uart_bridge]: Waiting for pose data from /pose topic...
[WARN] [1775885870.063271787] [uart_bridge]: Waiting for pose data from /pose topic...
[WARN] [1775885870.564477017] [uart_bridge]: Waiting for pose data from /pose topic...
[WARN] [1775885871.065676302] [uart_bridge]: Waiting for pose data from /pose topic...
[WARN] [1775885871.566896124] [uart_bridge]: Waiting for pose data from /pose topic...
[WARN] [1775885872.068039131] [uart_bridge]: Waiting for pose data from /pose topic...
[WARN] [1775885872.569425417] [uart_bridge]: Waiting for pose data from /pose topic...
[WARN] [1775885873.070594887] [uart_bridge]: Waiting for pose data from /pose topic...
[WARN] [1775885873.571811135] [uart_bridge]: Waiting for pose data from /pose topic...
[WARN] [1775885874.072958661] [uart_bridge]: Waiting for pose data from /pose topic...
[WARN] [1775885874.574104409] [uart_bridge]: Waiting for pose data from /pose topic...
[WARN] [1775885875.075268564] [uart_bridge]: Waiting for pose data from /pose topic...
[WARN] [1775885875.576424775] [uart_bridge]: Waiting for pose data from /pose topic...
[WARN] [1775885876.077584708] [uart_bridge]: Waiting for pose data from /pose topic...
[WARN] [1775885876.578759326] [uart_bridge]: Waiting for pose data from /pose topic...
[WARN] [1775885877.079906945] [uart_bridge]: Waiting for pose data from /pose topic...
[WARN] [1775885877.581101822] [uart_bridge]: Waiting for pose data from /pose topic...
[WARN] [1775885878.082259830] [uart_bridge]: Waiting for pose data from /pose topic...
[WARN] [1775885878.583409966] [uart_bridge]: Waiting for pose data from /pose topic...
[WARN] [1775885879.084556770] [uart_bridge]: Waiting for pose data from /pose topic...
[WARN] [1775885879.585729184] [uart_bridge]: Waiting for pose data from /pose topic...
[WARN] [1775885880.086888803] [uart_bridge]: Waiting for pose data from /pose topic...
[WARN] [1775885880.588045162] [uart_bridge]: Waiting for pose data from /pose topic...
[WARN] [1775885881.089259576] [uart_bridge]: Waiting for pose data from /pose topic...
[WARN] [1775885881.590420269] [uart_bridge]: Waiting for pose data from /pose topic...
[WARN] [1775885882.091610295] [uart_bridge]: Waiting for pose data from /pose topic...
[WARN] [1775885882.592783117] [uart_bridge]: Waiting for pose data from /pose topic...
[WARN] [1775885883.093950920] [uart_bridge]: Waiting for pose data from /pose topic...
[WARN] [1775885883.595131983] [uart_bridge]: Waiting for pose data from /pose topic...
[WARN] [1775885884.096296046] [uart_bridge]: Waiting for pose data from /pose topic...
[WARN] [1775885884.597500368] [uart_bridge]: Waiting for pose data from /pose topic...
[WARN] [1775885885.098726190] [uart_bridge]: Waiting for pose data from /pose topic...
[WARN] [1775885885.600082254] [uart_bridge]: Waiting for pose data from /pose topic...
[WARN] [1775885886.101314891] [uart_bridge]: Waiting for pose data from /pose topic...
[WARN] [1775885886.602592232] [uart_bridge]: Waiting for pose data from /pose topic...
[WARN] [1775885887.103861888] [uart_bridge]: Waiting for pose data from /pose topic...
[WARN] [1775885887.605093858] [uart_bridge]: Waiting for pose data from /pose topic...
[WARN] [1775885888.106385237] [uart_bridge]: Waiting for pose data from /pose topic...
[WARN] [1775885888.607661115] [uart_bridge]: Waiting for pose data from /pose topic...
[WARN] [1775885889.108871937] [uart_bridge]: Waiting for pose data from /pose topic...
[WARN] [1775885889.610033852] [uart_bridge]: Waiting for pose data from /pose topic...
[WARN] [1775885890.111269544] [uart_bridge]: Waiting for pose data from /pose topic...
[WARN] [1775885890.612499478] [uart_bridge]: Waiting for pose data from /pose topic...
[WARN] [1775885891.113685226] [uart_bridge]: Waiting for pose data from /pose topic...
[WARN] [1775885891.614738584] [uart_bridge]: Waiting for pose data from /pose topic...
[WARN] [1775885892.115720498] [uart_bridge]: Waiting for pose data from /pose topic...
[WARN] [1775885892.616892764] [uart_bridge]: Waiting for pose data from /pose topic...
[WARN] [1775885893.118081624] [uart_bridge]: Waiting for pose data from /pose topic...
[WARN] [1775885893.619265205] [uart_bridge]: Waiting for pose data from /pose topic...
[WARN] [1775885894.120152025] [uart_bridge]: Waiting for pose data from /pose topic...
[WARN] [1775885894.621103735] [uart_bridge]: Waiting for pose data from /pose topic...
[WARN] [1775885895.121989204] [uart_bridge]: Waiting for pose data from /pose topic...
[WARN] [1775885895.622906432] [uart_bridge]: Waiting for pose data from /pose topic...
[WARN] [1775885896.124146180] [uart_bridge]: Waiting for pose data from /pose topic...
[WARN] [1775885896.625386373] [uart_bridge]: Waiting for pose data from /pose topic...
[WARN] [1775885897.126265675] [uart_bridge]: Waiting for pose data from /pose topic...
[WARN] [1775885897.627162551] [uart_bridge]: Waiting for pose data from /pose topic...
[WARN] [1775885898.128045927] [uart_bridge]: Waiting for pose data from /pose topic...
[WARN] [1775885898.628921841] [uart_bridge]: Waiting for pose data from /pose topic...
[WARN] [1775885899.129801309] [uart_bridge]: Waiting for pose data from /pose topic...
[WARN] [1775885899.631019335] [uart_bridge]: Waiting for pose data from /pose topic...
[WARN] [1775885900.132259509] [uart_bridge]: Waiting for pose data from /pose topic...
[WARN] [1775885900.633513313] [uart_bridge]: Waiting for pose data from /pose topic...
[WARN] [1775885901.134406856] [uart_bridge]: Waiting for pose data from /pose topic...
[WARN] [1775885901.635378936] [uart_bridge]: Waiting for pose data from /pose topic...
[WARN] [1775885902.136525795] [uart_bridge]: Waiting for pose data from /pose topic...
[WARN] [1775885902.637748784] [uart_bridge]: Waiting for pose data from /pose topic...
[WARN] [1775885903.138981273] [uart_bridge]: Waiting for pose data from /pose topic...
[WARN] [1775885903.640221633] [uart_bridge]: Waiting for pose data from /pose topic...
[WARN] [1775885904.141379214] [uart_bridge]: Waiting for pose data from /pose topic...
[WARN] [1775885904.642267886] [uart_bridge]: Waiting for pose data from /pose topic...
[WARN] [1775885905.143410282] [uart_bridge]: Waiting for pose data from /pose topic...
[WARN] [1775885905.644280214] [uart_bridge]: Waiting for pose data from /pose topic...
[WARN] [1775885906.145420906] [uart_bridge]: Waiting for pose data from /pose topic...
[WARN] [1775885906.646292727] [uart_bridge]: Waiting for pose data from /pose topic...
[WARN] [1775885907.147440956] [uart_bridge]: Waiting for pose data from /pose topic...
[WARN] [1775885907.648580815] [uart_bridge]: Waiting for pose data from /pose topic...
[WARN] [1775885908.149775656] [uart_bridge]: Waiting for pose data from /pose topic...
[WARN] [1775885908.650912385] [uart_bridge]: Waiting for pose data from /pose topic...
[WARN] [1775885909.152101485] [uart_bridge]: Waiting for pose data from /pose topic...
[WARN] [1775885909.653243159] [uart_bridge]: Waiting for pose data from /pose topic...
[WARN] [1775885910.154157850] [uart_bridge]: Waiting for pose data from /pose topic...
[WARN] [1775885910.655324227] [uart_bridge]: Waiting for pose data from /pose topic...
[WARN] [1775885911.156511290] [uart_bridge]: Waiting for pose data from /pose topic...
[WARN] [1775885911.657708242] [uart_bridge]: Waiting for pose data from /pose topic...
[WARN] [1775885912.158918008] [uart_bridge]: Waiting for pose data from /pose topic...
[WARN] [1775885912.661047502] [uart_bridge]: Waiting for pose data from /pose topic...
[WARN] [1775885913.162365343] [uart_bridge]: Waiting for pose data from /pose topic...
[WARN] [1775885913.663626870] [uart_bridge]: Waiting for pose data from /pose topic...
[WARN] [1775885914.164771025] [uart_bridge]: Waiting for pose data from /pose topic...
[WARN] [1775885914.665940828] [uart_bridge]: Waiting for pose data from /pose topic...
[WARN] [1775885915.167200095] [uart_bridge]: Waiting for pose data from /pose topic...
[WARN] [1775885915.668367584] [uart_bridge]: Waiting for pose data from /pose topic...
[WARN] [1775885916.169549350] [uart_bridge]: Waiting for pose data from /pose topic...
[WARN] [1775885916.670711339] [uart_bridge]: Waiting for pose data from /pose topic...
[WARN] [1775885917.171874235] [uart_bridge]: Waiting for pose data from /pose topic...
[WARN] [1775885917.673031594] [uart_bridge]: Waiting for pose data from /pose topic...
[WARN] [1775885918.174179749] [uart_bridge]: Waiting for pose data from /pose topic...
[WARN] [1775885918.675333645] [uart_bridge]: Waiting for pose data from /pose topic...
[WARN] [1775885919.176477227] [uart_bridge]: Waiting for pose data from /pose topic...
[WARN] [1775885919.677604808] [uart_bridge]: Waiting for pose data from /pose topic...
[WARN] [1775885920.178759704] [uart_bridge]: Waiting for pose data from /pose topic...
[WARN] [1775885920.679865710] [uart_bridge]: Waiting for pose data from /pose topic...
[WARN] [1775885921.181107162] [uart_bridge]: Waiting for pose data from /pose topic...
[WARN] [1775885921.682321374] [uart_bridge]: Waiting for pose data from /pose topic...
[WARN] [1775885922.183486122] [uart_bridge]: Waiting for pose data from /pose topic...
[WARN] [1775885922.684723462] [uart_bridge]: Waiting for pose data from /pose topic...
[WARN] [1775885923.185939637] [uart_bridge]: Waiting for pose data from /pose topic...
[WARN] [1775885923.687157588] [uart_bridge]: Waiting for pose data from /pose topic...
[WARN] [1775885924.188400337] [uart_bridge]: Waiting for pose data from /pose topic...
[WARN] [1775885924.689576955] [uart_bridge]: Waiting for pose data from /pose topic...
[WARN] [1775885925.190766833] [uart_bridge]: Waiting for pose data from /pose topic...
[WARN] [1775885925.691925118] [uart_bridge]: Waiting for pose data from /pose topic...
[WARN] [1775885926.193072551] [uart_bridge]: Waiting for pose data from /pose topic...
[WARN] [1775885926.694254632] [uart_bridge]: Waiting for pose data from /pose topic...
[WARN] [1775885927.195383435] [uart_bridge]: Waiting for pose data from /pose topic...
[WARN] [1775885927.696524702] [uart_bridge]: Waiting for pose data from /pose topic...
[WARN] [1775885928.197704802] [uart_bridge]: Waiting for pose data from /pose topic...
[WARN] [1775885928.698963587] [uart_bridge]: Waiting for pose data from /pose topic...
[WARN] [1775885929.200399077] [uart_bridge]: Waiting for pose data from /pose topic...
[WARN] [1775885929.701631733] [uart_bridge]: Waiting for pose data from /pose topic...
[WARN] [1775885930.202812481] [uart_bridge]: Waiting for pose data from /pose topic...
[WARN] [1775885930.704047766] [uart_bridge]: Waiting for pose data from /pose topic...
[WARN] [1775885931.205484997] [uart_bridge]: Waiting for pose data from /pose topic...
[WARN] [1775885931.706735134] [uart_bridge]: Waiting for pose data from /pose topic...
[WARN] [1775885932.207868993] [uart_bridge]: Waiting for pose data from /pose topic...
[WARN] [1775885932.709062667] [uart_bridge]: Waiting for pose data from /pose topic...
[WARN] [1775885933.210172489] [uart_bridge]: Waiting for pose data from /pose topic...
[WARN] [1775885933.711332348] [uart_bridge]: Waiting for pose data from /pose topic...
[WARN] [1775885934.212476521] [uart_bridge]: Waiting for pose data from /pose topic...
[WARN] [1775885934.713643362] [uart_bridge]: Waiting for pose data from /pose topic...
[WARN] [1775885935.214585516] [uart_bridge]: Waiting for pose data from /pose topic...
[WARN] [1775885935.715751838] [uart_bridge]: Waiting for pose data from /pose topic...
[WARN] [1775885936.216757863] [uart_bridge]: Waiting for pose data from /pose topic...
[WARN] [1775885936.717917018] [uart_bridge]: Waiting for pose data from /pose topic...
[WARN] [1775885937.219122063] [uart_bridge]: Waiting for pose data from /pose topic...
[WARN] [1775885937.720335959] [uart_bridge]: Waiting for pose data from /pose topic...
[WARN] [1775885938.221504985] [uart_bridge]: Waiting for pose data from /pose topic...
[WARN] [1775885938.722366009] [uart_bridge]: Waiting for pose data from /pose topic...
[WARN] [1775885939.223289922] [uart_bridge]: Waiting for pose data from /pose topic...
[WARN] [1775885939.724158465] [uart_bridge]: Waiting for pose data from /pose topic...
[WARN] [1775885940.225125693] [uart_bridge]: Waiting for pose data from /pose topic...
[WARN] [1775885940.725990606] [uart_bridge]: Waiting for pose data from /pose topic...
[WARN] [1775885941.227149299] [uart_bridge]: Waiting for pose data from /pose topic...
[WARN] [1775885941.728315454] [uart_bridge]: Waiting for pose data from /pose topic...
[WARN] [1775885942.229220015] [uart_bridge]: Waiting for pose data from /pose topic...
[WARN] [1775885942.730085632] [uart_bridge]: Waiting for pose data from /pose topic...
[WARN] [1775885943.230956342] [uart_bridge]: Waiting for pose data from /pose topic...
[WARN] [1775885943.731894348] [uart_bridge]: Waiting for pose data from /pose topic...
[WARN] [1775885944.232835298] [uart_bridge]: Waiting for pose data from /pose topic...
[WARN] [1775885944.734056398] [uart_bridge]: Waiting for pose data from /pose topic...
[WARN] [1775885945.235248720] [uart_bridge]: Waiting for pose data from /pose topic...
[WARN] [1775885945.736448950] [uart_bridge]: Waiting for pose data from /pose topic...
[WARN] [1775885946.237377308] [uart_bridge]: Waiting for pose data from /pose topic...
[WARN] [1775885946.738444574] [uart_bridge]: Waiting for pose data from /pose topic...
[WARN] [1775885947.239410784] [uart_bridge]: Waiting for pose data from /pose topic...
[WARN] [1775885947.740433049] [uart_bridge]: Waiting for pose data from /pose topic...
[WARN] [1775885948.241304073] [uart_bridge]: Waiting for pose data from /pose topic...
[WARN] [1775885948.742452895] [uart_bridge]: Waiting for pose data from /pose topic...
[WARN] [1775885949.243662625] [uart_bridge]: Waiting for pose data from /pose topic...
[WARN] [1775885949.744821558] [uart_bridge]: Waiting for pose data from /pose topic...
[WARN] [1775885950.245967324] [uart_bridge]: Waiting for pose data from /pose topic...
[WARN] [1775885950.747115665] [uart_bridge]: Waiting for pose data from /pose topic...
[WARN] [1775885951.248321302] [uart_bridge]: Waiting for pose data from /pose topic...
[WARN] [1775885951.749505587] [uart_bridge]: Waiting for pose data from /pose topic...
[WARN] [1775885952.250661594] [uart_bridge]: Waiting for pose data from /pose topic...
[WARN] [1775885952.751820749] [uart_bridge]: Waiting for pose data from /pose topic...
[WARN] [1775885953.253029331] [uart_bridge]: Waiting for pose data from /pose topic...
[WARN] [1775885953.754267612] [uart_bridge]: Waiting for pose data from /pose topic...
[WARN] [1775885954.255424474] [uart_bridge]: Waiting for pose data from /pose topic...
[WARN] [1775885954.756614225] [uart_bridge]: Waiting for pose data from /pose topic...
[WARN] [1775885955.257815143] [uart_bridge]: Waiting for pose data from /pose topic...
[WARN] [1775885955.759019931] [uart_bridge]: Waiting for pose data from /pose topic...
[WARN] [1775885956.261103168] [uart_bridge]: Waiting for pose data from /pose topic...
[WARN] [1775885956.762295382] [uart_bridge]: Waiting for pose data from /pose topic...
[WARN] [1775885957.263524652] [uart_bridge]: Waiting for pose data from /pose topic...
[WARN] [1775885957.764642718] [uart_bridge]: Waiting for pose data from /pose topic...
[WARN] [1775885958.265825358] [uart_bridge]: Waiting for pose data from /pose topic...
[WARN] [1775885958.766967201] [uart_bridge]: Waiting for pose data from /pose topic...
[WARN] [1775885959.268128526] [uart_bridge]: Waiting for pose data from /pose topic...
[WARN] [1775885959.769248870] [uart_bridge]: Waiting for pose data from /pose topic...
[WARN] [1775885960.270380769] [uart_bridge]: Waiting for pose data from /pose topic...
[WARN] [1775885960.771211333] [uart_bridge]: Waiting for pose data from /pose topic...
[WARN] [1775885961.272372177] [uart_bridge]: Waiting for pose data from /pose topic...
[WARN] [1775885961.773529779] [uart_bridge]: Waiting for pose data from /pose topic...
[WARN] [1775885962.275182236] [uart_bridge]: Waiting for pose data from /pose topic...
[WARN] [1775885962.776371080] [uart_bridge]: Waiting for pose data from /pose topic...
[WARN] [1775885963.277505238] [uart_bridge]: Waiting for pose data from /pose topic...
[WARN] [1775885963.778733656] [uart_bridge]: Waiting for pose data from /pose topic...
[WARN] [1775885964.279789370] [uart_bridge]: Waiting for pose data from /pose topic...
[WARN] [1775885964.781030103] [uart_bridge]: Waiting for pose data from /pose topic...
[WARN] [1775885965.282059372] [uart_bridge]: Waiting for pose data from /pose topic...
[WARN] [1775885965.783169752] [uart_bridge]: Waiting for pose data from /pose topic...
[WARN] [1775885966.284343873] [uart_bridge]: Waiting for pose data from /pose topic...
[WARN] [1775885966.785555902] [uart_bridge]: Waiting for pose data from /pose topic...
[WARN] [1775885967.286718783] [uart_bridge]: Waiting for pose data from /pose topic...
[WARN] [1775885967.787931752] [uart_bridge]: Waiting for pose data from /pose topic...
[WARN] [1775885968.289183129] [uart_bridge]: Waiting for pose data from /pose topic...
[WARN] [1775885968.790419876] [uart_bridge]: Waiting for pose data from /pose topic...
[WARN] [1775885969.291581456] [uart_bridge]: Waiting for pose data from /pose topic...
[WARN] [1775885969.792740666] [uart_bridge]: Waiting for pose data from /pose topic...
[WARN] [1775885970.293885519] [uart_bridge]: Waiting for pose data from /pose topic...
[WARN] [1775885970.795032454] [uart_bridge]: Waiting for pose data from /pose topic...
[WARN] [1775885971.296194741] [uart_bridge]: Waiting for pose data from /pose topic...
[WARN] [1775885971.797392580] [uart_bridge]: Waiting for pose data from /pose topic...
[WARN] [1775885972.298600285] [uart_bridge]: Waiting for pose data from /pose topic...
[WARN] [1775885972.799971579] [uart_bridge]: Waiting for pose data from /pose topic...
[WARN] [1775885973.301207972] [uart_bridge]: Waiting for pose data from /pose topic...
[WARN] [1775885973.802436644] [uart_bridge]: Waiting for pose data from /pose topic...
[WARN] [1775885974.303590746] [uart_bridge]: Waiting for pose data from /pose topic...
[WARN] [1775885974.804833084] [uart_bridge]: Waiting for pose data from /pose topic...
[WARN] [1775885975.306054071] [uart_bridge]: Waiting for pose data from /pose topic...
[WARN] [1775885975.807271854] [uart_bridge]: Waiting for pose data from /pose topic...
[WARN] [1775885976.308432122] [uart_bridge]: Waiting for pose data from /pose topic...
[WARN] [1775885976.809652628] [uart_bridge]: Waiting for pose data from /pose topic...
[WARN] [1775885977.310823544] [uart_bridge]: Waiting for pose data from /pose topic...
[WARN] [1775885977.812012569] [uart_bridge]: Waiting for pose data from /pose topic...
[WARN] [1775885978.313165190] [uart_bridge]: Waiting for pose data from /pose topic...
[WARN] [1775885978.814339827] [uart_bridge]: Waiting for pose data from /pose topic...
[WARN] [1775885979.315449450] [uart_bridge]: Waiting for pose data from /pose topic...
[WARN] [1775885979.816646494] [uart_bridge]: Waiting for pose data from /pose topic...
[WARN] [1775885980.317813188] [uart_bridge]: Waiting for pose data from /pose topic...
[WARN] [1775885980.819045544] [uart_bridge]: Waiting for pose data from /pose topic...
[WARN] [1775885981.320259884] [uart_bridge]: Waiting for pose data from /pose topic...
[WARN] [1775885981.821421966] [uart_bridge]: Waiting for pose data from /pose topic...
[WARN] [1775885982.322301435] [uart_bridge]: Waiting for pose data from /pose topic...
[WARN] [1775885982.823356968] [uart_bridge]: Waiting for pose data from /pose topic...
[WARN] [1775885983.324457964] [uart_bridge]: Waiting for pose data from /pose topic...
[WARN] [1775885983.825410939] [uart_bridge]: Waiting for pose data from /pose topic...
[WARN] [1775885984.326400321] [uart_bridge]: Waiting for pose data from /pose topic...
[WARN] [1775885984.827628260] [uart_bridge]: Waiting for pose data from /pose topic...
[WARN] [1775885985.328849163] [uart_bridge]: Waiting for pose data from /pose topic...
[WARN] [1775885985.830001638] [uart_bridge]: Waiting for pose data from /pose topic...
[WARN] [1775885986.330884298] [uart_bridge]: Waiting for pose data from /pose topic...
[WARN] [1775885986.831752365] [uart_bridge]: Waiting for pose data from /pose topic...
[WARN] [1775885987.332602692] [uart_bridge]: Waiting for pose data from /pose topic...
[WARN] [1775885987.833855501] [uart_bridge]: Waiting for pose data from /pose topic...
[WARN] [1775885988.335053700] [uart_bridge]: Waiting for pose data from /pose topic...
[WARN] [1775885988.836199139] [uart_bridge]: Waiting for pose data from /pose topic...
[WARN] [1775885989.337065502] [uart_bridge]: Waiting for pose data from /pose topic...
[WARN] [1775885989.837975569] [uart_bridge]: Waiting for pose data from /pose topic...
[WARN] [1775885990.338919063] [uart_bridge]: Waiting for pose data from /pose topic...
[WARN] [1775885990.840052113] [uart_bridge]: Waiting for pose data from /pose topic...
[WARN] [1775885991.341191125] [uart_bridge]: Waiting for pose data from /pose topic...
[WARN] [1775885991.842386898] [uart_bridge]: Waiting for pose data from /pose topic...
[WARN] [1775885992.343532948] [uart_bridge]: Waiting for pose data from /pose topic...
[WARN] [1775885992.844538923] [uart_bridge]: Waiting for pose data from /pose topic...
[WARN] [1775885993.345541028] [uart_bridge]: Waiting for pose data from /pose topic...
[WARN] [1775885993.846534503] [uart_bridge]: Waiting for pose data from /pose topic...
[WARN] [1775885994.347563774] [uart_bridge]: Waiting for pose data from /pose topic...
[WARN] [1775885994.848656250] [uart_bridge]: Waiting for pose data from /pose topic...
[WARN] [1775885995.349816189] [uart_bridge]: Waiting for pose data from /pose topic...
[WARN] [1775885995.850967369] [uart_bridge]: Waiting for pose data from /pose topic...
[WARN] [1775885996.352185715] [uart_bridge]: Waiting for pose data from /pose topic...
[WARN] [1775885996.853403599] [uart_bridge]: Waiting for pose data from /pose topic...
[WARN] [1775885997.354604668] [uart_bridge]: Waiting for pose data from /pose topic...
[WARN] [1775885997.855780477] [uart_bridge]: Waiting for pose data from /pose topic...
[WARN] [1775885998.356992731] [uart_bridge]: Waiting for pose data from /pose topic...
[WARN] [1775885998.858145873] [uart_bridge]: Waiting for pose data from /pose topic...
[WARN] [1775885999.359354961] [uart_bridge]: Waiting for pose data from /pose topic...
[WARN] [1775885999.861200181] [uart_bridge]: Waiting for pose data from /pose topic...
[WARN] [1775886000.362390805] [uart_bridge]: Waiting for pose data from /pose topic...
[WARN] [1775886000.863630985] [uart_bridge]: Waiting for pose data from /pose topic...
[WARN] [1775886001.364857572] [uart_bridge]: Waiting for pose data from /pose topic...
[WARN] [1775886001.866088104] [uart_bridge]: Waiting for pose data from /pose topic...
[WARN] [1775886002.367343210] [uart_bridge]: Waiting for pose data from /pose topic...
[WARN] [1775886002.868554538] [uart_bridge]: Waiting for pose data from /pose topic...
[WARN] [1775886003.369763477] [uart_bridge]: Waiting for pose data from /pose topic...
[WARN] [1775886003.870945527] [uart_bridge]: Waiting for pose data from /pose topic...
[WARN] [1775886004.372104466] [uart_bridge]: Waiting for pose data from /pose topic...
[WARN] [1775886004.873280776] [uart_bridge]: Waiting for pose data from /pose topic...
[WARN] [1775886005.374439863] [uart_bridge]: Waiting for pose data from /pose topic...
[WARN] [1775886005.875592505] [uart_bridge]: Waiting for pose data from /pose topic...
[WARN] [1775886006.376752352] [uart_bridge]: Waiting for pose data from /pose topic...
[WARN] [1775886006.877923365] [uart_bridge]: Waiting for pose data from /pose topic...
[WARN] [1775886007.379080007] [uart_bridge]: Waiting for pose data from /pose topic...
[WARN] [1775886007.880256872] [uart_bridge]: Waiting for pose data from /pose topic...
[WARN] [1775886008.381434552] [uart_bridge]: Waiting for pose data from /pose topic...
[WARN] [1775886008.882594843] [uart_bridge]: Waiting for pose data from /pose topic...
[WARN] [1775886009.383814967] [uart_bridge]: Waiting for pose data from /pose topic...
[WARN] [1775886009.885038462] [uart_bridge]: Waiting for pose data from /pose topic...
[WARN] [1775886010.386248993] [uart_bridge]: Waiting for pose data from /pose topic...
[WARN] [1775886010.887438321] [uart_bridge]: Waiting for pose data from /pose topic...
[WARN] [1775886011.388648020] [uart_bridge]: Waiting for pose data from /pose topic...
[WARN] [1775886011.889799551] [uart_bridge]: Waiting for pose data from /pose topic...
[WARN] [1775886012.390948564] [uart_bridge]: Waiting for pose data from /pose topic...
[WARN] [1775886012.892107392] [uart_bridge]: Waiting for pose data from /pose topic...
[WARN] [1775886013.393292016] [uart_bridge]: Waiting for pose data from /pose topic...
[WARN] [1775886013.894463418] [uart_bridge]: Waiting for pose data from /pose topic...
[WARN] [1775886014.395600116] [uart_bridge]: Waiting for pose data from /pose topic...
[WARN] [1775886014.896755222] [uart_bridge]: Waiting for pose data from /pose topic...
[WARN] [1775886015.397891957] [uart_bridge]: Waiting for pose data from /pose topic...
[WARN] [1775886015.899048062] [uart_bridge]: Waiting for pose data from /pose topic...
[WARN] [1775886016.400358002] [uart_bridge]: Waiting for pose data from /pose topic...
[WARN] [1775886016.901505552] [uart_bridge]: Waiting for pose data from /pose topic...
[WARN] [1775886017.402728954] [uart_bridge]: Waiting for pose data from /pose topic...
[WARN] [1775886017.903955893] [uart_bridge]: Waiting for pose data from /pose topic...
[WARN] [1775886018.405104091] [uart_bridge]: Waiting for pose data from /pose topic...
[WARN] [1775886018.906312308] [uart_bridge]: Waiting for pose data from /pose topic...
[WARN] [1775886019.407525636] [uart_bridge]: Waiting for pose data from /pose topic...
[WARN] [1775886019.908772816] [uart_bridge]: Waiting for pose data from /pose topic...
[WARN] [1775886020.409885273] [uart_bridge]: Waiting for pose data from /pose topic...
[WARN] [1775886020.911051490] [uart_bridge]: Waiting for pose data from /pose topic...
[WARN] [1775886021.412241874] [uart_bridge]: Waiting for pose data from /pose topic...
[WARN] [1775886021.913409998] [uart_bridge]: Waiting for pose data from /pose topic...
[WARN] [1775886022.414581344] [uart_bridge]: Waiting for pose data from /pose topic...
[WARN] [1775886022.915747616] [uart_bridge]: Waiting for pose data from /pose topic...
[WARN] [1775886023.416860166] [uart_bridge]: Waiting for pose data from /pose topic...
[WARN] [1775886023.918082772] [uart_bridge]: Waiting for pose data from /pose topic...
[WARN] [1775886024.419247729] [uart_bridge]: Waiting for pose data from /pose topic...
[WARN] [1775886024.920407891] [uart_bridge]: Waiting for pose data from /pose topic...
[WARN] [1775886025.421521237] [uart_bridge]: Waiting for pose data from /pose topic...
[WARN] [1775886025.922540286] [uart_bridge]: Waiting for pose data from /pose topic...
[WARN] [1775886026.423489928] [uart_bridge]: Waiting for pose data from /pose topic...
[WARN] [1775886026.924491643] [uart_bridge]: Waiting for pose data from /pose topic...
[WARN] [1775886027.425720749] [uart_bridge]: Waiting for pose data from /pose topic...
[WARN] [1775886027.927167819] [uart_bridge]: Waiting for pose data from /pose topic...
[WARN] [1775886028.428428777] [uart_bridge]: Waiting for pose data from /pose topic...
[WARN] [1775886028.929427160] [uart_bridge]: Waiting for pose data from /pose topic...
[WARN] [1775886029.430303097] [uart_bridge]: Waiting for pose data from /pose topic...
[WARN] [1775886029.931179164] [uart_bridge]: Waiting for pose data from /pose topic...
[WARN] [1775886030.432053454] [uart_bridge]: Waiting for pose data from /pose topic...
[WARN] [1775886030.932933836] [uart_bridge]: Waiting for pose data from /pose topic...
[WARN] [1775886031.434175757] [uart_bridge]: Waiting for pose data from /pose topic...
[WARN] [1775886031.935391418] [uart_bridge]: Waiting for pose data from /pose topic...
[WARN] [1775886032.436543005] [uart_bridge]: Waiting for pose data from /pose topic...
[WARN] [1775886032.937572128] [uart_bridge]: Waiting for pose data from /pose topic...
[WARN] [1775886033.438432436] [uart_bridge]: Waiting for pose data from /pose topic...
[WARN] [1775886033.939476597] [uart_bridge]: Waiting for pose data from /pose topic...
[WARN] [1775886034.440575128] [uart_bridge]: Waiting for pose data from /pose topic...
[WARN] [1775886034.941456399] [uart_bridge]: Waiting for pose data from /pose topic...
[WARN] [1775886035.442669412] [uart_bridge]: Waiting for pose data from /pose topic...
[WARN] [1775886035.943872222] [uart_bridge]: Waiting for pose data from /pose topic...
[WARN] [1775886036.445017827] [uart_bridge]: Waiting for pose data from /pose topic...
[WARN] [1775886036.946133155] [uart_bridge]: Waiting for pose data from /pose topic...
[WARN] [1775886037.447193037] [uart_bridge]: Waiting for pose data from /pose topic...
[WARN] [1775886037.948348254] [uart_bridge]: Waiting for pose data from /pose topic...
[WARN] [1775886038.449535064] [uart_bridge]: Waiting for pose data from /pose topic...
[WARN] [1775886038.950717410] [uart_bridge]: Waiting for pose data from /pose topic...
[WARN] [1775886039.451941775] [uart_bridge]: Waiting for pose data from /pose topic...
[WARN] [1775886039.953166344] [uart_bridge]: Waiting for pose data from /pose topic...
