[INFO] [1775776736.413739336] [CLaserOdometry2DNode]: Initializing RF2O node...
[WARN] [1775776736.438219084] [CLaserOdometry2DNode]: Waiting for laser_scans....
[WARN] [1775776736.538193141] [CLaserOdometry2DNode]: Waiting for laser_scans....
[WARN] [1775776736.638162347] [CLaserOdometry2DNode]: Waiting for laser_scans....
[WARN] [1775776736.738157590] [CLaserOdometry2DNode]: Waiting for laser_scans....
[WARN] [1775776736.838167259] [CLaserOdometry2DNode]: Waiting for laser_scans....
[WARN] [1775776736.938147390] [CLaserOdometry2DNode]: Waiting for laser_scans....
[WARN] [1775776737.038138559] [CLaserOdometry2DNode]: Waiting for laser_scans....
[WARN] [1775776737.138130802] [CLaserOdometry2DNode]: Waiting for laser_scans....
[WARN] [1775776737.238139693] [CLaserOdometry2DNode]: Waiting for laser_scans....
[WARN] [1775776737.338136084] [CLaserOdometry2DNode]: Waiting for laser_scans....
[WARN] [1775776737.438150456] [CLaserOdometry2DNode]: Waiting for laser_scans....
[WARN] [1775776737.538143310] [CLaserOdometry2DNode]: Waiting for laser_scans....
[WARN] [1775776737.638140664] [CLaserOdometry2DNode]: Waiting for laser_scans....
[WARN] [1775776737.738132721] [CLaserOdometry2DNode]: Waiting for laser_scans....
[WARN] [1775776737.838155779] [CLaserOdometry2DNode]: Waiting for laser_scans....
[WARN] [1775776737.938135707] [CLaserOdometry2DNode]: Waiting for laser_scans....
[WARN] [1775776738.038131728] [CLaserOdometry2DNode]: Waiting for laser_scans....
[WARN] [1775776738.138146952] [CLaserOdometry2DNode]: Waiting for laser_scans....
[WARN] [1775776738.238150769] [CLaserOdometry2DNode]: Waiting for laser_scans....
[INFO] [1775776738.338805311] [CLaserOdometry2D]: Got first Laser Scan .... Configuring node
[WARN] [1775776738.340428060] [CLaserOdometry2DNode]: Waiting for laser_scans....
[WARN] [1775776738.438180384] [CLaserOdometry2DNode]: Waiting for laser_scans....
[INFO] [1775776738.546645724] [CLaserOdometry2D]: execution time (ms): 8.363096
[INFO] [1775776738.546872595] [CLaserOdometry2D]: Laser odom [x,y,yaw]=[0.000000 0.000000 0.000000]
[INFO] [1775776738.546933744] [CLaserOdometry2D]: Robot-base odom [x,y,yaw]=[0.000000 0.000000 0.000000]
[WARN] [1775776738.638208407] [CLaserOdometry2DNode]: Waiting for laser_scans....
[INFO] [1775776738.758706749] [CLaserOdometry2D]: execution time (ms): 20.432154
[INFO] [1775776738.758890620] [CLaserOdometry2D]: Laser odom [x,y,yaw]=[0.000149 0.000436 0.001859]
[INFO] [1775776738.758936584] [CLaserOdometry2D]: Robot-base odom [x,y,yaw]=[0.000149 0.000436 0.001859]
[WARN] [1775776738.838214560] [CLaserOdometry2DNode]: Waiting for laser_scans....
[INFO] [1775776738.958763309] [CLaserOdometry2D]: execution time (ms): 20.520044
[INFO] [1775776738.958936347] [CLaserOdometry2D]: Laser odom [x,y,yaw]=[-0.000183 0.000450 0.002550]
[INFO] [1775776738.958998866] [CLaserOdometry2D]: Robot-base odom [x,y,yaw]=[-0.000183 0.000450 0.002550]
[INFO] [1775776739.058703996] [CLaserOdometry2D]: execution time (ms): 20.453136
[INFO] [1775776739.058884793] [CLaserOdometry2D]: Laser odom [x,y,yaw]=[-0.000835 0.000025 0.002895]
[INFO] [1775776739.058937071] [CLaserOdometry2D]: Robot-base odom [x,y,yaw]=[-0.000835 0.000025 0.002895]
[WARN] [1775776739.138209769] [CLaserOdometry2DNode]: Waiting for laser_scans....
[INFO] [1775776739.258857834] [CLaserOdometry2D]: execution time (ms): 20.581766
[INFO] [1775776739.259031928] [CLaserOdometry2D]: Laser odom [x,y,yaw]=[-0.003161 -0.000105 0.003240]
[INFO] [1775776739.259073706] [CLaserOdometry2D]: Robot-base odom [x,y,yaw]=[-0.003161 -0.000105 0.003240]
[WARN] [1775776739.338233385] [CLaserOdometry2DNode]: Waiting for laser_scans....
[INFO] [1775776739.458749727] [CLaserOdometry2D]: execution time (ms): 20.470433
[INFO] [1775776739.458930987] [CLaserOdometry2D]: Laser odom [x,y,yaw]=[-0.003335 -0.000843 0.002642]
[INFO] [1775776739.458979358] [CLaserOdometry2D]: Robot-base odom [x,y,yaw]=[-0.003335 -0.000843 0.002642]
[WARN] [1775776739.538214481] [CLaserOdometry2DNode]: Waiting for laser_scans....
[INFO] [1775776739.658463026] [CLaserOdometry2D]: execution time (ms): 20.219838
[INFO] [1775776739.658797842] [CLaserOdometry2D]: Laser odom [x,y,yaw]=[-0.003627 -0.000812 0.002297]
[INFO] [1775776739.658871417] [CLaserOdometry2D]: Robot-base odom [x,y,yaw]=[-0.003627 -0.000812 0.002297]
[WARN] [1775776739.738204782] [CLaserOdometry2DNode]: Waiting for laser_scans....
[INFO] [1775776739.858977847] [CLaserOdometry2D]: execution time (ms): 20.736415
[INFO] [1775776739.859167052] [CLaserOdometry2D]: Laser odom [x,y,yaw]=[-0.003639 -0.001846 0.000225]
[INFO] [1775776739.859214978] [CLaserOdometry2D]: Robot-base odom [x,y,yaw]=[-0.003639 -0.001846 0.000225]
[WARN] [1775776739.938242305] [CLaserOdometry2DNode]: Waiting for laser_scans....
[INFO] [1775776740.058318756] [CLaserOdometry2D]: execution time (ms): 20.059597
[INFO] [1775776740.058500942] [CLaserOdometry2D]: Laser odom [x,y,yaw]=[-0.004004 -0.002691 0.000225]
[INFO] [1775776740.058552257] [CLaserOdometry2D]: Robot-base odom [x,y,yaw]=[-0.004004 -0.002691 0.000225]
[WARN] [1775776740.138214827] [CLaserOdometry2DNode]: Waiting for laser_scans....
[INFO] [1775776740.258365871] [CLaserOdometry2D]: execution time (ms): 20.113060
[INFO] [1775776740.258550242] [CLaserOdometry2D]: Laser odom [x,y,yaw]=[-0.004003 -0.002041 0.001261]
[INFO] [1775776740.258603835] [CLaserOdometry2D]: Robot-base odom [x,y,yaw]=[-0.004003 -0.002041 0.001261]
[WARN] [1775776740.338207368] [CLaserOdometry2DNode]: Waiting for laser_scans....
[INFO] [1775776740.458107263] [CLaserOdometry2D]: execution time (ms): 19.846133
[INFO] [1775776740.458286005] [CLaserOdometry2D]: Laser odom [x,y,yaw]=[-0.003650 -0.001655 0.000773]
[INFO] [1775776740.458329708] [CLaserOdometry2D]: Robot-base odom [x,y,yaw]=[-0.003650 -0.001655 0.000773]
[INFO] [1775776740.558947343] [CLaserOdometry2D]: execution time (ms): 20.703989
[INFO] [1775776740.559126844] [CLaserOdometry2D]: Laser odom [x,y,yaw]=[-0.003774 -0.001840 0.000428]
[INFO] [1775776740.559170770] [CLaserOdometry2D]: Robot-base odom [x,y,yaw]=[-0.003774 -0.001840 0.000428]
[WARN] [1775776740.638205337] [CLaserOdometry2DNode]: Waiting for laser_scans....
[INFO] [1775776740.758332233] [CLaserOdometry2D]: execution time (ms): 20.071208
[INFO] [1775776740.758517530] [CLaserOdometry2D]: Laser odom [x,y,yaw]=[-0.003951 -0.002447 0.000428]
[INFO] [1775776740.758575438] [CLaserOdometry2D]: Robot-base odom [x,y,yaw]=[-0.003951 -0.002447 0.000428]
[WARN] [1775776740.838215119] [CLaserOdometry2DNode]: Waiting for laser_scans....
[INFO] [1775776740.958273644] [CLaserOdometry2D]: execution time (ms): 20.015782
[INFO] [1775776740.958461608] [CLaserOdometry2D]: Laser odom [x,y,yaw]=[-0.004861 -0.002472 0.000428]
[INFO] [1775776740.958508553] [CLaserOdometry2D]: Robot-base odom [x,y,yaw]=[-0.004861 -0.002472 0.000428]
[WARN] [1775776741.038207531] [CLaserOdometry2DNode]: Waiting for laser_scans....
[INFO] [1775776741.158567909] [CLaserOdometry2D]: execution time (ms): 20.316950
[INFO] [1775776741.158754762] [CLaserOdometry2D]: Laser odom [x,y,yaw]=[-0.005255 -0.003201 -0.000061]
[INFO] [1775776741.158805522] [CLaserOdometry2D]: Robot-base odom [x,y,yaw]=[-0.005255 -0.003201 -0.000061]
[WARN] [1775776741.238242813] [CLaserOdometry2DNode]: Waiting for laser_scans....
[INFO] [1775776741.358314949] [CLaserOdometry2D]: execution time (ms): 20.073857
[INFO] [1775776741.358492246] [CLaserOdometry2D]: Laser odom [x,y,yaw]=[-0.004114 -0.003593 -0.001305]
[INFO] [1775776741.358537191] [CLaserOdometry2D]: Robot-base odom [x,y,yaw]=[-0.004114 -0.003593 -0.001305]
[WARN] [1775776741.438225650] [CLaserOdometry2DNode]: Waiting for laser_scans....
[INFO] [1775776741.558517565] [CLaserOdometry2D]: execution time (ms): 20.283376
[INFO] [1775776741.558705548] [CLaserOdometry2D]: Laser odom [x,y,yaw]=[-0.004510 -0.004007 -0.001794]
[INFO] [1775776741.558762104] [CLaserOdometry2D]: Robot-base odom [x,y,yaw]=[-0.004510 -0.004007 -0.001794]
[INFO] [1775776741.658782458] [CLaserOdometry2D]: execution time (ms): 20.520933
[INFO] [1775776741.658959292] [CLaserOdometry2D]: Laser odom [x,y,yaw]=[-0.004792 -0.004135 -0.001305]
[INFO] [1775776741.659000885] [CLaserOdometry2D]: Robot-base odom [x,y,yaw]=[-0.004792 -0.004135 -0.001305]
[WARN] [1775776741.738212323] [CLaserOdometry2DNode]: Waiting for laser_scans....
[INFO] [1775776741.858564887] [CLaserOdometry2D]: execution time (ms): 20.325728
[INFO] [1775776741.858747276] [CLaserOdometry2D]: Laser odom [x,y,yaw]=[-0.005400 -0.003786 -0.000615]
[INFO] [1775776741.858792277] [CLaserOdometry2D]: Robot-base odom [x,y,yaw]=[-0.005400 -0.003786 -0.000615]
[WARN] [1775776741.938205661] [CLaserOdometry2DNode]: Waiting for laser_scans....
[INFO] [1775776742.058438390] [CLaserOdometry2D]: execution time (ms): 20.190153
[INFO] [1775776742.058619465] [CLaserOdometry2D]: Laser odom [x,y,yaw]=[-0.005163 -0.003628 -0.000615]
[INFO] [1775776742.058673577] [CLaserOdometry2D]: Robot-base odom [x,y,yaw]=[-0.005163 -0.003628 -0.000615]
[WARN] [1775776742.138243165] [CLaserOdometry2DNode]: Waiting for laser_scans....
[INFO] [1775776742.258887637] [CLaserOdometry2D]: execution time (ms): 20.627673
[INFO] [1775776742.259090268] [CLaserOdometry2D]: Laser odom [x,y,yaw]=[-0.004829 -0.003396 0.000581]
[INFO] [1775776742.259158416] [CLaserOdometry2D]: Robot-base odom [x,y,yaw]=[-0.004829 -0.003396 0.000581]
[WARN] [1775776742.338216299] [CLaserOdometry2DNode]: Waiting for laser_scans....
[INFO] [1775776742.458803752] [CLaserOdometry2D]: execution time (ms): 20.553006
[INFO] [1775776742.458987920] [CLaserOdometry2D]: Laser odom [x,y,yaw]=[-0.004888 -0.002862 0.000581]
[INFO] [1775776742.459044568] [CLaserOdometry2D]: Robot-base odom [x,y,yaw]=[-0.004888 -0.002862 0.000581]
[WARN] [1775776742.538205636] [CLaserOdometry2DNode]: Waiting for laser_scans....
[INFO] [1775776742.658430236] [CLaserOdometry2D]: execution time (ms): 20.178487
[INFO] [1775776742.658611237] [CLaserOdometry2D]: Laser odom [x,y,yaw]=[-0.004693 -0.002467 0.001617]
[INFO] [1775776742.658674737] [CLaserOdometry2D]: Robot-base odom [x,y,yaw]=[-0.004693 -0.002467 0.001617]
[WARN] [1775776742.738208362] [CLaserOdometry2DNode]: Waiting for laser_scans....
[INFO] [1775776742.859025928] [CLaserOdometry2D]: execution time (ms): 20.733267
[INFO] [1775776742.859207318] [CLaserOdometry2D]: Laser odom [x,y,yaw]=[-0.005921 -0.001270 0.002215]
[INFO] [1775776742.859261355] [CLaserOdometry2D]: Robot-base odom [x,y,yaw]=[-0.005921 -0.001270 0.002215]
[WARN] [1775776742.938227293] [CLaserOdometry2DNode]: Waiting for laser_scans....
[INFO] [1775776743.059129877] [CLaserOdometry2D]: execution time (ms): 20.880916
[INFO] [1775776743.059318637] [CLaserOdometry2D]: Laser odom [x,y,yaw]=[-0.008282 -0.000154 0.003507]
[INFO] [1775776743.059369990] [CLaserOdometry2D]: Robot-base odom [x,y,yaw]=[-0.008282 -0.000154 0.003507]
[WARN] [1775776743.138208371] [CLaserOdometry2DNode]: Waiting for laser_scans....
[INFO] [1775776743.259070289] [CLaserOdometry2D]: execution time (ms): 20.818175
[INFO] [1775776743.259264901] [CLaserOdometry2D]: Laser odom [x,y,yaw]=[-0.011646 0.001127 0.005398]
[INFO] [1775776743.259312586] [CLaserOdometry2D]: Robot-base odom [x,y,yaw]=[-0.011646 0.001127 0.005398]
[WARN] [1775776743.338207708] [CLaserOdometry2DNode]: Waiting for laser_scans....
[INFO] [1775776743.459286090] [CLaserOdometry2D]: execution time (ms): 21.024324
[INFO] [1775776743.459474276] [CLaserOdometry2D]: Laser odom [x,y,yaw]=[-0.011480 0.001030 0.003571]
[INFO] [1775776743.459521887] [CLaserOdometry2D]: Robot-base odom [x,y,yaw]=[-0.011480 0.001030 0.003571]
[WARN] [1775776743.538215546] [CLaserOdometry2DNode]: Waiting for laser_scans....
[INFO] [1775776743.658909000] [CLaserOdometry2D]: execution time (ms): 20.628100
[INFO] [1775776743.679488081] [CLaserOdometry2D]: Laser odom [x,y,yaw]=[-0.011421 0.001157 0.004059]
[INFO] [1775776743.679571026] [CLaserOdometry2D]: Robot-base odom [x,y,yaw]=[-0.011421 0.001157 0.004059]
[WARN] [1775776743.738229531] [CLaserOdometry2DNode]: Waiting for laser_scans....
[INFO] [1775776743.859027190] [CLaserOdometry2D]: execution time (ms): 20.789638
[INFO] [1775776743.859245635] [CLaserOdometry2D]: Laser odom [x,y,yaw]=[-0.010051 0.000675 0.002967]
[INFO] [1775776743.859318821] [CLaserOdometry2D]: Robot-base odom [x,y,yaw]=[-0.010051 0.000675 0.002967]
[INFO] [1775776743.958895876] [CLaserOdometry2D]: execution time (ms): 20.648655
[INFO] [1775776743.959074433] [CLaserOdometry2D]: Laser odom [x,y,yaw]=[-0.009438 0.000231 0.001771]
[INFO] [1775776743.959119655] [CLaserOdometry2D]: Robot-base odom [x,y,yaw]=[-0.009438 0.000231 0.001771]
[WARN] [1775776744.038210519] [CLaserOdometry2DNode]: Waiting for laser_scans....
[INFO] [1775776744.158391767] [CLaserOdometry2D]: execution time (ms): 20.134875
[INFO] [1775776744.158574175] [CLaserOdometry2D]: Laser odom [x,y,yaw]=[-0.012136 0.001973 0.005029]
[INFO] [1775776744.158615453] [CLaserOdometry2D]: Robot-base odom [x,y,yaw]=[-0.012136 0.001973 0.005029]
[WARN] [1775776744.238238005] [CLaserOdometry2DNode]: Waiting for laser_scans....
[INFO] [1775776744.358971107] [CLaserOdometry2D]: execution time (ms): 20.670563
[INFO] [1775776744.359150441] [CLaserOdometry2D]: Laser odom [x,y,yaw]=[-0.012930 0.002607 0.006856]
[INFO] [1775776744.359195701] [CLaserOdometry2D]: Robot-base odom [x,y,yaw]=[-0.012930 0.002607 0.006856]
[INFO] [1775776744.458157976] [CLaserOdometry2D]: execution time (ms): 19.900411
[INFO] [1775776744.458340921] [CLaserOdometry2D]: Laser odom [x,y,yaw]=[-0.014263 0.003053 0.008001]
[INFO] [1775776744.458383940] [CLaserOdometry2D]: Robot-base odom [x,y,yaw]=[-0.014263 0.003053 0.008001]
[WARN] [1775776744.538205863] [CLaserOdometry2DNode]: Waiting for laser_scans....
[INFO] [1775776744.658949910] [CLaserOdometry2D]: execution time (ms): 20.716619
[INFO] [1775776744.659142299] [CLaserOdometry2D]: Laser odom [x,y,yaw]=[-0.016242 0.003489 0.008489]
[INFO] [1775776744.659213985] [CLaserOdometry2D]: Robot-base odom [x,y,yaw]=[-0.016242 0.003489 0.008489]
[INFO] [1775776744.758526817] [CLaserOdometry2D]: execution time (ms): 20.259820
[INFO] [1775776744.758711225] [CLaserOdometry2D]: Laser odom [x,y,yaw]=[-0.016793 0.004523 0.010215]
[INFO] [1775776744.758759392] [CLaserOdometry2D]: Robot-base odom [x,y,yaw]=[-0.016793 0.004523 0.010215]
[WARN] [1775776744.838211054] [CLaserOdometry2DNode]: Waiting for laser_scans....
[INFO] [1775776744.958225764] [CLaserOdometry2D]: execution time (ms): 19.968800
[INFO] [1775776744.958408302] [CLaserOdometry2D]: Laser odom [x,y,yaw]=[-0.017283 0.004970 0.011907]
[INFO] [1775776744.958455173] [CLaserOdometry2D]: Robot-base odom [x,y,yaw]=[-0.017283 0.004970 0.011907]
[WARN] [1775776745.038218040] [CLaserOdometry2DNode]: Waiting for laser_scans....
[INFO] [1775776745.158719030] [CLaserOdometry2D]: execution time (ms): 20.477673
[INFO] [1775776745.158904716] [CLaserOdometry2D]: Laser odom [x,y,yaw]=[-0.017356 0.004951 0.011562]
[INFO] [1775776745.158955957] [CLaserOdometry2D]: Robot-base odom [x,y,yaw]=[-0.017356 0.004951 0.011562]
[INFO] [1775776745.258560253] [CLaserOdometry2D]: execution time (ms): 20.315358
[INFO] [1775776745.258742791] [CLaserOdometry2D]: Laser odom [x,y,yaw]=[-0.017602 0.004921 0.011216]
[INFO] [1775776745.258797051] [CLaserOdometry2D]: Robot-base odom [x,y,yaw]=[-0.017602 0.004921 0.011216]
[WARN] [1775776745.338246268] [CLaserOdometry2DNode]: Waiting for laser_scans....
[INFO] [1775776745.458692499] [CLaserOdometry2D]: execution time (ms): 20.442673
[INFO] [1775776745.458876889] [CLaserOdometry2D]: Laser odom [x,y,yaw]=[-0.016574 0.004688 0.011562]
[INFO] [1775776745.458936352] [CLaserOdometry2D]: Robot-base odom [x,y,yaw]=[-0.016574 0.004688 0.011562]
[INFO] [1775776745.559099170] [CLaserOdometry2D]: execution time (ms): 20.860768
[INFO] [1775776745.559329578] [CLaserOdometry2D]: Laser odom [x,y,yaw]=[-0.016567 0.003966 0.010138]
[INFO] [1775776745.559392467] [CLaserOdometry2D]: Robot-base odom [x,y,yaw]=[-0.016567 0.003966 0.010138]
[WARN] [1775776745.638238441] [CLaserOdometry2DNode]: Waiting for laser_scans....
[INFO] [1775776745.758434819] [CLaserOdometry2D]: execution time (ms): 20.172486
[INFO] [1775776745.758613690] [CLaserOdometry2D]: Laser odom [x,y,yaw]=[-0.015491 0.003381 0.008846]
[INFO] [1775776745.758711690] [CLaserOdometry2D]: Robot-base odom [x,y,yaw]=[-0.015491 0.003381 0.008846]
[INFO] [1775776745.858661711] [CLaserOdometry2D]: execution time (ms): 20.387913
[INFO] [1775776745.858857471] [CLaserOdometry2D]: Laser odom [x,y,yaw]=[-0.014459 0.003244 0.008501]
[INFO] [1775776745.858923453] [CLaserOdometry2D]: Robot-base odom [x,y,yaw]=[-0.014459 0.003244 0.008501]
[WARN] [1775776745.938213373] [CLaserOdometry2DNode]: Waiting for laser_scans....
[INFO] [1775776746.058441066] [CLaserOdometry2D]: execution time (ms): 20.197765
[INFO] [1775776746.058620659] [CLaserOdometry2D]: Laser odom [x,y,yaw]=[-0.014547 0.003633 0.009697]
[INFO] [1775776746.058685937] [CLaserOdometry2D]: Robot-base odom [x,y,yaw]=[-0.014547 0.003633 0.009697]
[WARN] [1775776746.138207396] [CLaserOdometry2DNode]: Waiting for laser_scans....
[INFO] [1775776746.258768368] [CLaserOdometry2D]: execution time (ms): 20.536266
[INFO] [1775776746.258943813] [CLaserOdometry2D]: Laser odom [x,y,yaw]=[-0.015072 0.004354 0.011388]
[INFO] [1775776746.258997647] [CLaserOdometry2D]: Robot-base odom [x,y,yaw]=[-0.015072 0.004354 0.011388]
[INFO] [1775776746.358119441] [CLaserOdometry2D]: execution time (ms): 19.861503
[INFO] [1775776746.358294016] [CLaserOdometry2D]: Laser odom [x,y,yaw]=[-0.014968 0.004896 0.010790]
[INFO] [1775776746.358350794] [CLaserOdometry2D]: Robot-base odom [x,y,yaw]=[-0.014968 0.004896 0.010790]
[WARN] [1775776746.438216791] [CLaserOdometry2DNode]: Waiting for laser_scans....
[INFO] [1775776746.559070524] [CLaserOdometry2D]: execution time (ms): 20.811285
[INFO] [1775776746.559256561] [CLaserOdometry2D]: Laser odom [x,y,yaw]=[-0.015026 0.004291 0.009099]
[INFO] [1775776746.559313025] [CLaserOdometry2D]: Robot-base odom [x,y,yaw]=[-0.015026 0.004291 0.009099]
[INFO] [1775776746.659083174] [CLaserOdometry2D]: execution time (ms): 20.840434
[INFO] [1775776746.659264378] [CLaserOdometry2D]: Laser odom [x,y,yaw]=[-0.016165 0.003566 0.009587]
[INFO] [1775776746.659315916] [CLaserOdometry2D]: Robot-base odom [x,y,yaw]=[-0.016165 0.003566 0.009587]
[WARN] [1775776746.738207482] [CLaserOdometry2DNode]: Waiting for laser_scans....
[INFO] [1775776746.858747213] [CLaserOdometry2D]: execution time (ms): 20.516173
[INFO] [1775776746.858922307] [CLaserOdometry2D]: Laser odom [x,y,yaw]=[-0.015054 0.003415 0.010075]
[INFO] [1775776746.858967937] [CLaserOdometry2D]: Robot-base odom [x,y,yaw]=[-0.015054 0.003415 0.010075]
[INFO] [1775776746.958819160] [CLaserOdometry2D]: execution time (ms): 20.543544
[INFO] [1775776746.958997809] [CLaserOdometry2D]: Laser odom [x,y,yaw]=[-0.014480 0.003130 0.009040]
[INFO] [1775776746.959057439] [CLaserOdometry2D]: Robot-base odom [x,y,yaw]=[-0.014480 0.003130 0.009040]
[WARN] [1775776747.038224729] [CLaserOdometry2DNode]: Waiting for laser_scans....
[INFO] [1775776747.158655312] [CLaserOdometry2D]: execution time (ms): 20.371895
[INFO] [1775776747.158842683] [CLaserOdometry2D]: Laser odom [x,y,yaw]=[-0.014231 0.003340 0.010131]
[INFO] [1775776747.158905998] [CLaserOdometry2D]: Robot-base odom [x,y,yaw]=[-0.014231 0.003340 0.010131]
[INFO] [1775776747.258837555] [CLaserOdometry2D]: execution time (ms): 20.566062
[INFO] [1775776747.259014964] [CLaserOdometry2D]: Laser odom [x,y,yaw]=[-0.013030 0.003479 0.010131]
[INFO] [1775776747.259060094] [CLaserOdometry2D]: Robot-base odom [x,y,yaw]=[-0.013030 0.003479 0.010131]
[WARN] [1775776747.338205532] [CLaserOdometry2DNode]: Waiting for laser_scans....
[INFO] [1775776747.458467521] [CLaserOdometry2D]: execution time (ms): 20.218617
[INFO] [1775776747.458651336] [CLaserOdometry2D]: Laser odom [x,y,yaw]=[-0.013425 0.004073 0.010131]
[INFO] [1775776747.458705059] [CLaserOdometry2D]: Robot-base odom [x,y,yaw]=[-0.013425 0.004073 0.010131]
[WARN] [1775776747.538210999] [CLaserOdometry2DNode]: Waiting for laser_scans....
[INFO] [1775776747.658341339] [CLaserOdometry2D]: execution time (ms): 20.048801
[INFO] [1775776747.658516525] [CLaserOdometry2D]: Laser odom [x,y,yaw]=[-0.013172 0.004322 0.010903]
[INFO] [1775776747.658570674] [CLaserOdometry2D]: Robot-base odom [x,y,yaw]=[-0.013172 0.004322 0.010903]
[INFO] [1775776747.758075544] [CLaserOdometry2D]: execution time (ms): 19.819985
[INFO] [1775776747.758251767] [CLaserOdometry2D]: Laser odom [x,y,yaw]=[-0.012830 0.004400 0.010415]
[INFO] [1775776747.758308526] [CLaserOdometry2D]: Robot-base odom [x,y,yaw]=[-0.012830 0.004400 0.010415]
[WARN] [1775776747.838235913] [CLaserOdometry2DNode]: Waiting for laser_scans....
[INFO] [1775776747.958783329] [CLaserOdometry2D]: execution time (ms): 20.512433
[INFO] [1775776747.959002423] [CLaserOdometry2D]: Laser odom [x,y,yaw]=[-0.012186 0.003991 0.011187]
[INFO] [1775776747.959071090] [CLaserOdometry2D]: Robot-base odom [x,y,yaw]=[-0.012186 0.003991 0.011187]
[INFO] [1775776748.058612423] [CLaserOdometry2D]: execution time (ms): 20.350932
[INFO] [1775776748.058795276] [CLaserOdometry2D]: Laser odom [x,y,yaw]=[-0.012768 0.004366 0.010211]
[INFO] [1775776748.058848998] [CLaserOdometry2D]: Robot-base odom [x,y,yaw]=[-0.012768 0.004366 0.010211]
[WARN] [1775776748.138217382] [CLaserOdometry2DNode]: Waiting for laser_scans....
[INFO] [1775776748.258804187] [CLaserOdometry2D]: execution time (ms): 20.547266
[INFO] [1775776748.258982744] [CLaserOdometry2D]: Laser odom [x,y,yaw]=[-0.012753 0.004195 0.010901]
[INFO] [1775776748.259041855] [CLaserOdometry2D]: Robot-base odom [x,y,yaw]=[-0.012753 0.004195 0.010901]
[WARN] [1775776748.338215164] [CLaserOdometry2DNode]: Waiting for laser_scans....
[INFO] [1775776748.459022970] [CLaserOdometry2D]: execution time (ms): 20.755174
[INFO] [1775776748.459201156] [CLaserOdometry2D]: Laser odom [x,y,yaw]=[-0.013163 0.004153 0.011246]
[INFO] [1775776748.459253545] [CLaserOdometry2D]: Robot-base odom [x,y,yaw]=[-0.013163 0.004153 0.011246]
[INFO] [1775776748.558506062] [CLaserOdometry2D]: execution time (ms): 20.185950
[INFO] [1775776748.558688174] [CLaserOdometry2D]: Laser odom [x,y,yaw]=[-0.012811 0.003717 0.009955]
[INFO] [1775776748.558736915] [CLaserOdometry2D]: Robot-base odom [x,y,yaw]=[-0.012811 0.003717 0.009955]
[WARN] [1775776748.638218540] [CLaserOdometry2DNode]: Waiting for laser_scans....
[INFO] [1775776748.759137255] [CLaserOdometry2D]: execution time (ms): 20.877046
[INFO] [1775776748.759315867] [CLaserOdometry2D]: Laser odom [x,y,yaw]=[-0.010686 0.003057 0.009109]
[INFO] [1775776748.759365626] [CLaserOdometry2D]: Robot-base odom [x,y,yaw]=[-0.010686 0.003057 0.009109]
[INFO] [1775776748.859015534] [CLaserOdometry2D]: execution time (ms): 20.752434
[INFO] [1775776748.859196350] [CLaserOdometry2D]: Laser odom [x,y,yaw]=[-0.009409 0.002438 0.009707]
[INFO] [1775776748.859253424] [CLaserOdometry2D]: Robot-base odom [x,y,yaw]=[-0.009409 0.002438 0.009707]
[WARN] [1775776748.938246399] [CLaserOdometry2DNode]: Waiting for laser_scans....
[INFO] [1775776749.058603314] [CLaserOdometry2D]: execution time (ms): 20.304246
[INFO] [1775776749.058804241] [CLaserOdometry2D]: Laser odom [x,y,yaw]=[-0.010657 0.002104 0.008242]
[INFO] [1775776749.058872500] [CLaserOdometry2D]: Robot-base odom [x,y,yaw]=[-0.010657 0.002104 0.008242]
[INFO] [1775776749.158889651] [CLaserOdometry2D]: execution time (ms): 20.629119
[INFO] [1775776749.159061540] [CLaserOdometry2D]: Laser odom [x,y,yaw]=[-0.010196 0.001613 0.009088]
[INFO] [1775776749.159101429] [CLaserOdometry2D]: Robot-base odom [x,y,yaw]=[-0.010196 0.001613 0.009088]
[WARN] [1775776749.238231312] [CLaserOdometry2DNode]: Waiting for laser_scans....
[INFO] [1775776749.359270879] [CLaserOdometry2D]: execution time (ms): 21.008769
[INFO] [1775776749.359458991] [CLaserOdometry2D]: Laser odom [x,y,yaw]=[-0.010515 0.001353 0.007751]
[INFO] [1775776749.359516010] [CLaserOdometry2D]: Robot-base odom [x,y,yaw]=[-0.010515 0.001353 0.007751]
[INFO] [1775776749.458732230] [CLaserOdometry2D]: execution time (ms): 20.457839
[INFO] [1775776749.458926676] [CLaserOdometry2D]: Laser odom [x,y,yaw]=[-0.013740 0.001637 0.007262]
[INFO] [1775776749.458979565] [CLaserOdometry2D]: Robot-base odom [x,y,yaw]=[-0.013740 0.001637 0.007262]
[WARN] [1775776749.538215800] [CLaserOdometry2DNode]: Waiting for laser_scans....
[INFO] [1775776749.658959995] [CLaserOdometry2D]: execution time (ms): 20.702878
[INFO] [1775776749.659134699] [CLaserOdometry2D]: Laser odom [x,y,yaw]=[-0.014468 0.001242 0.006490]
[INFO] [1775776749.659182477] [CLaserOdometry2D]: Robot-base odom [x,y,yaw]=[-0.014468 0.001242 0.006490]
[WARN] [1775776749.738217341] [CLaserOdometry2DNode]: Waiting for laser_scans....
[INFO] [1775776749.858791146] [CLaserOdometry2D]: execution time (ms): 20.530877
[INFO] [1775776749.858979795] [CLaserOdometry2D]: Laser odom [x,y,yaw]=[-0.014969 0.001170 0.006490]
[INFO] [1775776749.859035795] [CLaserOdometry2D]: Robot-base odom [x,y,yaw]=[-0.014969 0.001170 0.006490]
[INFO] [1775776749.958828500] [CLaserOdometry2D]: execution time (ms): 20.535526
[INFO] [1775776749.959002446] [CLaserOdometry2D]: Laser odom [x,y,yaw]=[-0.014929 0.000827 0.007262]
[INFO] [1775776749.959046835] [CLaserOdometry2D]: Robot-base odom [x,y,yaw]=[-0.014929 0.000827 0.007262]
[WARN] [1775776750.038224829] [CLaserOdometry2DNode]: Waiting for laser_scans....
[INFO] [1775776750.158584633] [CLaserOdometry2D]: execution time (ms): 20.313227
[INFO] [1775776750.158789875] [CLaserOdometry2D]: Laser odom [x,y,yaw]=[-0.015227 0.000691 0.006349]
[INFO] [1775776750.158844486] [CLaserOdometry2D]: Robot-base odom [x,y,yaw]=[-0.015227 0.000691 0.006349]
[INFO] [1775776750.258826543] [CLaserOdometry2D]: execution time (ms): 20.564322
[INFO] [1775776750.259016174] [CLaserOdometry2D]: Laser odom [x,y,yaw]=[-0.015436 0.000725 0.005372]
[INFO] [1775776750.259188027] [CLaserOdometry2D]: Robot-base odom [x,y,yaw]=[-0.015436 0.000725 0.005372]
[WARN] [1775776750.338216372] [CLaserOdometry2DNode]: Waiting for laser_scans....
[INFO] [1775776750.458843288] [CLaserOdometry2D]: execution time (ms): 20.587470
[INFO] [1775776750.459013511] [CLaserOdometry2D]: Laser odom [x,y,yaw]=[-0.016399 0.000798 0.005372]
[INFO] [1775776750.459060160] [CLaserOdometry2D]: Robot-base odom [x,y,yaw]=[-0.016399 0.000798 0.005372]
[INFO] [1775776750.558237325] [CLaserOdometry2D]: execution time (ms): 19.981726
[INFO] [1775776750.558411362] [CLaserOdometry2D]: Laser odom [x,y,yaw]=[-0.015722 0.000728 0.006144]
[INFO] [1775776750.558455715] [CLaserOdometry2D]: Robot-base odom [x,y,yaw]=[-0.015722 0.000728 0.006144]
[WARN] [1775776750.638250415] [CLaserOdometry2DNode]: Waiting for laser_scans....
[INFO] [1775776750.759194352] [CLaserOdometry2D]: execution time (ms): 20.928175
[INFO] [1775776750.759374631] [CLaserOdometry2D]: Laser odom [x,y,yaw]=[-0.015374 0.000568 0.006144]
[INFO] [1775776750.759421890] [CLaserOdometry2D]: Robot-base odom [x,y,yaw]=[-0.015374 0.000568 0.006144]
[WARN] [1775776750.838219271] [CLaserOdometry2DNode]: Waiting for laser_scans....
[INFO] [1775776750.959070078] [CLaserOdometry2D]: execution time (ms): 20.806620
[INFO] [1775776750.959266190] [CLaserOdometry2D]: Laser odom [x,y,yaw]=[-0.017653 0.000961 0.006144]
[INFO] [1775776750.959335542] [CLaserOdometry2D]: Robot-base odom [x,y,yaw]=[-0.017653 0.000961 0.006144]
[INFO] [1775776751.058385465] [CLaserOdometry2D]: execution time (ms): 20.122394
[INFO] [1775776751.058560837] [CLaserOdometry2D]: Laser odom [x,y,yaw]=[-0.018860 0.001071 0.006144]
[INFO] [1775776751.058612948] [CLaserOdometry2D]: Robot-base odom [x,y,yaw]=[-0.018860 0.001071 0.006144]
[WARN] [1775776751.138221685] [CLaserOdometry2DNode]: Waiting for laser_scans....
[INFO] [1775776751.258527489] [CLaserOdometry2D]: execution time (ms): 20.269505
[INFO] [1775776751.258713767] [CLaserOdometry2D]: Laser odom [x,y,yaw]=[-0.019751 0.001510 0.005546]
[INFO] [1775776751.258771897] [CLaserOdometry2D]: Robot-base odom [x,y,yaw]=[-0.019751 0.001510 0.005546]
[INFO] [1775776751.359014530] [CLaserOdometry2D]: execution time (ms): 20.739860
[INFO] [1775776751.359190957] [CLaserOdometry2D]: Laser odom [x,y,yaw]=[-0.020443 0.001473 0.005546]
[INFO] [1775776751.359236902] [CLaserOdometry2D]: Robot-base odom [x,y,yaw]=[-0.020443 0.001473 0.005546]
[WARN] [1775776751.438227969] [CLaserOdometry2DNode]: Waiting for laser_scans....
[INFO] [1775776751.559378092] [CLaserOdometry2D]: execution time (ms): 21.122750
[INFO] [1775776751.559564148] [CLaserOdometry2D]: Laser odom [x,y,yaw]=[-0.019057 0.001249 0.004856]
[INFO] [1775776751.559612333] [CLaserOdometry2D]: Robot-base odom [x,y,yaw]=[-0.019057 0.001249 0.004856]
[INFO] [1775776751.658076069] [CLaserOdometry2D]: execution time (ms): 19.824818
[INFO] [1775776751.658246384] [CLaserOdometry2D]: Laser odom [x,y,yaw]=[-0.018735 0.001227 0.004510]
[INFO] [1775776751.658307903] [CLaserOdometry2D]: Robot-base odom [x,y,yaw]=[-0.018735 0.001227 0.004510]
[WARN] [1775776751.738208716] [CLaserOdometry2DNode]: Waiting for laser_scans....
[INFO] [1775776751.858516464] [CLaserOdometry2D]: execution time (ms): 20.266080
[INFO] [1775776751.858717132] [CLaserOdometry2D]: Laser odom [x,y,yaw]=[-0.018869 0.001571 0.004856]
[INFO] [1775776751.858780243] [CLaserOdometry2D]: Robot-base odom [x,y,yaw]=[-0.018869 0.001571 0.004856]
[WARN] [1775776751.938239775] [CLaserOdometry2DNode]: Waiting for laser_scans....
[INFO] [1775776752.058835785] [CLaserOdometry2D]: execution time (ms): 20.559155
[INFO] [1775776752.059021119] [CLaserOdometry2D]: Laser odom [x,y,yaw]=[-0.019647 0.001367 0.003942]
[INFO] [1775776752.059068489] [CLaserOdometry2D]: Robot-base odom [x,y,yaw]=[-0.019647 0.001367 0.003942]
[INFO] [1775776752.158504896] [CLaserOdometry2D]: execution time (ms): 20.241042
[INFO] [1775776752.158689897] [CLaserOdometry2D]: Laser odom [x,y,yaw]=[-0.020381 0.001749 0.003942]
[INFO] [1775776752.158747342] [CLaserOdometry2D]: Robot-base odom [x,y,yaw]=[-0.020381 0.001749 0.003942]
[WARN] [1775776752.238216522] [CLaserOdometry2DNode]: Waiting for laser_scans....
[INFO] [1775776752.358980273] [CLaserOdometry2D]: execution time (ms): 20.726785
[INFO] [1775776752.359169866] [CLaserOdometry2D]: Laser odom [x,y,yaw]=[-0.020222 0.001766 0.004540]
[INFO] [1775776752.359224737] [CLaserOdometry2D]: Robot-base odom [x,y,yaw]=[-0.020222 0.001766 0.004540]
[INFO] [1775776752.459043738] [CLaserOdometry2D]: execution time (ms): 20.790749
[INFO] [1775776752.459231869] [CLaserOdometry2D]: Laser odom [x,y,yaw]=[-0.020392 0.001836 0.005029]
[INFO] [1775776752.459285425] [CLaserOdometry2D]: Robot-base odom [x,y,yaw]=[-0.020392 0.001836 0.005029]
[WARN] [1775776752.538213158] [CLaserOdometry2DNode]: Waiting for laser_scans....
[INFO] [1775776752.658608740] [CLaserOdometry2D]: execution time (ms): 20.358302
[INFO] [1775776752.658797038] [CLaserOdometry2D]: Laser odom [x,y,yaw]=[-0.019844 0.001507 0.003737]
[INFO] [1775776752.658844575] [CLaserOdometry2D]: Robot-base odom [x,y,yaw]=[-0.019844 0.001507 0.003737]
[INFO] [1775776752.758538057] [CLaserOdometry2D]: execution time (ms): 20.245116
[INFO] [1775776752.758722095] [CLaserOdometry2D]: Laser odom [x,y,yaw]=[-0.019698 0.001328 0.004082]
[INFO] [1775776752.758776021] [CLaserOdometry2D]: Robot-base odom [x,y,yaw]=[-0.019698 0.001328 0.004082]
[WARN] [1775776752.838220627] [CLaserOdometry2DNode]: Waiting for laser_scans....
[INFO] [1775776752.959521288] [CLaserOdometry2D]: execution time (ms): 21.265214
[INFO] [1775776752.959711659] [CLaserOdometry2D]: Laser odom [x,y,yaw]=[-0.020065 0.000996 0.003168]
[INFO] [1775776752.959771715] [CLaserOdometry2D]: Robot-base odom [x,y,yaw]=[-0.020065 0.000996 0.003168]
[WARN] [1775776753.038212168] [CLaserOdometry2DNode]: Waiting for laser_scans....
[INFO] [1775776753.158991493] [CLaserOdometry2D]: execution time (ms): 20.732415
[INFO] [1775776753.159176846] [CLaserOdometry2D]: Laser odom [x,y,yaw]=[-0.020245 0.000931 0.003514]
[INFO] [1775776753.159228957] [CLaserOdometry2D]: Robot-base odom [x,y,yaw]=[-0.020245 0.000931 0.003514]
[INFO] [1775776753.258787568] [CLaserOdometry2D]: execution time (ms): 20.533952
[INFO] [1775776753.258963180] [CLaserOdometry2D]: Laser odom [x,y,yaw]=[-0.019496 0.000368 0.003859]
[INFO] [1775776753.259034440] [CLaserOdometry2D]: Robot-base odom [x,y,yaw]=[-0.019496 0.000368 0.003859]
[WARN] [1775776753.338213767] [CLaserOdometry2DNode]: Waiting for laser_scans....
[INFO] [1775776753.458446756] [CLaserOdometry2D]: execution time (ms): 20.161005
[INFO] [1775776753.458641090] [CLaserOdometry2D]: Laser odom [x,y,yaw]=[-0.019655 0.000479 0.004550]
[INFO] [1775776753.458701239] [CLaserOdometry2D]: Robot-base odom [x,y,yaw]=[-0.019655 0.000479 0.004550]
[INFO] [1775776753.558285535] [CLaserOdometry2D]: execution time (ms): 20.016134
[INFO] [1775776753.558471592] [CLaserOdometry2D]: Laser odom [x,y,yaw]=[-0.020056 0.000791 0.004895]
[INFO] [1775776753.558512092] [CLaserOdometry2D]: Robot-base odom [x,y,yaw]=[-0.020056 0.000791 0.004895]
[WARN] [1775776753.638221348] [CLaserOdometry2DNode]: Waiting for laser_scans....
[INFO] [1775776753.758593985] [CLaserOdometry2D]: execution time (ms): 20.332358
[INFO] [1775776753.758783319] [CLaserOdometry2D]: Laser odom [x,y,yaw]=[-0.020227 0.000873 0.005808]
[INFO] [1775776753.758832875] [CLaserOdometry2D]: Robot-base odom [x,y,yaw]=[-0.020227 0.000873 0.005808]
[INFO] [1775776753.858303986] [CLaserOdometry2D]: execution time (ms): 20.053615
[INFO] [1775776753.858480783] [CLaserOdometry2D]: Laser odom [x,y,yaw]=[-0.020462 0.001024 0.005463]
[INFO] [1775776753.858524154] [CLaserOdometry2D]: Robot-base odom [x,y,yaw]=[-0.020462 0.001024 0.005463]
[WARN] [1775776753.938214224] [CLaserOdometry2DNode]: Waiting for laser_scans....
[INFO] [1775776754.059261272] [CLaserOdometry2D]: execution time (ms): 21.004916
[INFO] [1775776754.059445310] [CLaserOdometry2D]: Laser odom [x,y,yaw]=[-0.019959 0.001033 0.006440]
[INFO] [1775776754.059493237] [CLaserOdometry2D]: Robot-base odom [x,y,yaw]=[-0.019959 0.001033 0.006440]
[WARN] [1775776754.138242654] [CLaserOdometry2DNode]: Waiting for laser_scans....
[INFO] [1775776754.258930942] [CLaserOdometry2D]: execution time (ms): 20.646859
[INFO] [1775776754.259116961] [CLaserOdometry2D]: Laser odom [x,y,yaw]=[-0.019881 0.001191 0.007038]
[INFO] [1775776754.259160054] [CLaserOdometry2D]: Robot-base odom [x,y,yaw]=[-0.019881 0.001191 0.007038]
[INFO] [1775776754.359381446] [CLaserOdometry2D]: execution time (ms): 21.129269
[INFO] [1775776754.359564039] [CLaserOdometry2D]: Laser odom [x,y,yaw]=[-0.020030 0.001368 0.005946]
[INFO] [1775776754.359632780] [CLaserOdometry2D]: Robot-base odom [x,y,yaw]=[-0.020030 0.001368 0.005946]
[WARN] [1775776754.438215697] [CLaserOdometry2DNode]: Waiting for laser_scans....
[INFO] [1775776754.558939115] [CLaserOdometry2D]: execution time (ms): 20.686618
[INFO] [1775776754.559117115] [CLaserOdometry2D]: Laser odom [x,y,yaw]=[-0.020050 0.001538 0.005946]
[INFO] [1775776754.559160634] [CLaserOdometry2D]: Robot-base odom [x,y,yaw]=[-0.020050 0.001538 0.005946]
[INFO] [1775776754.658979635] [CLaserOdometry2D]: execution time (ms): 20.723100
[INFO] [1775776754.659152118] [CLaserOdometry2D]: Laser odom [x,y,yaw]=[-0.020478 0.001901 0.006434]
[INFO] [1775776754.659195785] [CLaserOdometry2D]: Robot-base odom [x,y,yaw]=[-0.020478 0.001901 0.006434]
[WARN] [1775776754.738209018] [CLaserOdometry2DNode]: Waiting for laser_scans....
[INFO] [1775776754.858774064] [CLaserOdometry2D]: execution time (ms): 20.479340
[INFO] [1775776754.858958862] [CLaserOdometry2D]: Laser odom [x,y,yaw]=[-0.020649 0.002389 0.008090]
[INFO] [1775776754.858999954] [CLaserOdometry2D]: Robot-base odom [x,y,yaw]=[-0.020649 0.002389 0.008090]
[INFO] [1775776754.958953734] [CLaserOdometry2D]: execution time (ms): 20.667526
[INFO] [1775776754.959141994] [CLaserOdometry2D]: Laser odom [x,y,yaw]=[-0.020910 0.002401 0.007244]
[INFO] [1775776754.959190143] [CLaserOdometry2D]: Robot-base odom [x,y,yaw]=[-0.020910 0.002401 0.007244]
[WARN] [1775776755.038220043] [CLaserOdometry2DNode]: Waiting for laser_scans....
[INFO] [1775776755.158932220] [CLaserOdometry2D]: execution time (ms): 20.682656
[INFO] [1775776755.159130072] [CLaserOdometry2D]: Laser odom [x,y,yaw]=[-0.020898 0.002005 0.006331]
[INFO] [1775776755.159184684] [CLaserOdometry2D]: Robot-base odom [x,y,yaw]=[-0.020898 0.002005 0.006331]
[WARN] [1775776755.238208696] [CLaserOdometry2DNode]: Waiting for laser_scans....
[INFO] [1775776755.359539227] [CLaserOdometry2D]: execution time (ms): 21.301529
[INFO] [1775776755.359776913] [CLaserOdometry2D]: Laser odom [x,y,yaw]=[-0.020742 0.001372 0.004787]
[INFO] [1775776755.359870821] [CLaserOdometry2D]: Robot-base odom [x,y,yaw]=[-0.020742 0.001372 0.004787]
[INFO] [1775776755.459253894] [CLaserOdometry2D]: execution time (ms): 20.974583
[INFO] [1775776755.459431024] [CLaserOdometry2D]: Laser odom [x,y,yaw]=[-0.020673 0.001385 0.004096]
[INFO] [1775776755.459478580] [CLaserOdometry2D]: Robot-base odom [x,y,yaw]=[-0.020673 0.001385 0.004096]
[WARN] [1775776755.538244109] [CLaserOdometry2DNode]: Waiting for laser_scans....
[INFO] [1775776755.658903156] [CLaserOdometry2D]: execution time (ms): 20.654970
[INFO] [1775776755.659082120] [CLaserOdometry2D]: Laser odom [x,y,yaw]=[-0.019784 0.000867 0.004096]
[INFO] [1775776755.659125675] [CLaserOdometry2D]: Robot-base odom [x,y,yaw]=[-0.019784 0.000867 0.004096]
[INFO] [1775776755.758997362] [CLaserOdometry2D]: execution time (ms): 20.736508
[INFO] [1775776755.759182141] [CLaserOdometry2D]: Laser odom [x,y,yaw]=[-0.019242 0.000268 0.002759]
[INFO] [1775776755.759235511] [CLaserOdometry2D]: Robot-base odom [x,y,yaw]=[-0.019242 0.000268 0.002759]
[WARN] [1775776755.838209356] [CLaserOdometry2DNode]: Waiting for laser_scans....
[INFO] [1775776755.958160362] [CLaserOdometry2D]: execution time (ms): 19.915707
[INFO] [1775776755.958339770] [CLaserOdometry2D]: Laser odom [x,y,yaw]=[-0.018849 -0.000296 0.002759]
[INFO] [1775776755.958387178] [CLaserOdometry2D]: Robot-base odom [x,y,yaw]=[-0.018849 -0.000296 0.002759]
[INFO] [1775776756.058679107] [CLaserOdometry2D]: execution time (ms): 20.430636
[INFO] [1775776756.058858090] [CLaserOdometry2D]: Laser odom [x,y,yaw]=[-0.018709 0.000588 0.004096]
[INFO] [1775776756.058905034] [CLaserOdometry2D]: Robot-base odom [x,y,yaw]=[-0.018709 0.000588 0.004096]
[WARN] [1775776756.138226436] [CLaserOdometry2DNode]: Waiting for laser_scans....
[INFO] [1775776756.259341355] [CLaserOdometry2D]: execution time (ms): 21.090380
[INFO] [1775776756.259517282] [CLaserOdometry2D]: Laser odom [x,y,yaw]=[-0.015714 0.000744 0.004096]
[INFO] [1775776756.259556819] [CLaserOdometry2D]: Robot-base odom [x,y,yaw]=[-0.015714 0.000744 0.004096]
[WARN] [1775776756.338217941] [CLaserOdometry2DNode]: Waiting for laser_scans....
[INFO] [1775776756.458697894] [CLaserOdometry2D]: execution time (ms): 20.416618
[INFO] [1775776756.458883302] [CLaserOdometry2D]: Laser odom [x,y,yaw]=[-0.017691 0.000989 0.004096]
[INFO] [1775776756.458927117] [CLaserOdometry2D]: Robot-base odom [x,y,yaw]=[-0.017691 0.000989 0.004096]
[INFO] [1775776756.558971582] [CLaserOdometry2D]: execution time (ms): 20.711174
[INFO] [1775776756.559155564] [CLaserOdometry2D]: Laser odom [x,y,yaw]=[-0.016987 0.001037 0.004787]
[INFO] [1775776756.559240935] [CLaserOdometry2D]: Robot-base odom [x,y,yaw]=[-0.016987 0.001037 0.004787]
[WARN] [1775776756.638225465] [CLaserOdometry2DNode]: Waiting for laser_scans....
[INFO] [1775776756.758223305] [CLaserOdometry2D]: execution time (ms): 19.971948
[INFO] [1775776756.758405361] [CLaserOdometry2D]: Laser odom [x,y,yaw]=[-0.015557 0.002093 0.006292]
[INFO] [1775776756.758461991] [CLaserOdometry2D]: Robot-base odom [x,y,yaw]=[-0.015557 0.002093 0.006292]
[WARN] [1775776756.838221155] [CLaserOdometry2DNode]: Waiting for laser_scans....
[INFO] [1775776756.958680367] [CLaserOdometry2D]: execution time (ms): 20.409932
[INFO] [1775776756.958852849] [CLaserOdometry2D]: Laser odom [x,y,yaw]=[-0.016269 0.003011 0.008151]
[INFO] [1775776756.958894423] [CLaserOdometry2D]: Robot-base odom [x,y,yaw]=[-0.016269 0.003011 0.008151]
[INFO] [1775776757.059159556] [CLaserOdometry2D]: execution time (ms): 20.908639
[INFO] [1775776757.059341465] [CLaserOdometry2D]: Laser odom [x,y,yaw]=[-0.017520 0.003882 0.009443]
[INFO] [1775776757.059382557] [CLaserOdometry2D]: Robot-base odom [x,y,yaw]=[-0.017520 0.003882 0.009443]
[WARN] [1775776757.138227402] [CLaserOdometry2DNode]: Waiting for laser_scans....
[INFO] [1775776757.258296667] [CLaserOdometry2D]: execution time (ms): 20.051763
[INFO] [1775776757.258474002] [CLaserOdometry2D]: Laser odom [x,y,yaw]=[-0.018408 0.004351 0.008597]
[INFO] [1775776757.258515465] [CLaserOdometry2D]: Robot-base odom [x,y,yaw]=[-0.018408 0.004351 0.008597]
[WARN] [1775776757.338207869] [CLaserOdometry2DNode]: Waiting for laser_scans....
[INFO] [1775776757.458495691] [CLaserOdometry2D]: execution time (ms): 20.249635
[INFO] [1775776757.458692748] [CLaserOdometry2D]: Laser odom [x,y,yaw]=[-0.015089 0.004460 0.008597]
[INFO] [1775776757.458744618] [CLaserOdometry2D]: Robot-base odom [x,y,yaw]=[-0.015089 0.004460 0.008597]
[INFO] [1775776757.559118807] [CLaserOdometry2D]: execution time (ms): 20.862064
[INFO] [1775776757.559294475] [CLaserOdometry2D]: Laser odom [x,y,yaw]=[-0.010516 0.004449 0.008252]
[INFO] [1775776757.559335623] [CLaserOdometry2D]: Robot-base odom [x,y,yaw]=[-0.010516 0.004449 0.008252]
[WARN] [1775776757.638241671] [CLaserOdometry2DNode]: Waiting for laser_scans....
[INFO] [1775776757.758345622] [CLaserOdometry2D]: execution time (ms): 20.072560
[INFO] [1775776757.758572031] [CLaserOdometry2D]: Laser odom [x,y,yaw]=[-0.010512 0.004483 0.007056]
[INFO] [1775776757.758635976] [CLaserOdometry2D]: Robot-base odom [x,y,yaw]=[-0.010512 0.004483 0.007056]
[INFO] [1775776757.859317222] [CLaserOdometry2D]: execution time (ms): 21.050231
[INFO] [1775776757.859501000] [CLaserOdometry2D]: Laser odom [x,y,yaw]=[-0.010998 0.003770 0.004984]
[INFO] [1775776757.859542334] [CLaserOdometry2D]: Robot-base odom [x,y,yaw]=[-0.010998 0.003770 0.004984]
[WARN] [1775776757.938217826] [CLaserOdometry2DNode]: Waiting for laser_scans....
[INFO] [1775776758.058590463] [CLaserOdometry2D]: execution time (ms): 20.324191
[INFO] [1775776758.058785094] [CLaserOdometry2D]: Laser odom [x,y,yaw]=[-0.009178 0.002726 0.003293]
[INFO] [1775776758.058830168] [CLaserOdometry2D]: Robot-base odom [x,y,yaw]=[-0.009178 0.002726 0.003293]
[WARN] [1775776758.138215552] [CLaserOdometry2DNode]: Waiting for laser_scans....
[INFO] [1775776758.258548782] [CLaserOdometry2D]: execution time (ms): 20.297969
[INFO] [1775776758.258735431] [CLaserOdometry2D]: Laser odom [x,y,yaw]=[-0.007583 0.001812 0.002379]
[INFO] [1775776758.258784357] [CLaserOdometry2D]: Robot-base odom [x,y,yaw]=[-0.007583 0.001812 0.002379]
[INFO] [1775776758.358897841] [CLaserOdometry2D]: execution time (ms): 20.624248
[INFO] [1775776758.359144342] [CLaserOdometry2D]: Laser odom [x,y,yaw]=[-0.005972 0.002207 0.002034]
[INFO] [1775776758.359197324] [CLaserOdometry2D]: Robot-base odom [x,y,yaw]=[-0.005972 0.002207 0.002034]
[WARN] [1775776758.438276633] [CLaserOdometry2DNode]: Waiting for laser_scans....
[INFO] [1775776758.557951489] [CLaserOdometry2D]: execution time (ms): 19.689169
[INFO] [1775776758.558138545] [CLaserOdometry2D]: Laser odom [x,y,yaw]=[-0.007136 0.003735 0.004641]
[INFO] [1775776758.558188657] [CLaserOdometry2D]: Robot-base odom [x,y,yaw]=[-0.007136 0.003735 0.004641]
[INFO] [1775776758.658699828] [CLaserOdometry2D]: execution time (ms): 20.452470
[INFO] [1775776758.658875718] [CLaserOdometry2D]: Laser odom [x,y,yaw]=[-0.011294 0.007056 0.007106]
[INFO] [1775776758.658924051] [CLaserOdometry2D]: Robot-base odom [x,y,yaw]=[-0.011294 0.007056 0.007106]
[WARN] [1775776758.738212138] [CLaserOdometry2DNode]: Waiting for laser_scans....
[INFO] [1775776758.858692573] [CLaserOdometry2D]: execution time (ms): 20.454192
[INFO] [1775776758.858868148] [CLaserOdometry2D]: Laser odom [x,y,yaw]=[-0.012522 0.007026 0.007704]
[INFO] [1775776758.858913111] [CLaserOdometry2D]: Robot-base odom [x,y,yaw]=[-0.012522 0.007026 0.007704]
[WARN] [1775776758.938212161] [CLaserOdometry2DNode]: Waiting for laser_scans....
[INFO] [1775776759.059193931] [CLaserOdometry2D]: execution time (ms): 20.933046
[INFO] [1775776759.059363025] [CLaserOdometry2D]: Laser odom [x,y,yaw]=[-0.013846 0.007184 0.008050]
[INFO] [1775776759.059414173] [CLaserOdometry2D]: Robot-base odom [x,y,yaw]=[-0.013846 0.007184 0.008050]
[INFO] [1775776759.158568208] [CLaserOdometry2D]: execution time (ms): 20.310098
[INFO] [1775776759.158766079] [CLaserOdometry2D]: Laser odom [x,y,yaw]=[-0.015284 0.006740 0.009026]
[INFO] [1775776759.158818709] [CLaserOdometry2D]: Robot-base odom [x,y,yaw]=[-0.015284 0.006740 0.009026]
[WARN] [1775776759.238223593] [CLaserOdometry2DNode]: Waiting for laser_scans....
[INFO] [1775776759.358832954] [CLaserOdometry2D]: execution time (ms): 20.595655
[INFO] [1775776759.359009418] [CLaserOdometry2D]: Laser odom [x,y,yaw]=[-0.014685 0.005108 0.006984]
[INFO] [1775776759.359057011] [CLaserOdometry2D]: Robot-base odom [x,y,yaw]=[-0.014685 0.005108 0.006984]
[INFO] [1775776759.458153379] [CLaserOdometry2D]: execution time (ms): 19.910115
[INFO] [1775776759.458329639] [CLaserOdometry2D]: Laser odom [x,y,yaw]=[-0.015368 0.004307 0.006211]
[INFO] [1775776759.458374973] [CLaserOdometry2D]: Robot-base odom [x,y,yaw]=[-0.015368 0.004307 0.006211]
[WARN] [1775776759.538212211] [CLaserOdometry2DNode]: Waiting for laser_scans....
[INFO] [1775776759.658566996] [CLaserOdometry2D]: execution time (ms): 20.321227
[INFO] [1775776759.658765868] [CLaserOdometry2D]: Laser odom [x,y,yaw]=[-0.016370 0.003567 0.007057]
[INFO] [1775776759.658824627] [CLaserOdometry2D]: Robot-base odom [x,y,yaw]=[-0.016370 0.003567 0.007057]
[INFO] [1775776759.758588609] [CLaserOdometry2D]: execution time (ms): 20.305802
[INFO] [1775776759.758767907] [CLaserOdometry2D]: Laser odom [x,y,yaw]=[-0.015606 0.001947 0.007057]
[INFO] [1775776759.758814499] [CLaserOdometry2D]: Robot-base odom [x,y,yaw]=[-0.015606 0.001947 0.007057]
[WARN] [1775776759.838243384] [CLaserOdometry2DNode]: Waiting for laser_scans....
[INFO] [1775776759.957716943] [CLaserOdometry2D]: execution time (ms): 19.459242
[INFO] [1775776759.957896870] [CLaserOdometry2D]: Laser odom [x,y,yaw]=[-0.015454 0.001229 0.006367]
[INFO] [1775776759.957941370] [CLaserOdometry2D]: Robot-base odom [x,y,yaw]=[-0.015454 0.001229 0.006367]
[WARN] [1775776760.038218351] [CLaserOdometry2DNode]: Waiting for laser_scans....
[INFO] [1775776760.158464747] [CLaserOdometry2D]: execution time (ms): 20.210320
[INFO] [1775776760.158656100] [CLaserOdometry2D]: Laser odom [x,y,yaw]=[-0.016131 0.000714 0.005676]
[INFO] [1775776760.158737378] [CLaserOdometry2D]: Robot-base odom [x,y,yaw]=[-0.016131 0.000714 0.005676]
[INFO] [1775776760.258733621] [CLaserOdometry2D]: execution time (ms): 20.485117
[INFO] [1775776760.258912566] [CLaserOdometry2D]: Laser odom [x,y,yaw]=[-0.017083 0.000631 0.006164]
[INFO] [1775776760.259060011] [CLaserOdometry2D]: Robot-base odom [x,y,yaw]=[-0.017083 0.000631 0.006164]
[WARN] [1775776760.338211597] [CLaserOdometry2DNode]: Waiting for laser_scans....
[INFO] [1775776760.458869551] [CLaserOdometry2D]: execution time (ms): 20.599544
[INFO] [1775776760.459059737] [CLaserOdometry2D]: Laser odom [x,y,yaw]=[-0.017262 0.000379 0.006936]
[INFO] [1775776760.459114682] [CLaserOdometry2D]: Robot-base odom [x,y,yaw]=[-0.017262 0.000379 0.006936]
[INFO] [1775776760.558079235] [CLaserOdometry2D]: execution time (ms): 19.816096
[INFO] [1775776760.558260384] [CLaserOdometry2D]: Laser odom [x,y,yaw]=[-0.017574 0.000079 0.005354]
[INFO] [1775776760.558315588] [CLaserOdometry2D]: Robot-base odom [x,y,yaw]=[-0.017574 0.000079 0.005354]
[WARN] [1775776760.638220344] [CLaserOdometry2DNode]: Waiting for laser_scans....
[INFO] [1775776760.758507093] [CLaserOdometry2D]: execution time (ms): 20.268154
[INFO] [1775776760.758698890] [CLaserOdometry2D]: Laser odom [x,y,yaw]=[-0.019479 0.000656 0.004664]
[INFO] [1775776760.758752353] [CLaserOdometry2D]: Robot-base odom [x,y,yaw]=[-0.019479 0.000656 0.004664]
[INFO] [1775776760.858973949] [CLaserOdometry2D]: execution time (ms): 20.729545
[INFO] [1775776760.859171691] [CLaserOdometry2D]: Laser odom [x,y,yaw]=[-0.020768 0.001642 0.006586]
[INFO] [1775776760.859231765] [CLaserOdometry2D]: Robot-base odom [x,y,yaw]=[-0.020768 0.001642 0.006586]
[WARN] [1775776760.938216443] [CLaserOdometry2DNode]: Waiting for laser_scans....
[INFO] [1775776761.058539007] [CLaserOdometry2D]: execution time (ms): 20.289895
[INFO] [1775776761.058720082] [CLaserOdometry2D]: Laser odom [x,y,yaw]=[-0.019926 0.002202 0.008091]
[INFO] [1775776761.058786582] [CLaserOdometry2D]: Robot-base odom [x,y,yaw]=[-0.019926 0.002202 0.008091]
[WARN] [1775776761.138220207] [CLaserOdometry2DNode]: Waiting for laser_scans....
[INFO] [1775776761.258544085] [CLaserOdometry2D]: execution time (ms): 20.300357
[INFO] [1775776761.258740530] [CLaserOdometry2D]: Laser odom [x,y,yaw]=[-0.019929 0.002018 0.008091]
[INFO] [1775776761.258800382] [CLaserOdometry2D]: Robot-base odom [x,y,yaw]=[-0.019929 0.002018 0.008091]
[INFO] [1775776761.358831922] [CLaserOdometry2D]: execution time (ms): 20.573748
[INFO] [1775776761.359011052] [CLaserOdometry2D]: Laser odom [x,y,yaw]=[-0.020223 0.001348 0.007603]
[INFO] [1775776761.359058238] [CLaserOdometry2D]: Robot-base odom [x,y,yaw]=[-0.020223 0.001348 0.007603]
[WARN] [1775776761.438218917] [CLaserOdometry2DNode]: Waiting for laser_scans....
[INFO] [1775776761.558861463] [CLaserOdometry2D]: execution time (ms): 20.612544
[INFO] [1775776761.559043001] [CLaserOdometry2D]: Laser odom [x,y,yaw]=[-0.020171 0.000877 0.006458]
[INFO] [1775776761.559098112] [CLaserOdometry2D]: Robot-base odom [x,y,yaw]=[-0.020171 0.000877 0.006458]
[INFO] [1775776761.659006632] [CLaserOdometry2D]: execution time (ms): 20.761693
[INFO] [1775776761.659185559] [CLaserOdometry2D]: Laser odom [x,y,yaw]=[-0.020042 0.000353 0.006458]
[INFO] [1775776761.659232263] [CLaserOdometry2D]: Robot-base odom [x,y,yaw]=[-0.020042 0.000353 0.006458]
[WARN] [1775776761.738211534] [CLaserOdometry2DNode]: Waiting for laser_scans....
[INFO] [1775776761.857987798] [CLaserOdometry2D]: execution time (ms): 19.729651
[INFO] [1775776761.858168392] [CLaserOdometry2D]: Laser odom [x,y,yaw]=[-0.019801 0.000102 0.006458]
[INFO] [1775776761.858223466] [CLaserOdometry2D]: Robot-base odom [x,y,yaw]=[-0.019801 0.000102 0.006458]
[WARN] [1775776761.938253372] [CLaserOdometry2DNode]: Waiting for laser_scans....
[INFO] [1775776762.058962400] [CLaserOdometry2D]: execution time (ms): 20.698304
[INFO] [1775776762.059146345] [CLaserOdometry2D]: Laser odom [x,y,yaw]=[-0.019653 -0.000394 0.005767]
[INFO] [1775776762.059219142] [CLaserOdometry2D]: Robot-base odom [x,y,yaw]=[-0.019653 -0.000394 0.005767]
[INFO] [1775776762.159041347] [CLaserOdometry2D]: execution time (ms): 20.779804
[INFO] [1775776762.159227570] [CLaserOdometry2D]: Laser odom [x,y,yaw]=[-0.019862 -0.000327 0.007059]
[INFO] [1775776762.159285792] [CLaserOdometry2D]: Robot-base odom [x,y,yaw]=[-0.019862 -0.000327 0.007059]
[WARN] [1775776762.238208989] [CLaserOdometry2DNode]: Waiting for laser_scans....
[INFO] [1775776762.358291829] [CLaserOdometry2D]: execution time (ms): 20.057616
[INFO] [1775776762.358472663] [CLaserOdometry2D]: Laser odom [x,y,yaw]=[-0.019943 -0.000005 0.007059]
[INFO] [1775776762.358519385] [CLaserOdometry2D]: Robot-base odom [x,y,yaw]=[-0.019943 -0.000005 0.007059]
[INFO] [1775776762.458845481] [CLaserOdometry2D]: execution time (ms): 20.599877
[INFO] [1775776762.459020779] [CLaserOdometry2D]: Laser odom [x,y,yaw]=[-0.019692 -0.000069 0.007059]
[INFO] [1775776762.459064575] [CLaserOdometry2D]: Robot-base odom [x,y,yaw]=[-0.019692 -0.000069 0.007059]
[WARN] [1775776762.538242199] [CLaserOdometry2DNode]: Waiting for laser_scans....
[INFO] [1775776762.659201561] [CLaserOdometry2D]: execution time (ms): 20.947898
[INFO] [1775776762.659378340] [CLaserOdometry2D]: Laser odom [x,y,yaw]=[-0.019841 -0.000868 0.006146]
[INFO] [1775776762.659424266] [CLaserOdometry2D]: Robot-base odom [x,y,yaw]=[-0.019841 -0.000868 0.006146]
[INFO] [1775776762.758673450] [CLaserOdometry2D]: execution time (ms): 20.412987
[INFO] [1775776762.758857914] [CLaserOdometry2D]: Laser odom [x,y,yaw]=[-0.019812 -0.001310 0.005054]
[INFO] [1775776762.758904599] [CLaserOdometry2D]: Robot-base odom [x,y,yaw]=[-0.019812 -0.001310 0.005054]
[WARN] [1775776762.838210409] [CLaserOdometry2DNode]: Waiting for laser_scans....
[INFO] [1775776762.958345360] [CLaserOdometry2D]: execution time (ms): 20.101449
[INFO] [1775776762.958530713] [CLaserOdometry2D]: Laser odom [x,y,yaw]=[-0.019026 -0.001875 0.004018]
[INFO] [1775776762.958577620] [CLaserOdometry2D]: Robot-base odom [x,y,yaw]=[-0.019026 -0.001875 0.004018]
[WARN] [1775776763.038211357] [CLaserOdometry2DNode]: Waiting for laser_scans....
[INFO] [1775776763.158607124] [CLaserOdometry2D]: execution time (ms): 20.374839
[INFO] [1775776763.158792903] [CLaserOdometry2D]: Laser odom [x,y,yaw]=[-0.019261 -0.001777 0.004616]
[INFO] [1775776763.158849774] [CLaserOdometry2D]: Robot-base odom [x,y,yaw]=[-0.019261 -0.001777 0.004616]
[INFO] [1775776763.258686442] [CLaserOdometry2D]: execution time (ms): 20.410580
[INFO] [1775776763.258859850] [CLaserOdometry2D]: Laser odom [x,y,yaw]=[-0.019132 -0.000989 0.005388]
[INFO] [1775776763.258905498] [CLaserOdometry2D]: Robot-base odom [x,y,yaw]=[-0.019132 -0.000989 0.005388]
[WARN] [1775776763.338215104] [CLaserOdometry2DNode]: Waiting for laser_scans....
[INFO] [1775776763.459052911] [CLaserOdometry2D]: execution time (ms): 20.775638
[INFO] [1775776763.459235837] [CLaserOdometry2D]: Laser odom [x,y,yaw]=[-0.019165 -0.000370 0.006234]
[INFO] [1775776763.459283171] [CLaserOdometry2D]: Robot-base odom [x,y,yaw]=[-0.019165 -0.000370 0.006234]
[INFO] [1775776763.559272932] [CLaserOdometry2D]: execution time (ms): 21.020768
[INFO] [1775776763.559453470] [CLaserOdometry2D]: Laser odom [x,y,yaw]=[-0.019174 0.000035 0.006832]
[INFO] [1775776763.559505656] [CLaserOdometry2D]: Robot-base odom [x,y,yaw]=[-0.019174 0.000035 0.006832]
[WARN] [1775776763.638206814] [CLaserOdometry2DNode]: Waiting for laser_scans....
[INFO] [1775776763.758865805] [CLaserOdometry2D]: execution time (ms): 20.621489
[INFO] [1775776763.759044435] [CLaserOdometry2D]: Laser odom [x,y,yaw]=[-0.019829 0.000448 0.007604]
[INFO] [1775776763.759093973] [CLaserOdometry2D]: Robot-base odom [x,y,yaw]=[-0.019829 0.000448 0.007604]
[INFO] [1775776763.858776436] [CLaserOdometry2D]: execution time (ms): 20.485210
[INFO] [1775776763.858958789] [CLaserOdometry2D]: Laser odom [x,y,yaw]=[-0.019997 0.000583 0.008294]
[INFO] [1775776763.859006641] [CLaserOdometry2D]: Robot-base odom [x,y,yaw]=[-0.019997 0.000583 0.008294]
[WARN] [1775776763.938232709] [CLaserOdometry2DNode]: Waiting for laser_scans....
[INFO] [1775776764.059208720] [CLaserOdometry2D]: execution time (ms): 20.917119
[INFO] [1775776764.059399017] [CLaserOdometry2D]: Laser odom [x,y,yaw]=[-0.020013 0.001171 0.009140]
[INFO] [1775776764.059447610] [CLaserOdometry2D]: Robot-base odom [x,y,yaw]=[-0.020013 0.001171 0.009140]
[INFO] [1775776764.158250329] [CLaserOdometry2D]: execution time (ms): 19.990782
[INFO] [1775776764.158423255] [CLaserOdometry2D]: Laser odom [x,y,yaw]=[-0.020046 0.001659 0.009831]
[INFO] [1775776764.158476756] [CLaserOdometry2D]: Robot-base odom [x,y,yaw]=[-0.020046 0.001659 0.009831]
[WARN] [1775776764.238218382] [CLaserOdometry2DNode]: Waiting for laser_scans....
[INFO] [1775776764.358749687] [CLaserOdometry2D]: execution time (ms): 20.507692
[INFO] [1775776764.358929669] [CLaserOdometry2D]: Laser odom [x,y,yaw]=[-0.019848 0.001998 0.009831]
[INFO] [1775776764.358984688] [CLaserOdometry2D]: Robot-base odom [x,y,yaw]=[-0.019848 0.001998 0.009831]
[WARN] [1775776764.438213479] [CLaserOdometry2DNode]: Waiting for laser_scans....
[INFO] [1775776764.558824247] [CLaserOdometry2D]: execution time (ms): 20.580396
[INFO] [1775776764.559008155] [CLaserOdometry2D]: Laser odom [x,y,yaw]=[-0.020384 0.002012 0.010429]
[INFO] [1775776764.559063674] [CLaserOdometry2D]: Robot-base odom [x,y,yaw]=[-0.020384 0.002012 0.010429]
[INFO] [1775776764.658796434] [CLaserOdometry2D]: execution time (ms): 20.545822
[INFO] [1775776764.658978083] [CLaserOdometry2D]: Laser odom [x,y,yaw]=[-0.020538 0.002436 0.011766]
[INFO] [1775776764.659023472] [CLaserOdometry2D]: Robot-base odom [x,y,yaw]=[-0.020538 0.002436 0.011766]
[WARN] [1775776764.738223763] [CLaserOdometry2DNode]: Waiting for laser_scans....
[INFO] [1775776764.858968791] [CLaserOdometry2D]: execution time (ms): 20.700989
[INFO] [1775776764.859153403] [CLaserOdometry2D]: Laser odom [x,y,yaw]=[-0.020302 0.002427 0.012456]
[INFO] [1775776764.859203514] [CLaserOdometry2D]: Robot-base odom [x,y,yaw]=[-0.020302 0.002427 0.012456]
[INFO] [1775776764.959136646] [CLaserOdometry2D]: execution time (ms): 20.889805
[INFO] [1775776764.959319980] [CLaserOdometry2D]: Laser odom [x,y,yaw]=[-0.020207 0.002433 0.012945]
[INFO] [1775776764.959366314] [CLaserOdometry2D]: Robot-base odom [x,y,yaw]=[-0.020207 0.002433 0.012945]
[WARN] [1775776765.038213676] [CLaserOdometry2DNode]: Waiting for laser_scans....
[INFO] [1775776765.158546647] [CLaserOdometry2D]: execution time (ms): 20.284543
[INFO] [1775776765.158742833] [CLaserOdometry2D]: Laser odom [x,y,yaw]=[-0.020441 0.002530 0.014090]
[INFO] [1775776765.158803889] [CLaserOdometry2D]: Robot-base odom [x,y,yaw]=[-0.020441 0.002530 0.014090]
[WARN] [1775776765.238208458] [CLaserOdometry2DNode]: Waiting for laser_scans....
[INFO] [1775776765.358691282] [CLaserOdometry2D]: execution time (ms): 20.424654
[INFO] [1775776765.358927931] [CLaserOdometry2D]: Laser odom [x,y,yaw]=[-0.020355 0.002109 0.014090]
[INFO] [1775776765.359029080] [CLaserOdometry2D]: Robot-base odom [x,y,yaw]=[-0.020355 0.002109 0.014090]
[INFO] [1775776765.458427171] [CLaserOdometry2D]: execution time (ms): 20.137079
[INFO] [1775776765.458597172] [CLaserOdometry2D]: Laser odom [x,y,yaw]=[-0.020678 0.002058 0.013744]
[INFO] [1775776765.458665858] [CLaserOdometry2D]: Robot-base odom [x,y,yaw]=[-0.020678 0.002058 0.013744]
[WARN] [1775776765.538225335] [CLaserOdometry2DNode]: Waiting for laser_scans....
[INFO] [1775776765.658372268] [CLaserOdometry2D]: execution time (ms): 20.116245
[INFO] [1775776765.658575732] [CLaserOdometry2D]: Laser odom [x,y,yaw]=[-0.020970 0.001609 0.014890]
[INFO] [1775776765.658636436] [CLaserOdometry2D]: Robot-base odom [x,y,yaw]=[-0.020970 0.001609 0.014890]
[INFO] [1775776765.758735457] [CLaserOdometry2D]: execution time (ms): 20.490637
[INFO] [1775776765.758904661] [CLaserOdometry2D]: Laser odom [x,y,yaw]=[-0.020816 0.001230 0.013854]
[INFO] [1775776765.758951976] [CLaserOdometry2D]: Robot-base odom [x,y,yaw]=[-0.020816 0.001230 0.013854]
[WARN] [1775776765.838210137] [CLaserOdometry2DNode]: Waiting for laser_scans....
[INFO] [1775776765.958346811] [CLaserOdometry2D]: execution time (ms): 20.094930
[INFO] [1775776765.958526738] [CLaserOdometry2D]: Laser odom [x,y,yaw]=[-0.021105 0.001129 0.013256]
[INFO] [1775776765.958573942] [CLaserOdometry2D]: Robot-base odom [x,y,yaw]=[-0.021105 0.001129 0.013256]
[WARN] [1775776766.038228956] [CLaserOdometry2DNode]: Waiting for laser_scans....
[INFO] [1775776766.158447760] [CLaserOdometry2D]: execution time (ms): 20.163356
[INFO] [1775776766.158642279] [CLaserOdometry2D]: Laser odom [x,y,yaw]=[-0.021685 0.001031 0.012658]
[INFO] [1775776766.158757595] [CLaserOdometry2D]: Robot-base odom [x,y,yaw]=[-0.021685 0.001031 0.012658]
[INFO] [1775776766.258803560] [CLaserOdometry2D]: execution time (ms): 20.544062
[INFO] [1775776766.258977228] [CLaserOdometry2D]: Laser odom [x,y,yaw]=[-0.021601 0.001006 0.013003]
[INFO] [1775776766.259036172] [CLaserOdometry2D]: Robot-base odom [x,y,yaw]=[-0.021601 0.001006 0.013003]
[WARN] [1775776766.338211333] [CLaserOdometry2DNode]: Waiting for laser_scans....
[INFO] [1775776766.458546581] [CLaserOdometry2D]: execution time (ms): 20.296283
[INFO] [1775776766.458736175] [CLaserOdometry2D]: Laser odom [x,y,yaw]=[-0.021370 0.000817 0.012231]
[INFO] [1775776766.458791546] [CLaserOdometry2D]: Robot-base odom [x,y,yaw]=[-0.021370 0.000817 0.012231]
[WARN] [1775776766.538213578] [CLaserOdometry2DNode]: Waiting for laser_scans....
[INFO] [1775776766.658602419] [CLaserOdometry2D]: execution time (ms): 20.353654
[INFO] [1775776766.658806050] [CLaserOdometry2D]: Laser odom [x,y,yaw]=[-0.020979 0.001093 0.011633]
[INFO] [1775776766.658859272] [CLaserOdometry2D]: Robot-base odom [x,y,yaw]=[-0.020979 0.001093 0.011633]
[INFO] [1775776766.758644681] [CLaserOdometry2D]: execution time (ms): 20.388284
[INFO] [1775776766.758816441] [CLaserOdometry2D]: Laser odom [x,y,yaw]=[-0.019891 0.000464 0.010787]
[INFO] [1775776766.758861200] [CLaserOdometry2D]: Robot-base odom [x,y,yaw]=[-0.019891 0.000464 0.010787]
[WARN] [1775776766.838247121] [CLaserOdometry2DNode]: Waiting for laser_scans....
[INFO] [1775776766.958306998] [CLaserOdometry2D]: execution time (ms): 20.034893
[INFO] [1775776766.958498092] [CLaserOdometry2D]: Laser odom [x,y,yaw]=[-0.020333 0.000368 0.009205]
[INFO] [1775776766.958558259] [CLaserOdometry2D]: Robot-base odom [x,y,yaw]=[-0.020333 0.000368 0.009205]
[INFO] [1775776767.058493057] [CLaserOdometry2D]: execution time (ms): 20.239524
[INFO] [1775776767.058688558] [CLaserOdometry2D]: Laser odom [x,y,yaw]=[-0.019758 -0.000159 0.007252]
[INFO] [1775776767.058745262] [CLaserOdometry2D]: Robot-base odom [x,y,yaw]=[-0.019758 -0.000159 0.007252]
[WARN] [1775776767.138209961] [CLaserOdometry2DNode]: Waiting for laser_scans....
[INFO] [1775776767.258799284] [CLaserOdometry2D]: execution time (ms): 20.555988
[INFO] [1775776767.258973637] [CLaserOdometry2D]: Laser odom [x,y,yaw]=[-0.020170 -0.000520 0.006654]
[INFO] [1775776767.259023174] [CLaserOdometry2D]: Robot-base odom [x,y,yaw]=[-0.020170 -0.000520 0.006654]
[WARN] [1775776767.338211131] [CLaserOdometry2DNode]: Waiting for laser_scans....
[INFO] [1775776767.458415750] [CLaserOdometry2D]: execution time (ms): 20.143338
[INFO] [1775776767.458602825] [CLaserOdometry2D]: Laser odom [x,y,yaw]=[-0.019222 -0.000624 0.007426]
[INFO] [1775776767.458675732] [CLaserOdometry2D]: Robot-base odom [x,y,yaw]=[-0.019222 -0.000624 0.007426]
[INFO] [1775776767.558223658] [CLaserOdometry2D]: execution time (ms): 19.951300
[INFO] [1775776767.558399400] [CLaserOdometry2D]: Laser odom [x,y,yaw]=[-0.020195 -0.001100 0.005770]
[INFO] [1775776767.558450511] [CLaserOdometry2D]: Robot-base odom [x,y,yaw]=[-0.020195 -0.001100 0.005770]
[WARN] [1775776767.638220693] [CLaserOdometry2DNode]: Waiting for laser_scans....
[INFO] [1775776767.758308163] [CLaserOdometry2D]: execution time (ms): 20.058430
[INFO] [1775776767.758504164] [CLaserOdometry2D]: Laser odom [x,y,yaw]=[-0.019507 -0.001684 0.005770]
[INFO] [1775776767.758562720] [CLaserOdometry2D]: Robot-base odom [x,y,yaw]=[-0.019507 -0.001684 0.005770]
[INFO] [1775776767.858813038] [CLaserOdometry2D]: execution time (ms): 20.566173
[INFO] [1775776767.858998650] [CLaserOdometry2D]: Laser odom [x,y,yaw]=[-0.020157 -0.001842 0.004305]
[INFO] [1775776767.859051668] [CLaserOdometry2D]: Robot-base odom [x,y,yaw]=[-0.020157 -0.001842 0.004305]
[WARN] [1775776767.938211366] [CLaserOdometry2DNode]: Waiting for laser_scans....
[INFO] [1775776768.058469448] [CLaserOdometry2D]: execution time (ms): 20.179116
[INFO] [1775776768.058668782] [CLaserOdometry2D]: Laser odom [x,y,yaw]=[-0.019711 -0.002250 0.003707]
[INFO] [1775776768.058723875] [CLaserOdometry2D]: Robot-base odom [x,y,yaw]=[-0.019711 -0.002250 0.003707]
[WARN] [1775776768.138220555] [CLaserOdometry2DNode]: Waiting for laser_scans....
[INFO] [1775776768.253774262] [CLaserOdometry2D]: execution time (ms): 15.584038
[INFO] [1775776768.253946541] [CLaserOdometry2D]: Laser odom [x,y,yaw]=[-0.019078 -0.002234 0.003707]
[INFO] [1775776768.253998726] [CLaserOdometry2D]: Robot-base odom [x,y,yaw]=[-0.019078 -0.002234 0.003707]
[INFO] [1775776768.358645973] [CLaserOdometry2D]: execution time (ms): 20.380710
[INFO] [1775776768.358892345] [CLaserOdometry2D]: Laser odom [x,y,yaw]=[-0.019229 -0.001635 0.005720]
[INFO] [1775776768.358962308] [CLaserOdometry2D]: Robot-base odom [x,y,yaw]=[-0.019229 -0.001635 0.005720]
[WARN] [1775776768.438219654] [CLaserOdometry2DNode]: Waiting for laser_scans....
[INFO] [1775776768.558690144] [CLaserOdometry2D]: execution time (ms): 20.435136
[INFO] [1775776768.558861886] [CLaserOdometry2D]: Laser odom [x,y,yaw]=[-0.021946 -0.001167 0.006066]
[INFO] [1775776768.558913793] [CLaserOdometry2D]: Robot-base odom [x,y,yaw]=[-0.021946 -0.001167 0.006066]
[WARN] [1775776768.638235770] [CLaserOdometry2DNode]: Waiting for laser_scans....
[INFO] [1775776768.759053854] [CLaserOdometry2D]: execution time (ms): 20.807508
[INFO] [1775776768.759231169] [CLaserOdometry2D]: Laser odom [x,y,yaw]=[-0.021392 -0.001467 0.006066]
[INFO] [1775776768.759271207] [CLaserOdometry2D]: Robot-base odom [x,y,yaw]=[-0.021392 -0.001467 0.006066]
[INFO] [1775776768.858719836] [CLaserOdometry2D]: execution time (ms): 20.472988
[INFO] [1775776768.858895929] [CLaserOdometry2D]: Laser odom [x,y,yaw]=[-0.020168 -0.001590 0.005720]
[INFO] [1775776768.858937115] [CLaserOdometry2D]: Robot-base odom [x,y,yaw]=[-0.020168 -0.001590 0.005720]
[WARN] [1775776768.938249776] [CLaserOdometry2DNode]: Waiting for laser_scans....
[INFO] [1775776769.058461061] [CLaserOdometry2D]: execution time (ms): 20.205875
[INFO] [1775776769.058643858] [CLaserOdometry2D]: Laser odom [x,y,yaw]=[-0.019368 -0.001325 0.006866]
[INFO] [1775776769.058691562] [CLaserOdometry2D]: Robot-base odom [x,y,yaw]=[-0.019368 -0.001325 0.006866]
[WARN] [1775776769.138216058] [CLaserOdometry2DNode]: Waiting for laser_scans....
[INFO] [1775776769.258445139] [CLaserOdometry2D]: execution time (ms): 20.209412
[INFO] [1775776769.258613862] [CLaserOdometry2D]: Laser odom [x,y,yaw]=[-0.020030 -0.001280 0.006866]
[INFO] [1775776769.258667362] [CLaserOdometry2D]: Robot-base odom [x,y,yaw]=[-0.020030 -0.001280 0.006866]
[INFO] [1775776769.358564382] [CLaserOdometry2D]: execution time (ms): 20.314542
[INFO] [1775776769.358740235] [CLaserOdometry2D]: Laser odom [x,y,yaw]=[-0.020592 -0.001189 0.007464]
[INFO] [1775776769.358781976] [CLaserOdometry2D]: Robot-base odom [x,y,yaw]=[-0.020592 -0.001189 0.007464]
[WARN] [1775776769.438216101] [CLaserOdometry2DNode]: Waiting for laser_scans....
[INFO] [1775776769.558218422] [CLaserOdometry2D]: execution time (ms): 19.989374
[INFO] [1775776769.558387330] [CLaserOdometry2D]: Laser odom [x,y,yaw]=[-0.020900 -0.001179 0.008062]
[INFO] [1775776769.558433923] [CLaserOdometry2D]: Robot-base odom [x,y,yaw]=[-0.020900 -0.001179 0.008062]
[WARN] [1775776769.638246957] [CLaserOdometry2DNode]: Waiting for laser_scans....
[INFO] [1775776769.758688206] [CLaserOdometry2D]: execution time (ms): 20.432339
[INFO] [1775776769.758861300] [CLaserOdometry2D]: Laser odom [x,y,yaw]=[-0.020314 -0.001116 0.007026]
[INFO] [1775776769.758902874] [CLaserOdometry2D]: Robot-base odom [x,y,yaw]=[-0.020314 -0.001116 0.007026]
[INFO] [1775776769.858213558] [CLaserOdometry2D]: execution time (ms): 19.948263
[INFO] [1775776769.858401781] [CLaserOdometry2D]: Laser odom [x,y,yaw]=[-0.019962 -0.001116 0.006180]
[INFO] [1775776769.858444374] [CLaserOdometry2D]: Robot-base odom [x,y,yaw]=[-0.019962 -0.001116 0.006180]
[WARN] [1775776769.938216463] [CLaserOdometry2DNode]: Waiting for laser_scans....
[INFO] [1775776770.058733990] [CLaserOdometry2D]: execution time (ms): 20.488525
[INFO] [1775776770.058906324] [CLaserOdometry2D]: Laser odom [x,y,yaw]=[-0.020675 -0.000650 0.007216]
[INFO] [1775776770.058947269] [CLaserOdometry2D]: Robot-base odom [x,y,yaw]=[-0.020675 -0.000650 0.007216]
[INFO] [1775776770.157933470] [CLaserOdometry2D]: execution time (ms): 19.688318
[INFO] [1775776770.158100397] [CLaserOdometry2D]: Laser odom [x,y,yaw]=[-0.021074 -0.000685 0.005879]
[INFO] [1775776770.158143212] [CLaserOdometry2D]: Robot-base odom [x,y,yaw]=[-0.021074 -0.000685 0.005879]
[WARN] [1775776770.238214488] [CLaserOdometry2DNode]: Waiting for laser_scans....
[INFO] [1775776770.358378161] [CLaserOdometry2D]: execution time (ms): 20.097653
[INFO] [1775776770.358608496] [CLaserOdometry2D]: Laser odom [x,y,yaw]=[-0.021029 -0.000802 0.004843]
[INFO] [1775776770.358686033] [CLaserOdometry2D]: Robot-base odom [x,y,yaw]=[-0.021029 -0.000802 0.004843]
[WARN] [1775776770.438222103] [CLaserOdometry2DNode]: Waiting for laser_scans....
[INFO] [1775776770.558282276] [CLaserOdometry2D]: execution time (ms): 20.056967
[INFO] [1775776770.558466703] [CLaserOdometry2D]: Laser odom [x,y,yaw]=[-0.020646 -0.000617 0.005188]
[INFO] [1775776770.558526389] [CLaserOdometry2D]: Robot-base odom [x,y,yaw]=[-0.020646 -0.000617 0.005188]
[INFO] [1775776770.658793762] [CLaserOdometry2D]: execution time (ms): 20.549229
[INFO] [1775776770.658964282] [CLaserOdometry2D]: Laser odom [x,y,yaw]=[-0.020056 -0.000906 0.006165]
[INFO] [1775776770.659009782] [CLaserOdometry2D]: Robot-base odom [x,y,yaw]=[-0.020056 -0.000906 0.006165]
[WARN] [1775776770.738206146] [CLaserOdometry2DNode]: Waiting for laser_scans....
[INFO] [1775776770.858346042] [CLaserOdometry2D]: execution time (ms): 20.108264
[INFO] [1775776770.858525598] [CLaserOdometry2D]: Laser odom [x,y,yaw]=[-0.020579 -0.000690 0.005474]
[INFO] [1775776770.858575376] [CLaserOdometry2D]: Robot-base odom [x,y,yaw]=[-0.020579 -0.000690 0.005474]
[WARN] [1775776770.938206687] [CLaserOdometry2DNode]: Waiting for laser_scans....
[INFO] [1775776771.058321602] [CLaserOdometry2D]: execution time (ms): 20.074171
[INFO] [1775776771.058503769] [CLaserOdometry2D]: Laser odom [x,y,yaw]=[-0.020156 -0.000951 0.005129]
[INFO] [1775776771.058553584] [CLaserOdometry2D]: Robot-base odom [x,y,yaw]=[-0.020156 -0.000951 0.005129]
[INFO] [1775776771.158620050] [CLaserOdometry2D]: execution time (ms): 20.330784
[INFO] [1775776771.158804643] [CLaserOdometry2D]: Laser odom [x,y,yaw]=[-0.019853 -0.000740 0.006325]
[INFO] [1775776771.158848847] [CLaserOdometry2D]: Robot-base odom [x,y,yaw]=[-0.019853 -0.000740 0.006325]
[WARN] [1775776771.238209953] [CLaserOdometry2DNode]: Waiting for laser_scans....
[INFO] [1775776771.358237422] [CLaserOdometry2D]: execution time (ms): 20.003893
[INFO] [1775776771.358414701] [CLaserOdometry2D]: Laser odom [x,y,yaw]=[-0.020165 -0.000380 0.007238]
[INFO] [1775776771.358457683] [CLaserOdometry2D]: Robot-base odom [x,y,yaw]=[-0.020165 -0.000380 0.007238]
[WARN] [1775776771.438207364] [CLaserOdometry2DNode]: Waiting for laser_scans....
[INFO] [1775776771.558742855] [CLaserOdometry2D]: execution time (ms): 20.519544
[INFO] [1775776771.558914393] [CLaserOdometry2D]: Laser odom [x,y,yaw]=[-0.019907 -0.000364 0.007238]
[INFO] [1775776771.558964708] [CLaserOdometry2D]: Robot-base odom [x,y,yaw]=[-0.019907 -0.000364 0.007238]
[INFO] [1775776771.658466559] [CLaserOdometry2D]: execution time (ms): 20.214820
[INFO] [1775776771.658655505] [CLaserOdometry2D]: Laser odom [x,y,yaw]=[-0.019751 -0.000494 0.007584]
[INFO] [1775776771.658708468] [CLaserOdometry2D]: Robot-base odom [x,y,yaw]=[-0.019751 -0.000494 0.007584]
[WARN] [1775776771.738241130] [CLaserOdometry2DNode]: Waiting for laser_scans....
[INFO] [1775776771.858913066] [CLaserOdometry2D]: execution time (ms): 20.659470
[INFO] [1775776771.859089715] [CLaserOdometry2D]: Laser odom [x,y,yaw]=[-0.020197 -0.000252 0.008675]
[INFO] [1775776771.859133307] [CLaserOdometry2D]: Robot-base odom [x,y,yaw]=[-0.020197 -0.000252 0.008675]
[WARN] [1775776771.938212319] [CLaserOdometry2DNode]: Waiting for laser_scans....
[INFO] [1775776772.058836680] [CLaserOdometry2D]: execution time (ms): 20.587081
[INFO] [1775776772.059024941] [CLaserOdometry2D]: Laser odom [x,y,yaw]=[-0.019916 -0.000635 0.006692]
[INFO] [1775776772.059072904] [CLaserOdometry2D]: Robot-base odom [x,y,yaw]=[-0.019916 -0.000635 0.006692]
[INFO] [1775776772.158497977] [CLaserOdometry2D]: execution time (ms): 20.250857
[INFO] [1775776772.158677441] [CLaserOdometry2D]: Laser odom [x,y,yaw]=[-0.020342 -0.001284 0.005227]
[INFO] [1775776772.158721200] [CLaserOdometry2D]: Robot-base odom [x,y,yaw]=[-0.020342 -0.001284 0.005227]
[WARN] [1775776772.238205751] [CLaserOdometry2DNode]: Waiting for laser_scans....
[INFO] [1775776772.358798131] [CLaserOdometry2D]: execution time (ms): 20.556303
[INFO] [1775776772.358980780] [CLaserOdometry2D]: Laser odom [x,y,yaw]=[-0.022615 -0.001249 0.004882]
[INFO] [1775776772.359024317] [CLaserOdometry2D]: Robot-base odom [x,y,yaw]=[-0.022615 -0.001249 0.004882]
[WARN] [1775776772.438241885] [CLaserOdometry2DNode]: Waiting for laser_scans....
[INFO] [1775776772.558614319] [CLaserOdometry2D]: execution time (ms): 20.364265
[INFO] [1775776772.558809228] [CLaserOdometry2D]: Laser odom [x,y,yaw]=[-0.020362 -0.001985 0.005370]
[INFO] [1775776772.558861006] [CLaserOdometry2D]: Robot-base odom [x,y,yaw]=[-0.020362 -0.001985 0.005370]
[WARN] [1775776772.638218538] [CLaserOdometry2DNode]: Waiting for laser_scans....
[INFO] [1775776772.758830269] [CLaserOdometry2D]: execution time (ms): 20.585470
[INFO] [1775776772.759024233] [CLaserOdometry2D]: Laser odom [x,y,yaw]=[-0.021276 -0.002889 0.004598]
[INFO] [1775776772.759082437] [CLaserOdometry2D]: Robot-base odom [x,y,yaw]=[-0.021276 -0.002889 0.004598]
[INFO] [1775776772.858320028] [CLaserOdometry2D]: execution time (ms): 20.063208
[INFO] [1775776772.858508473] [CLaserOdometry2D]: Laser odom [x,y,yaw]=[-0.021771 -0.002839 0.004110]
[INFO] [1775776772.858561029] [CLaserOdometry2D]: Robot-base odom [x,y,yaw]=[-0.021771 -0.002839 0.004110]
[WARN] [1775776772.938221099] [CLaserOdometry2DNode]: Waiting for laser_scans....
[INFO] [1775776773.059020924] [CLaserOdometry2D]: execution time (ms): 20.735563
[INFO] [1775776773.059197462] [CLaserOdometry2D]: Laser odom [x,y,yaw]=[-0.019540 -0.003016 0.003018]
[INFO] [1775776773.059250777] [CLaserOdometry2D]: Robot-base odom [x,y,yaw]=[-0.019540 -0.003016 0.003018]
[WARN] [1775776773.138247881] [CLaserOdometry2DNode]: Waiting for laser_scans....
[INFO] [1775776773.258811057] [CLaserOdometry2D]: execution time (ms): 20.553914
[INFO] [1775776773.258991336] [CLaserOdometry2D]: Laser odom [x,y,yaw]=[-0.017458 -0.002895 0.001982]
[INFO] [1775776773.259038854] [CLaserOdometry2D]: Robot-base odom [x,y,yaw]=[-0.017458 -0.002895 0.001982]
[WARN] [1775776773.338217959] [CLaserOdometry2DNode]: Waiting for laser_scans....
[INFO] [1775776773.458453152] [CLaserOdometry2D]: execution time (ms): 20.196431
[INFO] [1775776773.458656616] [CLaserOdometry2D]: Laser odom [x,y,yaw]=[-0.017591 -0.003016 0.000645]
[INFO] [1775776773.458775765] [CLaserOdometry2D]: Robot-base odom [x,y,yaw]=[-0.017591 -0.003016 0.000645]
[INFO] [1775776773.559027805] [CLaserOdometry2D]: execution time (ms): 20.777545
[INFO] [1775776773.559202843] [CLaserOdometry2D]: Laser odom [x,y,yaw]=[-0.016235 -0.003234 -0.000692]
[INFO] [1775776773.559251880] [CLaserOdometry2D]: Robot-base odom [x,y,yaw]=[-0.016235 -0.003234 -0.000692]
[WARN] [1775776773.638208873] [CLaserOdometry2DNode]: Waiting for laser_scans....
[INFO] [1775776773.759426181] [CLaserOdometry2D]: execution time (ms): 21.188417
[INFO] [1775776773.759604960] [CLaserOdometry2D]: Laser odom [x,y,yaw]=[-0.015527 -0.002622 -0.000347]
[INFO] [1775776773.759672331] [CLaserOdometry2D]: Robot-base odom [x,y,yaw]=[-0.015527 -0.002622 -0.000347]
[WARN] [1775776773.838234951] [CLaserOdometry2DNode]: Waiting for laser_scans....
[INFO] [1775776773.958746423] [CLaserOdometry2D]: execution time (ms): 20.457451
[INFO] [1775776773.958924368] [CLaserOdometry2D]: Laser odom [x,y,yaw]=[-0.015698 -0.001782 0.001158]
[INFO] [1775776773.958984072] [CLaserOdometry2D]: Robot-base odom [x,y,yaw]=[-0.015698 -0.001782 0.001158]
[WARN] [1775776774.038220030] [CLaserOdometry2DNode]: Waiting for laser_scans....
[INFO] [1775776774.159159077] [CLaserOdometry2D]: execution time (ms): 20.902675
[INFO] [1775776774.159345467] [CLaserOdometry2D]: Laser odom [x,y,yaw]=[-0.016329 -0.001101 0.002539]
[INFO] [1775776774.159397912] [CLaserOdometry2D]: Robot-base odom [x,y,yaw]=[-0.016329 -0.001101 0.002539]
[WARN] [1775776774.238209423] [CLaserOdometry2DNode]: Waiting for laser_scans....
[INFO] [1775776774.358805024] [CLaserOdometry2D]: execution time (ms): 20.564525
[INFO] [1775776774.359001636] [CLaserOdometry2D]: Laser odom [x,y,yaw]=[-0.015451 -0.001100 0.001941]
[INFO] [1775776774.359053599] [CLaserOdometry2D]: Robot-base odom [x,y,yaw]=[-0.015451 -0.001100 0.001941]
[INFO] [1775776774.458686618] [CLaserOdometry2D]: execution time (ms): 20.440655
[INFO] [1775776774.458860564] [CLaserOdometry2D]: Laser odom [x,y,yaw]=[-0.013109 -0.001633 0.001596]
[INFO] [1775776774.458907101] [CLaserOdometry2D]: Robot-base odom [x,y,yaw]=[-0.013109 -0.001633 0.001596]
[WARN] [1775776774.538256577] [CLaserOdometry2DNode]: Waiting for laser_scans....
[INFO] [1775776774.658657882] [CLaserOdometry2D]: execution time (ms): 20.388839
[INFO] [1775776774.658837253] [CLaserOdometry2D]: Laser odom [x,y,yaw]=[-0.013715 0.000172 0.003423]
[INFO] [1775776774.658886494] [CLaserOdometry2D]: Robot-base odom [x,y,yaw]=[-0.013715 0.000172 0.003423]
[WARN] [1775776774.738220063] [CLaserOdometry2DNode]: Waiting for laser_scans....
[INFO] [1775776774.859926558] [CLaserOdometry2D]: execution time (ms): 21.689234
[INFO] [1775776774.860116022] [CLaserOdometry2D]: Laser odom [x,y,yaw]=[-0.013839 0.000797 0.004846]
[INFO] [1775776774.860174245] [CLaserOdometry2D]: Robot-base odom [x,y,yaw]=[-0.013839 0.000797 0.004846]
[INFO] [1775776774.958814777] [CLaserOdometry2D]: execution time (ms): 20.567748
[INFO] [1775776774.959006297] [CLaserOdometry2D]: Laser odom [x,y,yaw]=[-0.014603 0.002011 0.006573]
[INFO] [1775776774.959065445] [CLaserOdometry2D]: Robot-base odom [x,y,yaw]=[-0.014603 0.002011 0.006573]
[WARN] [1775776775.038208217] [CLaserOdometry2DNode]: Waiting for laser_scans....
[INFO] [1775776775.158243723] [CLaserOdometry2D]: execution time (ms): 20.018560
[INFO] [1775776775.158419780] [CLaserOdometry2D]: Laser odom [x,y,yaw]=[-0.015055 0.002557 0.006573]
[INFO] [1775776775.158470409] [CLaserOdometry2D]: Robot-base odom [x,y,yaw]=[-0.015055 0.002557 0.006573]
[WARN] [1775776775.238248388] [CLaserOdometry2DNode]: Waiting for laser_scans....
[INFO] [1775776775.358708730] [CLaserOdometry2D]: execution time (ms): 20.430062
[INFO] [1775776775.358896027] [CLaserOdometry2D]: Laser odom [x,y,yaw]=[-0.014539 0.002544 0.007549]
[INFO] [1775776775.358959472] [CLaserOdometry2D]: Robot-base odom [x,y,yaw]=[-0.014539 0.002544 0.007549]
[INFO] [1775776775.459120289] [CLaserOdometry2D]: execution time (ms): 20.854712
[INFO] [1775776775.459292105] [CLaserOdometry2D]: Laser odom [x,y,yaw]=[-0.014277 0.002315 0.006514]
[INFO] [1775776775.459449143] [CLaserOdometry2D]: Robot-base odom [x,y,yaw]=[-0.014277 0.002315 0.006514]
[WARN] [1775776775.538204505] [CLaserOdometry2DNode]: Waiting for laser_scans....
[INFO] [1775776775.658571180] [CLaserOdometry2D]: execution time (ms): 20.336469
[INFO] [1775776775.658784218] [CLaserOdometry2D]: Laser odom [x,y,yaw]=[-0.014406 0.002403 0.005823]
[INFO] [1775776775.658843903] [CLaserOdometry2D]: Robot-base odom [x,y,yaw]=[-0.014406 0.002403 0.005823]
[INFO] [1775776775.758608089] [CLaserOdometry2D]: execution time (ms): 20.352821
[INFO] [1775776775.758784090] [CLaserOdometry2D]: Laser odom [x,y,yaw]=[-0.014547 0.002576 0.006669]
[INFO] [1775776775.758831035] [CLaserOdometry2D]: Robot-base odom [x,y,yaw]=[-0.014547 0.002576 0.006669]
[WARN] [1775776775.838243585] [CLaserOdometry2DNode]: Waiting for laser_scans....
[INFO] [1775776775.959066818] [CLaserOdometry2D]: execution time (ms): 20.781730
[INFO] [1775776775.959247893] [CLaserOdometry2D]: Laser odom [x,y,yaw]=[-0.012852 0.002469 0.005125]
[INFO] [1775776775.959296597] [CLaserOdometry2D]: Robot-base odom [x,y,yaw]=[-0.012852 0.002469 0.005125]
[WARN] [1775776776.038264590] [CLaserOdometry2DNode]: Waiting for laser_scans....
[INFO] [1775776776.159099655] [CLaserOdometry2D]: execution time (ms): 20.823157
[INFO] [1775776776.159285582] [CLaserOdometry2D]: Laser odom [x,y,yaw]=[-0.011278 0.002670 0.004089]
[INFO] [1775776776.159334212] [CLaserOdometry2D]: Robot-base odom [x,y,yaw]=[-0.011278 0.002670 0.004089]
[INFO] [1775776776.259370807] [CLaserOdometry2D]: execution time (ms): 21.112306
[INFO] [1775776776.259553308] [CLaserOdometry2D]: Laser odom [x,y,yaw]=[-0.009595 0.002658 0.003491]
[INFO] [1775776776.259609141] [CLaserOdometry2D]: Robot-base odom [x,y,yaw]=[-0.009595 0.002658 0.003491]
[WARN] [1775776776.338210448] [CLaserOdometry2DNode]: Waiting for laser_scans....
[INFO] [1775776776.458572659] [CLaserOdometry2D]: execution time (ms): 20.311802
[INFO] [1775776776.458762290] [CLaserOdometry2D]: Laser odom [x,y,yaw]=[-0.008304 0.002433 0.001765]
[INFO] [1775776776.458810457] [CLaserOdometry2D]: Robot-base odom [x,y,yaw]=[-0.008304 0.002433 0.001765]
[INFO] [1775776776.559504036] [CLaserOdometry2D]: execution time (ms): 21.239955
[INFO] [1775776776.559685907] [CLaserOdometry2D]: Laser odom [x,y,yaw]=[-0.006634 0.001243 -0.000127]
[INFO] [1775776776.559734093] [CLaserOdometry2D]: Robot-base odom [x,y,yaw]=[-0.006634 0.001243 -0.000127]
[WARN] [1775776776.638236046] [CLaserOdometry2DNode]: Waiting for laser_scans....
[INFO] [1775776776.758416535] [CLaserOdometry2D]: execution time (ms): 20.148487
[INFO] [1775776776.758592369] [CLaserOdometry2D]: Laser odom [x,y,yaw]=[-0.005922 0.001215 -0.000127]
[INFO] [1775776776.758652314] [CLaserOdometry2D]: Robot-base odom [x,y,yaw]=[-0.005922 0.001215 -0.000127]
[INFO] [1775776776.859159281] [CLaserOdometry2D]: execution time (ms): 20.908157
[INFO] [1775776776.859332412] [CLaserOdometry2D]: Laser odom [x,y,yaw]=[-0.006954 0.000288 -0.001371]
[INFO] [1775776776.859380264] [CLaserOdometry2D]: Robot-base odom [x,y,yaw]=[-0.006954 0.000288 -0.001371]
[WARN] [1775776776.938223016] [CLaserOdometry2DNode]: Waiting for laser_scans....
[INFO] [1775776777.059008229] [CLaserOdometry2D]: execution time (ms): 20.728860
[INFO] [1775776777.059186971] [CLaserOdometry2D]: Laser odom [x,y,yaw]=[-0.008035 -0.000080 -0.002616]
[INFO] [1775776777.059255267] [CLaserOdometry2D]: Robot-base odom [x,y,yaw]=[-0.008035 -0.000080 -0.002616]
[WARN] [1775776777.138222001] [CLaserOdometry2DNode]: Waiting for laser_scans....
[INFO] [1775776777.258739214] [CLaserOdometry2D]: execution time (ms): 20.452303
[INFO] [1775776777.258936992] [CLaserOdometry2D]: Laser odom [x,y,yaw]=[-0.007601 -0.000930 -0.003708]
[INFO] [1775776777.258989863] [CLaserOdometry2D]: Robot-base odom [x,y,yaw]=[-0.007601 -0.000930 -0.003708]
[INFO] [1775776777.359352885] [CLaserOdometry2D]: execution time (ms): 21.104954
[INFO] [1775776777.359524812] [CLaserOdometry2D]: Laser odom [x,y,yaw]=[-0.006128 -0.002432 -0.005599]
[INFO] [1775776777.359572960] [CLaserOdometry2D]: Robot-base odom [x,y,yaw]=[-0.006128 -0.002432 -0.005599]
[WARN] [1775776777.438212433] [CLaserOdometry2DNode]: Waiting for laser_scans....
[INFO] [1775776777.559333167] [CLaserOdometry2D]: execution time (ms): 21.059917
[INFO] [1775776777.559510612] [CLaserOdometry2D]: Laser odom [x,y,yaw]=[-0.006132 -0.002916 -0.006635]
[INFO] [1775776777.559565650] [CLaserOdometry2D]: Robot-base odom [x,y,yaw]=[-0.006132 -0.002916 -0.006635]
[INFO] [1775776777.659272650] [CLaserOdometry2D]: execution time (ms): 21.021027
[INFO] [1775776777.659456170] [CLaserOdometry2D]: Laser odom [x,y,yaw]=[-0.009195 -0.003168 -0.006037]
[INFO] [1775776777.659504114] [CLaserOdometry2D]: Robot-base odom [x,y,yaw]=[-0.009195 -0.003168 -0.006037]
[WARN] [1775776777.738213236] [CLaserOdometry2DNode]: Waiting for laser_scans....
[INFO] [1775776777.858932801] [CLaserOdometry2D]: execution time (ms): 20.680303
[INFO] [1775776777.859106802] [CLaserOdometry2D]: Laser odom [x,y,yaw]=[-0.009377 -0.002977 -0.004656]
[INFO] [1775776777.859174784] [CLaserOdometry2D]: Robot-base odom [x,y,yaw]=[-0.009377 -0.002977 -0.004656]
[WARN] [1775776777.938231666] [CLaserOdometry2DNode]: Waiting for laser_scans....
[INFO] [1775776778.058739526] [CLaserOdometry2D]: execution time (ms): 20.476506
[INFO] [1775776778.058919787] [CLaserOdometry2D]: Laser odom [x,y,yaw]=[-0.010604 -0.001918 -0.002829]
[INFO] [1775776778.058965361] [CLaserOdometry2D]: Robot-base odom [x,y,yaw]=[-0.010604 -0.001918 -0.002829]
[INFO] [1775776778.158255711] [CLaserOdometry2D]: execution time (ms): 19.989134
[INFO] [1775776778.158433490] [CLaserOdometry2D]: Laser odom [x,y,yaw]=[-0.011399 -0.000925 -0.001584]
[INFO] [1775776778.158480509] [CLaserOdometry2D]: Robot-base odom [x,y,yaw]=[-0.011399 -0.000925 -0.001584]
[WARN] [1775776778.238224691] [CLaserOdometry2DNode]: Waiting for laser_scans....
[INFO] [1775776778.358727625] [CLaserOdometry2D]: execution time (ms): 20.472062
[INFO] [1775776778.358980497] [CLaserOdometry2D]: Laser odom [x,y,yaw]=[-0.010718 0.000002 -0.002729]
[INFO] [1775776778.359050590] [CLaserOdometry2D]: Robot-base odom [x,y,yaw]=[-0.010718 0.000002 -0.002729]
[INFO] [1775776778.459038221] [CLaserOdometry2D]: execution time (ms): 20.782990
[INFO] [1775776778.459213574] [CLaserOdometry2D]: Laser odom [x,y,yaw]=[-0.008928 0.000282 -0.003327]
[INFO] [1775776778.459263704] [CLaserOdometry2D]: Robot-base odom [x,y,yaw]=[-0.008928 0.000282 -0.003327]
[WARN] [1775776778.538212382] [CLaserOdometry2DNode]: Waiting for laser_scans....
[INFO] [1775776778.658764391] [CLaserOdometry2D]: execution time (ms): 20.490488
[INFO] [1775776778.658941410] [CLaserOdometry2D]: Laser odom [x,y,yaw]=[-0.007698 0.000868 -0.002291]
[INFO] [1775776778.658992336] [CLaserOdometry2D]: Robot-base odom [x,y,yaw]=[-0.007698 0.000868 -0.002291]
[INFO] [1775776778.757986204] [CLaserOdometry2D]: execution time (ms): 19.732891
[INFO] [1775776778.758162316] [CLaserOdometry2D]: Laser odom [x,y,yaw]=[-0.006658 0.001815 -0.001601]
[INFO] [1775776778.758205872] [CLaserOdometry2D]: Robot-base odom [x,y,yaw]=[-0.006658 0.001815 -0.001601]
[WARN] [1775776778.838246462] [CLaserOdometry2DNode]: Waiting for laser_scans....
[INFO] [1775776778.959136991] [CLaserOdometry2D]: execution time (ms): 20.861360
[INFO] [1775776778.959325659] [CLaserOdometry2D]: Laser odom [x,y,yaw]=[-0.005402 0.002213 -0.002373]
[INFO] [1775776778.959375511] [CLaserOdometry2D]: Robot-base odom [x,y,yaw]=[-0.005402 0.002213 -0.002373]
[WARN] [1775776779.038214855] [CLaserOdometry2DNode]: Waiting for laser_scans....
[INFO] [1775776779.158774679] [CLaserOdometry2D]: execution time (ms): 20.525192
[INFO] [1775776779.158950680] [CLaserOdometry2D]: Laser odom [x,y,yaw]=[-0.005596 0.003043 -0.002718]
[INFO] [1775776779.159007069] [CLaserOdometry2D]: Robot-base odom [x,y,yaw]=[-0.005596 0.003043 -0.002718]
[INFO] [1775776779.258520976] [CLaserOdometry2D]: execution time (ms): 20.270005
[INFO] [1775776779.258709755] [CLaserOdometry2D]: Laser odom [x,y,yaw]=[-0.004871 0.003510 -0.002718]
[INFO] [1775776779.258763403] [CLaserOdometry2D]: Robot-base odom [x,y,yaw]=[-0.004871 0.003510 -0.002718]
[WARN] [1775776779.338226213] [CLaserOdometry2DNode]: Waiting for laser_scans....
[INFO] [1775776779.458978983] [CLaserOdometry2D]: execution time (ms): 20.698471
[INFO] [1775776779.459156113] [CLaserOdometry2D]: Laser odom [x,y,yaw]=[-0.004811 0.004276 -0.002718]
[INFO] [1775776779.459207947] [CLaserOdometry2D]: Robot-base odom [x,y,yaw]=[-0.004811 0.004276 -0.002718]
[INFO] [1775776779.558560242] [CLaserOdometry2D]: execution time (ms): 20.293043
[INFO] [1775776779.558738983] [CLaserOdometry2D]: Laser odom [x,y,yaw]=[-0.004432 0.004560 -0.002718]
[INFO] [1775776779.558805669] [CLaserOdometry2D]: Robot-base odom [x,y,yaw]=[-0.004432 0.004560 -0.002718]
[WARN] [1775776779.638226312] [CLaserOdometry2DNode]: Waiting for laser_scans....
[INFO] [1775776779.759098545] [CLaserOdometry2D]: execution time (ms): 20.840101
[INFO] [1775776779.759275064] [CLaserOdometry2D]: Laser odom [x,y,yaw]=[-0.003655 0.006026 -0.003064]
[INFO] [1775776779.759320435] [CLaserOdometry2D]: Robot-base odom [x,y,yaw]=[-0.003655 0.006026 -0.003064]
[INFO] [1775776779.858467081] [CLaserOdometry2D]: execution time (ms): 20.219839
[INFO] [1775776779.858645545] [CLaserOdometry2D]: Laser odom [x,y,yaw]=[-0.003182 0.007363 -0.002291]
[INFO] [1775776779.858701489] [CLaserOdometry2D]: Robot-base odom [x,y,yaw]=[-0.003182 0.007363 -0.002291]
[WARN] [1775776779.938216930] [CLaserOdometry2DNode]: Waiting for laser_scans....
[INFO] [1775776780.058217473] [CLaserOdometry2D]: execution time (ms): 19.955523
[INFO] [1775776780.058390733] [CLaserOdometry2D]: Laser odom [x,y,yaw]=[-0.003645 0.009550 -0.000786]
[INFO] [1775776780.058436585] [CLaserOdometry2D]: Robot-base odom [x,y,yaw]=[-0.003645 0.009550 -0.000786]
[WARN] [1775776780.138215286] [CLaserOdometry2DNode]: Waiting for laser_scans....
[INFO] [1775776780.258856295] [CLaserOdometry2D]: execution time (ms): 20.599488
[INFO] [1775776780.259092333] [CLaserOdometry2D]: Laser odom [x,y,yaw]=[-0.004112 0.009212 0.000796]
[INFO] [1775776780.259156148] [CLaserOdometry2D]: Robot-base odom [x,y,yaw]=[-0.004112 0.009212 0.000796]
[INFO] [1775776780.358522943] [CLaserOdometry2D]: execution time (ms): 20.272728
[INFO] [1775776780.358714944] [CLaserOdometry2D]: Laser odom [x,y,yaw]=[-0.005368 0.008408 0.001284]
[INFO] [1775776780.358786982] [CLaserOdometry2D]: Robot-base odom [x,y,yaw]=[-0.005368 0.008408 0.001284]
[WARN] [1775776780.438210107] [CLaserOdometry2DNode]: Waiting for laser_scans....
[INFO] [1775776780.558718560] [CLaserOdometry2D]: execution time (ms): 20.472117
[INFO] [1775776780.558892190] [CLaserOdometry2D]: Laser odom [x,y,yaw]=[-0.006402 0.007211 0.000796]
[INFO] [1775776780.558937468] [CLaserOdometry2D]: Robot-base odom [x,y,yaw]=[-0.006402 0.007211 0.000796]
[INFO] [1775776780.658857433] [CLaserOdometry2D]: execution time (ms): 20.604415
[INFO] [1775776780.659044248] [CLaserOdometry2D]: Laser odom [x,y,yaw]=[-0.006539 0.006326 -0.000786]
[INFO] [1775776780.659105378] [CLaserOdometry2D]: Robot-base odom [x,y,yaw]=[-0.006539 0.006326 -0.000786]
[WARN] [1775776780.738213946] [CLaserOdometry2DNode]: Waiting for laser_scans....
[INFO] [1775776780.858639436] [CLaserOdometry2D]: execution time (ms): 20.361098
[INFO] [1775776780.858808251] [CLaserOdometry2D]: Laser odom [x,y,yaw]=[-0.007689 0.005373 -0.000298]
[INFO] [1775776780.858853492] [CLaserOdometry2D]: Robot-base odom [x,y,yaw]=[-0.007689 0.005373 -0.000298]
[WARN] [1775776780.938250913] [CLaserOdometry2DNode]: Waiting for laser_scans....
[INFO] [1775776781.058137752] [CLaserOdometry2D]: execution time (ms): 19.870578
[INFO] [1775776781.058317587] [CLaserOdometry2D]: Laser odom [x,y,yaw]=[-0.008684 0.003833 -0.001144]
[INFO] [1775776781.058367550] [CLaserOdometry2D]: Robot-base odom [x,y,yaw]=[-0.008684 0.003833 -0.001144]
[INFO] [1775776781.159150204] [CLaserOdometry2D]: execution time (ms): 20.900323
[INFO] [1775776781.159329223] [CLaserOdometry2D]: Laser odom [x,y,yaw]=[-0.008337 0.004860 -0.000453]
[INFO] [1775776781.159375057] [CLaserOdometry2D]: Robot-base odom [x,y,yaw]=[-0.008337 0.004860 -0.000453]
[WARN] [1775776781.238212123] [CLaserOdometry2DNode]: Waiting for laser_scans....
[INFO] [1775776781.359150671] [CLaserOdometry2D]: execution time (ms): 20.895212
[INFO] [1775776781.359326172] [CLaserOdometry2D]: Laser odom [x,y,yaw]=[-0.009102 0.005903 0.001341]
[INFO] [1775776781.359373728] [CLaserOdometry2D]: Robot-base odom [x,y,yaw]=[-0.009102 0.005903 0.001341]
[INFO] [1775776781.459006302] [CLaserOdometry2D]: execution time (ms): 20.722600
[INFO] [1775776781.459180414] [CLaserOdometry2D]: Laser odom [x,y,yaw]=[-0.007911 0.006055 0.000995]
[INFO] [1775776781.459238896] [CLaserOdometry2D]: Robot-base odom [x,y,yaw]=[-0.007911 0.006055 0.000995]
[WARN] [1775776781.538234629] [CLaserOdometry2DNode]: Waiting for laser_scans....
[INFO] [1775776781.658338025] [CLaserOdometry2D]: execution time (ms): 20.068097
[INFO] [1775776781.658518211] [CLaserOdometry2D]: Laser odom [x,y,yaw]=[-0.007901 0.006488 0.001767]
[INFO] [1775776781.658568859] [CLaserOdometry2D]: Robot-base odom [x,y,yaw]=[-0.007901 0.006488 0.001767]
[INFO] [1775776781.759053419] [CLaserOdometry2D]: execution time (ms): 20.763415
[INFO] [1775776781.759241920] [CLaserOdometry2D]: Laser odom [x,y,yaw]=[-0.007557 0.008737 0.000922]
[INFO] [1775776781.759301439] [CLaserOdometry2D]: Robot-base odom [x,y,yaw]=[-0.007557 0.008737 0.000922]
[WARN] [1775776781.838227599] [CLaserOdometry2DNode]: Waiting for laser_scans....
[INFO] [1775776781.958687477] [CLaserOdometry2D]: execution time (ms): 20.418191
[INFO] [1775776781.958884201] [CLaserOdometry2D]: Laser odom [x,y,yaw]=[-0.007244 0.008440 -0.000459]
[INFO] [1775776781.958935590] [CLaserOdometry2D]: Robot-base odom [x,y,yaw]=[-0.007244 0.008440 -0.000459]
[WARN] [1775776782.038227214] [CLaserOdometry2DNode]: Waiting for laser_scans....
[INFO] [1775776782.157617069] [CLaserOdometry2D]: execution time (ms): 19.359872
[INFO] [1775776782.157799403] [CLaserOdometry2D]: Laser odom [x,y,yaw]=[-0.003195 0.009205 -0.003066]
[INFO] [1775776782.157846181] [CLaserOdometry2D]: Robot-base odom [x,y,yaw]=[-0.003195 0.009205 -0.003066]
[INFO] [1775776782.257989554] [CLaserOdometry2D]: execution time (ms): 19.710336
[INFO] [1775776782.258161000] [CLaserOdometry2D]: Laser odom [x,y,yaw]=[-0.010623 0.021941 -0.002153]
[INFO] [1775776782.258211370] [CLaserOdometry2D]: Robot-base odom [x,y,yaw]=[-0.010623 0.021941 -0.002153]
[WARN] [1775776782.338261646] [CLaserOdometry2DNode]: Waiting for laser_scans....
[INFO] [1775776782.457418945] [CLaserOdometry2D]: execution time (ms): 19.142000
[INFO] [1775776782.457604168] [CLaserOdometry2D]: Laser odom [x,y,yaw]=[-0.015361 0.029493 -0.003129]
[INFO] [1775776782.457668575] [CLaserOdometry2D]: Robot-base odom [x,y,yaw]=[-0.015361 0.029493 -0.003129]
[INFO] [1775776782.558089042] [CLaserOdometry2D]: execution time (ms): 19.826189
[INFO] [1775776782.558264766] [CLaserOdometry2D]: Laser odom [x,y,yaw]=[-0.018408 0.036476 -0.004106]
[INFO] [1775776782.558345692] [CLaserOdometry2D]: Robot-base odom [x,y,yaw]=[-0.018408 0.036476 -0.004106]
[WARN] [1775776782.638220578] [CLaserOdometry2DNode]: Waiting for laser_scans....
[INFO] [1775776782.757817360] [CLaserOdometry2D]: execution time (ms): 19.553280
[INFO] [1775776782.757994342] [CLaserOdometry2D]: Laser odom [x,y,yaw]=[-0.018288 0.039187 -0.004106]
[INFO] [1775776782.758038546] [CLaserOdometry2D]: Robot-base odom [x,y,yaw]=[-0.018288 0.039187 -0.004106]
[INFO] [1775776782.857303545] [CLaserOdometry2D]: execution time (ms): 19.044629
[INFO] [1775776782.857477638] [CLaserOdometry2D]: Laser odom [x,y,yaw]=[-0.020702 0.040342 -0.004878]
[INFO] [1775776782.857524194] [CLaserOdometry2D]: Robot-base odom [x,y,yaw]=[-0.020702 0.040342 -0.004878]
[WARN] [1775776782.938219788] [CLaserOdometry2DNode]: Waiting for laser_scans....
[INFO] [1775776783.057741422] [CLaserOdometry2D]: execution time (ms): 19.477723
[INFO] [1775776783.057916496] [CLaserOdometry2D]: Laser odom [x,y,yaw]=[-0.021395 0.041273 -0.005650]
[INFO] [1775776783.057957534] [CLaserOdometry2D]: Robot-base odom [x,y,yaw]=[-0.021395 0.041273 -0.005650]
[WARN] [1775776783.138228866] [CLaserOdometry2DNode]: Waiting for laser_scans....
[INFO] [1775776783.257590018] [CLaserOdometry2D]: execution time (ms): 19.347038
[INFO] [1775776783.257788130] [CLaserOdometry2D]: Laser odom [x,y,yaw]=[-0.018852 0.040983 -0.006422]
[INFO] [1775776783.257839259] [CLaserOdometry2D]: Robot-base odom [x,y,yaw]=[-0.018852 0.040983 -0.006422]
[INFO] [1775776783.358107059] [CLaserOdometry2D]: execution time (ms): 19.859930
[INFO] [1775776783.358339208] [CLaserOdometry2D]: Laser odom [x,y,yaw]=[-0.018637 0.040585 -0.006767]
[INFO] [1775776783.358389412] [CLaserOdometry2D]: Robot-base odom [x,y,yaw]=[-0.018637 0.040585 -0.006767]
[WARN] [1775776783.438214613] [CLaserOdometry2DNode]: Waiting for laser_scans....
[INFO] [1775776783.558354268] [CLaserOdometry2D]: execution time (ms): 20.118671
[INFO] [1775776783.558524454] [CLaserOdometry2D]: Laser odom [x,y,yaw]=[-0.016988 0.039838 -0.006169]
[INFO] [1775776783.558567862] [CLaserOdometry2D]: Robot-base odom [x,y,yaw]=[-0.016988 0.039838 -0.006169]
[INFO] [1775776783.657860212] [CLaserOdometry2D]: execution time (ms): 19.608095
[INFO] [1775776783.658033195] [CLaserOdometry2D]: Laser odom [x,y,yaw]=[-0.016839 0.039531 -0.006514]
[INFO] [1775776783.658075473] [CLaserOdometry2D]: Robot-base odom [x,y,yaw]=[-0.016839 0.039531 -0.006514]
[WARN] [1775776783.738231619] [CLaserOdometry2DNode]: Waiting for laser_scans....
[INFO] [1775776783.858476849] [CLaserOdometry2D]: execution time (ms): 20.223357
[INFO] [1775776783.858670331] [CLaserOdometry2D]: Laser odom [x,y,yaw]=[-0.016139 0.039157 -0.007286]
[INFO] [1775776783.858712887] [CLaserOdometry2D]: Robot-base odom [x,y,yaw]=[-0.016139 0.039157 -0.007286]
[INFO] [1775776783.959258262] [CLaserOdometry2D]: execution time (ms): 20.979916
[INFO] [1775776783.959442597] [CLaserOdometry2D]: Laser odom [x,y,yaw]=[-0.015102 0.038703 -0.006798]
[INFO] [1775776783.959495560] [CLaserOdometry2D]: Robot-base odom [x,y,yaw]=[-0.015102 0.038703 -0.006798]
[WARN] [1775776784.038225015] [CLaserOdometry2DNode]: Waiting for laser_scans....
[INFO] [1775776784.158918191] [CLaserOdometry2D]: execution time (ms): 20.656933
[INFO] [1775776784.159094766] [CLaserOdometry2D]: Laser odom [x,y,yaw]=[-0.015462 0.038833 -0.006798]
[INFO] [1775776784.159138247] [CLaserOdometry2D]: Robot-base odom [x,y,yaw]=[-0.015462 0.038833 -0.006798]
[WARN] [1775776784.238237722] [CLaserOdometry2DNode]: Waiting for laser_scans....
[INFO] [1775776784.359183474] [CLaserOdometry2D]: execution time (ms): 20.927138
[INFO] [1775776784.359351919] [CLaserOdometry2D]: Laser odom [x,y,yaw]=[-0.016120 0.038969 -0.006310]
[INFO] [1775776784.359395919] [CLaserOdometry2D]: Robot-base odom [x,y,yaw]=[-0.016120 0.038969 -0.006310]
[INFO] [1775776784.458860437] [CLaserOdometry2D]: execution time (ms): 20.561080
[INFO] [1775776784.459033883] [CLaserOdometry2D]: Laser odom [x,y,yaw]=[-0.016357 0.039068 -0.005333]
[INFO] [1775776784.459081087] [CLaserOdometry2D]: Robot-base odom [x,y,yaw]=[-0.016357 0.039068 -0.005333]
[WARN] [1775776784.538217154] [CLaserOdometry2DNode]: Waiting for laser_scans....
[INFO] [1775776784.659982762] [CLaserOdometry2D]: execution time (ms): 21.707679
[INFO] [1775776784.660157763] [CLaserOdometry2D]: Laser odom [x,y,yaw]=[-0.015641 0.038427 -0.004845]
[INFO] [1775776784.660206041] [CLaserOdometry2D]: Robot-base odom [x,y,yaw]=[-0.015641 0.038427 -0.004845]
[INFO] [1775776784.758473164] [CLaserOdometry2D]: execution time (ms): 20.209912
[INFO] [1775776784.758667183] [CLaserOdometry2D]: Laser odom [x,y,yaw]=[-0.016040 0.038593 -0.004154]
[INFO] [1775776784.758719943] [CLaserOdometry2D]: Robot-base odom [x,y,yaw]=[-0.016040 0.038593 -0.004154]
[WARN] [1775776784.838241105] [CLaserOdometry2DNode]: Waiting for laser_scans....
[INFO] [1775776784.959188060] [CLaserOdometry2D]: execution time (ms): 20.901693
[INFO] [1775776784.959366024] [CLaserOdometry2D]: Laser odom [x,y,yaw]=[-0.016415 0.038849 -0.003009]
[INFO] [1775776784.959413525] [CLaserOdometry2D]: Robot-base odom [x,y,yaw]=[-0.016415 0.038849 -0.003009]
[WARN] [1775776785.038225035] [CLaserOdometry2DNode]: Waiting for laser_scans....
[INFO] [1775776785.158926786] [CLaserOdometry2D]: execution time (ms): 20.663415
[INFO] [1775776785.159116342] [CLaserOdometry2D]: Laser odom [x,y,yaw]=[-0.015951 0.038710 -0.002664]
[INFO] [1775776785.159164768] [CLaserOdometry2D]: Robot-base odom [x,y,yaw]=[-0.015951 0.038710 -0.002664]
[INFO] [1775776785.258832824] [CLaserOdometry2D]: execution time (ms): 20.563210
[INFO] [1775776785.259007788] [CLaserOdometry2D]: Laser odom [x,y,yaw]=[-0.016758 0.038711 -0.003578]
[INFO] [1775776785.259121029] [CLaserOdometry2D]: Robot-base odom [x,y,yaw]=[-0.016758 0.038711 -0.003578]
[WARN] [1775776785.338233134] [CLaserOdometry2DNode]: Waiting for laser_scans....
[INFO] [1775776785.458799847] [CLaserOdometry2D]: execution time (ms): 20.536007
[INFO] [1775776785.458982996] [CLaserOdometry2D]: Laser odom [x,y,yaw]=[-0.017562 0.039311 -0.003089]
[INFO] [1775776785.459026070] [CLaserOdometry2D]: Robot-base odom [x,y,yaw]=[-0.017562 0.039311 -0.003089]
[INFO] [1775776785.558555348] [CLaserOdometry2D]: execution time (ms): 20.291783
[INFO] [1775776785.558738515] [CLaserOdometry2D]: Laser odom [x,y,yaw]=[-0.018710 0.039847 -0.002744]
[INFO] [1775776785.558783423] [CLaserOdometry2D]: Robot-base odom [x,y,yaw]=[-0.018710 0.039847 -0.002744]
[WARN] [1775776785.638259789] [CLaserOdometry2DNode]: Waiting for laser_scans....
[INFO] [1775776785.758468499] [CLaserOdometry2D]: execution time (ms): 20.169283
[INFO] [1775776785.758680612] [CLaserOdometry2D]: Laser odom [x,y,yaw]=[-0.017261 0.039630 -0.002744]
[INFO] [1775776785.758731742] [CLaserOdometry2D]: Robot-base odom [x,y,yaw]=[-0.017261 0.039630 -0.002744]
[WARN] [1775776785.838229163] [CLaserOdometry2DNode]: Waiting for laser_scans....
[INFO] [1775776785.958267169] [CLaserOdometry2D]: execution time (ms): 20.030745
[INFO] [1775776785.958451096] [CLaserOdometry2D]: Laser odom [x,y,yaw]=[-0.016989 0.039698 -0.002744]
[INFO] [1775776785.958499485] [CLaserOdometry2D]: Robot-base odom [x,y,yaw]=[-0.016989 0.039698 -0.002744]
[INFO] [1775776786.058924489] [CLaserOdometry2D]: execution time (ms): 20.658100
[INFO] [1775776786.059104120] [CLaserOdometry2D]: Laser odom [x,y,yaw]=[-0.017868 0.039497 -0.003089]
[INFO] [1775776786.059152102] [CLaserOdometry2D]: Robot-base odom [x,y,yaw]=[-0.017868 0.039497 -0.003089]
[WARN] [1775776786.138225002] [CLaserOdometry2DNode]: Waiting for laser_scans....
[INFO] [1775776786.258663437] [CLaserOdometry2D]: execution time (ms): 20.411544
[INFO] [1775776786.258848752] [CLaserOdometry2D]: Laser odom [x,y,yaw]=[-0.018343 0.039477 -0.004426]
[INFO] [1775776786.258897660] [CLaserOdometry2D]: Robot-base odom [x,y,yaw]=[-0.018343 0.039477 -0.004426]
[INFO] [1775776786.359069626] [CLaserOdometry2D]: execution time (ms): 20.787230
[INFO] [1775776786.359256479] [CLaserOdometry2D]: Laser odom [x,y,yaw]=[-0.017618 0.039103 -0.005403]
[INFO] [1775776786.359313572] [CLaserOdometry2D]: Robot-base odom [x,y,yaw]=[-0.017618 0.039103 -0.005403]
[WARN] [1775776786.438239824] [CLaserOdometry2DNode]: Waiting for laser_scans....
[INFO] [1775776786.558743425] [CLaserOdometry2D]: execution time (ms): 20.457710
[INFO] [1775776786.558921000] [CLaserOdometry2D]: Laser odom [x,y,yaw]=[-0.019913 0.039248 -0.004557]
[INFO] [1775776786.558971315] [CLaserOdometry2D]: Robot-base odom [x,y,yaw]=[-0.019913 0.039248 -0.004557]
[INFO] [1775776786.658096276] [CLaserOdometry2D]: execution time (ms): 19.793873
[INFO] [1775776786.658274462] [CLaserOdometry2D]: Laser odom [x,y,yaw]=[-0.019721 0.039240 -0.004069]
[INFO] [1775776786.658322480] [CLaserOdometry2D]: Robot-base odom [x,y,yaw]=[-0.019721 0.039240 -0.004069]
[WARN] [1775776786.738225608] [CLaserOdometry2DNode]: Waiting for laser_scans....
[INFO] [1775776786.858838265] [CLaserOdometry2D]: execution time (ms): 20.599433
[INFO] [1775776786.859018025] [CLaserOdometry2D]: Laser odom [x,y,yaw]=[-0.018114 0.038795 -0.003379]
[INFO] [1775776786.859066692] [CLaserOdometry2D]: Robot-base odom [x,y,yaw]=[-0.018114 0.038795 -0.003379]
[WARN] [1775776786.938215945] [CLaserOdometry2DNode]: Waiting for laser_scans....
[INFO] [1775776787.059052826] [CLaserOdometry2D]: execution time (ms): 20.766360
[INFO] [1775776787.059242419] [CLaserOdometry2D]: Laser odom [x,y,yaw]=[-0.018259 0.039412 -0.002890]
[INFO] [1775776787.059321105] [CLaserOdometry2D]: Robot-base odom [x,y,yaw]=[-0.018259 0.039412 -0.002890]
[INFO] [1775776787.158790660] [CLaserOdometry2D]: execution time (ms): 20.540858
[INFO] [1775776787.158966049] [CLaserOdometry2D]: Laser odom [x,y,yaw]=[-0.019079 0.039635 -0.002890]
[INFO] [1775776787.159015790] [CLaserOdometry2D]: Robot-base odom [x,y,yaw]=[-0.019079 0.039635 -0.002890]
[WARN] [1775776787.238221970] [CLaserOdometry2DNode]: Waiting for laser_scans....
[INFO] [1775776787.358944202] [CLaserOdometry2D]: execution time (ms): 20.683674
[INFO] [1775776787.359120332] [CLaserOdometry2D]: Laser odom [x,y,yaw]=[-0.019029 0.039584 -0.002890]
[INFO] [1775776787.359179481] [CLaserOdometry2D]: Robot-base odom [x,y,yaw]=[-0.019029 0.039584 -0.002890]
[INFO] [1775776787.459188797] [CLaserOdometry2D]: execution time (ms): 20.919990
[INFO] [1775776787.459370576] [CLaserOdometry2D]: Laser odom [x,y,yaw]=[-0.019546 0.039822 -0.004355]
[INFO] [1775776787.459419150] [CLaserOdometry2D]: Robot-base odom [x,y,yaw]=[-0.019546 0.039822 -0.004355]
[WARN] [1775776787.538211605] [CLaserOdometry2DNode]: Waiting for laser_scans....
[INFO] [1775776787.658300594] [CLaserOdometry2D]: execution time (ms): 20.054282
[INFO] [1775776787.658481094] [CLaserOdometry2D]: Laser odom [x,y,yaw]=[-0.018931 0.039583 -0.002433]
[INFO] [1775776787.658530039] [CLaserOdometry2D]: Robot-base odom [x,y,yaw]=[-0.018931 0.039583 -0.002433]
[WARN] [1775776787.738214128] [CLaserOdometry2DNode]: Waiting for laser_scans....
[INFO] [1775776787.858986453] [CLaserOdometry2D]: execution time (ms): 20.701174
[INFO] [1775776787.859248713] [CLaserOdometry2D]: Laser odom [x,y,yaw]=[-0.019389 0.039352 -0.003123]
[INFO] [1775776787.859314621] [CLaserOdometry2D]: Robot-base odom [x,y,yaw]=[-0.019389 0.039352 -0.003123]
[INFO] [1775776787.958441100] [CLaserOdometry2D]: execution time (ms): 20.135856
[INFO] [1775776787.958644861] [CLaserOdometry2D]: Laser odom [x,y,yaw]=[-0.019379 0.039266 -0.003123]
[INFO] [1775776787.958718065] [CLaserOdometry2D]: Robot-base odom [x,y,yaw]=[-0.019379 0.039266 -0.003123]
[WARN] [1775776788.038213357] [CLaserOdometry2DNode]: Waiting for laser_scans....
[INFO] [1775776788.158276567] [CLaserOdometry2D]: execution time (ms): 20.008912
[INFO] [1775776788.158469383] [CLaserOdometry2D]: Laser odom [x,y,yaw]=[-0.018588 0.039188 -0.002778]
[INFO] [1775776788.158524105] [CLaserOdometry2D]: Robot-base odom [x,y,yaw]=[-0.018588 0.039188 -0.002778]
[INFO] [1775776788.258925183] [CLaserOdometry2D]: execution time (ms): 20.676341
[INFO] [1775776788.259097091] [CLaserOdometry2D]: Laser odom [x,y,yaw]=[-0.018942 0.039090 -0.003550]
[INFO] [1775776788.259173407] [CLaserOdometry2D]: Robot-base odom [x,y,yaw]=[-0.018942 0.039090 -0.003550]
[WARN] [1775776788.338212067] [CLaserOdometry2DNode]: Waiting for laser_scans....
[INFO] [1775776788.458923872] [CLaserOdometry2D]: execution time (ms): 20.629841
[INFO] [1775776788.459107577] [CLaserOdometry2D]: Laser odom [x,y,yaw]=[-0.017700 0.039233 -0.004887]
[INFO] [1775776788.459159262] [CLaserOdometry2D]: Robot-base odom [x,y,yaw]=[-0.017700 0.039233 -0.004887]
[WARN] [1775776788.538211552] [CLaserOdometry2DNode]: Waiting for laser_scans....
[INFO] [1775776788.658938414] [CLaserOdometry2D]: execution time (ms): 20.619303
[INFO] [1775776788.659123766] [CLaserOdometry2D]: Laser odom [x,y,yaw]=[-0.017534 0.039760 -0.004542]
[INFO] [1775776788.659175137] [CLaserOdometry2D]: Robot-base odom [x,y,yaw]=[-0.017534 0.039760 -0.004542]
[INFO] [1775776788.758705378] [CLaserOdometry2D]: execution time (ms): 20.382099
[INFO] [1775776788.758893082] [CLaserOdometry2D]: Laser odom [x,y,yaw]=[-0.017656 0.040064 -0.003118]
[INFO] [1775776788.758939249] [CLaserOdometry2D]: Robot-base odom [x,y,yaw]=[-0.017656 0.040064 -0.003118]
[WARN] [1775776788.838226707] [CLaserOdometry2DNode]: Waiting for laser_scans....
[INFO] [1775776788.958615159] [CLaserOdometry2D]: execution time (ms): 20.348005
[INFO] [1775776788.958805493] [CLaserOdometry2D]: Laser odom [x,y,yaw]=[-0.017400 0.040177 -0.003118]
[INFO] [1775776788.958854271] [CLaserOdometry2D]: Robot-base odom [x,y,yaw]=[-0.017400 0.040177 -0.003118]
[INFO] [1775776789.058889422] [CLaserOdometry2D]: execution time (ms): 20.635563
[INFO] [1775776789.059121441] [CLaserOdometry2D]: Laser odom [x,y,yaw]=[-0.016957 0.039983 -0.003716]
[INFO] [1775776789.059193071] [CLaserOdometry2D]: Robot-base odom [x,y,yaw]=[-0.016957 0.039983 -0.003716]
[WARN] [1775776789.138232324] [CLaserOdometry2DNode]: Waiting for laser_scans....
[INFO] [1775776789.258986112] [CLaserOdometry2D]: execution time (ms): 20.681155
[INFO] [1775776789.259170168] [CLaserOdometry2D]: Laser odom [x,y,yaw]=[-0.016185 0.039504 -0.005260]
[INFO] [1775776789.259216335] [CLaserOdometry2D]: Robot-base odom [x,y,yaw]=[-0.016185 0.039504 -0.005260]
[WARN] [1775776789.338239254] [CLaserOdometry2DNode]: Waiting for laser_scans....
[INFO] [1775776789.458570373] [CLaserOdometry2D]: execution time (ms): 20.287117
[INFO] [1775776789.458750652] [CLaserOdometry2D]: Laser odom [x,y,yaw]=[-0.016197 0.039749 -0.005260]
[INFO] [1775776789.458799356] [CLaserOdometry2D]: Robot-base odom [x,y,yaw]=[-0.016197 0.039749 -0.005260]
[INFO] [1775776789.558914673] [CLaserOdometry2D]: execution time (ms): 20.646618
[INFO] [1775776789.559097544] [CLaserOdometry2D]: Laser odom [x,y,yaw]=[-0.014919 0.040030 -0.005606]
[INFO] [1775776789.559157915] [CLaserOdometry2D]: Robot-base odom [x,y,yaw]=[-0.014919 0.040030 -0.005606]
[WARN] [1775776789.638212019] [CLaserOdometry2DNode]: Waiting for laser_scans....
[INFO] [1775776789.758846769] [CLaserOdometry2D]: execution time (ms): 20.601284
[INFO] [1775776789.759022400] [CLaserOdometry2D]: Laser odom [x,y,yaw]=[-0.014674 0.039772 -0.006296]
[INFO] [1775776789.759070067] [CLaserOdometry2D]: Robot-base odom [x,y,yaw]=[-0.014674 0.039772 -0.006296]
[INFO] [1775776789.858800938] [CLaserOdometry2D]: execution time (ms): 20.549877
[INFO] [1775776789.858974179] [CLaserOdometry2D]: Laser odom [x,y,yaw]=[-0.015480 0.038914 -0.005808]
[INFO] [1775776789.859025291] [CLaserOdometry2D]: Robot-base odom [x,y,yaw]=[-0.015480 0.038914 -0.005808]
[WARN] [1775776789.938253118] [CLaserOdometry2DNode]: Waiting for laser_scans....
[INFO] [1775776790.059320982] [CLaserOdometry2D]: execution time (ms): 21.046583
[INFO] [1775776790.059495445] [CLaserOdometry2D]: Laser odom [x,y,yaw]=[-0.015459 0.038174 -0.007821]
[INFO] [1775776790.059542575] [CLaserOdometry2D]: Robot-base odom [x,y,yaw]=[-0.015459 0.038174 -0.007821]
[INFO] [1775776790.158486165] [CLaserOdometry2D]: execution time (ms): 20.194598
[INFO] [1775776790.158680684] [CLaserOdometry2D]: Laser odom [x,y,yaw]=[-0.012464 0.037104 -0.008966]
[INFO] [1775776790.158733573] [CLaserOdometry2D]: Robot-base odom [x,y,yaw]=[-0.012464 0.037104 -0.008966]
[WARN] [1775776790.238225310] [CLaserOdometry2DNode]: Waiting for laser_scans....
[INFO] [1775776790.358766633] [CLaserOdometry2D]: execution time (ms): 20.513840
[INFO] [1775776790.359015783] [CLaserOdometry2D]: Laser odom [x,y,yaw]=[-0.011017 0.035236 -0.010889]
[INFO] [1775776790.359079653] [CLaserOdometry2D]: Robot-base odom [x,y,yaw]=[-0.011017 0.035236 -0.010889]
[WARN] [1775776790.438215258] [CLaserOdometry2DNode]: Waiting for laser_scans....
[INFO] [1775776790.558300728] [CLaserOdometry2D]: execution time (ms): 20.036708
[INFO] [1775776790.558480136] [CLaserOdometry2D]: Laser odom [x,y,yaw]=[-0.009418 0.034104 -0.011734]
[INFO] [1775776790.558531581] [CLaserOdometry2D]: Robot-base odom [x,y,yaw]=[-0.009418 0.034104 -0.011734]
[INFO] [1775776790.658997752] [CLaserOdometry2D]: execution time (ms): 20.745563
[INFO] [1775776790.659179604] [CLaserOdometry2D]: Laser odom [x,y,yaw]=[-0.010777 0.034108 -0.011734]
[INFO] [1775776790.659227290] [CLaserOdometry2D]: Robot-base odom [x,y,yaw]=[-0.010777 0.034108 -0.011734]
[WARN] [1775776790.738214987] [CLaserOdometry2DNode]: Waiting for laser_scans....
[INFO] [1775776790.859095812] [CLaserOdometry2D]: execution time (ms): 20.825619
[INFO] [1775776790.859278442] [CLaserOdometry2D]: Laser odom [x,y,yaw]=[-0.011267 0.033520 -0.012711]
[INFO] [1775776790.859324609] [CLaserOdometry2D]: Robot-base odom [x,y,yaw]=[-0.011267 0.033520 -0.012711]
[INFO] [1775776790.958991499] [CLaserOdometry2D]: execution time (ms): 20.716971
[INFO] [1775776790.959178611] [CLaserOdometry2D]: Laser odom [x,y,yaw]=[-0.014648 0.033162 -0.013625]
[INFO] [1775776790.959221518] [CLaserOdometry2D]: Robot-base odom [x,y,yaw]=[-0.014648 0.033162 -0.013625]
[WARN] [1775776791.038211400] [CLaserOdometry2DNode]: Waiting for laser_scans....
[INFO] [1775776791.158962095] [CLaserOdometry2D]: execution time (ms): 20.717193
[INFO] [1775776791.159158189] [CLaserOdometry2D]: Laser odom [x,y,yaw]=[-0.020498 0.033190 -0.013625]
[INFO] [1775776791.159212152] [CLaserOdometry2D]: Robot-base odom [x,y,yaw]=[-0.020498 0.033190 -0.013625]
[INFO] [1775776791.258854300] [CLaserOdometry2D]: execution time (ms): 20.570155
[INFO] [1775776791.259027042] [CLaserOdometry2D]: Laser odom [x,y,yaw]=[-0.018553 0.032035 -0.015808]
[INFO] [1775776791.259067339] [CLaserOdometry2D]: Robot-base odom [x,y,yaw]=[-0.018553 0.032035 -0.015808]
[WARN] [1775776791.338227129] [CLaserOdometry2DNode]: Waiting for laser_scans....
[INFO] [1775776791.460358682] [CLaserOdometry2D]: execution time (ms): 22.084440
[INFO] [1775776791.460534757] [CLaserOdometry2D]: Laser odom [x,y,yaw]=[-0.021511 0.032044 -0.015808]
[INFO] [1775776791.460580313] [CLaserOdometry2D]: Robot-base odom [x,y,yaw]=[-0.021511 0.032044 -0.015808]
[WARN] [1775776791.538249318] [CLaserOdometry2DNode]: Waiting for laser_scans....
[INFO] [1775776791.659022902] [CLaserOdometry2D]: execution time (ms): 20.761527
[INFO] [1775776791.659198699] [CLaserOdometry2D]: Laser odom [x,y,yaw]=[-0.022624 0.032723 -0.014471]
[INFO] [1775776791.659247588] [CLaserOdometry2D]: Robot-base odom [x,y,yaw]=[-0.022624 0.032723 -0.014471]
[INFO] [1775776791.758667754] [CLaserOdometry2D]: execution time (ms): 20.418488
[INFO] [1775776791.758857496] [CLaserOdometry2D]: Laser odom [x,y,yaw]=[-0.023246 0.033688 -0.012966]
[INFO] [1775776791.758902941] [CLaserOdometry2D]: Robot-base odom [x,y,yaw]=[-0.023246 0.033688 -0.012966]
[WARN] [1775776791.838208787] [CLaserOdometry2DNode]: Waiting for laser_scans....
[INFO] [1775776791.958513906] [CLaserOdometry2D]: execution time (ms): 20.268913
[INFO] [1775776791.958706851] [CLaserOdometry2D]: Laser odom [x,y,yaw]=[-0.021602 0.033026 -0.013311]
[INFO] [1775776791.958760407] [CLaserOdometry2D]: Robot-base odom [x,y,yaw]=[-0.021602 0.033026 -0.013311]
[INFO] [1775776792.058524741] [CLaserOdometry2D]: execution time (ms): 20.270821
[INFO] [1775776792.058710798] [CLaserOdometry2D]: Laser odom [x,y,yaw]=[-0.022947 0.032366 -0.015234]
[INFO] [1775776792.058778502] [CLaserOdometry2D]: Robot-base odom [x,y,yaw]=[-0.022947 0.032366 -0.015234]
[WARN] [1775776792.138220793] [CLaserOdometry2DNode]: Waiting for laser_scans....
[INFO] [1775776792.259020378] [CLaserOdometry2D]: execution time (ms): 20.743990
[INFO] [1775776792.259204360] [CLaserOdometry2D]: Laser odom [x,y,yaw]=[-0.023342 0.031696 -0.015234]
[INFO] [1775776792.259251268] [CLaserOdometry2D]: Robot-base odom [x,y,yaw]=[-0.023342 0.031696 -0.015234]
[INFO] [1775776792.360267663] [CLaserOdometry2D]: execution time (ms): 21.995162
[INFO] [1775776792.360757703] [CLaserOdometry2D]: Laser odom [x,y,yaw]=[-0.021913 0.031449 -0.015234]
[INFO] [1775776792.360900759] [CLaserOdometry2D]: Robot-base odom [x,y,yaw]=[-0.021913 0.031449 -0.015234]
[WARN] [1775776792.438242022] [CLaserOdometry2DNode]: Waiting for laser_scans....
[INFO] [1775776792.555147828] [CLaserOdometry2D]: execution time (ms): 16.803414
[INFO] [1775776792.555433848] [CLaserOdometry2D]: Laser odom [x,y,yaw]=[-0.020990 0.031790 -0.013473]
[INFO] [1775776792.555520052] [CLaserOdometry2D]: Robot-base odom [x,y,yaw]=[-0.020990 0.031790 -0.013473]
[WARN] [1775776792.638282730] [CLaserOdometry2DNode]: Waiting for laser_scans....
[INFO] [1775776792.754757275] [CLaserOdometry2D]: execution time (ms): 16.496542
[INFO] [1775776792.754997924] [CLaserOdometry2D]: Laser odom [x,y,yaw]=[-0.022694 0.032571 -0.013473]
[INFO] [1775776792.755085110] [CLaserOdometry2D]: Robot-base odom [x,y,yaw]=[-0.022694 0.032571 -0.013473]
[INFO] [1775776792.855934505] [CLaserOdometry2D]: execution time (ms): 17.634344
[INFO] [1775776792.856290469] [CLaserOdometry2D]: Laser odom [x,y,yaw]=[-0.022803 0.033173 -0.011747]
[INFO] [1775776792.856453896] [CLaserOdometry2D]: Robot-base odom [x,y,yaw]=[-0.022803 0.033173 -0.011747]
[WARN] [1775776792.938381348] [CLaserOdometry2DNode]: Waiting for laser_scans....
[INFO] [1775776793.054679744] [CLaserOdometry2D]: execution time (ms): 16.267598
[INFO] [1775776793.054959337] [CLaserOdometry2D]: Laser odom [x,y,yaw]=[-0.022482 0.033659 -0.010551]
[INFO] [1775776793.055020116] [CLaserOdometry2D]: Robot-base odom [x,y,yaw]=[-0.022482 0.033659 -0.010551]
[INFO] [1775776793.157553037] [CLaserOdometry2D]: execution time (ms): 19.234112
[INFO] [1775776793.157768372] [CLaserOdometry2D]: Laser odom [x,y,yaw]=[-0.023276 0.034309 -0.009086]
[INFO] [1775776793.157819353] [CLaserOdometry2D]: Robot-base odom [x,y,yaw]=[-0.023276 0.034309 -0.009086]
[WARN] [1775776793.238212372] [CLaserOdometry2DNode]: Waiting for laser_scans....
[INFO] [1775776793.355545921] [CLaserOdometry2D]: execution time (ms): 17.243879
[INFO] [1775776793.355884478] [CLaserOdometry2D]: Laser odom [x,y,yaw]=[-0.023189 0.034581 -0.009086]
[INFO] [1775776793.355964330] [CLaserOdometry2D]: Robot-base odom [x,y,yaw]=[-0.023189 0.034581 -0.009086]
[WARN] [1775776793.438215654] [CLaserOdometry2DNode]: Waiting for laser_scans....
[INFO] [1775776793.555192479] [CLaserOdometry2D]: execution time (ms): 16.847489
[INFO] [1775776793.555580703] [CLaserOdometry2D]: Laser odom [x,y,yaw]=[-0.022738 0.034604 -0.008395]
[INFO] [1775776793.555685111] [CLaserOdometry2D]: Robot-base odom [x,y,yaw]=[-0.022738 0.034604 -0.008395]
[INFO] [1775776793.655408519] [CLaserOdometry2D]: execution time (ms): 17.021045
[INFO] [1775776793.655670668] [CLaserOdometry2D]: Laser odom [x,y,yaw]=[-0.022832 0.034924 -0.007058]
[INFO] [1775776793.655724817] [CLaserOdometry2D]: Robot-base odom [x,y,yaw]=[-0.022832 0.034924 -0.007058]
[WARN] [1775776793.738192326] [CLaserOdometry2DNode]: Waiting for laser_scans....
[INFO] [1775776793.854771316] [CLaserOdometry2D]: execution time (ms): 16.451339
[INFO] [1775776793.855112873] [CLaserOdometry2D]: Laser odom [x,y,yaw]=[-0.022604 0.034707 -0.008203]
[INFO] [1775776793.855193207] [CLaserOdometry2D]: Robot-base odom [x,y,yaw]=[-0.022604 0.034707 -0.008203]
[INFO] [1775776793.956564568] [CLaserOdometry2D]: execution time (ms): 18.217533
[INFO] [1775776793.956873865] [CLaserOdometry2D]: Laser odom [x,y,yaw]=[-0.022496 0.034257 -0.008203]
[INFO] [1775776793.956942143] [CLaserOdometry2D]: Robot-base odom [x,y,yaw]=[-0.022496 0.034257 -0.008203]
[WARN] [1775776794.038282703] [CLaserOdometry2DNode]: Waiting for laser_scans....
[INFO] [1775776794.158676860] [CLaserOdometry2D]: execution time (ms): 20.438673
[INFO] [1775776794.158853120] [CLaserOdometry2D]: Laser odom [x,y,yaw]=[-0.023511 0.034201 -0.008203]
[INFO] [1775776794.158896361] [CLaserOdometry2D]: Robot-base odom [x,y,yaw]=[-0.023511 0.034201 -0.008203]
[WARN] [1775776794.238235615] [CLaserOdometry2DNode]: Waiting for laser_scans....
[INFO] [1775776794.358829513] [CLaserOdometry2D]: execution time (ms): 20.540858
[INFO] [1775776794.359006773] [CLaserOdometry2D]: Laser odom [x,y,yaw]=[-0.023877 0.034654 -0.007431]
[INFO] [1775776794.359054625] [CLaserOdometry2D]: Robot-base odom [x,y,yaw]=[-0.023877 0.034654 -0.007431]
[INFO] [1775776794.458730959] [CLaserOdometry2D]: execution time (ms): 20.447951
[INFO] [1775776794.458916256] [CLaserOdometry2D]: Laser odom [x,y,yaw]=[-0.024127 0.035206 -0.007431]
[INFO] [1775776794.458967182] [CLaserOdometry2D]: Robot-base odom [x,y,yaw]=[-0.024127 0.035206 -0.007431]
[WARN] [1775776794.538210639] [CLaserOdometry2DNode]: Waiting for laser_scans....
[INFO] [1775776794.658771945] [CLaserOdometry2D]: execution time (ms): 20.519673
[INFO] [1775776794.658956464] [CLaserOdometry2D]: Laser odom [x,y,yaw]=[-0.023862 0.035942 -0.006455]
[INFO] [1775776794.659009779] [CLaserOdometry2D]: Robot-base odom [x,y,yaw]=[-0.023862 0.035942 -0.006455]
[INFO] [1775776794.758663631] [CLaserOdometry2D]: execution time (ms): 20.405839
[INFO] [1775776794.758833225] [CLaserOdometry2D]: Laser odom [x,y,yaw]=[-0.024147 0.036120 -0.006800]
[INFO] [1775776794.758880595] [CLaserOdometry2D]: Robot-base odom [x,y,yaw]=[-0.024147 0.036120 -0.006800]
[WARN] [1775776794.838216349] [CLaserOdometry2DNode]: Waiting for laser_scans....
[INFO] [1775776794.958768784] [CLaserOdometry2D]: execution time (ms): 20.481747
[INFO] [1775776794.958952970] [CLaserOdometry2D]: Laser odom [x,y,yaw]=[-0.023571 0.035991 -0.007398]
[INFO] [1775776794.959001989] [CLaserOdometry2D]: Robot-base odom [x,y,yaw]=[-0.023571 0.035991 -0.007398]
[WARN] [1775776795.038262780] [CLaserOdometry2DNode]: Waiting for laser_scans....
[INFO] [1775776795.159022086] [CLaserOdometry2D]: execution time (ms): 20.752138
[INFO] [1775776795.159221605] [CLaserOdometry2D]: Laser odom [x,y,yaw]=[-0.024392 0.035470 -0.007886]
[INFO] [1775776795.159276772] [CLaserOdometry2D]: Robot-base odom [x,y,yaw]=[-0.024392 0.035470 -0.007886]
[INFO] [1775776795.258653438] [CLaserOdometry2D]: execution time (ms): 20.392136
[INFO] [1775776795.258838420] [CLaserOdometry2D]: Laser odom [x,y,yaw]=[-0.024320 0.035169 -0.009178]
[INFO] [1775776795.258985402] [CLaserOdometry2D]: Robot-base odom [x,y,yaw]=[-0.024320 0.035169 -0.009178]
[WARN] [1775776795.338213804] [CLaserOdometry2DNode]: Waiting for laser_scans....
[INFO] [1775776795.458606534] [CLaserOdometry2D]: execution time (ms): 20.346172
[INFO] [1775776795.458798221] [CLaserOdometry2D]: Laser odom [x,y,yaw]=[-0.024632 0.034783 -0.010798]
[INFO] [1775776795.458859480] [CLaserOdometry2D]: Robot-base odom [x,y,yaw]=[-0.024632 0.034783 -0.010798]
[INFO] [1775776795.558720982] [CLaserOdometry2D]: execution time (ms): 20.470358
[INFO] [1775776795.558898001] [CLaserOdometry2D]: Laser odom [x,y,yaw]=[-0.023484 0.034180 -0.010452]
[INFO] [1775776795.558942816] [CLaserOdometry2D]: Robot-base odom [x,y,yaw]=[-0.023484 0.034180 -0.010452]
[WARN] [1775776795.638254774] [CLaserOdometry2DNode]: Waiting for laser_scans....
[INFO] [1775776795.754499595] [CLaserOdometry2D]: execution time (ms): 16.174430
[INFO] [1775776795.754769596] [CLaserOdometry2D]: Laser odom [x,y,yaw]=[-0.022912 0.034096 -0.010798]
[INFO] [1775776795.754840856] [CLaserOdometry2D]: Robot-base odom [x,y,yaw]=[-0.022912 0.034096 -0.010798]
[INFO] [1775776795.855293397] [CLaserOdometry2D]: execution time (ms): 16.893767
[INFO] [1775776795.855521120] [CLaserOdometry2D]: Laser odom [x,y,yaw]=[-0.023234 0.033953 -0.012179]
[INFO] [1775776795.855590417] [CLaserOdometry2D]: Robot-base odom [x,y,yaw]=[-0.023234 0.033953 -0.012179]
[WARN] [1775776795.938219835] [CLaserOdometry2DNode]: Waiting for laser_scans....
[INFO] [1775776796.059124031] [CLaserOdometry2D]: execution time (ms): 20.868008
[INFO] [1775776796.059317717] [CLaserOdometry2D]: Laser odom [x,y,yaw]=[-0.025042 0.034405 -0.011265]
[INFO] [1775776796.059365773] [CLaserOdometry2D]: Robot-base odom [x,y,yaw]=[-0.025042 0.034405 -0.011265]
[WARN] [1775776796.138214024] [CLaserOdometry2DNode]: Waiting for laser_scans....
[INFO] [1775776796.259192221] [CLaserOdometry2D]: execution time (ms): 20.942620
[INFO] [1775776796.259370036] [CLaserOdometry2D]: Laser odom [x,y,yaw]=[-0.024165 0.034745 -0.009928]
[INFO] [1775776796.259429759] [CLaserOdometry2D]: Robot-base odom [x,y,yaw]=[-0.024165 0.034745 -0.009928]
[INFO] [1775776796.358419997] [CLaserOdometry2D]: execution time (ms): 20.161412
[INFO] [1775776796.358613275] [CLaserOdometry2D]: Laser odom [x,y,yaw]=[-0.022756 0.034618 -0.008346]
[INFO] [1775776796.358673979] [CLaserOdometry2D]: Robot-base odom [x,y,yaw]=[-0.022756 0.034618 -0.008346]
[WARN] [1775776796.438229827] [CLaserOdometry2DNode]: Waiting for laser_scans....
[INFO] [1775776796.559303283] [CLaserOdometry2D]: execution time (ms): 21.036898
[INFO] [1775776796.559516969] [CLaserOdometry2D]: Laser odom [x,y,yaw]=[-0.022930 0.034591 -0.009727]
[INFO] [1775776796.559578117] [CLaserOdometry2D]: Robot-base odom [x,y,yaw]=[-0.022930 0.034591 -0.009727]
[INFO] [1775776796.658450466] [CLaserOdometry2D]: execution time (ms): 20.194931
[INFO] [1775776796.658639078] [CLaserOdometry2D]: Laser odom [x,y,yaw]=[-0.024836 0.034988 -0.009381]
[INFO] [1775776796.658691152] [CLaserOdometry2D]: Robot-base odom [x,y,yaw]=[-0.024836 0.034988 -0.009381]
[WARN] [1775776796.738260796] [CLaserOdometry2DNode]: Waiting for laser_scans....
[INFO] [1775776796.858462211] [CLaserOdometry2D]: execution time (ms): 20.208950
[INFO] [1775776796.858721027] [CLaserOdometry2D]: Laser odom [x,y,yaw]=[-0.024194 0.034766 -0.009727]
[INFO] [1775776796.858776879] [CLaserOdometry2D]: Robot-base odom [x,y,yaw]=[-0.024194 0.034766 -0.009727]
[INFO] [1775776796.958376657] [CLaserOdometry2D]: execution time (ms): 20.110245
[INFO] [1775776796.958558250] [CLaserOdometry2D]: Laser odom [x,y,yaw]=[-0.023385 0.034473 -0.009036]
[INFO] [1775776796.958602584] [CLaserOdometry2D]: Robot-base odom [x,y,yaw]=[-0.023385 0.034473 -0.009036]
[WARN] [1775776797.038247821] [CLaserOdometry2DNode]: Waiting for laser_scans....
[INFO] [1775776797.158970183] [CLaserOdometry2D]: execution time (ms): 20.698989
[INFO] [1775776797.159149572] [CLaserOdometry2D]: Laser odom [x,y,yaw]=[-0.023202 0.034563 -0.010013]
[INFO] [1775776797.159191035] [CLaserOdometry2D]: Robot-base odom [x,y,yaw]=[-0.023202 0.034563 -0.010013]
[WARN] [1775776797.238221399] [CLaserOdometry2DNode]: Waiting for laser_scans....
[INFO] [1775776797.358549833] [CLaserOdometry2D]: execution time (ms): 20.291024
[INFO] [1775776797.358780501] [CLaserOdometry2D]: Laser odom [x,y,yaw]=[-0.024209 0.035022 -0.008868]
[INFO] [1775776797.358846279] [CLaserOdometry2D]: Robot-base odom [x,y,yaw]=[-0.024209 0.035022 -0.008868]
[INFO] [1775776797.458955300] [CLaserOdometry2D]: execution time (ms): 20.696193
[INFO] [1775776797.459156967] [CLaserOdometry2D]: Laser odom [x,y,yaw]=[-0.023042 0.034886 -0.010013]
[INFO] [1775776797.459217468] [CLaserOdometry2D]: Robot-base odom [x,y,yaw]=[-0.023042 0.034886 -0.010013]
[WARN] [1775776797.538218461] [CLaserOdometry2DNode]: Waiting for laser_scans....
[INFO] [1775776797.659378991] [CLaserOdometry2D]: execution time (ms): 21.121750
[INFO] [1775776797.659578288] [CLaserOdometry2D]: Laser odom [x,y,yaw]=[-0.023085 0.035284 -0.010358]
[INFO] [1775776797.659650992] [CLaserOdometry2D]: Robot-base odom [x,y,yaw]=[-0.023085 0.035284 -0.010358]
[INFO] [1775776797.758361988] [CLaserOdometry2D]: execution time (ms): 20.106357
[INFO] [1775776797.758543008] [CLaserOdometry2D]: Laser odom [x,y,yaw]=[-0.022543 0.035137 -0.010358]
[INFO] [1775776797.758589082] [CLaserOdometry2D]: Robot-base odom [x,y,yaw]=[-0.022543 0.035137 -0.010358]
[WARN] [1775776797.838251449] [CLaserOdometry2DNode]: Waiting for laser_scans....
[INFO] [1775776797.959103496] [CLaserOdometry2D]: execution time (ms): 20.833212
[INFO] [1775776797.959293738] [CLaserOdometry2D]: Laser odom [x,y,yaw]=[-0.023139 0.035182 -0.010013]
[INFO] [1775776797.959342664] [CLaserOdometry2D]: Robot-base odom [x,y,yaw]=[-0.023139 0.035182 -0.010013]
[INFO] [1775776798.058639755] [CLaserOdometry2D]: execution time (ms): 20.386488
[INFO] [1775776798.058817775] [CLaserOdometry2D]: Laser odom [x,y,yaw]=[-0.023240 0.034391 -0.011773]
[INFO] [1775776798.058861441] [CLaserOdometry2D]: Robot-base odom [x,y,yaw]=[-0.023240 0.034391 -0.011773]
[WARN] [1775776798.138223973] [CLaserOdometry2DNode]: Waiting for laser_scans....
[INFO] [1775776798.259031909] [CLaserOdometry2D]: execution time (ms): 20.769785
[INFO] [1775776798.259225484] [CLaserOdometry2D]: Laser odom [x,y,yaw]=[-0.024351 0.034478 -0.012619]
[INFO] [1775776798.259282244] [CLaserOdometry2D]: Robot-base odom [x,y,yaw]=[-0.024351 0.034478 -0.012619]
[WARN] [1775776798.338216014] [CLaserOdometry2DNode]: Waiting for laser_scans....
[INFO] [1775776798.458981561] [CLaserOdometry2D]: execution time (ms): 20.685119
[INFO] [1775776798.459182692] [CLaserOdometry2D]: Laser odom [x,y,yaw]=[-0.023665 0.034032 -0.013864]
[INFO] [1775776798.459231526] [CLaserOdometry2D]: Robot-base odom [x,y,yaw]=[-0.023665 0.034032 -0.013864]
[INFO] [1775776798.558359635] [CLaserOdometry2D]: execution time (ms): 20.083153
[INFO] [1775776798.558551117] [CLaserOdometry2D]: Laser odom [x,y,yaw]=[-0.021842 0.033363 -0.014840]
[INFO] [1775776798.558594654] [CLaserOdometry2D]: Robot-base odom [x,y,yaw]=[-0.021842 0.033363 -0.014840]
[WARN] [1775776798.638223169] [CLaserOdometry2DNode]: Waiting for laser_scans....
[INFO] [1775776798.758523788] [CLaserOdometry2D]: execution time (ms): 20.250524
[INFO] [1775776798.758724974] [CLaserOdometry2D]: Laser odom [x,y,yaw]=[-0.021065 0.032403 -0.016036]
[INFO] [1775776798.758788881] [CLaserOdometry2D]: Robot-base odom [x,y,yaw]=[-0.021065 0.032403 -0.016036]
[INFO] [1775776798.858158547] [CLaserOdometry2D]: execution time (ms): 19.897115
[INFO] [1775776798.858340418] [CLaserOdometry2D]: Laser odom [x,y,yaw]=[-0.020506 0.032208 -0.017619]
[INFO] [1775776798.858392122] [CLaserOdometry2D]: Robot-base odom [x,y,yaw]=[-0.020506 0.032208 -0.017619]
[WARN] [1775776798.938216027] [CLaserOdometry2DNode]: Waiting for laser_scans....
[INFO] [1775776799.058594405] [CLaserOdometry2D]: execution time (ms): 20.347413
[INFO] [1775776799.058788869] [CLaserOdometry2D]: Laser odom [x,y,yaw]=[-0.019839 0.032067 -0.018815]
[INFO] [1775776799.058849129] [CLaserOdometry2D]: Robot-base odom [x,y,yaw]=[-0.019839 0.032067 -0.018815]
[WARN] [1775776799.138219624] [CLaserOdometry2DNode]: Waiting for laser_scans....
[INFO] [1775776799.258417890] [CLaserOdometry2D]: execution time (ms): 20.151208
[INFO] [1775776799.258596835] [CLaserOdometry2D]: Laser odom [x,y,yaw]=[-0.019708 0.031830 -0.018469]
[INFO] [1775776799.258651762] [CLaserOdometry2D]: Robot-base odom [x,y,yaw]=[-0.019708 0.031830 -0.018469]
[INFO] [1775776799.358394836] [CLaserOdometry2D]: execution time (ms): 20.113542
[INFO] [1775776799.358575041] [CLaserOdometry2D]: Laser odom [x,y,yaw]=[-0.020680 0.031686 -0.019761]
[INFO] [1775776799.358635560] [CLaserOdometry2D]: Robot-base odom [x,y,yaw]=[-0.020680 0.031686 -0.019761]
[WARN] [1775776799.438221685] [CLaserOdometry2DNode]: Waiting for laser_scans....
[INFO] [1775776799.558618175] [CLaserOdometry2D]: execution time (ms): 20.360747
[INFO] [1775776799.558802417] [CLaserOdometry2D]: Laser odom [x,y,yaw]=[-0.020853 0.031700 -0.019163]
[INFO] [1775776799.558850047] [CLaserOdometry2D]: Robot-base odom [x,y,yaw]=[-0.020853 0.031700 -0.019163]
[INFO] [1775776799.658119656] [CLaserOdometry2D]: execution time (ms): 19.857837
[INFO] [1775776799.658293768] [CLaserOdometry2D]: Laser odom [x,y,yaw]=[-0.020746 0.031778 -0.018565]
[INFO] [1775776799.658344491] [CLaserOdometry2D]: Robot-base odom [x,y,yaw]=[-0.020746 0.031778 -0.018565]
[WARN] [1775776799.738221395] [CLaserOdometry2DNode]: Waiting for laser_scans....
[INFO] [1775776799.858730793] [CLaserOdometry2D]: execution time (ms): 20.430914
[INFO] [1775776799.858943979] [CLaserOdometry2D]: Laser odom [x,y,yaw]=[-0.021497 0.031627 -0.018077]
[INFO] [1775776799.858990516] [CLaserOdometry2D]: Robot-base odom [x,y,yaw]=[-0.021497 0.031627 -0.018077]
[INFO] [1775776799.958862573] [CLaserOdometry2D]: execution time (ms): 20.583951
[INFO] [1775776799.959040241] [CLaserOdometry2D]: Laser odom [x,y,yaw]=[-0.021389 0.031394 -0.018077]
[INFO] [1775776799.959085667] [CLaserOdometry2D]: Robot-base odom [x,y,yaw]=[-0.021389 0.031394 -0.018077]
[WARN] [1775776800.038239883] [CLaserOdometry2DNode]: Waiting for laser_scans....
[INFO] [1775776800.159218653] [CLaserOdometry2D]: execution time (ms): 20.937897
[INFO] [1775776800.159400284] [CLaserOdometry2D]: Laser odom [x,y,yaw]=[-0.022088 0.031727 -0.017479]
[INFO] [1775776800.159446766] [CLaserOdometry2D]: Robot-base odom [x,y,yaw]=[-0.022088 0.031727 -0.017479]
[WARN] [1775776800.238225313] [CLaserOdometry2DNode]: Waiting for laser_scans....
[INFO] [1775776800.358835582] [CLaserOdometry2D]: execution time (ms): 20.571766
[INFO] [1775776800.359109916] [CLaserOdometry2D]: Laser odom [x,y,yaw]=[-0.022512 0.031396 -0.017479]
[INFO] [1775776800.359184880] [CLaserOdometry2D]: Robot-base odom [x,y,yaw]=[-0.022512 0.031396 -0.017479]
[INFO] [1775776800.458471545] [CLaserOdometry2D]: execution time (ms): 20.205042
[INFO] [1775776800.458656786] [CLaserOdometry2D]: Laser odom [x,y,yaw]=[-0.022404 0.031395 -0.016991]
[INFO] [1775776800.458700935] [CLaserOdometry2D]: Robot-base odom [x,y,yaw]=[-0.022404 0.031395 -0.016991]
[WARN] [1775776800.538223967] [CLaserOdometry2DNode]: Waiting for laser_scans....
[INFO] [1775776800.659637592] [CLaserOdometry2D]: execution time (ms): 21.383400
[INFO] [1775776800.659815092] [CLaserOdometry2D]: Laser odom [x,y,yaw]=[-0.021887 0.031227 -0.016502]
[INFO] [1775776800.659861722] [CLaserOdometry2D]: Robot-base odom [x,y,yaw]=[-0.021887 0.031227 -0.016502]
[INFO] [1775776800.759202684] [CLaserOdometry2D]: execution time (ms): 20.941009
[INFO] [1775776800.759371741] [CLaserOdometry2D]: Laser odom [x,y,yaw]=[-0.021775 0.031159 -0.017648]
[INFO] [1775776800.759425056] [CLaserOdometry2D]: Robot-base odom [x,y,yaw]=[-0.021775 0.031159 -0.017648]
[WARN] [1775776800.838230214] [CLaserOdometry2DNode]: Waiting for laser_scans....
[INFO] [1775776800.958807094] [CLaserOdometry2D]: execution time (ms): 20.548951
[INFO] [1775776800.958993687] [CLaserOdometry2D]: Laser odom [x,y,yaw]=[-0.021800 0.031062 -0.017993]
[INFO] [1775776800.959047595] [CLaserOdometry2D]: Robot-base odom [x,y,yaw]=[-0.021800 0.031062 -0.017993]
[INFO] [1775776801.058871096] [CLaserOdometry2D]: execution time (ms): 20.604470
[INFO] [1775776801.059044486] [CLaserOdometry2D]: Laser odom [x,y,yaw]=[-0.021749 0.031112 -0.017505]
[INFO] [1775776801.059088505] [CLaserOdometry2D]: Robot-base odom [x,y,yaw]=[-0.021749 0.031112 -0.017505]
[WARN] [1775776801.138183720] [CLaserOdometry2DNode]: Waiting for laser_scans....
[INFO] [1775776801.258202727] [CLaserOdometry2D]: execution time (ms): 19.919226
[INFO] [1775776801.258384746] [CLaserOdometry2D]: Laser odom [x,y,yaw]=[-0.022150 0.031163 -0.017505]
[INFO] [1775776801.258434820] [CLaserOdometry2D]: Robot-base odom [x,y,yaw]=[-0.022150 0.031163 -0.017505]
[WARN] [1775776801.338231854] [CLaserOdometry2DNode]: Waiting for laser_scans....
[INFO] [1775776801.459272995] [CLaserOdometry2D]: execution time (ms): 21.007879
[INFO] [1775776801.459449163] [CLaserOdometry2D]: Laser odom [x,y,yaw]=[-0.022318 0.031470 -0.018540]
[INFO] [1775776801.459520015] [CLaserOdometry2D]: Robot-base odom [x,y,yaw]=[-0.022318 0.031470 -0.018540]
[INFO] [1775776801.559049311] [CLaserOdometry2D]: execution time (ms): 20.775934
[INFO] [1775776801.559231256] [CLaserOdometry2D]: Laser odom [x,y,yaw]=[-0.020659 0.031126 -0.018195]
[INFO] [1775776801.559283312] [CLaserOdometry2D]: Robot-base odom [x,y,yaw]=[-0.020659 0.031126 -0.018195]
[WARN] [1775776801.638226046] [CLaserOdometry2DNode]: Waiting for laser_scans....
[INFO] [1775776801.759090390] [CLaserOdometry2D]: execution time (ms): 20.828860
[INFO] [1775776801.759262687] [CLaserOdometry2D]: Laser odom [x,y,yaw]=[-0.018240 0.030580 -0.018540]
[INFO] [1775776801.759308872] [CLaserOdometry2D]: Robot-base odom [x,y,yaw]=[-0.018240 0.030580 -0.018540]
[INFO] [1775776801.858645501] [CLaserOdometry2D]: execution time (ms): 20.382932
[INFO] [1775776801.858819372] [CLaserOdometry2D]: Laser odom [x,y,yaw]=[-0.018405 0.030551 -0.019029]
[INFO] [1775776801.858870705] [CLaserOdometry2D]: Robot-base odom [x,y,yaw]=[-0.018405 0.030551 -0.019029]
[WARN] [1775776801.938224163] [CLaserOdometry2DNode]: Waiting for laser_scans....
[INFO] [1775776802.058316003] [CLaserOdometry2D]: execution time (ms): 20.039504
[INFO] [1775776802.058499245] [CLaserOdometry2D]: Laser odom [x,y,yaw]=[-0.020972 0.031457 -0.018338]
[INFO] [1775776802.058550078] [CLaserOdometry2D]: Robot-base odom [x,y,yaw]=[-0.020972 0.031457 -0.018338]
[INFO] [1775776802.158398524] [CLaserOdometry2D]: execution time (ms): 20.060893
[INFO] [1775776802.158580395] [CLaserOdometry2D]: Laser odom [x,y,yaw]=[-0.022574 0.031322 -0.018338]
[INFO] [1775776802.158641618] [CLaserOdometry2D]: Robot-base odom [x,y,yaw]=[-0.022574 0.031322 -0.018338]
[WARN] [1775776802.238233281] [CLaserOdometry2DNode]: Waiting for laser_scans....
[INFO] [1775776802.358874086] [CLaserOdometry2D]: execution time (ms): 20.592581
[INFO] [1775776802.359069309] [CLaserOdometry2D]: Laser odom [x,y,yaw]=[-0.020743 0.030768 -0.018936]
[INFO] [1775776802.359117976] [CLaserOdometry2D]: Robot-base odom [x,y,yaw]=[-0.020743 0.030768 -0.018936]
[WARN] [1775776802.438225322] [CLaserOdometry2DNode]: Waiting for laser_scans....
[INFO] [1775776802.557991216] [CLaserOdometry2D]: execution time (ms): 19.723003
[INFO] [1775776802.558168865] [CLaserOdometry2D]: Laser odom [x,y,yaw]=[-0.019720 0.030697 -0.018936]
[INFO] [1775776802.558213643] [CLaserOdometry2D]: Robot-base odom [x,y,yaw]=[-0.019720 0.030697 -0.018936]
[INFO] [1775776802.659092556] [CLaserOdometry2D]: execution time (ms): 20.820860
[INFO] [1775776802.659272335] [CLaserOdometry2D]: Laser odom [x,y,yaw]=[-0.020177 0.030926 -0.018023]
[INFO] [1775776802.659329576] [CLaserOdometry2D]: Robot-base odom [x,y,yaw]=[-0.020177 0.030926 -0.018023]
[WARN] [1775776802.738237106] [CLaserOdometry2DNode]: Waiting for laser_scans....
[INFO] [1775776802.858526910] [CLaserOdometry2D]: execution time (ms): 20.258432
[INFO] [1775776802.858721299] [CLaserOdometry2D]: Laser odom [x,y,yaw]=[-0.020612 0.031084 -0.017332]
[INFO] [1775776802.858781189] [CLaserOdometry2D]: Robot-base odom [x,y,yaw]=[-0.020612 0.031084 -0.017332]
[INFO] [1775776802.958540319] [CLaserOdometry2D]: execution time (ms): 20.269450
[INFO] [1775776802.958733653] [CLaserOdometry2D]: Laser odom [x,y,yaw]=[-0.018665 0.030959 -0.016419]
[INFO] [1775776802.958784617] [CLaserOdometry2D]: Robot-base odom [x,y,yaw]=[-0.018665 0.030959 -0.016419]
[WARN] [1775776803.038224279] [CLaserOdometry2DNode]: Waiting for laser_scans....
[INFO] [1775776803.158975492] [CLaserOdometry2D]: execution time (ms): 20.705138
[INFO] [1775776803.159153845] [CLaserOdometry2D]: Laser odom [x,y,yaw]=[-0.017715 0.030577 -0.017191]
[INFO] [1775776803.159194808] [CLaserOdometry2D]: Robot-base odom [x,y,yaw]=[-0.017715 0.030577 -0.017191]
[WARN] [1775776803.238227005] [CLaserOdometry2DNode]: Waiting for laser_scans....
[INFO] [1775776803.358577994] [CLaserOdometry2D]: execution time (ms): 20.309635
[INFO] [1775776803.358817884] [CLaserOdometry2D]: Laser odom [x,y,yaw]=[-0.017227 0.030759 -0.017881]
[INFO] [1775776803.358885366] [CLaserOdometry2D]: Robot-base odom [x,y,yaw]=[-0.017227 0.030759 -0.017881]
[INFO] [1775776803.458497014] [CLaserOdometry2D]: execution time (ms): 20.219098
[INFO] [1775776803.458680608] [CLaserOdometry2D]: Laser odom [x,y,yaw]=[-0.017485 0.030661 -0.016589]
[INFO] [1775776803.458733849] [CLaserOdometry2D]: Robot-base odom [x,y,yaw]=[-0.017485 0.030661 -0.016589]
[WARN] [1775776803.538240363] [CLaserOdometry2DNode]: Waiting for laser_scans....
[INFO] [1775776803.658814576] [CLaserOdometry2D]: execution time (ms): 20.542026
[INFO] [1775776803.658999373] [CLaserOdometry2D]: Laser odom [x,y,yaw]=[-0.018338 0.030956 -0.017187]
[INFO] [1775776803.659044003] [CLaserOdometry2D]: Robot-base odom [x,y,yaw]=[-0.018338 0.030956 -0.017187]
[INFO] [1775776803.758720374] [CLaserOdometry2D]: execution time (ms): 20.452284
[INFO] [1775776803.758898189] [CLaserOdometry2D]: Laser odom [x,y,yaw]=[-0.019436 0.031147 -0.016842]
[INFO] [1775776803.758945430] [CLaserOdometry2D]: Robot-base odom [x,y,yaw]=[-0.019436 0.031147 -0.016842]
[WARN] [1775776803.838238091] [CLaserOdometry2DNode]: Waiting for laser_scans....
[INFO] [1775776803.958514543] [CLaserOdometry2D]: execution time (ms): 20.226209
[INFO] [1775776803.958698859] [CLaserOdometry2D]: Laser odom [x,y,yaw]=[-0.018811 0.031023 -0.016842]
[INFO] [1775776803.958745989] [CLaserOdometry2D]: Robot-base odom [x,y,yaw]=[-0.018811 0.031023 -0.016842]
[INFO] [1775776804.060341147] [CLaserOdometry2D]: execution time (ms): 22.056162
[INFO] [1775776804.060532481] [CLaserOdometry2D]: Laser odom [x,y,yaw]=[-0.018859 0.031214 -0.017187]
[INFO] [1775776804.060576981] [CLaserOdometry2D]: Robot-base odom [x,y,yaw]=[-0.018859 0.031214 -0.017187]
[WARN] [1775776804.138262098] [CLaserOdometry2DNode]: Waiting for laser_scans....
[INFO] [1775776804.258686884] [CLaserOdometry2D]: execution time (ms): 20.406895
[INFO] [1775776804.258880737] [CLaserOdometry2D]: Laser odom [x,y,yaw]=[-0.020204 0.031653 -0.016842]
[INFO] [1775776804.258925200] [CLaserOdometry2D]: Robot-base odom [x,y,yaw]=[-0.020204 0.031653 -0.016842]
[WARN] [1775776804.338227194] [CLaserOdometry2DNode]: Waiting for laser_scans....
[INFO] [1775776804.459184927] [CLaserOdometry2D]: execution time (ms): 20.930545
[INFO] [1775776804.459379984] [CLaserOdometry2D]: Laser odom [x,y,yaw]=[-0.019892 0.031714 -0.015697]
[INFO] [1775776804.459435095] [CLaserOdometry2D]: Robot-base odom [x,y,yaw]=[-0.019892 0.031714 -0.015697]
[INFO] [1775776804.558842502] [CLaserOdometry2D]: execution time (ms): 20.566359
[INFO] [1775776804.559044744] [CLaserOdometry2D]: Laser odom [x,y,yaw]=[-0.019979 0.031732 -0.015099]
[INFO] [1775776804.559098836] [CLaserOdometry2D]: Robot-base odom [x,y,yaw]=[-0.019979 0.031732 -0.015099]
[WARN] [1775776804.638226182] [CLaserOdometry2DNode]: Waiting for laser_scans....
[INFO] [1775776804.759384879] [CLaserOdometry2D]: execution time (ms): 21.116380
[INFO] [1775776804.759563324] [CLaserOdometry2D]: Laser odom [x,y,yaw]=[-0.021152 0.032224 -0.016075]
[INFO] [1775776804.759603769] [CLaserOdometry2D]: Robot-base odom [x,y,yaw]=[-0.021152 0.032224 -0.016075]
[INFO] [1775776804.858799563] [CLaserOdometry2D]: execution time (ms): 20.540803
[INFO] [1775776804.858990361] [CLaserOdometry2D]: Laser odom [x,y,yaw]=[-0.021480 0.032233 -0.014930]
[INFO] [1775776804.859060009] [CLaserOdometry2D]: Robot-base odom [x,y,yaw]=[-0.021480 0.032233 -0.014930]
[WARN] [1775776804.938251892] [CLaserOdometry2DNode]: Waiting for laser_scans....
[INFO] [1775776805.058272435] [CLaserOdometry2D]: execution time (ms): 19.984745
[INFO] [1775776805.058453307] [CLaserOdometry2D]: Laser odom [x,y,yaw]=[-0.020571 0.032240 -0.014930]
[INFO] [1775776805.058498603] [CLaserOdometry2D]: Robot-base odom [x,y,yaw]=[-0.020571 0.032240 -0.014930]
[INFO] [1775776805.158818977] [CLaserOdometry2D]: execution time (ms): 20.526414
[INFO] [1775776805.159005034] [CLaserOdometry2D]: Laser odom [x,y,yaw]=[-0.021983 0.032674 -0.014930]
[INFO] [1775776805.159124868] [CLaserOdometry2D]: Robot-base odom [x,y,yaw]=[-0.021983 0.032674 -0.014930]
[WARN] [1775776805.238226028] [CLaserOdometry2DNode]: Waiting for laser_scans....
[INFO] [1775776805.358700481] [CLaserOdometry2D]: execution time (ms): 20.434951
[INFO] [1775776805.358878185] [CLaserOdometry2D]: Laser odom [x,y,yaw]=[-0.021102 0.032676 -0.014017]
[INFO] [1775776805.358917426] [CLaserOdometry2D]: Robot-base odom [x,y,yaw]=[-0.021102 0.032676 -0.014017]
[WARN] [1775776805.438228384] [CLaserOdometry2DNode]: Waiting for laser_scans....
[INFO] [1775776805.558691318] [CLaserOdometry2D]: execution time (ms): 20.419876
[INFO] [1775776805.558890393] [CLaserOdometry2D]: Laser odom [x,y,yaw]=[-0.020870 0.032852 -0.012925]
[INFO] [1775776805.558936671] [CLaserOdometry2D]: Robot-base odom [x,y,yaw]=[-0.020870 0.032852 -0.012925]
[INFO] [1775776805.658643524] [CLaserOdometry2D]: execution time (ms): 20.309228
[INFO] [1775776805.658823154] [CLaserOdometry2D]: Laser odom [x,y,yaw]=[-0.020914 0.032910 -0.013697]
[INFO] [1775776805.658864173] [CLaserOdometry2D]: Robot-base odom [x,y,yaw]=[-0.020914 0.032910 -0.013697]
[WARN] [1775776805.738229575] [CLaserOdometry2DNode]: Waiting for laser_scans....
[INFO] [1775776805.859558625] [CLaserOdometry2D]: execution time (ms): 21.298585
[INFO] [1775776805.859755755] [CLaserOdometry2D]: Laser odom [x,y,yaw]=[-0.020963 0.032798 -0.013099]
[INFO] [1775776805.859813126] [CLaserOdometry2D]: Robot-base odom [x,y,yaw]=[-0.020963 0.032798 -0.013099]
[INFO] [1775776805.958499918] [CLaserOdometry2D]: execution time (ms): 20.239394
[INFO] [1775776805.958695604] [CLaserOdometry2D]: Laser odom [x,y,yaw]=[-0.021079 0.033059 -0.013099]
[INFO] [1775776805.958749586] [CLaserOdometry2D]: Robot-base odom [x,y,yaw]=[-0.021079 0.033059 -0.013099]
[WARN] [1775776806.038256563] [CLaserOdometry2DNode]: Waiting for laser_scans....
[INFO] [1775776806.160281542] [CLaserOdometry2D]: execution time (ms): 21.999532
[INFO] [1775776806.160470617] [CLaserOdometry2D]: Laser odom [x,y,yaw]=[-0.021071 0.033080 -0.013099]
[INFO] [1775776806.160525562] [CLaserOdometry2D]: Robot-base odom [x,y,yaw]=[-0.021071 0.033080 -0.013099]
[WARN] [1775776806.238226530] [CLaserOdometry2DNode]: Waiting for laser_scans....
[INFO] [1775776806.358775631] [CLaserOdometry2D]: execution time (ms): 20.466933
[INFO] [1775776806.358958151] [CLaserOdometry2D]: Laser odom [x,y,yaw]=[-0.020342 0.032955 -0.013099]
[INFO] [1775776806.359001558] [CLaserOdometry2D]: Robot-base odom [x,y,yaw]=[-0.020342 0.032955 -0.013099]
[INFO] [1775776806.459047264] [CLaserOdometry2D]: execution time (ms): 20.774674
[INFO] [1775776806.459231951] [CLaserOdometry2D]: Laser odom [x,y,yaw]=[-0.020828 0.033158 -0.013790]
[INFO] [1775776806.459280229] [CLaserOdometry2D]: Robot-base odom [x,y,yaw]=[-0.020828 0.033158 -0.013790]
[WARN] [1775776806.538222629] [CLaserOdometry2DNode]: Waiting for laser_scans....
[INFO] [1775776806.659321326] [CLaserOdometry2D]: execution time (ms): 21.051231
[INFO] [1775776806.659513363] [CLaserOdometry2D]: Laser odom [x,y,yaw]=[-0.020177 0.032860 -0.013301]
[INFO] [1775776806.659566956] [CLaserOdometry2D]: Robot-base odom [x,y,yaw]=[-0.020177 0.032860 -0.013301]
[INFO] [1775776806.758987974] [CLaserOdometry2D]: execution time (ms): 20.711952
[INFO] [1775776806.759171160] [CLaserOdometry2D]: Laser odom [x,y,yaw]=[-0.019877 0.032530 -0.014215]
[INFO] [1775776806.759221735] [CLaserOdometry2D]: Robot-base odom [x,y,yaw]=[-0.019877 0.032530 -0.014215]
[WARN] [1775776806.838219542] [CLaserOdometry2DNode]: Waiting for laser_scans....
[INFO] [1775776806.959804334] [CLaserOdometry2D]: execution time (ms): 21.509696
[INFO] [1775776806.960024298] [CLaserOdometry2D]: Laser odom [x,y,yaw]=[-0.020007 0.032680 -0.013301]
[INFO] [1775776806.960079947] [CLaserOdometry2D]: Robot-base odom [x,y,yaw]=[-0.020007 0.032680 -0.013301]
[INFO] [1775776807.059042110] [CLaserOdometry2D]: execution time (ms): 20.737970
[INFO] [1775776807.059221648] [CLaserOdometry2D]: Laser odom [x,y,yaw]=[-0.020418 0.032619 -0.014546]
[INFO] [1775776807.059265926] [CLaserOdometry2D]: Robot-base odom [x,y,yaw]=[-0.020418 0.032619 -0.014546]
[WARN] [1775776807.138228141] [CLaserOdometry2DNode]: Waiting for laser_scans....
[INFO] [1775776807.258862521] [CLaserOdometry2D]: execution time (ms): 20.592044
[INFO] [1775776807.259062614] [CLaserOdometry2D]: Laser odom [x,y,yaw]=[-0.020021 0.032690 -0.014546]
[INFO] [1775776807.259120448] [CLaserOdometry2D]: Robot-base odom [x,y,yaw]=[-0.020021 0.032690 -0.014546]
[WARN] [1775776807.338217905] [CLaserOdometry2DNode]: Waiting for laser_scans....
[INFO] [1775776807.458521320] [CLaserOdometry2D]: execution time (ms): 20.277932
[INFO] [1775776807.458710284] [CLaserOdometry2D]: Laser odom [x,y,yaw]=[-0.020021 0.032516 -0.014546]
[INFO] [1775776807.458761913] [CLaserOdometry2D]: Robot-base odom [x,y,yaw]=[-0.020021 0.032516 -0.014546]
[INFO] [1775776807.558966028] [CLaserOdometry2D]: execution time (ms): 20.668396
[INFO] [1775776807.559139991] [CLaserOdometry2D]: Laser odom [x,y,yaw]=[-0.019485 0.032518 -0.014058]
[INFO] [1775776807.559184010] [CLaserOdometry2D]: Robot-base odom [x,y,yaw]=[-0.019485 0.032518 -0.014058]
[WARN] [1775776807.638230096] [CLaserOdometry2DNode]: Waiting for laser_scans....
[INFO] [1775776807.758863735] [CLaserOdometry2D]: execution time (ms): 20.573266
[INFO] [1775776807.759050643] [CLaserOdometry2D]: Laser odom [x,y,yaw]=[-0.019519 0.032547 -0.014058]
[INFO] [1775776807.759094292] [CLaserOdometry2D]: Robot-base odom [x,y,yaw]=[-0.019519 0.032547 -0.014058]
[INFO] [1775776807.858584162] [CLaserOdometry2D]: execution time (ms): 20.318728
[INFO] [1775776807.858770737] [CLaserOdometry2D]: Laser odom [x,y,yaw]=[-0.019676 0.032545 -0.014058]
[INFO] [1775776807.858816070] [CLaserOdometry2D]: Robot-base odom [x,y,yaw]=[-0.019676 0.032545 -0.014058]
[WARN] [1775776807.938217065] [CLaserOdometry2DNode]: Waiting for laser_scans....
[INFO] [1775776808.058904427] [CLaserOdometry2D]: execution time (ms): 20.649674
[INFO] [1775776808.059100020] [CLaserOdometry2D]: Laser odom [x,y,yaw]=[-0.019772 0.032618 -0.013081]
[INFO] [1775776808.059149891] [CLaserOdometry2D]: Robot-base odom [x,y,yaw]=[-0.019772 0.032618 -0.013081]
[INFO] [1775776808.158882466] [CLaserOdometry2D]: execution time (ms): 20.630729
[INFO] [1775776808.159058170] [CLaserOdometry2D]: Laser odom [x,y,yaw]=[-0.018836 0.032408 -0.012736]
[INFO] [1775776808.159098411] [CLaserOdometry2D]: Robot-base odom [x,y,yaw]=[-0.018836 0.032408 -0.012736]
[WARN] [1775776808.238259072] [CLaserOdometry2DNode]: Waiting for laser_scans....
[INFO] [1775776808.359170286] [CLaserOdometry2D]: execution time (ms): 20.917879
[INFO] [1775776808.359419009] [CLaserOdometry2D]: Laser odom [x,y,yaw]=[-0.020157 0.032879 -0.013650]
[INFO] [1775776808.359528769] [CLaserOdometry2D]: Robot-base odom [x,y,yaw]=[-0.020157 0.032879 -0.013650]
[WARN] [1775776808.438240520] [CLaserOdometry2DNode]: Waiting for laser_scans....
[INFO] [1775776808.559281587] [CLaserOdometry2D]: execution time (ms): 21.024361
[INFO] [1775776808.559465051] [CLaserOdometry2D]: Laser odom [x,y,yaw]=[-0.018378 0.032350 -0.014340]
[INFO] [1775776808.559516199] [CLaserOdometry2D]: Robot-base odom [x,y,yaw]=[-0.018378 0.032350 -0.014340]
[INFO] [1775776808.658549641] [CLaserOdometry2D]: execution time (ms): 20.301006
[INFO] [1775776808.658742549] [CLaserOdometry2D]: Laser odom [x,y,yaw]=[-0.018441 0.032149 -0.014340]
[INFO] [1775776808.658809124] [CLaserOdometry2D]: Robot-base odom [x,y,yaw]=[-0.018441 0.032149 -0.014340]
[WARN] [1775776808.738211600] [CLaserOdometry2DNode]: Waiting for laser_scans....
[INFO] [1775776808.859206593] [CLaserOdometry2D]: execution time (ms): 20.921472
[INFO] [1775776808.859388149] [CLaserOdometry2D]: Laser odom [x,y,yaw]=[-0.018595 0.032208 -0.015317]
[INFO] [1775776808.859443761] [CLaserOdometry2D]: Robot-base odom [x,y,yaw]=[-0.018595 0.032208 -0.015317]
[INFO] [1775776808.958905297] [CLaserOdometry2D]: execution time (ms): 20.647729
[INFO] [1775776808.959087372] [CLaserOdometry2D]: Laser odom [x,y,yaw]=[-0.019139 0.032249 -0.016007]
[INFO] [1775776808.959133780] [CLaserOdometry2D]: Robot-base odom [x,y,yaw]=[-0.019139 0.032249 -0.016007]
[WARN] [1775776809.038249884] [CLaserOdometry2DNode]: Waiting for laser_scans....
[INFO] [1775776809.159182469] [CLaserOdometry2D]: execution time (ms): 20.922194
[INFO] [1775776809.159367026] [CLaserOdometry2D]: Laser odom [x,y,yaw]=[-0.019328 0.032284 -0.016779]
[INFO] [1775776809.159415285] [CLaserOdometry2D]: Robot-base odom [x,y,yaw]=[-0.019328 0.032284 -0.016779]
[INFO] [1775776809.258792469] [CLaserOdometry2D]: execution time (ms): 20.505062
[INFO] [1775776809.258972822] [CLaserOdometry2D]: Laser odom [x,y,yaw]=[-0.021386 0.032372 -0.017470]
[INFO] [1775776809.259018600] [CLaserOdometry2D]: Robot-base odom [x,y,yaw]=[-0.021386 0.032372 -0.017470]
[WARN] [1775776809.338225446] [CLaserOdometry2DNode]: Waiting for laser_scans....
[INFO] [1775776809.458761362] [CLaserOdometry2D]: execution time (ms): 20.497007
[INFO] [1775776809.458937900] [CLaserOdometry2D]: Laser odom [x,y,yaw]=[-0.019067 0.032194 -0.017470]
[INFO] [1775776809.458981586] [CLaserOdometry2D]: Robot-base odom [x,y,yaw]=[-0.019067 0.032194 -0.017470]
[WARN] [1775776809.538222635] [CLaserOdometry2DNode]: Waiting for laser_scans....
[INFO] [1775776809.658690385] [CLaserOdometry2D]: execution time (ms): 20.429043
[INFO] [1775776809.658878089] [CLaserOdometry2D]: Laser odom [x,y,yaw]=[-0.019503 0.032071 -0.018068]
[INFO] [1775776809.658927960] [CLaserOdometry2D]: Robot-base odom [x,y,yaw]=[-0.019503 0.032071 -0.018068]
[INFO] [1775776809.758906073] [CLaserOdometry2D]: execution time (ms): 20.643285
[INFO] [1775776809.759084000] [CLaserOdometry2D]: Laser odom [x,y,yaw]=[-0.020700 0.032346 -0.019104]
[INFO] [1775776809.759143704] [CLaserOdometry2D]: Robot-base odom [x,y,yaw]=[-0.020700 0.032346 -0.019104]
[WARN] [1775776809.838237382] [CLaserOdometry2DNode]: Waiting for laser_scans....
[INFO] [1775776809.959258412] [CLaserOdometry2D]: execution time (ms): 20.984194
[INFO] [1775776809.959445987] [CLaserOdometry2D]: Laser odom [x,y,yaw]=[-0.019688 0.031893 -0.018332]
[INFO] [1775776809.959494487] [CLaserOdometry2D]: Robot-base odom [x,y,yaw]=[-0.019688 0.031893 -0.018332]
[INFO] [1775776810.059262988] [CLaserOdometry2D]: execution time (ms): 20.998305
[INFO] [1775776810.059444711] [CLaserOdometry2D]: Laser odom [x,y,yaw]=[-0.019995 0.032156 -0.018820]
[INFO] [1775776810.059497897] [CLaserOdometry2D]: Robot-base odom [x,y,yaw]=[-0.019995 0.032156 -0.018820]
[WARN] [1775776810.138225833] [CLaserOdometry2DNode]: Waiting for laser_scans....
[INFO] [1775776810.258787231] [CLaserOdometry2D]: execution time (ms): 20.507396
[INFO] [1775776810.258973898] [CLaserOdometry2D]: Laser odom [x,y,yaw]=[-0.020103 0.032100 -0.020065]
[INFO] [1775776810.259084658] [CLaserOdometry2D]: Robot-base odom [x,y,yaw]=[-0.020103 0.032100 -0.020065]
[WARN] [1775776810.338248930] [CLaserOdometry2DNode]: Waiting for laser_scans....
[INFO] [1775776810.459045829] [CLaserOdometry2D]: execution time (ms): 20.764434
[INFO] [1775776810.459272497] [CLaserOdometry2D]: Laser odom [x,y,yaw]=[-0.019961 0.032134 -0.018445]
[INFO] [1775776810.459326126] [CLaserOdometry2D]: Robot-base odom [x,y,yaw]=[-0.019961 0.032134 -0.018445]
[INFO] [1775776810.558499291] [CLaserOdometry2D]: execution time (ms): 20.221987
[INFO] [1775776810.558696163] [CLaserOdometry2D]: Laser odom [x,y,yaw]=[-0.020660 0.032266 -0.017469]
[INFO] [1775776810.558740366] [CLaserOdometry2D]: Robot-base odom [x,y,yaw]=[-0.020660 0.032266 -0.017469]
[WARN] [1775776810.638221825] [CLaserOdometry2DNode]: Waiting for laser_scans....
[INFO] [1775776810.758484055] [CLaserOdometry2D]: execution time (ms): 20.219283
[INFO] [1775776810.758674370] [CLaserOdometry2D]: Laser odom [x,y,yaw]=[-0.019522 0.032238 -0.018159]
[INFO] [1775776810.758718463] [CLaserOdometry2D]: Robot-base odom [x,y,yaw]=[-0.019522 0.032238 -0.018159]
[INFO] [1775776810.858489538] [CLaserOdometry2D]: execution time (ms): 20.213839
[INFO] [1775776810.858671613] [CLaserOdometry2D]: Laser odom [x,y,yaw]=[-0.019615 0.032352 -0.017814]
[INFO] [1775776810.858719613] [CLaserOdometry2D]: Robot-base odom [x,y,yaw]=[-0.019615 0.032352 -0.017814]
[WARN] [1775776810.938227090] [CLaserOdometry2DNode]: Waiting for laser_scans....
[INFO] [1775776811.058655488] [CLaserOdometry2D]: execution time (ms): 20.380098
[INFO] [1775776811.058845785] [CLaserOdometry2D]: Laser odom [x,y,yaw]=[-0.018097 0.031833 -0.017814]
[INFO] [1775776811.058889637] [CLaserOdometry2D]: Robot-base odom [x,y,yaw]=[-0.018097 0.031833 -0.017814]
[INFO] [1775776811.158542063] [CLaserOdometry2D]: execution time (ms): 20.266061
[INFO] [1775776811.158738101] [CLaserOdometry2D]: Laser odom [x,y,yaw]=[-0.019759 0.032069 -0.018412]
[INFO] [1775776811.158782009] [CLaserOdometry2D]: Robot-base odom [x,y,yaw]=[-0.019759 0.032069 -0.018412]
[WARN] [1775776811.238242634] [CLaserOdometry2DNode]: Waiting for laser_scans....
[INFO] [1775776811.359169293] [CLaserOdometry2D]: execution time (ms): 20.903638
[INFO] [1775776811.359350923] [CLaserOdometry2D]: Laser odom [x,y,yaw]=[-0.020348 0.032159 -0.018757]
[INFO] [1775776811.359393071] [CLaserOdometry2D]: Robot-base odom [x,y,yaw]=[-0.020348 0.032159 -0.018757]
[WARN] [1775776811.438223230] [CLaserOdometry2DNode]: Waiting for laser_scans....
[INFO] [1775776811.559240575] [CLaserOdometry2D]: execution time (ms): 20.971380
[INFO] [1775776811.559426076] [CLaserOdometry2D]: Laser odom [x,y,yaw]=[-0.017839 0.031827 -0.019103]
[INFO] [1775776811.559468983] [CLaserOdometry2D]: Robot-base odom [x,y,yaw]=[-0.017839 0.031827 -0.019103]
[INFO] [1775776811.659024168] [CLaserOdometry2D]: execution time (ms): 20.748767
[INFO] [1775776811.659200743] [CLaserOdometry2D]: Laser odom [x,y,yaw]=[-0.017874 0.031955 -0.020394]
[INFO] [1775776811.659241669] [CLaserOdometry2D]: Robot-base odom [x,y,yaw]=[-0.017874 0.031955 -0.020394]
[WARN] [1775776811.738213218] [CLaserOdometry2DNode]: Waiting for laser_scans....
[INFO] [1775776811.858480355] [CLaserOdometry2D]: execution time (ms): 20.197357
[INFO] [1775776811.858668800] [CLaserOdometry2D]: Laser odom [x,y,yaw]=[-0.019432 0.032074 -0.021240]
[INFO] [1775776811.858707690] [CLaserOdometry2D]: Robot-base odom [x,y,yaw]=[-0.019432 0.032074 -0.021240]
[INFO] [1775776811.958890618] [CLaserOdometry2D]: execution time (ms): 20.581636
[INFO] [1775776811.959064712] [CLaserOdometry2D]: Laser odom [x,y,yaw]=[-0.019064 0.032089 -0.020264]
[INFO] [1775776811.959103249] [CLaserOdometry2D]: Robot-base odom [x,y,yaw]=[-0.019064 0.032089 -0.020264]
[WARN] [1775776812.038222224] [CLaserOdometry2DNode]: Waiting for laser_scans....
[INFO] [1775776812.157944581] [CLaserOdometry2D]: execution time (ms): 19.685224
[INFO] [1775776812.158131008] [CLaserOdometry2D]: Laser odom [x,y,yaw]=[-0.017895 0.031861 -0.019918]
[INFO] [1775776812.158174712] [CLaserOdometry2D]: Robot-base odom [x,y,yaw]=[-0.017895 0.031861 -0.019918]
[INFO] [1775776812.258859310] [CLaserOdometry2D]: execution time (ms): 20.608285
[INFO] [1775776812.259042774] [CLaserOdometry2D]: Laser odom [x,y,yaw]=[-0.019208 0.031960 -0.020609]
[INFO] [1775776812.259086737] [CLaserOdometry2D]: Robot-base odom [x,y,yaw]=[-0.019208 0.031960 -0.020609]
[WARN] [1775776812.338212564] [CLaserOdometry2DNode]: Waiting for laser_scans....
[INFO] [1775776812.458587257] [CLaserOdometry2D]: execution time (ms): 20.314117
[INFO] [1775776812.458777925] [CLaserOdometry2D]: Laser odom [x,y,yaw]=[-0.019488 0.032174 -0.019918]
[INFO] [1775776812.458822665] [CLaserOdometry2D]: Robot-base odom [x,y,yaw]=[-0.019488 0.032174 -0.019918]
[WARN] [1775776812.538234179] [CLaserOdometry2DNode]: Waiting for laser_scans....
[INFO] [1775776812.658080259] [CLaserOdometry2D]: execution time (ms): 19.815763
[INFO] [1775776812.658255389] [CLaserOdometry2D]: Laser odom [x,y,yaw]=[-0.019072 0.032231 -0.019918]
[INFO] [1775776812.658296686] [CLaserOdometry2D]: Robot-base odom [x,y,yaw]=[-0.019072 0.032231 -0.019918]
[INFO] [1775776812.759085062] [CLaserOdometry2D]: execution time (ms): 20.814045
[INFO] [1775776812.759261155] [CLaserOdometry2D]: Laser odom [x,y,yaw]=[-0.018834 0.032296 -0.018722]
[INFO] [1775776812.759310637] [CLaserOdometry2D]: Robot-base odom [x,y,yaw]=[-0.018834 0.032296 -0.018722]
[WARN] [1775776812.838210778] [CLaserOdometry2DNode]: Waiting for laser_scans....
[INFO] [1775776812.958484137] [CLaserOdometry2D]: execution time (ms): 20.236301
[INFO] [1775776812.958685675] [CLaserOdometry2D]: Laser odom [x,y,yaw]=[-0.018868 0.032231 -0.018722]
[INFO] [1775776812.958741657] [CLaserOdometry2D]: Robot-base odom [x,y,yaw]=[-0.018868 0.032231 -0.018722]
[INFO] [1775776813.058330083] [CLaserOdometry2D]: execution time (ms): 20.072912
[INFO] [1775776813.058505713] [CLaserOdometry2D]: Laser odom [x,y,yaw]=[-0.018409 0.032168 -0.019068]
[INFO] [1775776813.058548251] [CLaserOdometry2D]: Robot-base odom [x,y,yaw]=[-0.018409 0.032168 -0.019068]
[WARN] [1775776813.138219617] [CLaserOdometry2DNode]: Waiting for laser_scans....
[INFO] [1775776813.258700626] [CLaserOdometry2D]: execution time (ms): 20.430395
[INFO] [1775776813.258887331] [CLaserOdometry2D]: Laser odom [x,y,yaw]=[-0.017795 0.032227 -0.019666]
[INFO] [1775776813.258938460] [CLaserOdometry2D]: Robot-base odom [x,y,yaw]=[-0.017795 0.032227 -0.019666]
[WARN] [1775776813.338224510] [CLaserOdometry2DNode]: Waiting for laser_scans....
[INFO] [1775776813.459368152] [CLaserOdometry2D]: execution time (ms): 21.104009
[INFO] [1775776813.459552079] [CLaserOdometry2D]: Laser odom [x,y,yaw]=[-0.018487 0.032506 -0.020579]
[INFO] [1775776813.459605394] [CLaserOdometry2D]: Robot-base odom [x,y,yaw]=[-0.018487 0.032506 -0.020579]
[INFO] [1775776813.558761058] [CLaserOdometry2D]: execution time (ms): 20.496673
[INFO] [1775776813.558940967] [CLaserOdometry2D]: Laser odom [x,y,yaw]=[-0.019354 0.032663 -0.019981]
[INFO] [1775776813.558990059] [CLaserOdometry2D]: Robot-base odom [x,y,yaw]=[-0.019354 0.032663 -0.019981]
[WARN] [1775776813.638218980] [CLaserOdometry2DNode]: Waiting for laser_scans....
[INFO] [1775776813.759068027] [CLaserOdometry2D]: execution time (ms): 20.815989
[INFO] [1775776813.759241787] [CLaserOdometry2D]: Laser odom [x,y,yaw]=[-0.019329 0.032318 -0.021177]
[INFO] [1775776813.759286398] [CLaserOdometry2D]: Robot-base odom [x,y,yaw]=[-0.019329 0.032318 -0.021177]
[WARN] [1775776813.838216947] [CLaserOdometry2DNode]: Waiting for laser_scans....
[INFO] [1775776813.959215976] [CLaserOdometry2D]: execution time (ms): 20.959971
[INFO] [1775776813.959398366] [CLaserOdometry2D]: Laser odom [x,y,yaw]=[-0.018417 0.032097 -0.020331]
[INFO] [1775776813.959445533] [CLaserOdometry2D]: Robot-base odom [x,y,yaw]=[-0.018417 0.032097 -0.020331]
[INFO] [1775776814.058507975] [CLaserOdometry2D]: execution time (ms): 20.206061
[INFO] [1775776814.058701272] [CLaserOdometry2D]: Laser odom [x,y,yaw]=[-0.019213 0.032348 -0.020331]
[INFO] [1775776814.058761254] [CLaserOdometry2D]: Robot-base odom [x,y,yaw]=[-0.019213 0.032348 -0.020331]
[WARN] [1775776814.138221842] [CLaserOdometry2DNode]: Waiting for laser_scans....
[INFO] [1775776814.258637813] [CLaserOdometry2D]: execution time (ms): 20.365432
[INFO] [1775776814.258836999] [CLaserOdometry2D]: Laser odom [x,y,yaw]=[-0.018563 0.031840 -0.020331]
[INFO] [1775776814.258889203] [CLaserOdometry2D]: Robot-base odom [x,y,yaw]=[-0.018563 0.031840 -0.020331]
[WARN] [1775776814.338247772] [CLaserOdometry2DNode]: Waiting for laser_scans....
[INFO] [1775776814.458595780] [CLaserOdometry2D]: execution time (ms): 20.336543
[INFO] [1775776814.458779670] [CLaserOdometry2D]: Laser odom [x,y,yaw]=[-0.019168 0.032098 -0.020331]
[INFO] [1775776814.458833818] [CLaserOdometry2D]: Robot-base odom [x,y,yaw]=[-0.019168 0.032098 -0.020331]
[WARN] [1775776814.538212443] [CLaserOdometry2DNode]: Waiting for laser_scans....
[INFO] [1775776814.658775933] [CLaserOdometry2D]: execution time (ms): 20.520211
[INFO] [1775776814.658950212] [CLaserOdometry2D]: Laser odom [x,y,yaw]=[-0.018596 0.031981 -0.020331]
[INFO] [1775776814.658994323] [CLaserOdometry2D]: Robot-base odom [x,y,yaw]=[-0.018596 0.031981 -0.020331]
[INFO] [1775776814.758831621] [CLaserOdometry2D]: execution time (ms): 20.541099
[INFO] [1775776814.759004233] [CLaserOdometry2D]: Laser odom [x,y,yaw]=[-0.018374 0.031679 -0.022023]
[INFO] [1775776814.759051640] [CLaserOdometry2D]: Robot-base odom [x,y,yaw]=[-0.018374 0.031679 -0.022023]
[WARN] [1775776814.838219893] [CLaserOdometry2DNode]: Waiting for laser_scans....
[INFO] [1775776814.959453943] [CLaserOdometry2D]: execution time (ms): 21.191843
[INFO] [1775776814.959651258] [CLaserOdometry2D]: Laser odom [x,y,yaw]=[-0.018527 0.031722 -0.023605]
[INFO] [1775776814.959704222] [CLaserOdometry2D]: Robot-base odom [x,y,yaw]=[-0.018527 0.031722 -0.023605]
[WARN] [1775776815.038212249] [CLaserOdometry2DNode]: Waiting for laser_scans....
[INFO] [1775776815.159159871] [CLaserOdometry2D]: execution time (ms): 20.904027
[INFO] [1775776815.159368169] [CLaserOdometry2D]: Laser odom [x,y,yaw]=[-0.018358 0.031327 -0.023950]
[INFO] [1775776815.159441021] [CLaserOdometry2D]: Robot-base odom [x,y,yaw]=[-0.018358 0.031327 -0.023950]
[WARN] [1775776815.238222735] [CLaserOdometry2DNode]: Waiting for laser_scans....
[INFO] [1775776815.359200042] [CLaserOdometry2D]: execution time (ms): 20.924768
[INFO] [1775776815.359380265] [CLaserOdometry2D]: Laser odom [x,y,yaw]=[-0.019804 0.031486 -0.024641]
[INFO] [1775776815.359432414] [CLaserOdometry2D]: Robot-base odom [x,y,yaw]=[-0.019804 0.031486 -0.024641]
[INFO] [1775776815.458765820] [CLaserOdometry2D]: execution time (ms): 20.488617
[INFO] [1775776815.458943987] [CLaserOdometry2D]: Laser odom [x,y,yaw]=[-0.018775 0.031340 -0.025331]
[INFO] [1775776815.458992784] [CLaserOdometry2D]: Robot-base odom [x,y,yaw]=[-0.018775 0.031340 -0.025331]
[WARN] [1775776815.538222056] [CLaserOdometry2DNode]: Waiting for laser_scans....
[INFO] [1775776815.659823737] [CLaserOdometry2D]: execution time (ms): 21.550011
[INFO] [1775776815.660001793] [CLaserOdometry2D]: Laser odom [x,y,yaw]=[-0.018125 0.031371 -0.026245]
[INFO] [1775776815.660052275] [CLaserOdometry2D]: Robot-base odom [x,y,yaw]=[-0.018125 0.031371 -0.026245]
[WARN] [1775776815.738215097] [CLaserOdometry2DNode]: Waiting for laser_scans....
[INFO] [1775776815.858891588] [CLaserOdometry2D]: execution time (ms): 20.639730
[INFO] [1775776815.859069700] [CLaserOdometry2D]: Laser odom [x,y,yaw]=[-0.017800 0.031255 -0.026245]
[INFO] [1775776815.859119997] [CLaserOdometry2D]: Robot-base odom [x,y,yaw]=[-0.017800 0.031255 -0.026245]
[INFO] [1775776815.959359592] [CLaserOdometry2D]: execution time (ms): 21.063732
[INFO] [1775776815.959546112] [CLaserOdometry2D]: Laser odom [x,y,yaw]=[-0.019251 0.032486 -0.024484]
[INFO] [1775776815.959598353] [CLaserOdometry2D]: Robot-base odom [x,y,yaw]=[-0.019251 0.032486 -0.024484]
[WARN] [1775776816.038215455] [CLaserOdometry2DNode]: Waiting for laser_scans....
[INFO] [1775776816.158855965] [CLaserOdometry2D]: execution time (ms): 20.546822
[INFO] [1775776816.159037854] [CLaserOdometry2D]: Laser odom [x,y,yaw]=[-0.019227 0.033183 -0.022865]
[INFO] [1775776816.159084595] [CLaserOdometry2D]: Robot-base odom [x,y,yaw]=[-0.019227 0.033183 -0.022865]
[WARN] [1775776816.238224774] [CLaserOdometry2DNode]: Waiting for laser_scans....
[INFO] [1775776816.359201526] [CLaserOdometry2D]: execution time (ms): 20.930879
[INFO] [1775776816.359389582] [CLaserOdometry2D]: Laser odom [x,y,yaw]=[-0.019860 0.033186 -0.021104]
[INFO] [1775776816.359460231] [CLaserOdometry2D]: Robot-base odom [x,y,yaw]=[-0.019860 0.033186 -0.021104]
[INFO] [1775776816.458674081] [CLaserOdometry2D]: execution time (ms): 20.416914
[INFO] [1775776816.458890138] [CLaserOdometry2D]: Laser odom [x,y,yaw]=[-0.019931 0.033217 -0.020759]
[INFO] [1775776816.458945527] [CLaserOdometry2D]: Robot-base odom [x,y,yaw]=[-0.019931 0.033217 -0.020759]
[WARN] [1775776816.538211132] [CLaserOdometry2DNode]: Waiting for laser_scans....
[INFO] [1775776816.658952327] [CLaserOdometry2D]: execution time (ms): 20.699952
[INFO] [1775776816.659130921] [CLaserOdometry2D]: Laser odom [x,y,yaw]=[-0.020466 0.032662 -0.022096]
[INFO] [1775776816.659179162] [CLaserOdometry2D]: Robot-base odom [x,y,yaw]=[-0.020466 0.032662 -0.022096]
[INFO] [1775776816.758276919] [CLaserOdometry2D]: execution time (ms): 20.024226
[INFO] [1775776816.758460401] [CLaserOdometry2D]: Laser odom [x,y,yaw]=[-0.020739 0.032152 -0.022096]
[INFO] [1775776816.758506846] [CLaserOdometry2D]: Robot-base odom [x,y,yaw]=[-0.020739 0.032152 -0.022096]
[WARN] [1775776816.838238361] [CLaserOdometry2DNode]: Waiting for laser_scans....
[INFO] [1775776816.958670202] [CLaserOdometry2D]: execution time (ms): 20.387765
[INFO] [1775776816.958842777] [CLaserOdometry2D]: Laser odom [x,y,yaw]=[-0.020969 0.031849 -0.022096]
[INFO] [1775776816.958882759] [CLaserOdometry2D]: Robot-base odom [x,y,yaw]=[-0.020969 0.031849 -0.022096]
[INFO] [1775776817.058711297] [CLaserOdometry2D]: execution time (ms): 20.430247
[INFO] [1775776817.058885669] [CLaserOdometry2D]: Laser odom [x,y,yaw]=[-0.020490 0.031636 -0.021608]
[INFO] [1775776817.058928743] [CLaserOdometry2D]: Robot-base odom [x,y,yaw]=[-0.020490 0.031636 -0.021608]
[WARN] [1775776817.138227904] [CLaserOdometry2DNode]: Waiting for laser_scans....
[INFO] [1775776817.258684135] [CLaserOdometry2D]: execution time (ms): 20.431765
[INFO] [1775776817.258853691] [CLaserOdometry2D]: Laser odom [x,y,yaw]=[-0.020526 0.031561 -0.022700]
[INFO] [1775776817.258894988] [CLaserOdometry2D]: Robot-base odom [x,y,yaw]=[-0.020526 0.031561 -0.022700]
[WARN] [1775776817.338223501] [CLaserOdometry2DNode]: Waiting for laser_scans....
[INFO] [1775776817.458699565] [CLaserOdometry2D]: execution time (ms): 20.426673
[INFO] [1775776817.458873195] [CLaserOdometry2D]: Laser odom [x,y,yaw]=[-0.020481 0.031660 -0.022700]
[INFO] [1775776817.458917566] [CLaserOdometry2D]: Robot-base odom [x,y,yaw]=[-0.020481 0.031660 -0.022700]
[INFO] [1775776817.558536029] [CLaserOdometry2D]: execution time (ms): 20.243024
[INFO] [1775776817.558721141] [CLaserOdometry2D]: Laser odom [x,y,yaw]=[-0.019145 0.031343 -0.022355]
[INFO] [1775776817.558761752] [CLaserOdometry2D]: Robot-base odom [x,y,yaw]=[-0.019145 0.031343 -0.022355]
[WARN] [1775776817.638229933] [CLaserOdometry2DNode]: Waiting for laser_scans....
[INFO] [1775776817.758008957] [CLaserOdometry2D]: execution time (ms): 19.671261
[INFO] [1775776817.758211402] [CLaserOdometry2D]: Laser odom [x,y,yaw]=[-0.019608 0.031439 -0.023736]
[INFO] [1775776817.758262513] [CLaserOdometry2D]: Robot-base odom [x,y,yaw]=[-0.019608 0.031439 -0.023736]
[INFO] [1775776817.858832259] [CLaserOdometry2D]: execution time (ms): 20.563711
[INFO] [1775776817.859053593] [CLaserOdometry2D]: Laser odom [x,y,yaw]=[-0.019869 0.031703 -0.023390]
[INFO] [1775776817.859103797] [CLaserOdometry2D]: Robot-base odom [x,y,yaw]=[-0.019869 0.031703 -0.023390]
[WARN] [1775776817.938228421] [CLaserOdometry2DNode]: Waiting for laser_scans....
[INFO] [1775776818.058552558] [CLaserOdometry2D]: execution time (ms): 20.285635
[INFO] [1775776818.058735466] [CLaserOdometry2D]: Laser odom [x,y,yaw]=[-0.019664 0.031609 -0.023390]
[INFO] [1775776818.058781892] [CLaserOdometry2D]: Robot-base odom [x,y,yaw]=[-0.019664 0.031609 -0.023390]
[INFO] [1775776818.158013076] [CLaserOdometry2D]: execution time (ms): 19.733910
[INFO] [1775776818.158197058] [CLaserOdometry2D]: Laser odom [x,y,yaw]=[-0.020834 0.031762 -0.023390]
[INFO] [1775776818.158261059] [CLaserOdometry2D]: Robot-base odom [x,y,yaw]=[-0.020834 0.031762 -0.023390]
[WARN] [1775776818.238221427] [CLaserOdometry2DNode]: Waiting for laser_scans....
[INFO] [1775776818.358570064] [CLaserOdometry2D]: execution time (ms): 20.305542
[INFO] [1775776818.358821954] [CLaserOdometry2D]: Laser odom [x,y,yaw]=[-0.021226 0.031727 -0.023988]
[INFO] [1775776818.358893047] [CLaserOdometry2D]: Robot-base odom [x,y,yaw]=[-0.021226 0.031727 -0.023988]
[INFO] [1775776818.457933174] [CLaserOdometry2D]: execution time (ms): 19.649169
[INFO] [1775776818.458123360] [CLaserOdometry2D]: Laser odom [x,y,yaw]=[-0.020381 0.031697 -0.023988]
[INFO] [1775776818.458171620] [CLaserOdometry2D]: Robot-base odom [x,y,yaw]=[-0.020381 0.031697 -0.023988]
[WARN] [1775776818.538217785] [CLaserOdometry2DNode]: Waiting for laser_scans....
[INFO] [1775776818.658026309] [CLaserOdometry2D]: execution time (ms): 19.769965
[INFO] [1775776818.658206717] [CLaserOdometry2D]: Laser odom [x,y,yaw]=[-0.020897 0.031635 -0.023988]
[INFO] [1775776818.658254180] [CLaserOdometry2D]: Robot-base odom [x,y,yaw]=[-0.020897 0.031635 -0.023988]
[WARN] [1775776818.738213696] [CLaserOdometry2DNode]: Waiting for laser_scans....
[INFO] [1775776818.858720390] [CLaserOdometry2D]: execution time (ms): 20.468562
[INFO] [1775776818.858899428] [CLaserOdometry2D]: Laser odom [x,y,yaw]=[-0.021340 0.031142 -0.023988]
[INFO] [1775776818.858946817] [CLaserOdometry2D]: Robot-base odom [x,y,yaw]=[-0.021340 0.031142 -0.023988]
[INFO] [1775776818.958325520] [CLaserOdometry2D]: execution time (ms): 20.055319
[INFO] [1775776818.958504947] [CLaserOdometry2D]: Laser odom [x,y,yaw]=[-0.021712 0.030652 -0.023643]
[INFO] [1775776818.958551373] [CLaserOdometry2D]: Robot-base odom [x,y,yaw]=[-0.021712 0.030652 -0.023643]
[WARN] [1775776819.038282092] [CLaserOdometry2DNode]: Waiting for laser_scans....
[INFO] [1775776819.158750804] [CLaserOdometry2D]: execution time (ms): 20.480377
[INFO] [1775776819.158932379] [CLaserOdometry2D]: Laser odom [x,y,yaw]=[-0.020659 0.030232 -0.023988]
[INFO] [1775776819.158989583] [CLaserOdometry2D]: Robot-base odom [x,y,yaw]=[-0.020659 0.030232 -0.023988]
[INFO] [1775776819.258948251] [CLaserOdometry2D]: execution time (ms): 20.691249
[INFO] [1775776819.259144456] [CLaserOdometry2D]: Laser odom [x,y,yaw]=[-0.020525 0.030166 -0.025453]
[INFO] [1775776819.259190604] [CLaserOdometry2D]: Robot-base odom [x,y,yaw]=[-0.020525 0.030166 -0.025453]
[WARN] [1775776819.338265783] [CLaserOdometry2DNode]: Waiting for laser_scans....
[INFO] [1775776819.458689440] [CLaserOdometry2D]: execution time (ms): 20.432117
[INFO] [1775776819.458870292] [CLaserOdometry2D]: Laser odom [x,y,yaw]=[-0.019850 0.030635 -0.024361]
[INFO] [1775776819.458918811] [CLaserOdometry2D]: Robot-base odom [x,y,yaw]=[-0.019850 0.030635 -0.024361]
[INFO] [1775776819.558507033] [CLaserOdometry2D]: execution time (ms): 20.250487
[INFO] [1775776819.558690312] [CLaserOdometry2D]: Laser odom [x,y,yaw]=[-0.021180 0.030813 -0.023216]
[INFO] [1775776819.558735553] [CLaserOdometry2D]: Robot-base odom [x,y,yaw]=[-0.021180 0.030813 -0.023216]
[WARN] [1775776819.638220289] [CLaserOdometry2DNode]: Waiting for laser_scans....
[INFO] [1775776819.758483241] [CLaserOdometry2D]: execution time (ms): 20.208172
[INFO] [1775776819.758675075] [CLaserOdometry2D]: Laser odom [x,y,yaw]=[-0.024272 0.031236 -0.023988]
[INFO] [1775776819.758718650] [CLaserOdometry2D]: Robot-base odom [x,y,yaw]=[-0.024272 0.031236 -0.023988]
[INFO] [1775776819.858934393] [CLaserOdometry2D]: execution time (ms): 20.668563
[INFO] [1775776819.859111413] [CLaserOdometry2D]: Laser odom [x,y,yaw]=[-0.022319 0.031471 -0.022896]
[INFO] [1775776819.859155154] [CLaserOdometry2D]: Robot-base odom [x,y,yaw]=[-0.022319 0.031471 -0.022896]
[WARN] [1775776819.938230073] [CLaserOdometry2DNode]: Waiting for laser_scans....
[INFO] [1775776820.058556933] [CLaserOdometry2D]: execution time (ms): 20.301876
[INFO] [1775776820.058749860] [CLaserOdometry2D]: Laser odom [x,y,yaw]=[-0.023427 0.031651 -0.022206]
[INFO] [1775776820.058806767] [CLaserOdometry2D]: Robot-base odom [x,y,yaw]=[-0.023427 0.031651 -0.022206]
[WARN] [1775776820.138208448] [CLaserOdometry2DNode]: Waiting for laser_scans....
[INFO] [1775776820.258764638] [CLaserOdometry2D]: execution time (ms): 20.492357
[INFO] [1775776820.258953732] [CLaserOdometry2D]: Laser odom [x,y,yaw]=[-0.023198 0.031722 -0.022694]
[INFO] [1775776820.259090103] [CLaserOdometry2D]: Robot-base odom [x,y,yaw]=[-0.023198 0.031722 -0.022694]
[INFO] [1775776820.357729889] [CLaserOdometry2D]: execution time (ms): 19.467963
[INFO] [1775776820.357907834] [CLaserOdometry2D]: Laser odom [x,y,yaw]=[-0.022641 0.031776 -0.022206]
[INFO] [1775776820.357951631] [CLaserOdometry2D]: Robot-base odom [x,y,yaw]=[-0.022641 0.031776 -0.022206]
[WARN] [1775776820.438239959] [CLaserOdometry2DNode]: Waiting for laser_scans....
[INFO] [1775776820.558250828] [CLaserOdometry2D]: execution time (ms): 19.976318
[INFO] [1775776820.558435718] [CLaserOdometry2D]: Laser odom [x,y,yaw]=[-0.024477 0.031926 -0.022206]
[INFO] [1775776820.558485237] [CLaserOdometry2D]: Robot-base odom [x,y,yaw]=[-0.024477 0.031926 -0.022206]
[INFO] [1775776820.658631308] [CLaserOdometry2D]: execution time (ms): 20.370468
[INFO] [1775776820.658807105] [CLaserOdometry2D]: Laser odom [x,y,yaw]=[-0.026797 0.032223 -0.022896]
[INFO] [1775776820.658853290] [CLaserOdometry2D]: Robot-base odom [x,y,yaw]=[-0.026797 0.032223 -0.022896]
[WARN] [1775776820.738374689] [CLaserOdometry2DNode]: Waiting for laser_scans....
[INFO] [1775776820.859088543] [CLaserOdometry2D]: execution time (ms): 20.745155
[INFO] [1775776820.859337285] [CLaserOdometry2D]: Laser odom [x,y,yaw]=[-0.023315 0.031797 -0.022551]
[INFO] [1775776820.859448360] [CLaserOdometry2D]: Robot-base odom [x,y,yaw]=[-0.023315 0.031797 -0.022551]
[INFO] [1775776820.954956539] [CLaserOdometry2D]: execution time (ms): 16.493968
[INFO] [1775776820.955206355] [CLaserOdometry2D]: Laser odom [x,y,yaw]=[-0.024413 0.032672 -0.021128]
[INFO] [1775776820.955328540] [CLaserOdometry2D]: Robot-base odom [x,y,yaw]=[-0.024413 0.032672 -0.021128]
[WARN] [1775776821.038361382] [CLaserOdometry2DNode]: Waiting for laser_scans....
[INFO] [1775776821.158772142] [CLaserOdometry2D]: execution time (ms): 20.457431
[INFO] [1775776821.158973791] [CLaserOdometry2D]: Laser odom [x,y,yaw]=[-0.025558 0.033403 -0.021128]
[INFO] [1775776821.159022014] [CLaserOdometry2D]: Robot-base odom [x,y,yaw]=[-0.025558 0.033403 -0.021128]
[INFO] [1775776821.258130765] [CLaserOdometry2D]: execution time (ms): 19.868077
[INFO] [1775776821.258312303] [CLaserOdometry2D]: Laser odom [x,y,yaw]=[-0.025437 0.033835 -0.019663]
[INFO] [1775776821.258358933] [CLaserOdometry2D]: Robot-base odom [x,y,yaw]=[-0.025437 0.033835 -0.019663]
[WARN] [1775776821.338218203] [CLaserOdometry2DNode]: Waiting for laser_scans....
[INFO] [1775776821.458984817] [CLaserOdometry2D]: execution time (ms): 20.718710
[INFO] [1775776821.459185318] [CLaserOdometry2D]: Laser odom [x,y,yaw]=[-0.024723 0.033042 -0.020639]
[INFO] [1775776821.459243411] [CLaserOdometry2D]: Robot-base odom [x,y,yaw]=[-0.024723 0.033042 -0.020639]
[WARN] [1775776821.538222418] [CLaserOdometry2DNode]: Waiting for laser_scans....
[INFO] [1775776821.658580012] [CLaserOdometry2D]: execution time (ms): 20.296579
[INFO] [1775776821.658785531] [CLaserOdometry2D]: Laser odom [x,y,yaw]=[-0.024518 0.032785 -0.021330]
[INFO] [1775776821.658842254] [CLaserOdometry2D]: Robot-base odom [x,y,yaw]=[-0.024518 0.032785 -0.021330]
[INFO] [1775776821.759167844] [CLaserOdometry2D]: execution time (ms): 20.877767
[INFO] [1775776821.759346863] [CLaserOdometry2D]: Laser odom [x,y,yaw]=[-0.024149 0.032662 -0.022366]
[INFO] [1775776821.759394956] [CLaserOdometry2D]: Robot-base odom [x,y,yaw]=[-0.024149 0.032662 -0.022366]
[WARN] [1775776821.838274685] [CLaserOdometry2DNode]: Waiting for laser_scans....
[INFO] [1775776821.958953299] [CLaserOdometry2D]: execution time (ms): 20.674765
[INFO] [1775776821.959154281] [CLaserOdometry2D]: Laser odom [x,y,yaw]=[-0.023932 0.032672 -0.022020]
[INFO] [1775776821.959207022] [CLaserOdometry2D]: Robot-base odom [x,y,yaw]=[-0.023932 0.032672 -0.022020]
[INFO] [1775776822.058792053] [CLaserOdometry2D]: execution time (ms): 20.522561
[INFO] [1775776822.058980425] [CLaserOdometry2D]: Laser odom [x,y,yaw]=[-0.024100 0.032982 -0.022020]
[INFO] [1775776822.059028240] [CLaserOdometry2D]: Robot-base odom [x,y,yaw]=[-0.024100 0.032982 -0.022020]
[WARN] [1775776822.138225229] [CLaserOdometry2DNode]: Waiting for laser_scans....
[INFO] [1775776822.258659082] [CLaserOdometry2D]: execution time (ms): 20.383523
[INFO] [1775776822.258840065] [CLaserOdometry2D]: Laser odom [x,y,yaw]=[-0.023134 0.032894 -0.022509]
[INFO] [1775776822.258891287] [CLaserOdometry2D]: Robot-base odom [x,y,yaw]=[-0.023134 0.032894 -0.022509]
[INFO] [1775776822.358431985] [CLaserOdometry2D]: execution time (ms): 20.171412
[INFO] [1775776822.358606449] [CLaserOdometry2D]: Laser odom [x,y,yaw]=[-0.023477 0.033036 -0.022020]
[INFO] [1775776822.358669060] [CLaserOdometry2D]: Robot-base odom [x,y,yaw]=[-0.023477 0.033036 -0.022020]
[WARN] [1775776822.438233607] [CLaserOdometry2DNode]: Waiting for laser_scans....
[INFO] [1775776822.558463348] [CLaserOdometry2D]: execution time (ms): 20.185689
[INFO] [1775776822.558675275] [CLaserOdometry2D]: Laser odom [x,y,yaw]=[-0.023061 0.033349 -0.021248]
[INFO] [1775776822.558746275] [CLaserOdometry2D]: Robot-base odom [x,y,yaw]=[-0.023061 0.033349 -0.021248]
[INFO] [1775776822.658386400] [CLaserOdometry2D]: execution time (ms): 20.128262
[INFO] [1775776822.658575178] [CLaserOdometry2D]: Laser odom [x,y,yaw]=[-0.023308 0.033871 -0.021248]
[INFO] [1775776822.658643530] [CLaserOdometry2D]: Robot-base odom [x,y,yaw]=[-0.023308 0.033871 -0.021248]
[WARN] [1775776822.738217855] [CLaserOdometry2DNode]: Waiting for laser_scans....
[INFO] [1775776822.858310725] [CLaserOdometry2D]: execution time (ms): 20.059911
[INFO] [1775776822.858487800] [CLaserOdometry2D]: Laser odom [x,y,yaw]=[-0.022413 0.033788 -0.021248]
[INFO] [1775776822.858539541] [CLaserOdometry2D]: Robot-base odom [x,y,yaw]=[-0.022413 0.033788 -0.021248]
[WARN] [1775776822.938215385] [CLaserOdometry2DNode]: Waiting for laser_scans....
[INFO] [1775776823.059022647] [CLaserOdometry2D]: execution time (ms): 20.770137
[INFO] [1775776823.059199796] [CLaserOdometry2D]: Laser odom [x,y,yaw]=[-0.021736 0.033544 -0.020760]
[INFO] [1775776823.059246407] [CLaserOdometry2D]: Robot-base odom [x,y,yaw]=[-0.021736 0.033544 -0.020760]
[INFO] [1775776823.159063033] [CLaserOdometry2D]: execution time (ms): 20.810284
[INFO] [1775776823.159251015] [CLaserOdometry2D]: Laser odom [x,y,yaw]=[-0.023893 0.033738 -0.021248]
[INFO] [1775776823.159307904] [CLaserOdometry2D]: Robot-base odom [x,y,yaw]=[-0.023893 0.033738 -0.021248]
[WARN] [1775776823.238228263] [CLaserOdometry2DNode]: Waiting for laser_scans....
[INFO] [1775776823.358880339] [CLaserOdometry2D]: execution time (ms): 20.615525
[INFO] [1775776823.359116118] [CLaserOdometry2D]: Laser odom [x,y,yaw]=[-0.021930 0.033542 -0.022284]
[INFO] [1775776823.359181266] [CLaserOdometry2D]: Robot-base odom [x,y,yaw]=[-0.021930 0.033542 -0.022284]
[INFO] [1775776823.458809965] [CLaserOdometry2D]: execution time (ms): 20.555432
[INFO] [1775776823.459004040] [CLaserOdometry2D]: Laser odom [x,y,yaw]=[-0.022832 0.033505 -0.022284]
[INFO] [1775776823.459056281] [CLaserOdometry2D]: Robot-base odom [x,y,yaw]=[-0.022832 0.033505 -0.022284]
[WARN] [1775776823.538207974] [CLaserOdometry2DNode]: Waiting for laser_scans....
[INFO] [1775776823.658590938] [CLaserOdometry2D]: execution time (ms): 20.280838
[INFO] [1775776823.658796735] [CLaserOdometry2D]: Laser odom [x,y,yaw]=[-0.023312 0.033318 -0.023261]
[INFO] [1775776823.658853235] [CLaserOdometry2D]: Robot-base odom [x,y,yaw]=[-0.023312 0.033318 -0.023261]
[INFO] [1775776823.758863880] [CLaserOdometry2D]: execution time (ms): 20.613395
[INFO] [1775776823.759035047] [CLaserOdometry2D]: Laser odom [x,y,yaw]=[-0.023895 0.033198 -0.022489]
[INFO] [1775776823.759080418] [CLaserOdometry2D]: Robot-base odom [x,y,yaw]=[-0.023895 0.033198 -0.022489]
[WARN] [1775776823.838226870] [CLaserOdometry2DNode]: Waiting for laser_scans....
[INFO] [1775776823.958141869] [CLaserOdometry2D]: execution time (ms): 19.874539
[INFO] [1775776823.958319629] [CLaserOdometry2D]: Laser odom [x,y,yaw]=[-0.023725 0.033160 -0.023179]
[INFO] [1775776823.958360259] [CLaserOdometry2D]: Robot-base odom [x,y,yaw]=[-0.023725 0.033160 -0.023179]
[INFO] [1775776824.058389292] [CLaserOdometry2D]: execution time (ms): 20.100930
[INFO] [1775776824.058569090] [CLaserOdometry2D]: Laser odom [x,y,yaw]=[-0.023242 0.032658 -0.024560]
[INFO] [1775776824.058614201] [CLaserOdometry2D]: Robot-base odom [x,y,yaw]=[-0.023242 0.032658 -0.024560]
[WARN] [1775776824.138225026] [CLaserOdometry2DNode]: Waiting for laser_scans....
[INFO] [1775776824.258526137] [CLaserOdometry2D]: execution time (ms): 20.266226
[INFO] [1775776824.258710657] [CLaserOdometry2D]: Laser odom [x,y,yaw]=[-0.023629 0.032902 -0.023870]
[INFO] [1775776824.258752879] [CLaserOdometry2D]: Robot-base odom [x,y,yaw]=[-0.023629 0.032902 -0.023870]
[WARN] [1775776824.338224296] [CLaserOdometry2DNode]: Waiting for laser_scans....
[INFO] [1775776824.458291351] [CLaserOdometry2D]: execution time (ms): 20.026188
[INFO] [1775776824.458471871] [CLaserOdometry2D]: Laser odom [x,y,yaw]=[-0.023500 0.032726 -0.023525]
[INFO] [1775776824.458512074] [CLaserOdometry2D]: Robot-base odom [x,y,yaw]=[-0.023500 0.032726 -0.023525]
[INFO] [1775776824.558308736] [CLaserOdometry2D]: execution time (ms): 20.045707
[INFO] [1775776824.558481274] [CLaserOdometry2D]: Laser odom [x,y,yaw]=[-0.022915 0.032588 -0.021980]
[INFO] [1775776824.558519182] [CLaserOdometry2D]: Robot-base odom [x,y,yaw]=[-0.022915 0.032588 -0.021980]
[WARN] [1775776824.638223581] [CLaserOdometry2DNode]: Waiting for laser_scans....
[INFO] [1775776824.758833824] [CLaserOdometry2D]: execution time (ms): 20.565932
[INFO] [1775776824.759019529] [CLaserOdometry2D]: Laser odom [x,y,yaw]=[-0.023435 0.032549 -0.021980]
[INFO] [1775776824.759073640] [CLaserOdometry2D]: Robot-base odom [x,y,yaw]=[-0.023435 0.032549 -0.021980]
[INFO] [1775776824.858448930] [CLaserOdometry2D]: execution time (ms): 20.192930
[INFO] [1775776824.858642042] [CLaserOdometry2D]: Laser odom [x,y,yaw]=[-0.022419 0.031859 -0.021980]
[INFO] [1775776824.858702801] [CLaserOdometry2D]: Robot-base odom [x,y,yaw]=[-0.022419 0.031859 -0.021980]
[WARN] [1775776824.938212478] [CLaserOdometry2DNode]: Waiting for laser_scans....
[INFO] [1775776825.058671294] [CLaserOdometry2D]: execution time (ms): 20.407098
[INFO] [1775776825.058852554] [CLaserOdometry2D]: Laser odom [x,y,yaw]=[-0.022609 0.031904 -0.022326]
[INFO] [1775776825.058914758] [CLaserOdometry2D]: Robot-base odom [x,y,yaw]=[-0.022609 0.031904 -0.022326]
[INFO] [1775776825.158216566] [CLaserOdometry2D]: execution time (ms): 19.954744
[INFO] [1775776825.158403159] [CLaserOdometry2D]: Laser odom [x,y,yaw]=[-0.022467 0.031743 -0.021980]
[INFO] [1775776825.158541438] [CLaserOdometry2D]: Robot-base odom [x,y,yaw]=[-0.022467 0.031743 -0.021980]
[WARN] [1775776825.238231004] [CLaserOdometry2DNode]: Waiting for laser_scans....
[INFO] [1775776825.358810209] [CLaserOdometry2D]: execution time (ms): 20.513802
[INFO] [1775776825.358997044] [CLaserOdometry2D]: Laser odom [x,y,yaw]=[-0.021905 0.031943 -0.022894]
[INFO] [1775776825.359062951] [CLaserOdometry2D]: Robot-base odom [x,y,yaw]=[-0.021905 0.031943 -0.022894]
[INFO] [1775776825.458541112] [CLaserOdometry2D]: execution time (ms): 20.264263
[INFO] [1775776825.458731613] [CLaserOdometry2D]: Laser odom [x,y,yaw]=[-0.021852 0.031732 -0.022122]
[INFO] [1775776825.458785113] [CLaserOdometry2D]: Robot-base odom [x,y,yaw]=[-0.021852 0.031732 -0.022122]
[WARN] [1775776825.538224863] [CLaserOdometry2DNode]: Waiting for laser_scans....
[INFO] [1775776825.658911477] [CLaserOdometry2D]: execution time (ms): 20.647228
[INFO] [1775776825.659106737] [CLaserOdometry2D]: Laser odom [x,y,yaw]=[-0.021557 0.031052 -0.022122]
[INFO] [1775776825.659162385] [CLaserOdometry2D]: Robot-base odom [x,y,yaw]=[-0.021557 0.031052 -0.022122]
[INFO] [1775776825.758706194] [CLaserOdometry2D]: execution time (ms): 20.444302
[INFO] [1775776825.758878065] [CLaserOdometry2D]: Laser odom [x,y,yaw]=[-0.021563 0.031218 -0.022467]
[INFO] [1775776825.758924565] [CLaserOdometry2D]: Robot-base odom [x,y,yaw]=[-0.021563 0.031218 -0.022467]
[WARN] [1775776825.838229815] [CLaserOdometry2DNode]: Waiting for laser_scans....
[INFO] [1775776825.958457852] [CLaserOdometry2D]: execution time (ms): 20.194374
[INFO] [1775776825.958649057] [CLaserOdometry2D]: Laser odom [x,y,yaw]=[-0.021690 0.031155 -0.021322]
[INFO] [1775776825.958704613] [CLaserOdometry2D]: Robot-base odom [x,y,yaw]=[-0.021690 0.031155 -0.021322]
[WARN] [1775776826.038232548] [CLaserOdometry2DNode]: Waiting for laser_scans....
[INFO] [1775776826.159006959] [CLaserOdometry2D]: execution time (ms): 20.727969
[INFO] [1775776826.159189367] [CLaserOdometry2D]: Laser odom [x,y,yaw]=[-0.022033 0.031224 -0.021322]
[INFO] [1775776826.159240349] [CLaserOdometry2D]: Robot-base odom [x,y,yaw]=[-0.022033 0.031224 -0.021322]
[INFO] [1775776826.258329989] [CLaserOdometry2D]: execution time (ms): 20.065615
[INFO] [1775776826.258515971] [CLaserOdometry2D]: Laser odom [x,y,yaw]=[-0.021778 0.031173 -0.020977]
[INFO] [1775776826.258569879] [CLaserOdometry2D]: Robot-base odom [x,y,yaw]=[-0.021778 0.031173 -0.020977]
[WARN] [1775776826.338225500] [CLaserOdometry2DNode]: Waiting for laser_scans....
[INFO] [1775776826.458870076] [CLaserOdometry2D]: execution time (ms): 20.611469
[INFO] [1775776826.459044503] [CLaserOdometry2D]: Laser odom [x,y,yaw]=[-0.021907 0.030799 -0.021322]
[INFO] [1775776826.459094318] [CLaserOdometry2D]: Robot-base odom [x,y,yaw]=[-0.021907 0.030799 -0.021322]
[INFO] [1775776826.558361033] [CLaserOdometry2D]: execution time (ms): 20.097522
[INFO] [1775776826.558534534] [CLaserOdometry2D]: Laser odom [x,y,yaw]=[-0.021139 0.030577 -0.021322]
[INFO] [1775776826.558578053] [CLaserOdometry2D]: Robot-base odom [x,y,yaw]=[-0.021139 0.030577 -0.021322]
[WARN] [1775776826.638233878] [CLaserOdometry2DNode]: Waiting for laser_scans....
[INFO] [1775776826.759137474] [CLaserOdometry2D]: execution time (ms): 20.866304
[INFO] [1775776826.759311956] [CLaserOdometry2D]: Laser odom [x,y,yaw]=[-0.021500 0.030581 -0.022094]
[INFO] [1775776826.759363457] [CLaserOdometry2D]: Robot-base odom [x,y,yaw]=[-0.021500 0.030581 -0.022094]
[INFO] [1775776826.858964395] [CLaserOdometry2D]: execution time (ms): 20.702155
[INFO] [1775776826.859159396] [CLaserOdometry2D]: Laser odom [x,y,yaw]=[-0.021829 0.030610 -0.022866]
[INFO] [1775776826.859216304] [CLaserOdometry2D]: Robot-base odom [x,y,yaw]=[-0.021829 0.030610 -0.022866]
[WARN] [1775776826.938232200] [CLaserOdometry2DNode]: Waiting for laser_scans....
[INFO] [1775776827.059193297] [CLaserOdometry2D]: execution time (ms): 20.926822
[INFO] [1775776827.059373464] [CLaserOdometry2D]: Laser odom [x,y,yaw]=[-0.021193 0.030751 -0.023780]
[INFO] [1775776827.059421372] [CLaserOdometry2D]: Robot-base odom [x,y,yaw]=[-0.021193 0.030751 -0.023780]
[INFO] [1775776827.158802087] [CLaserOdometry2D]: execution time (ms): 20.540506
[INFO] [1775776827.158996088] [CLaserOdometry2D]: Laser odom [x,y,yaw]=[-0.021710 0.030598 -0.024756]
[INFO] [1775776827.159050959] [CLaserOdometry2D]: Robot-base odom [x,y,yaw]=[-0.021710 0.030598 -0.024756]
[WARN] [1775776827.238227485] [CLaserOdometry2DNode]: Waiting for laser_scans....
[INFO] [1775776827.358828228] [CLaserOdometry2D]: execution time (ms): 20.551191
[INFO] [1775776827.359006822] [CLaserOdometry2D]: Laser odom [x,y,yaw]=[-0.021550 0.030420 -0.025447]
[INFO] [1775776827.359045988] [CLaserOdometry2D]: Robot-base odom [x,y,yaw]=[-0.021550 0.030420 -0.025447]
[WARN] [1775776827.438262163] [CLaserOdometry2DNode]: Waiting for laser_scans....
[INFO] [1775776827.558799332] [CLaserOdometry2D]: execution time (ms): 20.541839
[INFO] [1775776827.558981129] [CLaserOdometry2D]: Laser odom [x,y,yaw]=[-0.021699 0.030136 -0.024849]
[INFO] [1775776827.559029111] [CLaserOdometry2D]: Robot-base odom [x,y,yaw]=[-0.021699 0.030136 -0.024849]
[INFO] [1775776827.658830106] [CLaserOdometry2D]: execution time (ms): 20.581487
[INFO] [1775776827.659008588] [CLaserOdometry2D]: Laser odom [x,y,yaw]=[-0.021632 0.030192 -0.026540]
[INFO] [1775776827.659052311] [CLaserOdometry2D]: Robot-base odom [x,y,yaw]=[-0.021632 0.030192 -0.026540]
[WARN] [1775776827.738206689] [CLaserOdometry2DNode]: Waiting for laser_scans....
[INFO] [1775776827.858536412] [CLaserOdometry2D]: execution time (ms): 20.296745
[INFO] [1775776827.858728469] [CLaserOdometry2D]: Laser odom [x,y,yaw]=[-0.021689 0.030025 -0.025504]
[INFO] [1775776827.858777987] [CLaserOdometry2D]: Robot-base odom [x,y,yaw]=[-0.021689 0.030025 -0.025504]
[INFO] [1775776827.958245277] [CLaserOdometry2D]: execution time (ms): 20.001095
[INFO] [1775776827.958416315] [CLaserOdometry2D]: Laser odom [x,y,yaw]=[-0.021477 0.029960 -0.024814]
[INFO] [1775776827.958455482] [CLaserOdometry2D]: Robot-base odom [x,y,yaw]=[-0.021477 0.029960 -0.024814]
[WARN] [1775776828.038213085] [CLaserOdometry2DNode]: Waiting for laser_scans....
[INFO] [1775776828.158544957] [CLaserOdometry2D]: execution time (ms): 20.291671
[INFO] [1775776828.158735124] [CLaserOdometry2D]: Laser odom [x,y,yaw]=[-0.021474 0.029697 -0.024814]
[INFO] [1775776828.158789902] [CLaserOdometry2D]: Robot-base odom [x,y,yaw]=[-0.021474 0.029697 -0.024814]
[INFO] [1775776828.258605564] [CLaserOdometry2D]: execution time (ms): 20.341468
[INFO] [1775776828.258811269] [CLaserOdometry2D]: Laser odom [x,y,yaw]=[-0.021987 0.031040 -0.022801]
[INFO] [1775776828.258920918] [CLaserOdometry2D]: Robot-base odom [x,y,yaw]=[-0.021987 0.031040 -0.022801]
[WARN] [1775776828.338211926] [CLaserOdometry2DNode]: Waiting for laser_scans....
[INFO] [1775776828.458776947] [CLaserOdometry2D]: execution time (ms): 20.533783
[INFO] [1775776828.458952725] [CLaserOdometry2D]: Laser odom [x,y,yaw]=[-0.022052 0.031827 -0.021824]
[INFO] [1775776828.459018170] [CLaserOdometry2D]: Robot-base odom [x,y,yaw]=[-0.022052 0.031827 -0.021824]
[INFO] [1775776828.558103477] [CLaserOdometry2D]: execution time (ms): 19.857095
[INFO] [1775776828.558274144] [CLaserOdometry2D]: Laser odom [x,y,yaw]=[-0.022821 0.032260 -0.020063]
[INFO] [1775776828.558315885] [CLaserOdometry2D]: Robot-base odom [x,y,yaw]=[-0.022821 0.032260 -0.020063]
[WARN] [1775776828.638216637] [CLaserOdometry2DNode]: Waiting for laser_scans....
[INFO] [1775776828.758608787] [CLaserOdometry2D]: execution time (ms): 20.362246
[INFO] [1775776828.758793658] [CLaserOdometry2D]: Laser odom [x,y,yaw]=[-0.023663 0.034187 -0.018772]
[INFO] [1775776828.758847788] [CLaserOdometry2D]: Robot-base odom [x,y,yaw]=[-0.023663 0.034187 -0.018772]
[WARN] [1775776828.838248741] [CLaserOdometry2DNode]: Waiting for laser_scans....
[INFO] [1775776828.958461427] [CLaserOdometry2D]: execution time (ms): 20.197560
[INFO] [1775776828.958681502] [CLaserOdometry2D]: Laser odom [x,y,yaw]=[-0.024319 0.034580 -0.016978]
[INFO] [1775776828.958743354] [CLaserOdometry2D]: Robot-base odom [x,y,yaw]=[-0.024319 0.034580 -0.016978]
[INFO] [1775776829.059051759] [CLaserOdometry2D]: execution time (ms): 20.796285
[INFO] [1775776829.059246834] [CLaserOdometry2D]: Laser odom [x,y,yaw]=[-0.024013 0.034582 -0.016206]
[INFO] [1775776829.059309334] [CLaserOdometry2D]: Robot-base odom [x,y,yaw]=[-0.024013 0.034582 -0.016206]
[WARN] [1775776829.138224489] [CLaserOdometry2DNode]: Waiting for laser_scans....
[INFO] [1775776829.258717435] [CLaserOdometry2D]: execution time (ms): 20.466690
[INFO] [1775776829.258892232] [CLaserOdometry2D]: Laser odom [x,y,yaw]=[-0.024980 0.035896 -0.014445]
[INFO] [1775776829.258933122] [CLaserOdometry2D]: Robot-base odom [x,y,yaw]=[-0.024980 0.035896 -0.014445]
[INFO] [1775776829.358488764] [CLaserOdometry2D]: execution time (ms): 20.227949
[INFO] [1775776829.358669246] [CLaserOdometry2D]: Laser odom [x,y,yaw]=[-0.025495 0.036243 -0.013673]
[INFO] [1775776829.358710135] [CLaserOdometry2D]: Robot-base odom [x,y,yaw]=[-0.025495 0.036243 -0.013673]
[WARN] [1775776829.438229626] [CLaserOdometry2DNode]: Waiting for laser_scans....
[INFO] [1775776829.558164848] [CLaserOdometry2D]: execution time (ms): 19.925077
[INFO] [1775776829.558346126] [CLaserOdometry2D]: Laser odom [x,y,yaw]=[-0.024785 0.036035 -0.014650]
[INFO] [1775776829.558390126] [CLaserOdometry2D]: Robot-base odom [x,y,yaw]=[-0.024785 0.036035 -0.014650]
[INFO] [1775776829.659296979] [CLaserOdometry2D]: execution time (ms): 21.039138
[INFO] [1775776829.659470313] [CLaserOdometry2D]: Laser odom [x,y,yaw]=[-0.024294 0.035692 -0.016194]
[INFO] [1775776829.659517961] [CLaserOdometry2D]: Robot-base odom [x,y,yaw]=[-0.024294 0.035692 -0.016194]
[WARN] [1775776829.738215245] [CLaserOdometry2DNode]: Waiting for laser_scans....
[INFO] [1775776829.858734728] [CLaserOdometry2D]: execution time (ms): 20.484820
[INFO] [1775776829.858928896] [CLaserOdometry2D]: Laser odom [x,y,yaw]=[-0.025163 0.035357 -0.014770]
[INFO] [1775776829.858991007] [CLaserOdometry2D]: Robot-base odom [x,y,yaw]=[-0.025163 0.035357 -0.014770]
[INFO] [1775776829.958520816] [CLaserOdometry2D]: execution time (ms): 20.261060
[INFO] [1775776829.958705687] [CLaserOdometry2D]: Laser odom [x,y,yaw]=[-0.024892 0.035125 -0.016275]
[INFO] [1775776829.958749021] [CLaserOdometry2D]: Robot-base odom [x,y,yaw]=[-0.024892 0.035125 -0.016275]
[WARN] [1775776830.038222363] [CLaserOdometry2DNode]: Waiting for laser_scans....
[INFO] [1775776830.158547364] [CLaserOdometry2D]: execution time (ms): 20.298819
[INFO] [1775776830.158736124] [CLaserOdometry2D]: Laser odom [x,y,yaw]=[-0.024755 0.034653 -0.018001]
[INFO] [1775776830.158852218] [CLaserOdometry2D]: Robot-base odom [x,y,yaw]=[-0.024755 0.034653 -0.018001]
[WARN] [1775776830.238249597] [CLaserOdometry2DNode]: Waiting for laser_scans....
[INFO] [1775776830.358783432] [CLaserOdometry2D]: execution time (ms): 20.514987
[INFO] [1775776830.358959803] [CLaserOdometry2D]: Laser odom [x,y,yaw]=[-0.024014 0.034781 -0.019197]
[INFO] [1775776830.359006822] [CLaserOdometry2D]: Robot-base odom [x,y,yaw]=[-0.024014 0.034781 -0.019197]
[INFO] [1775776830.458313315] [CLaserOdometry2D]: execution time (ms): 20.036115
[INFO] [1775776830.458502168] [CLaserOdometry2D]: Laser odom [x,y,yaw]=[-0.024248 0.035002 -0.019543]
[INFO] [1775776830.458546927] [CLaserOdometry2D]: Robot-base odom [x,y,yaw]=[-0.024248 0.035002 -0.019543]
[WARN] [1775776830.538216271] [CLaserOdometry2DNode]: Waiting for laser_scans....
[INFO] [1775776830.658774162] [CLaserOdometry2D]: execution time (ms): 20.529413
[INFO] [1775776830.658966755] [CLaserOdometry2D]: Laser odom [x,y,yaw]=[-0.024532 0.035935 -0.018347]
[INFO] [1775776830.659013644] [CLaserOdometry2D]: Robot-base odom [x,y,yaw]=[-0.024532 0.035935 -0.018347]
[INFO] [1775776830.758147303] [CLaserOdometry2D]: execution time (ms): 19.893855
[INFO] [1775776830.758314785] [CLaserOdometry2D]: Laser odom [x,y,yaw]=[-0.025711 0.036762 -0.017501]
[INFO] [1775776830.758352119] [CLaserOdometry2D]: Robot-base odom [x,y,yaw]=[-0.025711 0.036762 -0.017501]
[WARN] [1775776830.838220945] [CLaserOdometry2DNode]: Waiting for laser_scans....
[INFO] [1775776830.958901207] [CLaserOdometry2D]: execution time (ms): 20.609154
[INFO] [1775776830.959079800] [CLaserOdometry2D]: Laser odom [x,y,yaw]=[-0.024790 0.036915 -0.016305]
[INFO] [1775776830.959118912] [CLaserOdometry2D]: Robot-base odom [x,y,yaw]=[-0.024790 0.036915 -0.016305]
[INFO] [1775776831.058830962] [CLaserOdometry2D]: execution time (ms): 20.556858
[INFO] [1775776831.059003537] [CLaserOdometry2D]: Laser odom [x,y,yaw]=[-0.021058 0.036074 -0.015459]
[INFO] [1775776831.059052426] [CLaserOdometry2D]: Robot-base odom [x,y,yaw]=[-0.021058 0.036074 -0.015459]
[WARN] [1775776831.138221619] [CLaserOdometry2DNode]: Waiting for laser_scans....
[INFO] [1775776831.258873992] [CLaserOdometry2D]: execution time (ms): 20.620913
[INFO] [1775776831.259069752] [CLaserOdometry2D]: Laser odom [x,y,yaw]=[-0.019947 0.035695 -0.017003]
[INFO] [1775776831.259116252] [CLaserOdometry2D]: Robot-base odom [x,y,yaw]=[-0.019947 0.035695 -0.017003]
[INFO] [1775776831.359077063] [CLaserOdometry2D]: execution time (ms): 20.814804
[INFO] [1775776831.359253286] [CLaserOdometry2D]: Laser odom [x,y,yaw]=[-0.020661 0.035050 -0.018508]
[INFO] [1775776831.359295583] [CLaserOdometry2D]: Robot-base odom [x,y,yaw]=[-0.020661 0.035050 -0.018508]
[WARN] [1775776831.438218867] [CLaserOdometry2DNode]: Waiting for laser_scans....
[INFO] [1775776831.558499423] [CLaserOdometry2D]: execution time (ms): 20.241893
[INFO] [1775776831.558686943] [CLaserOdometry2D]: Laser odom [x,y,yaw]=[-0.020347 0.034851 -0.019889]
[INFO] [1775776831.558735369] [CLaserOdometry2D]: Robot-base odom [x,y,yaw]=[-0.020347 0.034851 -0.019889]
[INFO] [1775776831.659288294] [CLaserOdometry2D]: execution time (ms): 21.009767
[INFO] [1775776831.659464628] [CLaserOdometry2D]: Laser odom [x,y,yaw]=[-0.019642 0.034021 -0.022100]
[INFO] [1775776831.659509202] [CLaserOdometry2D]: Robot-base odom [x,y,yaw]=[-0.019642 0.034021 -0.022100]
[WARN] [1775776831.738228264] [CLaserOdometry2DNode]: Waiting for laser_scans....
[INFO] [1775776831.858851062] [CLaserOdometry2D]: execution time (ms): 20.596784
[INFO] [1775776831.859026841] [CLaserOdometry2D]: Laser odom [x,y,yaw]=[-0.020163 0.033506 -0.022698]
[INFO] [1775776831.859090026] [CLaserOdometry2D]: Robot-base odom [x,y,yaw]=[-0.020163 0.033506 -0.022698]
[WARN] [1775776831.938217812] [CLaserOdometry2DNode]: Waiting for laser_scans....
[INFO] [1775776832.058416793] [CLaserOdometry2D]: execution time (ms): 20.152522
[INFO] [1775776832.058591887] [CLaserOdometry2D]: Laser odom [x,y,yaw]=[-0.020037 0.033204 -0.023296]
[INFO] [1775776832.058650887] [CLaserOdometry2D]: Robot-base odom [x,y,yaw]=[-0.020037 0.033204 -0.023296]
[INFO] [1775776832.158531920] [CLaserOdometry2D]: execution time (ms): 20.269541
[INFO] [1775776832.158719013] [CLaserOdometry2D]: Laser odom [x,y,yaw]=[-0.018065 0.032729 -0.024068]
[INFO] [1775776832.158780347] [CLaserOdometry2D]: Robot-base odom [x,y,yaw]=[-0.018065 0.032729 -0.024068]
[WARN] [1775776832.238220449] [CLaserOdometry2DNode]: Waiting for laser_scans....
[INFO] [1775776832.358440190] [CLaserOdometry2D]: execution time (ms): 20.150411
[INFO] [1775776832.358658135] [CLaserOdometry2D]: Laser odom [x,y,yaw]=[-0.018885 0.033214 -0.022645]
[INFO] [1775776832.358719617] [CLaserOdometry2D]: Robot-base odom [x,y,yaw]=[-0.018885 0.033214 -0.022645]
[INFO] [1775776832.458884133] [CLaserOdometry2D]: execution time (ms): 20.609247
[INFO] [1775776832.459059745] [CLaserOdometry2D]: Laser odom [x,y,yaw]=[-0.019840 0.034222 -0.021448]
[INFO] [1775776832.459120949] [CLaserOdometry2D]: Robot-base odom [x,y,yaw]=[-0.019840 0.034222 -0.021448]
[WARN] [1775776832.538231790] [CLaserOdometry2DNode]: Waiting for laser_scans....
[INFO] [1775776832.659203164] [CLaserOdometry2D]: execution time (ms): 20.939822
[INFO] [1775776832.659384091] [CLaserOdometry2D]: Laser odom [x,y,yaw]=[-0.023551 0.035931 -0.020252]
[INFO] [1775776832.659437665] [CLaserOdometry2D]: Robot-base odom [x,y,yaw]=[-0.023551 0.035931 -0.020252]
[INFO] [1775776832.759301550] [CLaserOdometry2D]: execution time (ms): 21.042230
[INFO] [1775776832.759478921] [CLaserOdometry2D]: Laser odom [x,y,yaw]=[-0.022592 0.036603 -0.020741]
[INFO] [1775776832.759529217] [CLaserOdometry2D]: Robot-base odom [x,y,yaw]=[-0.022592 0.036603 -0.020741]
[WARN] [1775776832.838246056] [CLaserOdometry2DNode]: Waiting for laser_scans....
[INFO] [1775776832.958799484] [CLaserOdometry2D]: execution time (ms): 20.532098
[INFO] [1775776832.958977356] [CLaserOdometry2D]: Laser odom [x,y,yaw]=[-0.021507 0.037494 -0.018612]
[INFO] [1775776832.959017041] [CLaserOdometry2D]: Robot-base odom [x,y,yaw]=[-0.021507 0.037494 -0.018612]
[INFO] [1775776833.058516405] [CLaserOdometry2D]: execution time (ms): 20.221504
[INFO] [1775776833.058705906] [CLaserOdometry2D]: Laser odom [x,y,yaw]=[-0.024915 0.039644 -0.016659]
[INFO] [1775776833.058753499] [CLaserOdometry2D]: Robot-base odom [x,y,yaw]=[-0.024915 0.039644 -0.016659]
[WARN] [1775776833.138223619] [CLaserOdometry2DNode]: Waiting for laser_scans....
[INFO] [1775776833.258313323] [CLaserOdometry2D]: execution time (ms): 20.050558
[INFO] [1775776833.258496527] [CLaserOdometry2D]: Laser odom [x,y,yaw]=[-0.024578 0.039538 -0.016659]
[INFO] [1775776833.258552898] [CLaserOdometry2D]: Robot-base odom [x,y,yaw]=[-0.024578 0.039538 -0.016659]
[INFO] [1775776833.358855211] [CLaserOdometry2D]: execution time (ms): 20.607691
[INFO] [1775776833.359083212] [CLaserOdometry2D]: Laser odom [x,y,yaw]=[-0.023110 0.039115 -0.017005]
[INFO] [1775776833.359168582] [CLaserOdometry2D]: Robot-base odom [x,y,yaw]=[-0.023110 0.039115 -0.017005]
[WARN] [1775776833.438217405] [CLaserOdometry2DNode]: Waiting for laser_scans....
[INFO] [1775776833.558544868] [CLaserOdometry2D]: execution time (ms): 20.294949
[INFO] [1775776833.558740036] [CLaserOdometry2D]: Laser odom [x,y,yaw]=[-0.023460 0.038790 -0.018549]
[INFO] [1775776833.558788870] [CLaserOdometry2D]: Robot-base odom [x,y,yaw]=[-0.023460 0.038790 -0.018549]
[WARN] [1775776833.638214730] [CLaserOdometry2DNode]: Waiting for laser_scans....
[INFO] [1775776833.758635047] [CLaserOdometry2D]: execution time (ms): 20.357560
[INFO] [1775776833.758828677] [CLaserOdometry2D]: Laser odom [x,y,yaw]=[-0.023112 0.038428 -0.020562]
[INFO] [1775776833.758879974] [CLaserOdometry2D]: Robot-base odom [x,y,yaw]=[-0.023112 0.038428 -0.020562]
[INFO] [1775776833.858906433] [CLaserOdometry2D]: execution time (ms): 20.643895
[INFO] [1775776833.859086378] [CLaserOdometry2D]: Laser odom [x,y,yaw]=[-0.022617 0.038087 -0.021160]
[INFO] [1775776833.859132342] [CLaserOdometry2D]: Robot-base odom [x,y,yaw]=[-0.022617 0.038087 -0.021160]
[WARN] [1775776833.938214386] [CLaserOdometry2DNode]: Waiting for laser_scans....
[INFO] [1775776834.054077162] [CLaserOdometry2D]: execution time (ms): 15.891242
[INFO] [1775776834.054254126] [CLaserOdometry2D]: Laser odom [x,y,yaw]=[-0.023256 0.038199 -0.020562]
[INFO] [1775776834.054315107] [CLaserOdometry2D]: Robot-base odom [x,y,yaw]=[-0.023256 0.038199 -0.020562]
[INFO] [1775776834.158722625] [CLaserOdometry2D]: execution time (ms): 20.447042
[INFO] [1775776834.158904903] [CLaserOdometry2D]: Laser odom [x,y,yaw]=[-0.023651 0.038387 -0.019871]
[INFO] [1775776834.158959626] [CLaserOdometry2D]: Robot-base odom [x,y,yaw]=[-0.023651 0.038387 -0.019871]
[WARN] [1775776834.238215875] [CLaserOdometry2DNode]: Waiting for laser_scans....
[INFO] [1775776834.358575024] [CLaserOdometry2D]: execution time (ms): 20.338690
[INFO] [1775776834.358768451] [CLaserOdometry2D]: Laser odom [x,y,yaw]=[-0.024317 0.038863 -0.018579]
[INFO] [1775776834.358823451] [CLaserOdometry2D]: Robot-base odom [x,y,yaw]=[-0.024317 0.038863 -0.018579]
[INFO] [1775776834.458802836] [CLaserOdometry2D]: execution time (ms): 20.528080
[INFO] [1775776834.458980282] [CLaserOdometry2D]: Laser odom [x,y,yaw]=[-0.025069 0.039385 -0.017981]
[INFO] [1775776834.459027523] [CLaserOdometry2D]: Robot-base odom [x,y,yaw]=[-0.025069 0.039385 -0.017981]
[WARN] [1775776834.538279716] [CLaserOdometry2DNode]: Waiting for laser_scans....
[INFO] [1775776834.658001973] [CLaserOdometry2D]: execution time (ms): 19.742206
[INFO] [1775776834.658184641] [CLaserOdometry2D]: Laser odom [x,y,yaw]=[-0.025067 0.039674 -0.017636]
[INFO] [1775776834.658232271] [CLaserOdometry2D]: Robot-base odom [x,y,yaw]=[-0.025067 0.039674 -0.017636]
[INFO] [1775776834.759087290] [CLaserOdometry2D]: execution time (ms): 20.832563
[INFO] [1775776834.759279439] [CLaserOdometry2D]: Laser odom [x,y,yaw]=[-0.025257 0.040199 -0.016723]
[INFO] [1775776834.759323217] [CLaserOdometry2D]: Robot-base odom [x,y,yaw]=[-0.025257 0.040199 -0.016723]
[WARN] [1775776834.838217834] [CLaserOdometry2DNode]: Waiting for laser_scans....
[INFO] [1775776834.958908115] [CLaserOdometry2D]: execution time (ms): 20.656025
[INFO] [1775776834.959089986] [CLaserOdometry2D]: Laser odom [x,y,yaw]=[-0.025572 0.040801 -0.015687]
[INFO] [1775776834.959147042] [CLaserOdometry2D]: Robot-base odom [x,y,yaw]=[-0.025572 0.040801 -0.015687]
[WARN] [1775776835.038217605] [CLaserOdometry2DNode]: Waiting for laser_scans....
[INFO] [1775776835.158928533] [CLaserOdometry2D]: execution time (ms): 20.652340
[INFO] [1775776835.159106034] [CLaserOdometry2D]: Laser odom [x,y,yaw]=[-0.025483 0.041056 -0.015687]
[INFO] [1775776835.159153923] [CLaserOdometry2D]: Robot-base odom [x,y,yaw]=[-0.025483 0.041056 -0.015687]
[INFO] [1775776835.258874178] [CLaserOdometry2D]: execution time (ms): 20.592320
[INFO] [1775776835.259055141] [CLaserOdometry2D]: Laser odom [x,y,yaw]=[-0.025775 0.040970 -0.015089]
[INFO] [1775776835.259177105] [CLaserOdometry2D]: Robot-base odom [x,y,yaw]=[-0.025775 0.040970 -0.015089]
[WARN] [1775776835.338213334] [CLaserOdometry2DNode]: Waiting for laser_scans....
[INFO] [1775776835.458700503] [CLaserOdometry2D]: execution time (ms): 20.449820
[INFO] [1775776835.458877985] [CLaserOdometry2D]: Laser odom [x,y,yaw]=[-0.025709 0.041281 -0.016554]
[INFO] [1775776835.458922356] [CLaserOdometry2D]: Robot-base odom [x,y,yaw]=[-0.025709 0.041281 -0.016554]
[INFO] [1775776835.558597628] [CLaserOdometry2D]: execution time (ms): 20.349190
[INFO] [1775776835.558778722] [CLaserOdometry2D]: Laser odom [x,y,yaw]=[-0.025978 0.041126 -0.016554]
[INFO] [1775776835.558827518] [CLaserOdometry2D]: Robot-base odom [x,y,yaw]=[-0.025978 0.041126 -0.016554]
[WARN] [1775776835.638211268] [CLaserOdometry2DNode]: Waiting for laser_scans....
[INFO] [1775776835.759035549] [CLaserOdometry2D]: execution time (ms): 20.794766
[INFO] [1775776835.759214772] [CLaserOdometry2D]: Laser odom [x,y,yaw]=[-0.025702 0.041051 -0.017042]
[INFO] [1775776835.759261179] [CLaserOdometry2D]: Robot-base odom [x,y,yaw]=[-0.025702 0.041051 -0.017042]
[INFO] [1775776835.858938989] [CLaserOdometry2D]: execution time (ms): 20.666413
[INFO] [1775776835.859115231] [CLaserOdometry2D]: Laser odom [x,y,yaw]=[-0.025823 0.040864 -0.016006]
[INFO] [1775776835.859157990] [CLaserOdometry2D]: Robot-base odom [x,y,yaw]=[-0.025823 0.040864 -0.016006]
[WARN] [1775776835.938228072] [CLaserOdometry2DNode]: Waiting for laser_scans....
[INFO] [1775776836.058855074] [CLaserOdometry2D]: execution time (ms): 20.568765
[INFO] [1775776836.059054501] [CLaserOdometry2D]: Laser odom [x,y,yaw]=[-0.026073 0.040777 -0.015661]
[INFO] [1775776836.059105001] [CLaserOdometry2D]: Robot-base odom [x,y,yaw]=[-0.026073 0.040777 -0.015661]
[INFO] [1775776836.159103238] [CLaserOdometry2D]: execution time (ms): 20.860414
[INFO] [1775776836.159289980] [CLaserOdometry2D]: Laser odom [x,y,yaw]=[-0.025629 0.040550 -0.015661]
[INFO] [1775776836.159360980] [CLaserOdometry2D]: Robot-base odom [x,y,yaw]=[-0.025629 0.040550 -0.015661]
[WARN] [1775776836.238207672] [CLaserOdometry2DNode]: Waiting for laser_scans....
[INFO] [1775776836.358785266] [CLaserOdometry2D]: execution time (ms): 20.543709
[INFO] [1775776836.358957267] [CLaserOdometry2D]: Laser odom [x,y,yaw]=[-0.026160 0.040618 -0.015316]
[INFO] [1775776836.359008489] [CLaserOdometry2D]: Robot-base odom [x,y,yaw]=[-0.026160 0.040618 -0.015316]
[WARN] [1775776836.438217349] [CLaserOdometry2DNode]: Waiting for laser_scans....
[INFO] [1775776836.558895648] [CLaserOdometry2D]: execution time (ms): 20.636043
[INFO] [1775776836.559083705] [CLaserOdometry2D]: Laser odom [x,y,yaw]=[-0.026006 0.040457 -0.014827]
[INFO] [1775776836.559130057] [CLaserOdometry2D]: Robot-base odom [x,y,yaw]=[-0.026006 0.040457 -0.014827]
[INFO] [1775776836.658074974] [CLaserOdometry2D]: execution time (ms): 19.805354
[INFO] [1775776836.658252308] [CLaserOdometry2D]: Laser odom [x,y,yaw]=[-0.025875 0.040228 -0.015316]
[INFO] [1775776836.658296882] [CLaserOdometry2D]: Robot-base odom [x,y,yaw]=[-0.025875 0.040228 -0.015316]
[WARN] [1775776836.738220820] [CLaserOdometry2DNode]: Waiting for laser_scans....
[INFO] [1775776836.858926822] [CLaserOdometry2D]: execution time (ms): 20.695136
[INFO] [1775776836.859107083] [CLaserOdometry2D]: Laser odom [x,y,yaw]=[-0.026014 0.040406 -0.014339]
[INFO] [1775776836.859159157] [CLaserOdometry2D]: Robot-base odom [x,y,yaw]=[-0.026014 0.040406 -0.014339]
[INFO] [1775776836.958671243] [CLaserOdometry2D]: execution time (ms): 20.423487
[INFO] [1775776836.958845374] [CLaserOdometry2D]: Laser odom [x,y,yaw]=[-0.025600 0.040422 -0.013426]
[INFO] [1775776836.958900856] [CLaserOdometry2D]: Robot-base odom [x,y,yaw]=[-0.025600 0.040422 -0.013426]
[WARN] [1775776837.038209383] [CLaserOdometry2DNode]: Waiting for laser_scans....
[INFO] [1775776837.158976645] [CLaserOdometry2D]: execution time (ms): 20.711285
[INFO] [1775776837.159198683] [CLaserOdometry2D]: Laser odom [x,y,yaw]=[-0.027734 0.040700 -0.014116]
[INFO] [1775776837.159246887] [CLaserOdometry2D]: Robot-base odom [x,y,yaw]=[-0.027734 0.040700 -0.014116]
[INFO] [1775776837.258688621] [CLaserOdometry2D]: execution time (ms): 20.439783
[INFO] [1775776837.258864918] [CLaserOdometry2D]: Laser odom [x,y,yaw]=[-0.025428 0.039230 -0.015736]
[INFO] [1775776837.258911641] [CLaserOdometry2D]: Robot-base odom [x,y,yaw]=[-0.025428 0.039230 -0.015736]
[WARN] [1775776837.338214890] [CLaserOdometry2DNode]: Waiting for laser_scans....
[INFO] [1775776837.458411927] [CLaserOdometry2D]: execution time (ms): 20.160171
[INFO] [1775776837.458601114] [CLaserOdometry2D]: Laser odom [x,y,yaw]=[-0.023822 0.038978 -0.016508]
[INFO] [1775776837.458710225] [CLaserOdometry2D]: Robot-base odom [x,y,yaw]=[-0.023822 0.038978 -0.016508]
[INFO] [1775776837.558558424] [CLaserOdometry2D]: execution time (ms): 20.308912
[INFO] [1775776837.558755055] [CLaserOdometry2D]: Laser odom [x,y,yaw]=[-0.025500 0.038487 -0.017889]
[INFO] [1775776837.558807426] [CLaserOdometry2D]: Robot-base odom [x,y,yaw]=[-0.025500 0.038487 -0.017889]
[WARN] [1775776837.638208972] [CLaserOdometry2DNode]: Waiting for laser_scans....
[INFO] [1775776837.758986141] [CLaserOdometry2D]: execution time (ms): 20.732969
[INFO] [1775776837.759181161] [CLaserOdometry2D]: Laser odom [x,y,yaw]=[-0.025724 0.037976 -0.018234]
[INFO] [1775776837.759227920] [CLaserOdometry2D]: Robot-base odom [x,y,yaw]=[-0.025724 0.037976 -0.018234]
[INFO] [1775776837.858813989] [CLaserOdometry2D]: execution time (ms): 20.563172
[INFO] [1775776837.858986545] [CLaserOdometry2D]: Laser odom [x,y,yaw]=[-0.025847 0.037623 -0.018234]
[INFO] [1775776837.859029730] [CLaserOdometry2D]: Robot-base odom [x,y,yaw]=[-0.025847 0.037623 -0.018234]
[WARN] [1775776837.938220350] [CLaserOdometry2DNode]: Waiting for laser_scans....
[INFO] [1775776838.058510035] [CLaserOdometry2D]: execution time (ms): 20.232004
[INFO] [1775776838.058706166] [CLaserOdometry2D]: Laser odom [x,y,yaw]=[-0.024283 0.037391 -0.019326]
[INFO] [1775776838.058760925] [CLaserOdometry2D]: Robot-base odom [x,y,yaw]=[-0.024283 0.037391 -0.019326]
[WARN] [1775776838.138214527] [CLaserOdometry2DNode]: Waiting for laser_scans....
[INFO] [1775776838.258578399] [CLaserOdometry2D]: execution time (ms): 20.333098
[INFO] [1775776838.258773807] [CLaserOdometry2D]: Laser odom [x,y,yaw]=[-0.022879 0.038209 -0.019326]
[INFO] [1775776838.258822641] [CLaserOdometry2D]: Robot-base odom [x,y,yaw]=[-0.022879 0.038209 -0.019326]
[INFO] [1775776838.358439857] [CLaserOdometry2D]: execution time (ms): 20.194300
[INFO] [1775776838.358680636] [CLaserOdometry2D]: Laser odom [x,y,yaw]=[-0.023170 0.039187 -0.017466]
[INFO] [1775776838.358741562] [CLaserOdometry2D]: Robot-base odom [x,y,yaw]=[-0.023170 0.039187 -0.017466]
[WARN] [1775776838.438216590] [CLaserOdometry2DNode]: Waiting for laser_scans....
[INFO] [1775776838.558540350] [CLaserOdometry2D]: execution time (ms): 20.295357
[INFO] [1775776838.558724148] [CLaserOdometry2D]: Laser odom [x,y,yaw]=[-0.023604 0.040517 -0.015775]
[INFO] [1775776838.558787407] [CLaserOdometry2D]: Robot-base odom [x,y,yaw]=[-0.023604 0.040517 -0.015775]
[INFO] [1775776838.658560199] [CLaserOdometry2D]: execution time (ms): 20.290300
[INFO] [1775776838.658751496] [CLaserOdometry2D]: Laser odom [x,y,yaw]=[-0.025793 0.041050 -0.014438]
[INFO] [1775776838.658802663] [CLaserOdometry2D]: Robot-base odom [x,y,yaw]=[-0.025793 0.041050 -0.014438]
[WARN] [1775776838.738226524] [CLaserOdometry2DNode]: Waiting for laser_scans....
[INFO] [1775776838.858327449] [CLaserOdometry2D]: execution time (ms): 20.054392
[INFO] [1775776838.858516691] [CLaserOdometry2D]: Laser odom [x,y,yaw]=[-0.026315 0.040698 -0.014438]
[INFO] [1775776838.858579636] [CLaserOdometry2D]: Robot-base odom [x,y,yaw]=[-0.026315 0.040698 -0.014438]
[INFO] [1775776838.959308562] [CLaserOdometry2D]: execution time (ms): 21.051804
[INFO] [1775776838.959498433] [CLaserOdometry2D]: Laser odom [x,y,yaw]=[-0.029215 0.040011 -0.015819]
[INFO] [1775776838.959548563] [CLaserOdometry2D]: Robot-base odom [x,y,yaw]=[-0.029215 0.040011 -0.015819]
[WARN] [1775776839.038217253] [CLaserOdometry2DNode]: Waiting for laser_scans....
[INFO] [1775776839.158933460] [CLaserOdometry2D]: execution time (ms): 20.685932
[INFO] [1775776839.159111942] [CLaserOdometry2D]: Laser odom [x,y,yaw]=[-0.028743 0.039295 -0.016164]
[INFO] [1775776839.159155202] [CLaserOdometry2D]: Robot-base odom [x,y,yaw]=[-0.028743 0.039295 -0.016164]
[INFO] [1775776839.259040179] [CLaserOdometry2D]: execution time (ms): 20.793637
[INFO] [1775776839.259211106] [CLaserOdometry2D]: Laser odom [x,y,yaw]=[-0.027984 0.037852 -0.017746]
[INFO] [1775776839.259255939] [CLaserOdometry2D]: Robot-base odom [x,y,yaw]=[-0.027984 0.037852 -0.017746]
[WARN] [1775776839.338250502] [CLaserOdometry2DNode]: Waiting for laser_scans....
[INFO] [1775776839.458303353] [CLaserOdometry2D]: execution time (ms): 20.019281
[INFO] [1775776839.458489687] [CLaserOdometry2D]: Laser odom [x,y,yaw]=[-0.026652 0.037366 -0.018092]
[INFO] [1775776839.458539225] [CLaserOdometry2D]: Robot-base odom [x,y,yaw]=[-0.026652 0.037366 -0.018092]
[INFO] [1775776839.559111427] [CLaserOdometry2D]: execution time (ms): 20.834581
[INFO] [1775776839.559285595] [CLaserOdometry2D]: Laser odom [x,y,yaw]=[-0.026671 0.036771 -0.019852]
[INFO] [1775776839.559334021] [CLaserOdometry2D]: Robot-base odom [x,y,yaw]=[-0.026671 0.036771 -0.019852]
[WARN] [1775776839.638221602] [CLaserOdometry2DNode]: Waiting for laser_scans....
[INFO] [1775776839.758770863] [CLaserOdometry2D]: execution time (ms): 20.510024
[INFO] [1775776839.758940586] [CLaserOdometry2D]: Laser odom [x,y,yaw]=[-0.027390 0.036650 -0.020450]
[INFO] [1775776839.759002531] [CLaserOdometry2D]: Robot-base odom [x,y,yaw]=[-0.027390 0.036650 -0.020450]
[WARN] [1775776839.838224316] [CLaserOdometry2DNode]: Waiting for laser_scans....
[INFO] [1775776839.958700077] [CLaserOdometry2D]: execution time (ms): 20.443950
[INFO] [1775776839.958878097] [CLaserOdometry2D]: Laser odom [x,y,yaw]=[-0.027004 0.036989 -0.021542]
[INFO] [1775776839.958923727] [CLaserOdometry2D]: Robot-base odom [x,y,yaw]=[-0.027004 0.036989 -0.021542]
[INFO] [1775776840.058478313] [CLaserOdometry2D]: execution time (ms): 20.216874
[INFO] [1775776840.058660370] [CLaserOdometry2D]: Laser odom [x,y,yaw]=[-0.025228 0.036788 -0.021542]
[INFO] [1775776840.058709500] [CLaserOdometry2D]: Robot-base odom [x,y,yaw]=[-0.025228 0.036788 -0.021542]
[WARN] [1775776840.138232046] [CLaserOdometry2DNode]: Waiting for laser_scans....
[INFO] [1775776840.259434570] [CLaserOdometry2D]: execution time (ms): 21.159027
[INFO] [1775776840.259617478] [CLaserOdometry2D]: Laser odom [x,y,yaw]=[-0.024256 0.036476 -0.023007]
[INFO] [1775776840.259752368] [CLaserOdometry2D]: Robot-base odom [x,y,yaw]=[-0.024256 0.036476 -0.023007]
[INFO] [1775776840.358564821] [CLaserOdometry2D]: execution time (ms): 20.298727
[INFO] [1775776840.358755711] [CLaserOdometry2D]: Laser odom [x,y,yaw]=[-0.024534 0.036355 -0.024252]
[INFO] [1775776840.358808933] [CLaserOdometry2D]: Robot-base odom [x,y,yaw]=[-0.024534 0.036355 -0.024252]
[WARN] [1775776840.438224831] [CLaserOdometry2DNode]: Waiting for laser_scans....
[INFO] [1775776840.558932408] [CLaserOdometry2D]: execution time (ms): 20.682247
[INFO] [1775776840.559114279] [CLaserOdometry2D]: Laser odom [x,y,yaw]=[-0.024363 0.036016 -0.026205]
[INFO] [1775776840.559167280] [CLaserOdometry2D]: Robot-base odom [x,y,yaw]=[-0.024363 0.036016 -0.026205]
[INFO] [1775776840.658241197] [CLaserOdometry2D]: execution time (ms): 19.990022
[INFO] [1775776840.658416717] [CLaserOdometry2D]: Laser odom [x,y,yaw]=[-0.024132 0.035406 -0.026205]
[INFO] [1775776840.658456698] [CLaserOdometry2D]: Robot-base odom [x,y,yaw]=[-0.024132 0.035406 -0.026205]
[WARN] [1775776840.738223006] [CLaserOdometry2DNode]: Waiting for laser_scans....
[INFO] [1775776840.859117102] [CLaserOdometry2D]: execution time (ms): 20.855192
[INFO] [1775776840.859287251] [CLaserOdometry2D]: Laser odom [x,y,yaw]=[-0.022711 0.035664 -0.026205]
[INFO] [1775776840.859328362] [CLaserOdometry2D]: Robot-base odom [x,y,yaw]=[-0.022711 0.035664 -0.026205]
[INFO] [1775776840.958930708] [CLaserOdometry2D]: execution time (ms): 20.652618
[INFO] [1775776840.959113653] [CLaserOdometry2D]: Laser odom [x,y,yaw]=[-0.023066 0.037037 -0.026205]
[INFO] [1775776840.959156209] [CLaserOdometry2D]: Robot-base odom [x,y,yaw]=[-0.023066 0.037037 -0.026205]
[WARN] [1775776841.038223846] [CLaserOdometry2DNode]: Waiting for laser_scans....
[INFO] [1775776841.158756070] [CLaserOdometry2D]: execution time (ms): 20.497561
[INFO] [1775776841.158944608] [CLaserOdometry2D]: Laser odom [x,y,yaw]=[-0.023586 0.037895 -0.024585]
[INFO] [1775776841.159010812] [CLaserOdometry2D]: Robot-base odom [x,y,yaw]=[-0.023586 0.037895 -0.024585]
[WARN] [1775776841.238223580] [CLaserOdometry2DNode]: Waiting for laser_scans....
[INFO] [1775776841.358341672] [CLaserOdometry2D]: execution time (ms): 20.080911
[INFO] [1775776841.358523228] [CLaserOdometry2D]: Laser odom [x,y,yaw]=[-0.024056 0.038692 -0.023293]
[INFO] [1775776841.358567618] [CLaserOdometry2D]: Robot-base odom [x,y,yaw]=[-0.024056 0.038692 -0.023293]
[INFO] [1775776841.459009764] [CLaserOdometry2D]: execution time (ms): 20.748395
[INFO] [1775776841.459180839] [CLaserOdometry2D]: Laser odom [x,y,yaw]=[-0.024075 0.039302 -0.021870]
[INFO] [1775776841.459230432] [CLaserOdometry2D]: Robot-base odom [x,y,yaw]=[-0.024075 0.039302 -0.021870]
[WARN] [1775776841.538258550] [CLaserOdometry2DNode]: Waiting for laser_scans....
[INFO] [1775776841.658870997] [CLaserOdometry2D]: execution time (ms): 20.612117
[INFO] [1775776841.659047720] [CLaserOdometry2D]: Laser odom [x,y,yaw]=[-0.024254 0.040373 -0.020778]
[INFO] [1775776841.659087183] [CLaserOdometry2D]: Robot-base odom [x,y,yaw]=[-0.024254 0.040373 -0.020778]
[INFO] [1775776841.758192934] [CLaserOdometry2D]: execution time (ms): 19.933503
[INFO] [1775776841.758366676] [CLaserOdometry2D]: Laser odom [x,y,yaw]=[-0.025111 0.041165 -0.019582]
[INFO] [1775776841.758406639] [CLaserOdometry2D]: Robot-base odom [x,y,yaw]=[-0.025111 0.041165 -0.019582]
[WARN] [1775776841.838221094] [CLaserOdometry2DNode]: Waiting for laser_scans....
[INFO] [1775776841.958374039] [CLaserOdometry2D]: execution time (ms): 20.103133
[INFO] [1775776841.958553021] [CLaserOdometry2D]: Laser odom [x,y,yaw]=[-0.025711 0.041029 -0.018984]
[INFO] [1775776841.958592410] [CLaserOdometry2D]: Robot-base odom [x,y,yaw]=[-0.025711 0.041029 -0.018984]
[INFO] [1775776842.058980797] [CLaserOdometry2D]: execution time (ms): 20.715543
[INFO] [1775776842.059155169] [CLaserOdometry2D]: Laser odom [x,y,yaw]=[-0.027494 0.040960 -0.017157]
[INFO] [1775776842.059195298] [CLaserOdometry2D]: Robot-base odom [x,y,yaw]=[-0.027494 0.040960 -0.017157]
[WARN] [1775776842.138222806] [CLaserOdometry2DNode]: Waiting for laser_scans....
[INFO] [1775776842.258675159] [CLaserOdometry2D]: execution time (ms): 20.386209
[INFO] [1775776842.258847178] [CLaserOdometry2D]: Laser odom [x,y,yaw]=[-0.028033 0.041446 -0.015575]
[INFO] [1775776842.258889382] [CLaserOdometry2D]: Robot-base odom [x,y,yaw]=[-0.028033 0.041446 -0.015575]
[INFO] [1775776842.359244899] [CLaserOdometry2D]: execution time (ms): 20.933600
[INFO] [1775776842.359424196] [CLaserOdometry2D]: Laser odom [x,y,yaw]=[-0.028407 0.042233 -0.013748]
[INFO] [1775776842.359473622] [CLaserOdometry2D]: Robot-base odom [x,y,yaw]=[-0.028407 0.042233 -0.013748]
[WARN] [1775776842.438224183] [CLaserOdometry2DNode]: Waiting for laser_scans....
[INFO] [1775776842.559014964] [CLaserOdometry2D]: execution time (ms): 20.730600
[INFO] [1775776842.559189669] [CLaserOdometry2D]: Laser odom [x,y,yaw]=[-0.029805 0.043503 -0.012092]
[INFO] [1775776842.559236354] [CLaserOdometry2D]: Robot-base odom [x,y,yaw]=[-0.029805 0.043503 -0.012092]
[WARN] [1775776842.638214195] [CLaserOdometry2DNode]: Waiting for laser_scans....
[INFO] [1775776842.758688011] [CLaserOdometry2D]: execution time (ms): 20.445505
[INFO] [1775776842.758863882] [CLaserOdometry2D]: Laser odom [x,y,yaw]=[-0.030542 0.044578 -0.010020]
[INFO] [1775776842.758908660] [CLaserOdometry2D]: Robot-base odom [x,y,yaw]=[-0.030542 0.044578 -0.010020]
[INFO] [1775776842.858652266] [CLaserOdometry2D]: execution time (ms): 20.396949
[INFO] [1775776842.858824249] [CLaserOdometry2D]: Laser odom [x,y,yaw]=[-0.030649 0.045393 -0.008776]
[INFO] [1775776842.858865249] [CLaserOdometry2D]: Robot-base odom [x,y,yaw]=[-0.030649 0.045393 -0.008776]
[WARN] [1775776842.938225276] [CLaserOdometry2DNode]: Waiting for laser_scans....
[INFO] [1775776843.059108354] [CLaserOdometry2D]: execution time (ms): 20.851118
[INFO] [1775776843.059289762] [CLaserOdometry2D]: Laser odom [x,y,yaw]=[-0.032085 0.046369 -0.007120]
[INFO] [1775776843.059330670] [CLaserOdometry2D]: Robot-base odom [x,y,yaw]=[-0.032085 0.046369 -0.007120]
[INFO] [1775776843.158621125] [CLaserOdometry2D]: execution time (ms): 20.347134
[INFO] [1775776843.158797293] [CLaserOdometry2D]: Laser odom [x,y,yaw]=[-0.031793 0.047248 -0.006274]
[INFO] [1775776843.158837238] [CLaserOdometry2D]: Robot-base odom [x,y,yaw]=[-0.031793 0.047248 -0.006274]
[WARN] [1775776843.238220765] [CLaserOdometry2DNode]: Waiting for laser_scans....
[INFO] [1775776843.358903231] [CLaserOdometry2D]: execution time (ms): 20.643062
[INFO] [1775776843.359150972] [CLaserOdometry2D]: Laser odom [x,y,yaw]=[-0.031627 0.047924 -0.005502]
[INFO] [1775776843.359203139] [CLaserOdometry2D]: Robot-base odom [x,y,yaw]=[-0.031627 0.047924 -0.005502]
[INFO] [1775776843.458899356] [CLaserOdometry2D]: execution time (ms): 20.635525
[INFO] [1775776843.459069765] [CLaserOdometry2D]: Laser odom [x,y,yaw]=[-0.031733 0.048741 -0.004257]
[INFO] [1775776843.459109469] [CLaserOdometry2D]: Robot-base odom [x,y,yaw]=[-0.031733 0.048741 -0.004257]
[WARN] [1775776843.538216272] [CLaserOdometry2DNode]: Waiting for laser_scans....
[INFO] [1775776843.658605422] [CLaserOdometry2D]: execution time (ms): 20.298745
[INFO] [1775776843.658787497] [CLaserOdometry2D]: Laser odom [x,y,yaw]=[-0.032110 0.049272 -0.004257]
[INFO] [1775776843.658832978] [CLaserOdometry2D]: Robot-base odom [x,y,yaw]=[-0.032110 0.049272 -0.004257]
[INFO] [1775776843.667355371] [rclcpp]: signal_handler(SIGINT/SIGTERM)
