[INFO] [1785296761.894764286] [smoother_server]: 
	smoother_server lifecycle node launched. 
	Waiting on external lifecycle transitions to activate
	See https://design.ros2.org/articles/node_lifecycle.html for more information.
[INFO] [1785296761.897703839] [smoother_server]: Creating smoother server
[INFO] [1785296764.977630312] [smoother_server]: Configuring smoother server
[INFO] [1785296765.011312481] [smoother_server]: Created smoother : simple_smoother of type nav2_smoother::SimpleSmoother
[INFO] [1785296765.014269516] [smoother_server]: Smoother Server has simple_smoother  smoothers available.
[INFO] [1785296778.148186875] [smoother_server]: Activating
[INFO] [1785296778.148290153] [smoother_server]: Creating bond (smoother_server) to lifecycle manager.
[WARN] [1785296788.757633562] []: TF_OLD_DATA ignoring data from the past for frame front_left_wheel at time 1785296771.592070 according to authority Authority undetectable
Possible reasons are listed at http://wiki.ros.org/tf/Errors%20explained
[WARN] [1785296788.757713673] []: TF_OLD_DATA ignoring data from the past for frame front_right_wheel at time 1785296771.592070 according to authority Authority undetectable
Possible reasons are listed at http://wiki.ros.org/tf/Errors%20explained
[WARN] [1785296788.757726433] []: TF_OLD_DATA ignoring data from the past for frame rear_left_wheel at time 1785296771.592070 according to authority Authority undetectable
Possible reasons are listed at http://wiki.ros.org/tf/Errors%20explained
[WARN] [1785296788.757736803] []: TF_OLD_DATA ignoring data from the past for frame rear_right_wheel at time 1785296771.592070 according to authority Authority undetectable
Possible reasons are listed at http://wiki.ros.org/tf/Errors%20explained
[WARN] [1785296788.757789396] []: TF_OLD_DATA ignoring data from the past for frame front_left_wheel at time 1785296771.692042 according to authority Authority undetectable
Possible reasons are listed at http://wiki.ros.org/tf/Errors%20explained
[WARN] [1785296788.757804063] []: TF_OLD_DATA ignoring data from the past for frame front_right_wheel at time 1785296771.692042 according to authority Authority undetectable
Possible reasons are listed at http://wiki.ros.org/tf/Errors%20explained
[WARN] [1785296788.757813581] []: TF_OLD_DATA ignoring data from the past for frame rear_left_wheel at time 1785296771.692042 according to authority Authority undetectable
Possible reasons are listed at http://wiki.ros.org/tf/Errors%20explained
[WARN] [1785296788.757822655] []: TF_OLD_DATA ignoring data from the past for frame rear_right_wheel at time 1785296771.692042 according to authority Authority undetectable
Possible reasons are listed at http://wiki.ros.org/tf/Errors%20explained
[WARN] [1785296788.757850878] []: TF_OLD_DATA ignoring data from the past for frame front_left_wheel at time 1785296771.792359 according to authority Authority undetectable
Possible reasons are listed at http://wiki.ros.org/tf/Errors%20explained
[WARN] [1785296788.757865637] []: TF_OLD_DATA ignoring data from the past for frame front_right_wheel at time 1785296771.792359 according to authority Authority undetectable
Possible reasons are listed at http://wiki.ros.org/tf/Errors%20explained
[WARN] [1785296788.757874508] []: TF_OLD_DATA ignoring data from the past for frame rear_left_wheel at time 1785296771.792359 according to authority Authority undetectable
Possible reasons are listed at http://wiki.ros.org/tf/Errors%20explained
[WARN] [1785296788.757883248] []: TF_OLD_DATA ignoring data from the past for frame rear_right_wheel at time 1785296771.792359 according to authority Authority undetectable
Possible reasons are listed at http://wiki.ros.org/tf/Errors%20explained
[WARN] [1785296788.758242713] []: TF_OLD_DATA ignoring data from the past for frame front_left_wheel at time 1785296771.892061 according to authority Authority undetectable
Possible reasons are listed at http://wiki.ros.org/tf/Errors%20explained
[WARN] [1785296788.758273232] []: TF_OLD_DATA ignoring data from the past for frame front_right_wheel at time 1785296771.892061 according to authority Authority undetectable
Possible reasons are listed at http://wiki.ros.org/tf/Errors%20explained
[WARN] [1785296788.758284417] []: TF_OLD_DATA ignoring data from the past for frame rear_left_wheel at time 1785296771.892061 according to authority Authority undetectable
Possible reasons are listed at http://wiki.ros.org/tf/Errors%20explained
[WARN] [1785296788.758293732] []: TF_OLD_DATA ignoring data from the past for frame rear_right_wheel at time 1785296771.892061 according to authority Authority undetectable
Possible reasons are listed at http://wiki.ros.org/tf/Errors%20explained
[WARN] [1785296788.772428441] []: TF_OLD_DATA ignoring data from the past for frame front_left_wheel at time 1785296771.992080 according to authority Authority undetectable
Possible reasons are listed at http://wiki.ros.org/tf/Errors%20explained
[WARN] [1785296788.772522441] []: TF_OLD_DATA ignoring data from the past for frame front_right_wheel at time 1785296771.992080 according to authority Authority undetectable
Possible reasons are listed at http://wiki.ros.org/tf/Errors%20explained
[WARN] [1785296788.772536478] []: TF_OLD_DATA ignoring data from the past for frame rear_left_wheel at time 1785296771.992080 according to authority Authority undetectable
Possible reasons are listed at http://wiki.ros.org/tf/Errors%20explained
[WARN] [1785296788.772544849] []: TF_OLD_DATA ignoring data from the past for frame rear_right_wheel at time 1785296771.992080 according to authority Authority undetectable
Possible reasons are listed at http://wiki.ros.org/tf/Errors%20explained
[WARN] [1785296788.772582923] []: TF_OLD_DATA ignoring data from the past for frame front_left_wheel at time 1785296772.092042 according to authority Authority undetectable
Possible reasons are listed at http://wiki.ros.org/tf/Errors%20explained
[WARN] [1785296788.772596349] []: TF_OLD_DATA ignoring data from the past for frame front_right_wheel at time 1785296772.092042 according to authority Authority undetectable
Possible reasons are listed at http://wiki.ros.org/tf/Errors%20explained
[WARN] [1785296788.772603738] []: TF_OLD_DATA ignoring data from the past for frame rear_left_wheel at time 1785296772.092042 according to authority Authority undetectable
Possible reasons are listed at http://wiki.ros.org/tf/Errors%20explained
[WARN] [1785296788.772610923] []: TF_OLD_DATA ignoring data from the past for frame rear_right_wheel at time 1785296772.092042 according to authority Authority undetectable
Possible reasons are listed at http://wiki.ros.org/tf/Errors%20explained
[WARN] [1785296788.772634571] []: TF_OLD_DATA ignoring data from the past for frame front_left_wheel at time 1785296772.192040 according to authority Authority undetectable
Possible reasons are listed at http://wiki.ros.org/tf/Errors%20explained
[WARN] [1785296788.772644849] []: TF_OLD_DATA ignoring data from the past for frame front_right_wheel at time 1785296772.192040 according to authority Authority undetectable
Possible reasons are listed at http://wiki.ros.org/tf/Errors%20explained
[WARN] [1785296788.772652108] []: TF_OLD_DATA ignoring data from the past for frame rear_left_wheel at time 1785296772.192040 according to authority Authority undetectable
Possible reasons are listed at http://wiki.ros.org/tf/Errors%20explained
[WARN] [1785296788.772659034] []: TF_OLD_DATA ignoring data from the past for frame rear_right_wheel at time 1785296772.192040 according to authority Authority undetectable
Possible reasons are listed at http://wiki.ros.org/tf/Errors%20explained
[WARN] [1785296788.772678794] []: TF_OLD_DATA ignoring data from the past for frame front_left_wheel at time 1785296772.292072 according to authority Authority undetectable
Possible reasons are listed at http://wiki.ros.org/tf/Errors%20explained
[WARN] [1785296788.772690442] []: TF_OLD_DATA ignoring data from the past for frame front_right_wheel at time 1785296772.292072 according to authority Authority undetectable
Possible reasons are listed at http://wiki.ros.org/tf/Errors%20explained
[WARN] [1785296788.772697386] []: TF_OLD_DATA ignoring data from the past for frame rear_left_wheel at time 1785296772.292072 according to authority Authority undetectable
Possible reasons are listed at http://wiki.ros.org/tf/Errors%20explained
[WARN] [1785296788.772704349] []: TF_OLD_DATA ignoring data from the past for frame rear_right_wheel at time 1785296772.292072 according to authority Authority undetectable
Possible reasons are listed at http://wiki.ros.org/tf/Errors%20explained
[WARN] [1785296788.772724868] []: TF_OLD_DATA ignoring data from the past for frame front_left_wheel at time 1785296772.392094 according to authority Authority undetectable
Possible reasons are listed at http://wiki.ros.org/tf/Errors%20explained
[WARN] [1785296788.772736072] []: TF_OLD_DATA ignoring data from the past for frame front_right_wheel at time 1785296772.392094 according to authority Authority undetectable
Possible reasons are listed at http://wiki.ros.org/tf/Errors%20explained
[WARN] [1785296788.772762609] []: TF_OLD_DATA ignoring data from the past for frame rear_left_wheel at time 1785296772.392094 according to authority Authority undetectable
Possible reasons are listed at http://wiki.ros.org/tf/Errors%20explained
[WARN] [1785296788.772773091] []: TF_OLD_DATA ignoring data from the past for frame rear_right_wheel at time 1785296772.392094 according to authority Authority undetectable
Possible reasons are listed at http://wiki.ros.org/tf/Errors%20explained
[WARN] [1785296788.772798591] []: TF_OLD_DATA ignoring data from the past for frame front_left_wheel at time 1785296772.492012 according to authority Authority undetectable
Possible reasons are listed at http://wiki.ros.org/tf/Errors%20explained
[WARN] [1785296788.772809128] []: TF_OLD_DATA ignoring data from the past for frame front_right_wheel at time 1785296772.492012 according to authority Authority undetectable
Possible reasons are listed at http://wiki.ros.org/tf/Errors%20explained
[WARN] [1785296788.772816054] []: TF_OLD_DATA ignoring data from the past for frame rear_left_wheel at time 1785296772.492012 according to authority Authority undetectable
Possible reasons are listed at http://wiki.ros.org/tf/Errors%20explained
[WARN] [1785296788.772822906] []: TF_OLD_DATA ignoring data from the past for frame rear_right_wheel at time 1785296772.492012 according to authority Authority undetectable
Possible reasons are listed at http://wiki.ros.org/tf/Errors%20explained
[WARN] [1785296788.772844832] []: TF_OLD_DATA ignoring data from the past for frame front_left_wheel at time 1785296772.592088 according to authority Authority undetectable
Possible reasons are listed at http://wiki.ros.org/tf/Errors%20explained
[WARN] [1785296788.772859258] []: TF_OLD_DATA ignoring data from the past for frame front_right_wheel at time 1785296772.592088 according to authority Authority undetectable
Possible reasons are listed at http://wiki.ros.org/tf/Errors%20explained
[WARN] [1785296788.772866610] []: TF_OLD_DATA ignoring data from the past for frame rear_left_wheel at time 1785296772.592088 according to authority Authority undetectable
Possible reasons are listed at http://wiki.ros.org/tf/Errors%20explained
[WARN] [1785296788.772873665] []: TF_OLD_DATA ignoring data from the past for frame rear_right_wheel at time 1785296772.592088 according to authority Authority undetectable
Possible reasons are listed at http://wiki.ros.org/tf/Errors%20explained
[WARN] [1785296788.772898110] []: TF_OLD_DATA ignoring data from the past for frame front_left_wheel at time 1785296772.692081 according to authority Authority undetectable
Possible reasons are listed at http://wiki.ros.org/tf/Errors%20explained
[WARN] [1785296788.772910591] []: TF_OLD_DATA ignoring data from the past for frame front_right_wheel at time 1785296772.692081 according to authority Authority undetectable
Possible reasons are listed at http://wiki.ros.org/tf/Errors%20explained
[WARN] [1785296788.772917684] []: TF_OLD_DATA ignoring data from the past for frame rear_left_wheel at time 1785296772.692081 according to authority Authority undetectable
Possible reasons are listed at http://wiki.ros.org/tf/Errors%20explained
[WARN] [1785296788.772924795] []: TF_OLD_DATA ignoring data from the past for frame rear_right_wheel at time 1785296772.692081 according to authority Authority undetectable
Possible reasons are listed at http://wiki.ros.org/tf/Errors%20explained
[WARN] [1785296788.772951129] []: TF_OLD_DATA ignoring data from the past for frame front_left_wheel at time 1785296772.792068 according to authority Authority undetectable
Possible reasons are listed at http://wiki.ros.org/tf/Errors%20explained
[WARN] [1785296788.772967018] []: TF_OLD_DATA ignoring data from the past for frame front_right_wheel at time 1785296772.792068 according to authority Authority undetectable
Possible reasons are listed at http://wiki.ros.org/tf/Errors%20explained
[WARN] [1785296788.772994666] []: TF_OLD_DATA ignoring data from the past for frame rear_left_wheel at time 1785296772.792068 according to authority Authority undetectable
Possible reasons are listed at http://wiki.ros.org/tf/Errors%20explained
[WARN] [1785296788.773005888] []: TF_OLD_DATA ignoring data from the past for frame rear_right_wheel at time 1785296772.792068 according to authority Authority undetectable
Possible reasons are listed at http://wiki.ros.org/tf/Errors%20explained
[WARN] [1785296788.773037074] []: TF_OLD_DATA ignoring data from the past for frame front_left_wheel at time 1785296772.892077 according to authority Authority undetectable
Possible reasons are listed at http://wiki.ros.org/tf/Errors%20explained
[WARN] [1785296788.773048463] []: TF_OLD_DATA ignoring data from the past for frame front_right_wheel at time 1785296772.892077 according to authority Authority undetectable
Possible reasons are listed at http://wiki.ros.org/tf/Errors%20explained
[WARN] [1785296788.773055629] []: TF_OLD_DATA ignoring data from the past for frame rear_left_wheel at time 1785296772.892077 according to authority Authority undetectable
Possible reasons are listed at http://wiki.ros.org/tf/Errors%20explained
[WARN] [1785296788.773062481] []: TF_OLD_DATA ignoring data from the past for frame rear_right_wheel at time 1785296772.892077 according to authority Authority undetectable
Possible reasons are listed at http://wiki.ros.org/tf/Errors%20explained
[WARN] [1785296788.773086666] []: TF_OLD_DATA ignoring data from the past for frame front_left_wheel at time 1785296772.992089 according to authority Authority undetectable
Possible reasons are listed at http://wiki.ros.org/tf/Errors%20explained
[WARN] [1785296788.773101500] []: TF_OLD_DATA ignoring data from the past for frame front_right_wheel at time 1785296772.992089 according to authority Authority undetectable
Possible reasons are listed at http://wiki.ros.org/tf/Errors%20explained
[WARN] [1785296788.773108648] []: TF_OLD_DATA ignoring data from the past for frame rear_left_wheel at time 1785296772.992089 according to authority Authority undetectable
Possible reasons are listed at http://wiki.ros.org/tf/Errors%20explained
[WARN] [1785296788.773122667] []: TF_OLD_DATA ignoring data from the past for frame rear_right_wheel at time 1785296772.992089 according to authority Authority undetectable
Possible reasons are listed at http://wiki.ros.org/tf/Errors%20explained
[WARN] [1785296788.785500513] []: TF_OLD_DATA ignoring data from the past for frame front_left_wheel at time 1785296773.092089 according to authority Authority undetectable
Possible reasons are listed at http://wiki.ros.org/tf/Errors%20explained
[WARN] [1785296788.785537532] []: TF_OLD_DATA ignoring data from the past for frame front_right_wheel at time 1785296773.092089 according to authority Authority undetectable
Possible reasons are listed at http://wiki.ros.org/tf/Errors%20explained
[WARN] [1785296788.785547329] []: TF_OLD_DATA ignoring data from the past for frame rear_left_wheel at time 1785296773.092089 according to authority Authority undetectable
Possible reasons are listed at http://wiki.ros.org/tf/Errors%20explained
[WARN] [1785296788.785555014] []: TF_OLD_DATA ignoring data from the past for frame rear_right_wheel at time 1785296773.092089 according to authority Authority undetectable
Possible reasons are listed at http://wiki.ros.org/tf/Errors%20explained
[WARN] [1785296788.787937990] []: TF_OLD_DATA ignoring data from the past for frame front_left_wheel at time 1785296773.192076 according to authority Authority undetectable
Possible reasons are listed at http://wiki.ros.org/tf/Errors%20explained
[WARN] [1785296788.787967861] []: TF_OLD_DATA ignoring data from the past for frame front_right_wheel at time 1785296773.192076 according to authority Authority undetectable
Possible reasons are listed at http://wiki.ros.org/tf/Errors%20explained
[WARN] [1785296788.787978009] []: TF_OLD_DATA ignoring data from the past for frame rear_left_wheel at time 1785296773.192076 according to authority Authority undetectable
Possible reasons are listed at http://wiki.ros.org/tf/Errors%20explained
[WARN] [1785296788.788036305] []: TF_OLD_DATA ignoring data from the past for frame rear_right_wheel at time 1785296773.192076 according to authority Authority undetectable
Possible reasons are listed at http://wiki.ros.org/tf/Errors%20explained
[WARN] [1785296788.789499702] []: TF_OLD_DATA ignoring data from the past for frame front_left_wheel at time 1785296773.292071 according to authority Authority undetectable
Possible reasons are listed at http://wiki.ros.org/tf/Errors%20explained
[WARN] [1785296788.789530925] []: TF_OLD_DATA ignoring data from the past for frame front_right_wheel at time 1785296773.292071 according to authority Authority undetectable
Possible reasons are listed at http://wiki.ros.org/tf/Errors%20explained
[WARN] [1785296788.789540221] []: TF_OLD_DATA ignoring data from the past for frame rear_left_wheel at time 1785296773.292071 according to authority Authority undetectable
Possible reasons are listed at http://wiki.ros.org/tf/Errors%20explained
[WARN] [1785296788.789548369] []: TF_OLD_DATA ignoring data from the past for frame rear_right_wheel at time 1785296773.292071 according to authority Authority undetectable
Possible reasons are listed at http://wiki.ros.org/tf/Errors%20explained
[WARN] [1785296788.791048618] []: TF_OLD_DATA ignoring data from the past for frame front_left_wheel at time 1785296773.392080 according to authority Authority undetectable
Possible reasons are listed at http://wiki.ros.org/tf/Errors%20explained
[WARN] [1785296788.791090193] []: TF_OLD_DATA ignoring data from the past for frame front_right_wheel at time 1785296773.392080 according to authority Authority undetectable
Possible reasons are listed at http://wiki.ros.org/tf/Errors%20explained
[WARN] [1785296788.791099526] []: TF_OLD_DATA ignoring data from the past for frame rear_left_wheel at time 1785296773.392080 according to authority Authority undetectable
Possible reasons are listed at http://wiki.ros.org/tf/Errors%20explained
[WARN] [1785296788.791106637] []: TF_OLD_DATA ignoring data from the past for frame rear_right_wheel at time 1785296773.392080 according to authority Authority undetectable
Possible reasons are listed at http://wiki.ros.org/tf/Errors%20explained
[WARN] [1785296788.793007833] []: TF_OLD_DATA ignoring data from the past for frame front_left_wheel at time 1785296773.492079 according to authority Authority undetectable
Possible reasons are listed at http://wiki.ros.org/tf/Errors%20explained
[WARN] [1785296788.793032870] []: TF_OLD_DATA ignoring data from the past for frame front_right_wheel at time 1785296773.492079 according to authority Authority undetectable
Possible reasons are listed at http://wiki.ros.org/tf/Errors%20explained
[WARN] [1785296788.793042889] []: TF_OLD_DATA ignoring data from the past for frame rear_left_wheel at time 1785296773.492079 according to authority Authority undetectable
Possible reasons are listed at http://wiki.ros.org/tf/Errors%20explained
[WARN] [1785296788.793050519] []: TF_OLD_DATA ignoring data from the past for frame rear_right_wheel at time 1785296773.492079 according to authority Authority undetectable
Possible reasons are listed at http://wiki.ros.org/tf/Errors%20explained
[WARN] [1785296805.500313898] []: TF_OLD_DATA ignoring data from the past for frame front_left_wheel at time 1785296781.092082 according to authority Authority undetectable
Possible reasons are listed at http://wiki.ros.org/tf/Errors%20explained
[WARN] [1785296805.500354361] []: TF_OLD_DATA ignoring data from the past for frame front_right_wheel at time 1785296781.092082 according to authority Authority undetectable
Possible reasons are listed at http://wiki.ros.org/tf/Errors%20explained
[WARN] [1785296805.500365546] []: TF_OLD_DATA ignoring data from the past for frame rear_left_wheel at time 1785296781.092082 according to authority Authority undetectable
Possible reasons are listed at http://wiki.ros.org/tf/Errors%20explained
[WARN] [1785296805.500374343] []: TF_OLD_DATA ignoring data from the past for frame rear_right_wheel at time 1785296781.092082 according to authority Authority undetectable
Possible reasons are listed at http://wiki.ros.org/tf/Errors%20explained
[WARN] [1785296805.500415121] []: TF_OLD_DATA ignoring data from the past for frame front_left_wheel at time 1785296781.192076 according to authority Authority undetectable
Possible reasons are listed at http://wiki.ros.org/tf/Errors%20explained
[WARN] [1785296805.500427325] []: TF_OLD_DATA ignoring data from the past for frame front_right_wheel at time 1785296781.192076 according to authority Authority undetectable
Possible reasons are listed at http://wiki.ros.org/tf/Errors%20explained
[WARN] [1785296805.500435547] []: TF_OLD_DATA ignoring data from the past for frame rear_left_wheel at time 1785296781.192076 according to authority Authority undetectable
Possible reasons are listed at http://wiki.ros.org/tf/Errors%20explained
[WARN] [1785296805.500443565] []: TF_OLD_DATA ignoring data from the past for frame rear_right_wheel at time 1785296781.192076 according to authority Authority undetectable
Possible reasons are listed at http://wiki.ros.org/tf/Errors%20explained
[WARN] [1785296805.500470529] []: TF_OLD_DATA ignoring data from the past for frame front_left_wheel at time 1785296781.292074 according to authority Authority undetectable
Possible reasons are listed at http://wiki.ros.org/tf/Errors%20explained
[WARN] [1785296805.500483677] []: TF_OLD_DATA ignoring data from the past for frame front_right_wheel at time 1785296781.292074 according to authority Authority undetectable
Possible reasons are listed at http://wiki.ros.org/tf/Errors%20explained
[WARN] [1785296805.500491751] []: TF_OLD_DATA ignoring data from the past for frame rear_left_wheel at time 1785296781.292074 according to authority Authority undetectable
Possible reasons are listed at http://wiki.ros.org/tf/Errors%20explained
[WARN] [1785296805.500499492] []: TF_OLD_DATA ignoring data from the past for frame rear_right_wheel at time 1785296781.292074 according to authority Authority undetectable
Possible reasons are listed at http://wiki.ros.org/tf/Errors%20explained
[WARN] [1785296805.500528010] []: TF_OLD_DATA ignoring data from the past for frame front_left_wheel at time 1785296781.492071 according to authority Authority undetectable
Possible reasons are listed at http://wiki.ros.org/tf/Errors%20explained
[WARN] [1785296805.500540603] []: TF_OLD_DATA ignoring data from the past for frame front_right_wheel at time 1785296781.492071 according to authority Authority undetectable
Possible reasons are listed at http://wiki.ros.org/tf/Errors%20explained
[WARN] [1785296805.500548566] []: TF_OLD_DATA ignoring data from the past for frame rear_left_wheel at time 1785296781.492071 according to authority Authority undetectable
Possible reasons are listed at http://wiki.ros.org/tf/Errors%20explained
[WARN] [1785296805.500556325] []: TF_OLD_DATA ignoring data from the past for frame rear_right_wheel at time 1785296781.492071 according to authority Authority undetectable
Possible reasons are listed at http://wiki.ros.org/tf/Errors%20explained
[WARN] [1785296805.500580011] []: TF_OLD_DATA ignoring data from the past for frame front_left_wheel at time 1785296781.592055 according to authority Authority undetectable
Possible reasons are listed at http://wiki.ros.org/tf/Errors%20explained
[WARN] [1785296805.500679937] []: TF_OLD_DATA ignoring data from the past for frame front_right_wheel at time 1785296781.592055 according to authority Authority undetectable
Possible reasons are listed at http://wiki.ros.org/tf/Errors%20explained
[WARN] [1785296805.500693808] []: TF_OLD_DATA ignoring data from the past for frame rear_left_wheel at time 1785296781.592055 according to authority Authority undetectable
Possible reasons are listed at http://wiki.ros.org/tf/Errors%20explained
[WARN] [1785296805.500702196] []: TF_OLD_DATA ignoring data from the past for frame rear_right_wheel at time 1785296781.592055 according to authority Authority undetectable
Possible reasons are listed at http://wiki.ros.org/tf/Errors%20explained
[WARN] [1785296805.500740067] []: TF_OLD_DATA ignoring data from the past for frame front_left_wheel at time 1785296781.692074 according to authority Authority undetectable
Possible reasons are listed at http://wiki.ros.org/tf/Errors%20explained
[WARN] [1785296805.500757752] []: TF_OLD_DATA ignoring data from the past for frame front_right_wheel at time 1785296781.692074 according to authority Authority undetectable
Possible reasons are listed at http://wiki.ros.org/tf/Errors%20explained
[WARN] [1785296805.500766289] []: TF_OLD_DATA ignoring data from the past for frame rear_left_wheel at time 1785296781.692074 according to authority Authority undetectable
Possible reasons are listed at http://wiki.ros.org/tf/Errors%20explained
[WARN] [1785296805.500774086] []: TF_OLD_DATA ignoring data from the past for frame rear_right_wheel at time 1785296781.692074 according to authority Authority undetectable
Possible reasons are listed at http://wiki.ros.org/tf/Errors%20explained
[WARN] [1785296805.500810197] []: TF_OLD_DATA ignoring data from the past for frame front_left_wheel at time 1785296781.792076 according to authority Authority undetectable
Possible reasons are listed at http://wiki.ros.org/tf/Errors%20explained
[WARN] [1785296805.500825605] []: TF_OLD_DATA ignoring data from the past for frame front_right_wheel at time 1785296781.792076 according to authority Authority undetectable
Possible reasons are listed at http://wiki.ros.org/tf/Errors%20explained
[WARN] [1785296805.500835679] []: TF_OLD_DATA ignoring data from the past for frame rear_left_wheel at time 1785296781.792076 according to authority Authority undetectable
Possible reasons are listed at http://wiki.ros.org/tf/Errors%20explained
[WARN] [1785296805.500844012] []: TF_OLD_DATA ignoring data from the past for frame rear_right_wheel at time 1785296781.792076 according to authority Authority undetectable
Possible reasons are listed at http://wiki.ros.org/tf/Errors%20explained
[WARN] [1785296805.500872216] []: TF_OLD_DATA ignoring data from the past for frame front_left_wheel at time 1785296781.992085 according to authority Authority undetectable
Possible reasons are listed at http://wiki.ros.org/tf/Errors%20explained
[WARN] [1785296805.500888660] []: TF_OLD_DATA ignoring data from the past for frame front_right_wheel at time 1785296781.992085 according to authority Authority undetectable
Possible reasons are listed at http://wiki.ros.org/tf/Errors%20explained
[WARN] [1785296805.500897401] []: TF_OLD_DATA ignoring data from the past for frame rear_left_wheel at time 1785296781.992085 according to authority Authority undetectable
Possible reasons are listed at http://wiki.ros.org/tf/Errors%20explained
[WARN] [1785296805.500905420] []: TF_OLD_DATA ignoring data from the past for frame rear_right_wheel at time 1785296781.992085 according to authority Authority undetectable
Possible reasons are listed at http://wiki.ros.org/tf/Errors%20explained
[WARN] [1785296805.500934253] []: TF_OLD_DATA ignoring data from the past for frame front_left_wheel at time 1785296782.092055 according to authority Authority undetectable
Possible reasons are listed at http://wiki.ros.org/tf/Errors%20explained
[WARN] [1785296805.500947865] []: TF_OLD_DATA ignoring data from the past for frame front_right_wheel at time 1785296782.092055 according to authority Authority undetectable
Possible reasons are listed at http://wiki.ros.org/tf/Errors%20explained
[WARN] [1785296805.500988198] []: TF_OLD_DATA ignoring data from the past for frame rear_left_wheel at time 1785296782.092055 according to authority Authority undetectable
Possible reasons are listed at http://wiki.ros.org/tf/Errors%20explained
[WARN] [1785296805.500999606] []: TF_OLD_DATA ignoring data from the past for frame rear_right_wheel at time 1785296782.092055 according to authority Authority undetectable
Possible reasons are listed at http://wiki.ros.org/tf/Errors%20explained
[WARN] [1785296805.501031550] []: TF_OLD_DATA ignoring data from the past for frame front_left_wheel at time 1785296782.192093 according to authority Authority undetectable
Possible reasons are listed at http://wiki.ros.org/tf/Errors%20explained
[WARN] [1785296805.501054717] []: TF_OLD_DATA ignoring data from the past for frame front_right_wheel at time 1785296782.192093 according to authority Authority undetectable
Possible reasons are listed at http://wiki.ros.org/tf/Errors%20explained
[WARN] [1785296805.501063865] []: TF_OLD_DATA ignoring data from the past for frame rear_left_wheel at time 1785296782.192093 according to authority Authority undetectable
Possible reasons are listed at http://wiki.ros.org/tf/Errors%20explained
[WARN] [1785296805.501072199] []: TF_OLD_DATA ignoring data from the past for frame rear_right_wheel at time 1785296782.192093 according to authority Authority undetectable
Possible reasons are listed at http://wiki.ros.org/tf/Errors%20explained
[WARN] [1785296805.501099421] []: TF_OLD_DATA ignoring data from the past for frame front_left_wheel at time 1785296782.292090 according to authority Authority undetectable
Possible reasons are listed at http://wiki.ros.org/tf/Errors%20explained
[WARN] [1785296805.501111143] []: TF_OLD_DATA ignoring data from the past for frame front_right_wheel at time 1785296782.292090 according to authority Authority undetectable
Possible reasons are listed at http://wiki.ros.org/tf/Errors%20explained
[WARN] [1785296805.501119217] []: TF_OLD_DATA ignoring data from the past for frame rear_left_wheel at time 1785296782.292090 according to authority Authority undetectable
Possible reasons are listed at http://wiki.ros.org/tf/Errors%20explained
[WARN] [1785296805.501127051] []: TF_OLD_DATA ignoring data from the past for frame rear_right_wheel at time 1785296782.292090 according to authority Authority undetectable
Possible reasons are listed at http://wiki.ros.org/tf/Errors%20explained
[WARN] [1785296805.501153551] []: TF_OLD_DATA ignoring data from the past for frame front_left_wheel at time 1785296782.392078 according to authority Authority undetectable
Possible reasons are listed at http://wiki.ros.org/tf/Errors%20explained
[WARN] [1785296805.501170051] []: TF_OLD_DATA ignoring data from the past for frame front_right_wheel at time 1785296782.392078 according to authority Authority undetectable
Possible reasons are listed at http://wiki.ros.org/tf/Errors%20explained
[WARN] [1785296805.501178107] []: TF_OLD_DATA ignoring data from the past for frame rear_left_wheel at time 1785296782.392078 according to authority Authority undetectable
Possible reasons are listed at http://wiki.ros.org/tf/Errors%20explained
[WARN] [1785296805.501186088] []: TF_OLD_DATA ignoring data from the past for frame rear_right_wheel at time 1785296782.392078 according to authority Authority undetectable
Possible reasons are listed at http://wiki.ros.org/tf/Errors%20explained
[WARN] [1785296805.501222811] []: TF_OLD_DATA ignoring data from the past for frame front_left_wheel at time 1785296782.492077 according to authority Authority undetectable
Possible reasons are listed at http://wiki.ros.org/tf/Errors%20explained
[WARN] [1785296805.501234496] []: TF_OLD_DATA ignoring data from the past for frame front_right_wheel at time 1785296782.492077 according to authority Authority undetectable
Possible reasons are listed at http://wiki.ros.org/tf/Errors%20explained
[WARN] [1785296805.501271496] []: TF_OLD_DATA ignoring data from the past for frame rear_left_wheel at time 1785296782.492077 according to authority Authority undetectable
Possible reasons are listed at http://wiki.ros.org/tf/Errors%20explained
[WARN] [1785296805.501282626] []: TF_OLD_DATA ignoring data from the past for frame rear_right_wheel at time 1785296782.492077 according to authority Authority undetectable
Possible reasons are listed at http://wiki.ros.org/tf/Errors%20explained
[WARN] [1785296805.501310589] []: TF_OLD_DATA ignoring data from the past for frame front_left_wheel at time 1785296782.592106 according to authority Authority undetectable
Possible reasons are listed at http://wiki.ros.org/tf/Errors%20explained
[WARN] [1785296805.501354219] []: TF_OLD_DATA ignoring data from the past for frame front_right_wheel at time 1785296782.592106 according to authority Authority undetectable
Possible reasons are listed at http://wiki.ros.org/tf/Errors%20explained
[WARN] [1785296805.501368182] []: TF_OLD_DATA ignoring data from the past for frame rear_left_wheel at time 1785296782.592106 according to authority Authority undetectable
Possible reasons are listed at http://wiki.ros.org/tf/Errors%20explained
[WARN] [1785296805.501376571] []: TF_OLD_DATA ignoring data from the past for frame rear_right_wheel at time 1785296782.592106 according to authority Authority undetectable
Possible reasons are listed at http://wiki.ros.org/tf/Errors%20explained
[WARN] [1785296805.501410756] []: TF_OLD_DATA ignoring data from the past for frame front_left_wheel at time 1785296782.692059 according to authority Authority undetectable
Possible reasons are listed at http://wiki.ros.org/tf/Errors%20explained
[WARN] [1785296805.501426460] []: TF_OLD_DATA ignoring data from the past for frame front_right_wheel at time 1785296782.692059 according to authority Authority undetectable
Possible reasons are listed at http://wiki.ros.org/tf/Errors%20explained
[WARN] [1785296805.501434719] []: TF_OLD_DATA ignoring data from the past for frame rear_left_wheel at time 1785296782.692059 according to authority Authority undetectable
Possible reasons are listed at http://wiki.ros.org/tf/Errors%20explained
[WARN] [1785296805.501443201] []: TF_OLD_DATA ignoring data from the past for frame rear_right_wheel at time 1785296782.692059 according to authority Authority undetectable
Possible reasons are listed at http://wiki.ros.org/tf/Errors%20explained
[WARN] [1785296805.501476090] []: TF_OLD_DATA ignoring data from the past for frame front_left_wheel at time 1785296782.792058 according to authority Authority undetectable
Possible reasons are listed at http://wiki.ros.org/tf/Errors%20explained
[WARN] [1785296805.501492775] []: TF_OLD_DATA ignoring data from the past for frame front_right_wheel at time 1785296782.792058 according to authority Authority undetectable
Possible reasons are listed at http://wiki.ros.org/tf/Errors%20explained
[WARN] [1785296805.501501794] []: TF_OLD_DATA ignoring data from the past for frame rear_left_wheel at time 1785296782.792058 according to authority Authority undetectable
Possible reasons are listed at http://wiki.ros.org/tf/Errors%20explained
[WARN] [1785296805.501510405] []: TF_OLD_DATA ignoring data from the past for frame rear_right_wheel at time 1785296782.792058 according to authority Authority undetectable
Possible reasons are listed at http://wiki.ros.org/tf/Errors%20explained
[WARN] [1785296805.501541220] []: TF_OLD_DATA ignoring data from the past for frame front_left_wheel at time 1785296782.892067 according to authority Authority undetectable
Possible reasons are listed at http://wiki.ros.org/tf/Errors%20explained
[WARN] [1785296805.501554572] []: TF_OLD_DATA ignoring data from the past for frame front_right_wheel at time 1785296782.892067 according to authority Authority undetectable
Possible reasons are listed at http://wiki.ros.org/tf/Errors%20explained
[WARN] [1785296805.501562609] []: TF_OLD_DATA ignoring data from the past for frame rear_left_wheel at time 1785296782.892067 according to authority Authority undetectable
Possible reasons are listed at http://wiki.ros.org/tf/Errors%20explained
[WARN] [1785296805.501591220] []: TF_OLD_DATA ignoring data from the past for frame rear_right_wheel at time 1785296782.892067 according to authority Authority undetectable
Possible reasons are listed at http://wiki.ros.org/tf/Errors%20explained
[WARN] [1785296805.501621109] []: TF_OLD_DATA ignoring data from the past for frame front_left_wheel at time 1785296783.992078 according to authority Authority undetectable
Possible reasons are listed at http://wiki.ros.org/tf/Errors%20explained
[WARN] [1785296805.501632683] []: TF_OLD_DATA ignoring data from the past for frame front_right_wheel at time 1785296783.992078 according to authority Authority undetectable
Possible reasons are listed at http://wiki.ros.org/tf/Errors%20explained
[WARN] [1785296805.501640980] []: TF_OLD_DATA ignoring data from the past for frame rear_left_wheel at time 1785296783.992078 according to authority Authority undetectable
Possible reasons are listed at http://wiki.ros.org/tf/Errors%20explained
[WARN] [1785296805.501648609] []: TF_OLD_DATA ignoring data from the past for frame rear_right_wheel at time 1785296783.992078 according to authority Authority undetectable
Possible reasons are listed at http://wiki.ros.org/tf/Errors%20explained
[WARN] [1785296805.501672017] []: TF_OLD_DATA ignoring data from the past for frame front_left_wheel at time 1785296784.092069 according to authority Authority undetectable
Possible reasons are listed at http://wiki.ros.org/tf/Errors%20explained
[WARN] [1785296805.501685887] []: TF_OLD_DATA ignoring data from the past for frame front_right_wheel at time 1785296784.092069 according to authority Authority undetectable
Possible reasons are listed at http://wiki.ros.org/tf/Errors%20explained
[WARN] [1785296805.501694313] []: TF_OLD_DATA ignoring data from the past for frame rear_left_wheel at time 1785296784.092069 according to authority Authority undetectable
Possible reasons are listed at http://wiki.ros.org/tf/Errors%20explained
[WARN] [1785296805.501702628] []: TF_OLD_DATA ignoring data from the past for frame rear_right_wheel at time 1785296784.092069 according to authority Authority undetectable
Possible reasons are listed at http://wiki.ros.org/tf/Errors%20explained
[WARN] [1785296805.501729554] []: TF_OLD_DATA ignoring data from the past for frame front_left_wheel at time 1785296784.192070 according to authority Authority undetectable
Possible reasons are listed at http://wiki.ros.org/tf/Errors%20explained
[WARN] [1785296805.501744795] []: TF_OLD_DATA ignoring data from the past for frame front_right_wheel at time 1785296784.192070 according to authority Authority undetectable
Possible reasons are listed at http://wiki.ros.org/tf/Errors%20explained
[WARN] [1785296805.501752925] []: TF_OLD_DATA ignoring data from the past for frame rear_left_wheel at time 1785296784.192070 according to authority Authority undetectable
Possible reasons are listed at http://wiki.ros.org/tf/Errors%20explained
[WARN] [1785296805.501761128] []: TF_OLD_DATA ignoring data from the past for frame rear_right_wheel at time 1785296784.192070 according to authority Authority undetectable
Possible reasons are listed at http://wiki.ros.org/tf/Errors%20explained
[WARN] [1785296805.501788406] []: TF_OLD_DATA ignoring data from the past for frame front_left_wheel at time 1785296785.392078 according to authority Authority undetectable
Possible reasons are listed at http://wiki.ros.org/tf/Errors%20explained
[WARN] [1785296805.501802110] []: TF_OLD_DATA ignoring data from the past for frame front_right_wheel at time 1785296785.392078 according to authority Authority undetectable
Possible reasons are listed at http://wiki.ros.org/tf/Errors%20explained
[WARN] [1785296805.501810351] []: TF_OLD_DATA ignoring data from the past for frame rear_left_wheel at time 1785296785.392078 according to authority Authority undetectable
Possible reasons are listed at http://wiki.ros.org/tf/Errors%20explained
[WARN] [1785296805.501818184] []: TF_OLD_DATA ignoring data from the past for frame rear_right_wheel at time 1785296785.392078 according to authority Authority undetectable
Possible reasons are listed at http://wiki.ros.org/tf/Errors%20explained
[WARN] [1785296805.501858314] []: TF_OLD_DATA ignoring data from the past for frame front_left_wheel at time 1785296785.492114 according to authority Authority undetectable
Possible reasons are listed at http://wiki.ros.org/tf/Errors%20explained
[WARN] [1785296805.501871462] []: TF_OLD_DATA ignoring data from the past for frame front_right_wheel at time 1785296785.492114 according to authority Authority undetectable
Possible reasons are listed at http://wiki.ros.org/tf/Errors%20explained
[WARN] [1785296805.501879444] []: TF_OLD_DATA ignoring data from the past for frame rear_left_wheel at time 1785296785.492114 according to authority Authority undetectable
Possible reasons are listed at http://wiki.ros.org/tf/Errors%20explained
[WARN] [1785296805.501887314] []: TF_OLD_DATA ignoring data from the past for frame rear_right_wheel at time 1785296785.492114 according to authority Authority undetectable
Possible reasons are listed at http://wiki.ros.org/tf/Errors%20explained
[WARN] [1785296805.501910351] []: TF_OLD_DATA ignoring data from the past for frame front_left_wheel at time 1785296785.592041 according to authority Authority undetectable
Possible reasons are listed at http://wiki.ros.org/tf/Errors%20explained
[WARN] [1785296805.501922870] []: TF_OLD_DATA ignoring data from the past for frame front_right_wheel at time 1785296785.592041 according to authority Authority undetectable
Possible reasons are listed at http://wiki.ros.org/tf/Errors%20explained
[WARN] [1785296805.501931648] []: TF_OLD_DATA ignoring data from the past for frame rear_left_wheel at time 1785296785.592041 according to authority Authority undetectable
Possible reasons are listed at http://wiki.ros.org/tf/Errors%20explained
[WARN] [1785296805.501939333] []: TF_OLD_DATA ignoring data from the past for frame rear_right_wheel at time 1785296785.592041 according to authority Authority undetectable
Possible reasons are listed at http://wiki.ros.org/tf/Errors%20explained
[WARN] [1785296805.501964778] []: TF_OLD_DATA ignoring data from the past for frame front_left_wheel at time 1785296785.692036 according to authority Authority undetectable
Possible reasons are listed at http://wiki.ros.org/tf/Errors%20explained
[WARN] [1785296805.501977555] []: TF_OLD_DATA ignoring data from the past for frame front_right_wheel at time 1785296785.692036 according to authority Authority undetectable
Possible reasons are listed at http://wiki.ros.org/tf/Errors%20explained
[WARN] [1785296805.501985593] []: TF_OLD_DATA ignoring data from the past for frame rear_left_wheel at time 1785296785.692036 according to authority Authority undetectable
Possible reasons are listed at http://wiki.ros.org/tf/Errors%20explained
[WARN] [1785296805.501993259] []: TF_OLD_DATA ignoring data from the past for frame rear_right_wheel at time 1785296785.692036 according to authority Authority undetectable
Possible reasons are listed at http://wiki.ros.org/tf/Errors%20explained
[WARN] [1785296805.502017000] []: TF_OLD_DATA ignoring data from the past for frame front_left_wheel at time 1785296785.792121 according to authority Authority undetectable
Possible reasons are listed at http://wiki.ros.org/tf/Errors%20explained
[WARN] [1785296805.502030130] []: TF_OLD_DATA ignoring data from the past for frame front_right_wheel at time 1785296785.792121 according to authority Authority undetectable
Possible reasons are listed at http://wiki.ros.org/tf/Errors%20explained
[WARN] [1785296805.502038204] []: TF_OLD_DATA ignoring data from the past for frame rear_left_wheel at time 1785296785.792121 according to authority Authority undetectable
Possible reasons are listed at http://wiki.ros.org/tf/Errors%20explained
[WARN] [1785296805.502046019] []: TF_OLD_DATA ignoring data from the past for frame rear_right_wheel at time 1785296785.792121 according to authority Authority undetectable
Possible reasons are listed at http://wiki.ros.org/tf/Errors%20explained
[WARN] [1785296805.502096519] []: TF_OLD_DATA ignoring data from the past for frame front_left_wheel at time 1785296785.892143 according to authority Authority undetectable
Possible reasons are listed at http://wiki.ros.org/tf/Errors%20explained
[WARN] [1785296805.502111352] []: TF_OLD_DATA ignoring data from the past for frame front_right_wheel at time 1785296785.892143 according to authority Authority undetectable
Possible reasons are listed at http://wiki.ros.org/tf/Errors%20explained
[WARN] [1785296805.502119593] []: TF_OLD_DATA ignoring data from the past for frame rear_left_wheel at time 1785296785.892143 according to authority Authority undetectable
Possible reasons are listed at http://wiki.ros.org/tf/Errors%20explained
[WARN] [1785296805.502127686] []: TF_OLD_DATA ignoring data from the past for frame rear_right_wheel at time 1785296785.892143 according to authority Authority undetectable
Possible reasons are listed at http://wiki.ros.org/tf/Errors%20explained
[WARN] [1785296805.502156019] []: TF_OLD_DATA ignoring data from the past for frame front_left_wheel at time 1785296785.992068 according to authority Authority undetectable
Possible reasons are listed at http://wiki.ros.org/tf/Errors%20explained
[WARN] [1785296805.502172538] []: TF_OLD_DATA ignoring data from the past for frame front_right_wheel at time 1785296785.992068 according to authority Authority undetectable
Possible reasons are listed at http://wiki.ros.org/tf/Errors%20explained
[WARN] [1785296805.502181334] []: TF_OLD_DATA ignoring data from the past for frame rear_left_wheel at time 1785296785.992068 according to authority Authority undetectable
Possible reasons are listed at http://wiki.ros.org/tf/Errors%20explained
[WARN] [1785296805.502439206] []: TF_OLD_DATA ignoring data from the past for frame rear_right_wheel at time 1785296785.992068 according to authority Authority undetectable
Possible reasons are listed at http://wiki.ros.org/tf/Errors%20explained
[WARN] [1785296806.108140899] []: TF_OLD_DATA ignoring data from the past for frame front_left_wheel at time 1785296789.892047 according to authority Authority undetectable
Possible reasons are listed at http://wiki.ros.org/tf/Errors%20explained
[WARN] [1785296806.108354548] []: TF_OLD_DATA ignoring data from the past for frame front_right_wheel at time 1785296789.892047 according to authority Authority undetectable
Possible reasons are listed at http://wiki.ros.org/tf/Errors%20explained
[WARN] [1785296806.108418438] []: TF_OLD_DATA ignoring data from the past for frame rear_left_wheel at time 1785296789.892047 according to authority Authority undetectable
Possible reasons are listed at http://wiki.ros.org/tf/Errors%20explained
[WARN] [1785296806.108432364] []: TF_OLD_DATA ignoring data from the past for frame rear_right_wheel at time 1785296789.892047 according to authority Authority undetectable
Possible reasons are listed at http://wiki.ros.org/tf/Errors%20explained
[WARN] [1785296806.108734902] []: TF_OLD_DATA ignoring data from the past for frame front_left_wheel at time 1785296789.992068 according to authority Authority undetectable
Possible reasons are listed at http://wiki.ros.org/tf/Errors%20explained
[WARN] [1785296806.108758976] []: TF_OLD_DATA ignoring data from the past for frame front_right_wheel at time 1785296789.992068 according to authority Authority undetectable
Possible reasons are listed at http://wiki.ros.org/tf/Errors%20explained
[WARN] [1785296806.108770199] []: TF_OLD_DATA ignoring data from the past for frame rear_left_wheel at time 1785296789.992068 according to authority Authority undetectable
Possible reasons are listed at http://wiki.ros.org/tf/Errors%20explained
[WARN] [1785296806.108779014] []: TF_OLD_DATA ignoring data from the past for frame rear_right_wheel at time 1785296789.992068 according to authority Authority undetectable
Possible reasons are listed at http://wiki.ros.org/tf/Errors%20explained
[WARN] [1785296806.115455792] []: TF_OLD_DATA ignoring data from the past for frame front_left_wheel at time 1785296790.092123 according to authority Authority undetectable
Possible reasons are listed at http://wiki.ros.org/tf/Errors%20explained
[WARN] [1785296806.115485310] []: TF_OLD_DATA ignoring data from the past for frame front_right_wheel at time 1785296790.092123 according to authority Authority undetectable
Possible reasons are listed at http://wiki.ros.org/tf/Errors%20explained
[WARN] [1785296806.115494421] []: TF_OLD_DATA ignoring data from the past for frame rear_left_wheel at time 1785296790.092123 according to authority Authority undetectable
Possible reasons are listed at http://wiki.ros.org/tf/Errors%20explained
[WARN] [1785296806.115502181] []: TF_OLD_DATA ignoring data from the past for frame rear_right_wheel at time 1785296790.092123 according to authority Authority undetectable
Possible reasons are listed at http://wiki.ros.org/tf/Errors%20explained
[WARN] [1785296806.115541533] []: TF_OLD_DATA ignoring data from the past for frame front_left_wheel at time 1785296791.192181 according to authority Authority undetectable
Possible reasons are listed at http://wiki.ros.org/tf/Errors%20explained
[WARN] [1785296806.115559755] []: TF_OLD_DATA ignoring data from the past for frame front_right_wheel at time 1785296791.192181 according to authority Authority undetectable
Possible reasons are listed at http://wiki.ros.org/tf/Errors%20explained
[WARN] [1785296806.115570200] []: TF_OLD_DATA ignoring data from the past for frame rear_left_wheel at time 1785296791.192181 according to authority Authority undetectable
Possible reasons are listed at http://wiki.ros.org/tf/Errors%20explained
[WARN] [1785296806.115577903] []: TF_OLD_DATA ignoring data from the past for frame rear_right_wheel at time 1785296791.192181 according to authority Authority undetectable
Possible reasons are listed at http://wiki.ros.org/tf/Errors%20explained
[WARN] [1785296806.115602237] []: TF_OLD_DATA ignoring data from the past for frame front_left_wheel at time 1785296791.292041 according to authority Authority undetectable
Possible reasons are listed at http://wiki.ros.org/tf/Errors%20explained
[WARN] [1785296806.115656867] []: TF_OLD_DATA ignoring data from the past for frame front_right_wheel at time 1785296791.292041 according to authority Authority undetectable
Possible reasons are listed at http://wiki.ros.org/tf/Errors%20explained
[WARN] [1785296806.115667885] []: TF_OLD_DATA ignoring data from the past for frame rear_left_wheel at time 1785296791.292041 according to authority Authority undetectable
Possible reasons are listed at http://wiki.ros.org/tf/Errors%20explained
[WARN] [1785296806.115675293] []: TF_OLD_DATA ignoring data from the past for frame rear_right_wheel at time 1785296791.292041 according to authority Authority undetectable
Possible reasons are listed at http://wiki.ros.org/tf/Errors%20explained
[WARN] [1785296806.115699163] []: TF_OLD_DATA ignoring data from the past for frame front_left_wheel at time 1785296791.392025 according to authority Authority undetectable
Possible reasons are listed at http://wiki.ros.org/tf/Errors%20explained
[WARN] [1785296806.115711515] []: TF_OLD_DATA ignoring data from the past for frame front_right_wheel at time 1785296791.392025 according to authority Authority undetectable
Possible reasons are listed at http://wiki.ros.org/tf/Errors%20explained
[WARN] [1785296806.115718904] []: TF_OLD_DATA ignoring data from the past for frame rear_left_wheel at time 1785296791.392025 according to authority Authority undetectable
Possible reasons are listed at http://wiki.ros.org/tf/Errors%20explained
[WARN] [1785296806.115726182] []: TF_OLD_DATA ignoring data from the past for frame rear_right_wheel at time 1785296791.392025 according to authority Authority undetectable
Possible reasons are listed at http://wiki.ros.org/tf/Errors%20explained
[WARN] [1785296806.115749571] []: TF_OLD_DATA ignoring data from the past for frame front_left_wheel at time 1785296791.492079 according to authority Authority undetectable
Possible reasons are listed at http://wiki.ros.org/tf/Errors%20explained
[WARN] [1785296806.115784905] []: TF_OLD_DATA ignoring data from the past for frame front_right_wheel at time 1785296791.492079 according to authority Authority undetectable
Possible reasons are listed at http://wiki.ros.org/tf/Errors%20explained
[WARN] [1785296806.115795090] []: TF_OLD_DATA ignoring data from the past for frame rear_left_wheel at time 1785296791.492079 according to authority Authority undetectable
Possible reasons are listed at http://wiki.ros.org/tf/Errors%20explained
[WARN] [1785296806.115802757] []: TF_OLD_DATA ignoring data from the past for frame rear_right_wheel at time 1785296791.492079 according to authority Authority undetectable
Possible reasons are listed at http://wiki.ros.org/tf/Errors%20explained
[WARN] [1785296806.115833257] []: TF_OLD_DATA ignoring data from the past for frame front_left_wheel at time 1785296791.592074 according to authority Authority undetectable
Possible reasons are listed at http://wiki.ros.org/tf/Errors%20explained
[WARN] [1785296806.115844405] []: TF_OLD_DATA ignoring data from the past for frame front_right_wheel at time 1785296791.592074 according to authority Authority undetectable
Possible reasons are listed at http://wiki.ros.org/tf/Errors%20explained
[WARN] [1785296806.115851923] []: TF_OLD_DATA ignoring data from the past for frame rear_left_wheel at time 1785296791.592074 according to authority Authority undetectable
Possible reasons are listed at http://wiki.ros.org/tf/Errors%20explained
[WARN] [1785296806.115859423] []: TF_OLD_DATA ignoring data from the past for frame rear_right_wheel at time 1785296791.592074 according to authority Authority undetectable
Possible reasons are listed at http://wiki.ros.org/tf/Errors%20explained
[WARN] [1785296814.414808521] []: TF_OLD_DATA ignoring data from the past for frame front_left_wheel at time 1785296791.692081 according to authority Authority undetectable
Possible reasons are listed at http://wiki.ros.org/tf/Errors%20explained
[WARN] [1785296814.414849596] []: TF_OLD_DATA ignoring data from the past for frame front_right_wheel at time 1785296791.692081 according to authority Authority undetectable
Possible reasons are listed at http://wiki.ros.org/tf/Errors%20explained
[WARN] [1785296814.414861929] []: TF_OLD_DATA ignoring data from the past for frame rear_left_wheel at time 1785296791.692081 according to authority Authority undetectable
Possible reasons are listed at http://wiki.ros.org/tf/Errors%20explained
[WARN] [1785296814.414872133] []: TF_OLD_DATA ignoring data from the past for frame rear_right_wheel at time 1785296791.692081 according to authority Authority undetectable
Possible reasons are listed at http://wiki.ros.org/tf/Errors%20explained
[WARN] [1785296814.415467340] []: TF_OLD_DATA ignoring data from the past for frame front_left_wheel at time 1785296791.792085 according to authority Authority undetectable
Possible reasons are listed at http://wiki.ros.org/tf/Errors%20explained
[WARN] [1785296814.415531210] []: TF_OLD_DATA ignoring data from the past for frame front_right_wheel at time 1785296791.792085 according to authority Authority undetectable
Possible reasons are listed at http://wiki.ros.org/tf/Errors%20explained
[WARN] [1785296814.415670174] []: TF_OLD_DATA ignoring data from the past for frame rear_left_wheel at time 1785296791.792085 according to authority Authority undetectable
Possible reasons are listed at http://wiki.ros.org/tf/Errors%20explained
[WARN] [1785296814.415686304] []: TF_OLD_DATA ignoring data from the past for frame rear_right_wheel at time 1785296791.792085 according to authority Authority undetectable
Possible reasons are listed at http://wiki.ros.org/tf/Errors%20explained
[WARN] [1785296814.415812712] []: TF_OLD_DATA ignoring data from the past for frame front_left_wheel at time 1785296791.992059 according to authority Authority undetectable
Possible reasons are listed at http://wiki.ros.org/tf/Errors%20explained
[WARN] [1785296814.416094288] []: TF_OLD_DATA ignoring data from the past for frame front_right_wheel at time 1785296791.992059 according to authority Authority undetectable
Possible reasons are listed at http://wiki.ros.org/tf/Errors%20explained
[WARN] [1785296814.416110677] []: TF_OLD_DATA ignoring data from the past for frame rear_left_wheel at time 1785296791.992059 according to authority Authority undetectable
Possible reasons are listed at http://wiki.ros.org/tf/Errors%20explained
[WARN] [1785296814.416120492] []: TF_OLD_DATA ignoring data from the past for frame rear_right_wheel at time 1785296791.992059 according to authority Authority undetectable
Possible reasons are listed at http://wiki.ros.org/tf/Errors%20explained
[WARN] [1785296814.416173010] []: TF_OLD_DATA ignoring data from the past for frame front_left_wheel at time 1785296792.092071 according to authority Authority undetectable
Possible reasons are listed at http://wiki.ros.org/tf/Errors%20explained
[WARN] [1785296814.416187325] []: TF_OLD_DATA ignoring data from the past for frame front_right_wheel at time 1785296792.092071 according to authority Authority undetectable
Possible reasons are listed at http://wiki.ros.org/tf/Errors%20explained
[WARN] [1785296814.416214862] []: TF_OLD_DATA ignoring data from the past for frame rear_left_wheel at time 1785296792.092071 according to authority Authority undetectable
Possible reasons are listed at http://wiki.ros.org/tf/Errors%20explained
[WARN] [1785296814.416226159] []: TF_OLD_DATA ignoring data from the past for frame rear_right_wheel at time 1785296792.092071 according to authority Authority undetectable
Possible reasons are listed at http://wiki.ros.org/tf/Errors%20explained
[WARN] [1785296814.416761365] []: TF_OLD_DATA ignoring data from the past for frame front_left_wheel at time 1785296792.192031 according to authority Authority undetectable
Possible reasons are listed at http://wiki.ros.org/tf/Errors%20explained
[WARN] [1785296814.417419610] []: TF_OLD_DATA ignoring data from the past for frame front_right_wheel at time 1785296792.192031 according to authority Authority undetectable
Possible reasons are listed at http://wiki.ros.org/tf/Errors%20explained
[WARN] [1785296814.417442980] []: TF_OLD_DATA ignoring data from the past for frame rear_left_wheel at time 1785296792.192031 according to authority Authority undetectable
Possible reasons are listed at http://wiki.ros.org/tf/Errors%20explained
[WARN] [1785296814.417453684] []: TF_OLD_DATA ignoring data from the past for frame rear_right_wheel at time 1785296792.192031 according to authority Authority undetectable
Possible reasons are listed at http://wiki.ros.org/tf/Errors%20explained
[WARN] [1785296814.417510425] []: TF_OLD_DATA ignoring data from the past for frame front_left_wheel at time 1785296792.292016 according to authority Authority undetectable
Possible reasons are listed at http://wiki.ros.org/tf/Errors%20explained
[WARN] [1785296814.417524166] []: TF_OLD_DATA ignoring data from the past for frame front_right_wheel at time 1785296792.292016 according to authority Authority undetectable
Possible reasons are listed at http://wiki.ros.org/tf/Errors%20explained
[WARN] [1785296814.417535685] []: TF_OLD_DATA ignoring data from the past for frame rear_left_wheel at time 1785296792.292016 according to authority Authority undetectable
Possible reasons are listed at http://wiki.ros.org/tf/Errors%20explained
[WARN] [1785296814.417544777] []: TF_OLD_DATA ignoring data from the past for frame rear_right_wheel at time 1785296792.292016 according to authority Authority undetectable
Possible reasons are listed at http://wiki.ros.org/tf/Errors%20explained
[WARN] [1785296814.417575870] []: TF_OLD_DATA ignoring data from the past for frame front_left_wheel at time 1785296792.492059 according to authority Authority undetectable
Possible reasons are listed at http://wiki.ros.org/tf/Errors%20explained
[WARN] [1785296814.417588759] []: TF_OLD_DATA ignoring data from the past for frame front_right_wheel at time 1785296792.492059 according to authority Authority undetectable
Possible reasons are listed at http://wiki.ros.org/tf/Errors%20explained
[WARN] [1785296814.418250577] []: TF_OLD_DATA ignoring data from the past for frame rear_left_wheel at time 1785296792.492059 according to authority Authority undetectable
Possible reasons are listed at http://wiki.ros.org/tf/Errors%20explained
[WARN] [1785296814.418281355] []: TF_OLD_DATA ignoring data from the past for frame rear_right_wheel at time 1785296792.492059 according to authority Authority undetectable
Possible reasons are listed at http://wiki.ros.org/tf/Errors%20explained
[WARN] [1785296814.418339874] []: TF_OLD_DATA ignoring data from the past for frame front_left_wheel at time 1785296792.592064 according to authority Authority undetectable
Possible reasons are listed at http://wiki.ros.org/tf/Errors%20explained
[WARN] [1785296814.418354911] []: TF_OLD_DATA ignoring data from the past for frame front_right_wheel at time 1785296792.592064 according to authority Authority undetectable
Possible reasons are listed at http://wiki.ros.org/tf/Errors%20explained
[WARN] [1785296814.418364319] []: TF_OLD_DATA ignoring data from the past for frame rear_left_wheel at time 1785296792.592064 according to authority Authority undetectable
Possible reasons are listed at http://wiki.ros.org/tf/Errors%20explained
[WARN] [1785296814.418373504] []: TF_OLD_DATA ignoring data from the past for frame rear_right_wheel at time 1785296792.592064 according to authority Authority undetectable
Possible reasons are listed at http://wiki.ros.org/tf/Errors%20explained
[WARN] [1785296814.418400264] []: TF_OLD_DATA ignoring data from the past for frame front_left_wheel at time 1785296792.692074 according to authority Authority undetectable
Possible reasons are listed at http://wiki.ros.org/tf/Errors%20explained
[WARN] [1785296814.418416652] []: TF_OLD_DATA ignoring data from the past for frame front_right_wheel at time 1785296792.692074 according to authority Authority undetectable
Possible reasons are listed at http://wiki.ros.org/tf/Errors%20explained
[WARN] [1785296814.418454301] []: TF_OLD_DATA ignoring data from the past for frame rear_left_wheel at time 1785296792.692074 according to authority Authority undetectable
Possible reasons are listed at http://wiki.ros.org/tf/Errors%20explained
[WARN] [1785296814.418466523] []: TF_OLD_DATA ignoring data from the past for frame rear_right_wheel at time 1785296792.692074 according to authority Authority undetectable
Possible reasons are listed at http://wiki.ros.org/tf/Errors%20explained
[WARN] [1785296814.418498079] []: TF_OLD_DATA ignoring data from the past for frame front_left_wheel at time 1785296792.792049 according to authority Authority undetectable
Possible reasons are listed at http://wiki.ros.org/tf/Errors%20explained
[WARN] [1785296814.418511042] []: TF_OLD_DATA ignoring data from the past for frame front_right_wheel at time 1785296792.792049 according to authority Authority undetectable
Possible reasons are listed at http://wiki.ros.org/tf/Errors%20explained
[WARN] [1785296814.418520042] []: TF_OLD_DATA ignoring data from the past for frame rear_left_wheel at time 1785296792.792049 according to authority Authority undetectable
Possible reasons are listed at http://wiki.ros.org/tf/Errors%20explained
[WARN] [1785296814.418528857] []: TF_OLD_DATA ignoring data from the past for frame rear_right_wheel at time 1785296792.792049 according to authority Authority undetectable
Possible reasons are listed at http://wiki.ros.org/tf/Errors%20explained
[WARN] [1785296814.420997852] []: TF_OLD_DATA ignoring data from the past for frame front_left_wheel at time 1785296792.892063 according to authority Authority undetectable
Possible reasons are listed at http://wiki.ros.org/tf/Errors%20explained
[WARN] [1785296814.421033982] []: TF_OLD_DATA ignoring data from the past for frame front_right_wheel at time 1785296792.892063 according to authority Authority undetectable
Possible reasons are listed at http://wiki.ros.org/tf/Errors%20explained
[WARN] [1785296814.421044112] []: TF_OLD_DATA ignoring data from the past for frame rear_left_wheel at time 1785296792.892063 according to authority Authority undetectable
Possible reasons are listed at http://wiki.ros.org/tf/Errors%20explained
[WARN] [1785296814.421053519] []: TF_OLD_DATA ignoring data from the past for frame rear_right_wheel at time 1785296792.892063 according to authority Authority undetectable
Possible reasons are listed at http://wiki.ros.org/tf/Errors%20explained
[WARN] [1785296815.155316021] []: TF_OLD_DATA ignoring data from the past for frame front_left_wheel at time 1785296793.092357 according to authority Authority undetectable
Possible reasons are listed at http://wiki.ros.org/tf/Errors%20explained
[WARN] [1785296815.155354225] []: TF_OLD_DATA ignoring data from the past for frame front_right_wheel at time 1785296793.092357 according to authority Authority undetectable
Possible reasons are listed at http://wiki.ros.org/tf/Errors%20explained
[WARN] [1785296815.155365503] []: TF_OLD_DATA ignoring data from the past for frame rear_left_wheel at time 1785296793.092357 according to authority Authority undetectable
Possible reasons are listed at http://wiki.ros.org/tf/Errors%20explained
[WARN] [1785296815.155374781] []: TF_OLD_DATA ignoring data from the past for frame rear_right_wheel at time 1785296793.092357 according to authority Authority undetectable
Possible reasons are listed at http://wiki.ros.org/tf/Errors%20explained
[WARN] [1785296815.158908078] []: TF_OLD_DATA ignoring data from the past for frame front_left_wheel at time 1785296793.192086 according to authority Authority undetectable
Possible reasons are listed at http://wiki.ros.org/tf/Errors%20explained
[WARN] [1785296815.158935005] []: TF_OLD_DATA ignoring data from the past for frame front_right_wheel at time 1785296793.192086 according to authority Authority undetectable
Possible reasons are listed at http://wiki.ros.org/tf/Errors%20explained
[WARN] [1785296815.158994190] []: TF_OLD_DATA ignoring data from the past for frame rear_left_wheel at time 1785296793.192086 according to authority Authority undetectable
Possible reasons are listed at http://wiki.ros.org/tf/Errors%20explained
[WARN] [1785296815.159004579] []: TF_OLD_DATA ignoring data from the past for frame rear_right_wheel at time 1785296793.192086 according to authority Authority undetectable
Possible reasons are listed at http://wiki.ros.org/tf/Errors%20explained
[WARN] [1785296815.162670655] []: TF_OLD_DATA ignoring data from the past for frame front_left_wheel at time 1785296793.292027 according to authority Authority undetectable
Possible reasons are listed at http://wiki.ros.org/tf/Errors%20explained
[WARN] [1785296815.162708674] []: TF_OLD_DATA ignoring data from the past for frame front_right_wheel at time 1785296793.292027 according to authority Authority undetectable
Possible reasons are listed at http://wiki.ros.org/tf/Errors%20explained
[WARN] [1785296815.162719026] []: TF_OLD_DATA ignoring data from the past for frame rear_left_wheel at time 1785296793.292027 according to authority Authority undetectable
Possible reasons are listed at http://wiki.ros.org/tf/Errors%20explained
[WARN] [1785296815.162728137] []: TF_OLD_DATA ignoring data from the past for frame rear_right_wheel at time 1785296793.292027 according to authority Authority undetectable
Possible reasons are listed at http://wiki.ros.org/tf/Errors%20explained
[WARN] [1785296815.170527532] []: TF_OLD_DATA ignoring data from the past for frame front_left_wheel at time 1785296793.392066 according to authority Authority undetectable
Possible reasons are listed at http://wiki.ros.org/tf/Errors%20explained
[WARN] [1785296815.170565403] []: TF_OLD_DATA ignoring data from the past for frame front_right_wheel at time 1785296793.392066 according to authority Authority undetectable
Possible reasons are listed at http://wiki.ros.org/tf/Errors%20explained
[WARN] [1785296815.170574088] []: TF_OLD_DATA ignoring data from the past for frame rear_left_wheel at time 1785296793.392066 according to authority Authority undetectable
Possible reasons are listed at http://wiki.ros.org/tf/Errors%20explained
[WARN] [1785296815.170581829] []: TF_OLD_DATA ignoring data from the past for frame rear_right_wheel at time 1785296793.392066 according to authority Authority undetectable
Possible reasons are listed at http://wiki.ros.org/tf/Errors%20explained
[WARN] [1785296815.172466858] []: TF_OLD_DATA ignoring data from the past for frame front_left_wheel at time 1785296793.492066 according to authority Authority undetectable
Possible reasons are listed at http://wiki.ros.org/tf/Errors%20explained
[WARN] [1785296815.172494839] []: TF_OLD_DATA ignoring data from the past for frame front_right_wheel at time 1785296793.492066 according to authority Authority undetectable
Possible reasons are listed at http://wiki.ros.org/tf/Errors%20explained
[WARN] [1785296815.172504302] []: TF_OLD_DATA ignoring data from the past for frame rear_left_wheel at time 1785296793.492066 according to authority Authority undetectable
Possible reasons are listed at http://wiki.ros.org/tf/Errors%20explained
[WARN] [1785296815.172511691] []: TF_OLD_DATA ignoring data from the past for frame rear_right_wheel at time 1785296793.492066 according to authority Authority undetectable
Possible reasons are listed at http://wiki.ros.org/tf/Errors%20explained
[WARN] [1785296815.176211638] []: TF_OLD_DATA ignoring data from the past for frame front_left_wheel at time 1785296794.392065 according to authority Authority undetectable
Possible reasons are listed at http://wiki.ros.org/tf/Errors%20explained
[WARN] [1785296815.176240360] []: TF_OLD_DATA ignoring data from the past for frame front_right_wheel at time 1785296794.392065 according to authority Authority undetectable
Possible reasons are listed at http://wiki.ros.org/tf/Errors%20explained
[WARN] [1785296815.176249416] []: TF_OLD_DATA ignoring data from the past for frame rear_left_wheel at time 1785296794.392065 according to authority Authority undetectable
Possible reasons are listed at http://wiki.ros.org/tf/Errors%20explained
[WARN] [1785296815.176303250] []: TF_OLD_DATA ignoring data from the past for frame rear_right_wheel at time 1785296794.392065 according to authority Authority undetectable
Possible reasons are listed at http://wiki.ros.org/tf/Errors%20explained
[WARN] [1785296815.179353322] []: TF_OLD_DATA ignoring data from the past for frame front_left_wheel at time 1785296796.636470 according to authority Authority undetectable
Possible reasons are listed at http://wiki.ros.org/tf/Errors%20explained
[WARN] [1785296815.179381878] []: TF_OLD_DATA ignoring data from the past for frame front_right_wheel at time 1785296796.636470 according to authority Authority undetectable
Possible reasons are listed at http://wiki.ros.org/tf/Errors%20explained
[WARN] [1785296815.179392285] []: TF_OLD_DATA ignoring data from the past for frame rear_left_wheel at time 1785296796.636470 according to authority Authority undetectable
Possible reasons are listed at http://wiki.ros.org/tf/Errors%20explained
[WARN] [1785296815.179400563] []: TF_OLD_DATA ignoring data from the past for frame rear_right_wheel at time 1785296796.636470 according to authority Authority undetectable
Possible reasons are listed at http://wiki.ros.org/tf/Errors%20explained
[WARN] [1785296815.192667822] []: TF_OLD_DATA ignoring data from the past for frame front_left_wheel at time 1785296796.692083 according to authority Authority undetectable
Possible reasons are listed at http://wiki.ros.org/tf/Errors%20explained
[WARN] [1785296815.192698767] []: TF_OLD_DATA ignoring data from the past for frame front_right_wheel at time 1785296796.692083 according to authority Authority undetectable
Possible reasons are listed at http://wiki.ros.org/tf/Errors%20explained
[WARN] [1785296815.192707619] []: TF_OLD_DATA ignoring data from the past for frame rear_left_wheel at time 1785296796.692083 according to authority Authority undetectable
Possible reasons are listed at http://wiki.ros.org/tf/Errors%20explained
[WARN] [1785296815.192715415] []: TF_OLD_DATA ignoring data from the past for frame rear_right_wheel at time 1785296796.692083 according to authority Authority undetectable
Possible reasons are listed at http://wiki.ros.org/tf/Errors%20explained
[WARN] [1785296815.192752841] []: TF_OLD_DATA ignoring data from the past for frame front_left_wheel at time 1785296796.892068 according to authority Authority undetectable
Possible reasons are listed at http://wiki.ros.org/tf/Errors%20explained
[WARN] [1785296815.192765656] []: TF_OLD_DATA ignoring data from the past for frame front_right_wheel at time 1785296796.892068 according to authority Authority undetectable
Possible reasons are listed at http://wiki.ros.org/tf/Errors%20explained
[WARN] [1785296815.192773193] []: TF_OLD_DATA ignoring data from the past for frame rear_left_wheel at time 1785296796.892068 according to authority Authority undetectable
Possible reasons are listed at http://wiki.ros.org/tf/Errors%20explained
[WARN] [1785296815.192780786] []: TF_OLD_DATA ignoring data from the past for frame rear_right_wheel at time 1785296796.892068 according to authority Authority undetectable
Possible reasons are listed at http://wiki.ros.org/tf/Errors%20explained
[WARN] [1785296815.192805082] []: TF_OLD_DATA ignoring data from the past for frame front_left_wheel at time 1785296796.992087 according to authority Authority undetectable
Possible reasons are listed at http://wiki.ros.org/tf/Errors%20explained
[WARN] [1785296815.192815731] []: TF_OLD_DATA ignoring data from the past for frame front_right_wheel at time 1785296796.992087 according to authority Authority undetectable
Possible reasons are listed at http://wiki.ros.org/tf/Errors%20explained
[WARN] [1785296815.192824471] []: TF_OLD_DATA ignoring data from the past for frame rear_left_wheel at time 1785296796.992087 according to authority Authority undetectable
Possible reasons are listed at http://wiki.ros.org/tf/Errors%20explained
[WARN] [1785296815.192831953] []: TF_OLD_DATA ignoring data from the past for frame rear_right_wheel at time 1785296796.992087 according to authority Authority undetectable
Possible reasons are listed at http://wiki.ros.org/tf/Errors%20explained
[WARN] [1785296815.192898842] []: TF_OLD_DATA ignoring data from the past for frame front_left_wheel at time 1785296797.192272 according to authority Authority undetectable
Possible reasons are listed at http://wiki.ros.org/tf/Errors%20explained
[WARN] [1785296815.192911657] []: TF_OLD_DATA ignoring data from the past for frame front_right_wheel at time 1785296797.192272 according to authority Authority undetectable
Possible reasons are listed at http://wiki.ros.org/tf/Errors%20explained
[WARN] [1785296815.192919083] []: TF_OLD_DATA ignoring data from the past for frame rear_left_wheel at time 1785296797.192272 according to authority Authority undetectable
Possible reasons are listed at http://wiki.ros.org/tf/Errors%20explained
[WARN] [1785296815.192926416] []: TF_OLD_DATA ignoring data from the past for frame rear_right_wheel at time 1785296797.192272 according to authority Authority undetectable
Possible reasons are listed at http://wiki.ros.org/tf/Errors%20explained
[WARN] [1785296815.192950435] []: TF_OLD_DATA ignoring data from the past for frame front_left_wheel at time 1785296797.292066 according to authority Authority undetectable
Possible reasons are listed at http://wiki.ros.org/tf/Errors%20explained
[WARN] [1785296815.192960602] []: TF_OLD_DATA ignoring data from the past for frame front_right_wheel at time 1785296797.292066 according to authority Authority undetectable
Possible reasons are listed at http://wiki.ros.org/tf/Errors%20explained
[WARN] [1785296815.192967972] []: TF_OLD_DATA ignoring data from the past for frame rear_left_wheel at time 1785296797.292066 according to authority Authority undetectable
Possible reasons are listed at http://wiki.ros.org/tf/Errors%20explained
[WARN] [1785296815.192975231] []: TF_OLD_DATA ignoring data from the past for frame rear_right_wheel at time 1785296797.292066 according to authority Authority undetectable
Possible reasons are listed at http://wiki.ros.org/tf/Errors%20explained
[WARN] [1785296815.192995917] []: TF_OLD_DATA ignoring data from the past for frame front_left_wheel at time 1785296797.392065 according to authority Authority undetectable
Possible reasons are listed at http://wiki.ros.org/tf/Errors%20explained
[WARN] [1785296815.193008102] []: TF_OLD_DATA ignoring data from the past for frame front_right_wheel at time 1785296797.392065 according to authority Authority undetectable
Possible reasons are listed at http://wiki.ros.org/tf/Errors%20explained
[WARN] [1785296815.193015639] []: TF_OLD_DATA ignoring data from the past for frame rear_left_wheel at time 1785296797.392065 according to authority Authority undetectable
Possible reasons are listed at http://wiki.ros.org/tf/Errors%20explained
[WARN] [1785296815.193022861] []: TF_OLD_DATA ignoring data from the past for frame rear_right_wheel at time 1785296797.392065 according to authority Authority undetectable
Possible reasons are listed at http://wiki.ros.org/tf/Errors%20explained
[WARN] [1785296815.213142103] []: TF_OLD_DATA ignoring data from the past for frame front_left_wheel at time 1785296797.592118 according to authority Authority undetectable
Possible reasons are listed at http://wiki.ros.org/tf/Errors%20explained
[WARN] [1785296815.213175492] []: TF_OLD_DATA ignoring data from the past for frame front_right_wheel at time 1785296797.592118 according to authority Authority undetectable
Possible reasons are listed at http://wiki.ros.org/tf/Errors%20explained
[WARN] [1785296815.213184807] []: TF_OLD_DATA ignoring data from the past for frame rear_left_wheel at time 1785296797.592118 according to authority Authority undetectable
Possible reasons are listed at http://wiki.ros.org/tf/Errors%20explained
[WARN] [1785296815.213205085] []: TF_OLD_DATA ignoring data from the past for frame rear_right_wheel at time 1785296797.592118 according to authority Authority undetectable
Possible reasons are listed at http://wiki.ros.org/tf/Errors%20explained
[WARN] [1785296815.213294030] []: TF_OLD_DATA ignoring data from the past for frame front_left_wheel at time 1785296797.792117 according to authority Authority undetectable
Possible reasons are listed at http://wiki.ros.org/tf/Errors%20explained
[WARN] [1785296815.213307604] []: TF_OLD_DATA ignoring data from the past for frame front_right_wheel at time 1785296797.792117 according to authority Authority undetectable
Possible reasons are listed at http://wiki.ros.org/tf/Errors%20explained
[WARN] [1785296815.213315715] []: TF_OLD_DATA ignoring data from the past for frame rear_left_wheel at time 1785296797.792117 according to authority Authority undetectable
Possible reasons are listed at http://wiki.ros.org/tf/Errors%20explained
[WARN] [1785296815.213323086] []: TF_OLD_DATA ignoring data from the past for frame rear_right_wheel at time 1785296797.792117 according to authority Authority undetectable
Possible reasons are listed at http://wiki.ros.org/tf/Errors%20explained
[WARN] [1785296815.213349864] []: TF_OLD_DATA ignoring data from the past for frame front_left_wheel at time 1785296797.892097 according to authority Authority undetectable
Possible reasons are listed at http://wiki.ros.org/tf/Errors%20explained
[WARN] [1785296815.213360308] []: TF_OLD_DATA ignoring data from the past for frame front_right_wheel at time 1785296797.892097 according to authority Authority undetectable
Possible reasons are listed at http://wiki.ros.org/tf/Errors%20explained
[WARN] [1785296815.213367827] []: TF_OLD_DATA ignoring data from the past for frame rear_left_wheel at time 1785296797.892097 according to authority Authority undetectable
Possible reasons are listed at http://wiki.ros.org/tf/Errors%20explained
[WARN] [1785296815.213374993] []: TF_OLD_DATA ignoring data from the past for frame rear_right_wheel at time 1785296797.892097 according to authority Authority undetectable
Possible reasons are listed at http://wiki.ros.org/tf/Errors%20explained
[WARN] [1785296815.213395697] []: TF_OLD_DATA ignoring data from the past for frame front_left_wheel at time 1785296797.992121 according to authority Authority undetectable
Possible reasons are listed at http://wiki.ros.org/tf/Errors%20explained
[WARN] [1785296815.213407994] []: TF_OLD_DATA ignoring data from the past for frame front_right_wheel at time 1785296797.992121 according to authority Authority undetectable
Possible reasons are listed at http://wiki.ros.org/tf/Errors%20explained
[WARN] [1785296815.213415438] []: TF_OLD_DATA ignoring data from the past for frame rear_left_wheel at time 1785296797.992121 according to authority Authority undetectable
Possible reasons are listed at http://wiki.ros.org/tf/Errors%20explained
[WARN] [1785296815.213422660] []: TF_OLD_DATA ignoring data from the past for frame rear_right_wheel at time 1785296797.992121 according to authority Authority undetectable
Possible reasons are listed at http://wiki.ros.org/tf/Errors%20explained
[WARN] [1785296815.213443883] []: TF_OLD_DATA ignoring data from the past for frame front_left_wheel at time 1785296798.092079 according to authority Authority undetectable
Possible reasons are listed at http://wiki.ros.org/tf/Errors%20explained
[WARN] [1785296815.213456198] []: TF_OLD_DATA ignoring data from the past for frame front_right_wheel at time 1785296798.092079 according to authority Authority undetectable
Possible reasons are listed at http://wiki.ros.org/tf/Errors%20explained
[WARN] [1785296815.213463864] []: TF_OLD_DATA ignoring data from the past for frame rear_left_wheel at time 1785296798.092079 according to authority Authority undetectable
Possible reasons are listed at http://wiki.ros.org/tf/Errors%20explained
[WARN] [1785296815.213471124] []: TF_OLD_DATA ignoring data from the past for frame rear_right_wheel at time 1785296798.092079 according to authority Authority undetectable
Possible reasons are listed at http://wiki.ros.org/tf/Errors%20explained
[WARN] [1785296815.238712264] []: TF_OLD_DATA ignoring data from the past for frame front_left_wheel at time 1785296798.192054 according to authority Authority undetectable
Possible reasons are listed at http://wiki.ros.org/tf/Errors%20explained
[WARN] [1785296815.238801413] []: TF_OLD_DATA ignoring data from the past for frame front_right_wheel at time 1785296798.192054 according to authority Authority undetectable
Possible reasons are listed at http://wiki.ros.org/tf/Errors%20explained
[WARN] [1785296815.238815154] []: TF_OLD_DATA ignoring data from the past for frame rear_left_wheel at time 1785296798.192054 according to authority Authority undetectable
Possible reasons are listed at http://wiki.ros.org/tf/Errors%20explained
[WARN] [1785296815.238824154] []: TF_OLD_DATA ignoring data from the past for frame rear_right_wheel at time 1785296798.192054 according to authority Authority undetectable
Possible reasons are listed at http://wiki.ros.org/tf/Errors%20explained
[WARN] [1785296815.244250536] []: TF_OLD_DATA ignoring data from the past for frame front_left_wheel at time 1785296798.292079 according to authority Authority undetectable
Possible reasons are listed at http://wiki.ros.org/tf/Errors%20explained
[WARN] [1785296815.244286981] []: TF_OLD_DATA ignoring data from the past for frame front_right_wheel at time 1785296798.292079 according to authority Authority undetectable
Possible reasons are listed at http://wiki.ros.org/tf/Errors%20explained
[WARN] [1785296815.244298684] []: TF_OLD_DATA ignoring data from the past for frame rear_left_wheel at time 1785296798.292079 according to authority Authority undetectable
Possible reasons are listed at http://wiki.ros.org/tf/Errors%20explained
[WARN] [1785296815.244307814] []: TF_OLD_DATA ignoring data from the past for frame rear_right_wheel at time 1785296798.292079 according to authority Authority undetectable
Possible reasons are listed at http://wiki.ros.org/tf/Errors%20explained
[WARN] [1785296815.250598090] []: TF_OLD_DATA ignoring data from the past for frame front_left_wheel at time 1785296798.392062 according to authority Authority undetectable
Possible reasons are listed at http://wiki.ros.org/tf/Errors%20explained
[WARN] [1785296815.250633183] []: TF_OLD_DATA ignoring data from the past for frame front_right_wheel at time 1785296798.392062 according to authority Authority undetectable
Possible reasons are listed at http://wiki.ros.org/tf/Errors%20explained
[WARN] [1785296815.250778646] []: TF_OLD_DATA ignoring data from the past for frame rear_left_wheel at time 1785296798.392062 according to authority Authority undetectable
Possible reasons are listed at http://wiki.ros.org/tf/Errors%20explained
[WARN] [1785296815.250791887] []: TF_OLD_DATA ignoring data from the past for frame rear_right_wheel at time 1785296798.392062 according to authority Authority undetectable
Possible reasons are listed at http://wiki.ros.org/tf/Errors%20explained
[WARN] [1785296815.257013366] []: TF_OLD_DATA ignoring data from the past for frame front_left_wheel at time 1785296798.492128 according to authority Authority undetectable
Possible reasons are listed at http://wiki.ros.org/tf/Errors%20explained
[WARN] [1785296815.257046496] []: TF_OLD_DATA ignoring data from the past for frame front_right_wheel at time 1785296798.492128 according to authority Authority undetectable
Possible reasons are listed at http://wiki.ros.org/tf/Errors%20explained
[WARN] [1785296815.257055200] []: TF_OLD_DATA ignoring data from the past for frame rear_left_wheel at time 1785296798.492128 according to authority Authority undetectable
Possible reasons are listed at http://wiki.ros.org/tf/Errors%20explained
[WARN] [1785296815.257062256] []: TF_OLD_DATA ignoring data from the past for frame rear_right_wheel at time 1785296798.492128 according to authority Authority undetectable
Possible reasons are listed at http://wiki.ros.org/tf/Errors%20explained
[WARN] [1785296815.267048737] []: TF_OLD_DATA ignoring data from the past for frame front_left_wheel at time 1785296798.592104 according to authority Authority undetectable
Possible reasons are listed at http://wiki.ros.org/tf/Errors%20explained
[WARN] [1785296815.267082052] []: TF_OLD_DATA ignoring data from the past for frame front_right_wheel at time 1785296798.592104 according to authority Authority undetectable
Possible reasons are listed at http://wiki.ros.org/tf/Errors%20explained
[WARN] [1785296815.267141738] []: TF_OLD_DATA ignoring data from the past for frame rear_left_wheel at time 1785296798.592104 according to authority Authority undetectable
Possible reasons are listed at http://wiki.ros.org/tf/Errors%20explained
[WARN] [1785296815.267152941] []: TF_OLD_DATA ignoring data from the past for frame rear_right_wheel at time 1785296798.592104 according to authority Authority undetectable
Possible reasons are listed at http://wiki.ros.org/tf/Errors%20explained
[WARN] [1785296815.271180205] []: TF_OLD_DATA ignoring data from the past for frame front_left_wheel at time 1785296798.692111 according to authority Authority undetectable
Possible reasons are listed at http://wiki.ros.org/tf/Errors%20explained
[WARN] [1785296815.271225705] []: TF_OLD_DATA ignoring data from the past for frame front_right_wheel at time 1785296798.692111 according to authority Authority undetectable
Possible reasons are listed at http://wiki.ros.org/tf/Errors%20explained
[WARN] [1785296815.271236112] []: TF_OLD_DATA ignoring data from the past for frame rear_left_wheel at time 1785296798.692111 according to authority Authority undetectable
Possible reasons are listed at http://wiki.ros.org/tf/Errors%20explained
[WARN] [1785296815.271244483] []: TF_OLD_DATA ignoring data from the past for frame rear_right_wheel at time 1785296798.692111 according to authority Authority undetectable
Possible reasons are listed at http://wiki.ros.org/tf/Errors%20explained
[WARN] [1785296815.297375869] []: TF_OLD_DATA ignoring data from the past for frame front_left_wheel at time 1785296798.792085 according to authority Authority undetectable
Possible reasons are listed at http://wiki.ros.org/tf/Errors%20explained
[WARN] [1785296815.297415277] []: TF_OLD_DATA ignoring data from the past for frame front_right_wheel at time 1785296798.792085 according to authority Authority undetectable
Possible reasons are listed at http://wiki.ros.org/tf/Errors%20explained
[WARN] [1785296815.297427444] []: TF_OLD_DATA ignoring data from the past for frame rear_left_wheel at time 1785296798.792085 according to authority Authority undetectable
Possible reasons are listed at http://wiki.ros.org/tf/Errors%20explained
[WARN] [1785296815.297437092] []: TF_OLD_DATA ignoring data from the past for frame rear_right_wheel at time 1785296798.792085 according to authority Authority undetectable
Possible reasons are listed at http://wiki.ros.org/tf/Errors%20explained
[WARN] [1785296815.300797129] []: TF_OLD_DATA ignoring data from the past for frame front_left_wheel at time 1785296798.892111 according to authority Authority undetectable
Possible reasons are listed at http://wiki.ros.org/tf/Errors%20explained
[WARN] [1785296815.300831722] []: TF_OLD_DATA ignoring data from the past for frame front_right_wheel at time 1785296798.892111 according to authority Authority undetectable
Possible reasons are listed at http://wiki.ros.org/tf/Errors%20explained
[WARN] [1785296815.300843629] []: TF_OLD_DATA ignoring data from the past for frame rear_left_wheel at time 1785296798.892111 according to authority Authority undetectable
Possible reasons are listed at http://wiki.ros.org/tf/Errors%20explained
[WARN] [1785296815.300853333] []: TF_OLD_DATA ignoring data from the past for frame rear_right_wheel at time 1785296798.892111 according to authority Authority undetectable
Possible reasons are listed at http://wiki.ros.org/tf/Errors%20explained
[WARN] [1785296815.310489128] []: TF_OLD_DATA ignoring data from the past for frame front_left_wheel at time 1785296798.992073 according to authority Authority undetectable
Possible reasons are listed at http://wiki.ros.org/tf/Errors%20explained
[WARN] [1785296815.310517739] []: TF_OLD_DATA ignoring data from the past for frame front_right_wheel at time 1785296798.992073 according to authority Authority undetectable
Possible reasons are listed at http://wiki.ros.org/tf/Errors%20explained
[WARN] [1785296815.310574850] []: TF_OLD_DATA ignoring data from the past for frame rear_left_wheel at time 1785296798.992073 according to authority Authority undetectable
Possible reasons are listed at http://wiki.ros.org/tf/Errors%20explained
[WARN] [1785296815.310586110] []: TF_OLD_DATA ignoring data from the past for frame rear_right_wheel at time 1785296798.992073 according to authority Authority undetectable
Possible reasons are listed at http://wiki.ros.org/tf/Errors%20explained
[WARN] [1785296815.338678988] []: TF_OLD_DATA ignoring data from the past for frame front_left_wheel at time 1785296799.092046 according to authority Authority undetectable
Possible reasons are listed at http://wiki.ros.org/tf/Errors%20explained
[WARN] [1785296815.338721766] []: TF_OLD_DATA ignoring data from the past for frame front_right_wheel at time 1785296799.092046 according to authority Authority undetectable
Possible reasons are listed at http://wiki.ros.org/tf/Errors%20explained
[WARN] [1785296815.338733822] []: TF_OLD_DATA ignoring data from the past for frame rear_left_wheel at time 1785296799.092046 according to authority Authority undetectable
Possible reasons are listed at http://wiki.ros.org/tf/Errors%20explained
[WARN] [1785296815.338743359] []: TF_OLD_DATA ignoring data from the past for frame rear_right_wheel at time 1785296799.092046 according to authority Authority undetectable
Possible reasons are listed at http://wiki.ros.org/tf/Errors%20explained
[WARN] [1785296815.345010320] []: TF_OLD_DATA ignoring data from the past for frame front_left_wheel at time 1785296799.192090 according to authority Authority undetectable
Possible reasons are listed at http://wiki.ros.org/tf/Errors%20explained
[WARN] [1785296815.345044820] []: TF_OLD_DATA ignoring data from the past for frame front_right_wheel at time 1785296799.192090 according to authority Authority undetectable
Possible reasons are listed at http://wiki.ros.org/tf/Errors%20explained
[WARN] [1785296815.345056820] []: TF_OLD_DATA ignoring data from the past for frame rear_left_wheel at time 1785296799.192090 according to authority Authority undetectable
Possible reasons are listed at http://wiki.ros.org/tf/Errors%20explained
[WARN] [1785296815.345066080] []: TF_OLD_DATA ignoring data from the past for frame rear_right_wheel at time 1785296799.192090 according to authority Authority undetectable
Possible reasons are listed at http://wiki.ros.org/tf/Errors%20explained
[WARN] [1785296815.348692007] []: TF_OLD_DATA ignoring data from the past for frame front_left_wheel at time 1785296799.292221 according to authority Authority undetectable
Possible reasons are listed at http://wiki.ros.org/tf/Errors%20explained
[WARN] [1785296815.348720544] []: TF_OLD_DATA ignoring data from the past for frame front_right_wheel at time 1785296799.292221 according to authority Authority undetectable
Possible reasons are listed at http://wiki.ros.org/tf/Errors%20explained
[WARN] [1785296815.348730007] []: TF_OLD_DATA ignoring data from the past for frame rear_left_wheel at time 1785296799.292221 according to authority Authority undetectable
Possible reasons are listed at http://wiki.ros.org/tf/Errors%20explained
[WARN] [1785296815.348738119] []: TF_OLD_DATA ignoring data from the past for frame rear_right_wheel at time 1785296799.292221 according to authority Authority undetectable
Possible reasons are listed at http://wiki.ros.org/tf/Errors%20explained
[WARN] [1785296817.052420861] []: TF_OLD_DATA ignoring data from the past for frame front_left_wheel at time 1785296799.392101 according to authority Authority undetectable
Possible reasons are listed at http://wiki.ros.org/tf/Errors%20explained
[WARN] [1785296817.052457120] []: TF_OLD_DATA ignoring data from the past for frame front_right_wheel at time 1785296799.392101 according to authority Authority undetectable
Possible reasons are listed at http://wiki.ros.org/tf/Errors%20explained
[WARN] [1785296817.052492732] []: TF_OLD_DATA ignoring data from the past for frame rear_left_wheel at time 1785296799.392101 according to authority Authority undetectable
Possible reasons are listed at http://wiki.ros.org/tf/Errors%20explained
[WARN] [1785296817.052502602] []: TF_OLD_DATA ignoring data from the past for frame rear_right_wheel at time 1785296799.392101 according to authority Authority undetectable
Possible reasons are listed at http://wiki.ros.org/tf/Errors%20explained
[WARN] [1785296817.053012549] []: TF_OLD_DATA ignoring data from the past for frame front_left_wheel at time 1785296799.492035 according to authority Authority undetectable
Possible reasons are listed at http://wiki.ros.org/tf/Errors%20explained
[WARN] [1785296817.053035068] []: TF_OLD_DATA ignoring data from the past for frame front_right_wheel at time 1785296799.492035 according to authority Authority undetectable
Possible reasons are listed at http://wiki.ros.org/tf/Errors%20explained
[WARN] [1785296817.053044642] []: TF_OLD_DATA ignoring data from the past for frame rear_left_wheel at time 1785296799.492035 according to authority Authority undetectable
Possible reasons are listed at http://wiki.ros.org/tf/Errors%20explained
[WARN] [1785296817.053053124] []: TF_OLD_DATA ignoring data from the past for frame rear_right_wheel at time 1785296799.492035 according to authority Authority undetectable
Possible reasons are listed at http://wiki.ros.org/tf/Errors%20explained
[WARN] [1785296817.053605534] []: TF_OLD_DATA ignoring data from the past for frame front_left_wheel at time 1785296799.592116 according to authority Authority undetectable
Possible reasons are listed at http://wiki.ros.org/tf/Errors%20explained
[WARN] [1785296817.053630442] []: TF_OLD_DATA ignoring data from the past for frame front_right_wheel at time 1785296799.592116 according to authority Authority undetectable
Possible reasons are listed at http://wiki.ros.org/tf/Errors%20explained
[WARN] [1785296817.053694516] []: TF_OLD_DATA ignoring data from the past for frame rear_left_wheel at time 1785296799.592116 according to authority Authority undetectable
Possible reasons are listed at http://wiki.ros.org/tf/Errors%20explained
[WARN] [1785296817.053732646] []: TF_OLD_DATA ignoring data from the past for frame rear_right_wheel at time 1785296799.592116 according to authority Authority undetectable
Possible reasons are listed at http://wiki.ros.org/tf/Errors%20explained
[WARN] [1785296817.053788146] []: TF_OLD_DATA ignoring data from the past for frame front_left_wheel at time 1785296799.692104 according to authority Authority undetectable
Possible reasons are listed at http://wiki.ros.org/tf/Errors%20explained
[WARN] [1785296817.053803461] []: TF_OLD_DATA ignoring data from the past for frame front_right_wheel at time 1785296799.692104 according to authority Authority undetectable
Possible reasons are listed at http://wiki.ros.org/tf/Errors%20explained
[WARN] [1785296817.053811850] []: TF_OLD_DATA ignoring data from the past for frame rear_left_wheel at time 1785296799.692104 according to authority Authority undetectable
Possible reasons are listed at http://wiki.ros.org/tf/Errors%20explained
[WARN] [1785296817.053819498] []: TF_OLD_DATA ignoring data from the past for frame rear_right_wheel at time 1785296799.692104 according to authority Authority undetectable
Possible reasons are listed at http://wiki.ros.org/tf/Errors%20explained
[WARN] [1785296817.053979425] []: TF_OLD_DATA ignoring data from the past for frame front_left_wheel at time 1785296799.792090 according to authority Authority undetectable
Possible reasons are listed at http://wiki.ros.org/tf/Errors%20explained
[WARN] [1785296817.054056648] []: TF_OLD_DATA ignoring data from the past for frame front_right_wheel at time 1785296799.792090 according to authority Authority undetectable
Possible reasons are listed at http://wiki.ros.org/tf/Errors%20explained
[WARN] [1785296817.054069907] []: TF_OLD_DATA ignoring data from the past for frame rear_left_wheel at time 1785296799.792090 according to authority Authority undetectable
Possible reasons are listed at http://wiki.ros.org/tf/Errors%20explained
[WARN] [1785296817.054078314] []: TF_OLD_DATA ignoring data from the past for frame rear_right_wheel at time 1785296799.792090 according to authority Authority undetectable
Possible reasons are listed at http://wiki.ros.org/tf/Errors%20explained
[WARN] [1785296817.057308147] []: TF_OLD_DATA ignoring data from the past for frame front_left_wheel at time 1785296799.892043 according to authority Authority undetectable
Possible reasons are listed at http://wiki.ros.org/tf/Errors%20explained
[WARN] [1785296817.057346444] []: TF_OLD_DATA ignoring data from the past for frame front_right_wheel at time 1785296799.892043 according to authority Authority undetectable
Possible reasons are listed at http://wiki.ros.org/tf/Errors%20explained
[WARN] [1785296817.057358203] []: TF_OLD_DATA ignoring data from the past for frame rear_left_wheel at time 1785296799.892043 according to authority Authority undetectable
Possible reasons are listed at http://wiki.ros.org/tf/Errors%20explained
[WARN] [1785296817.057367036] []: TF_OLD_DATA ignoring data from the past for frame rear_right_wheel at time 1785296799.892043 according to authority Authority undetectable
Possible reasons are listed at http://wiki.ros.org/tf/Errors%20explained
[WARN] [1785296817.086596237] []: TF_OLD_DATA ignoring data from the past for frame front_left_wheel at time 1785296799.992067 according to authority Authority undetectable
Possible reasons are listed at http://wiki.ros.org/tf/Errors%20explained
[WARN] [1785296817.086634940] []: TF_OLD_DATA ignoring data from the past for frame front_right_wheel at time 1785296799.992067 according to authority Authority undetectable
Possible reasons are listed at http://wiki.ros.org/tf/Errors%20explained
[WARN] [1785296817.086646811] []: TF_OLD_DATA ignoring data from the past for frame rear_left_wheel at time 1785296799.992067 according to authority Authority undetectable
Possible reasons are listed at http://wiki.ros.org/tf/Errors%20explained
[WARN] [1785296817.086656218] []: TF_OLD_DATA ignoring data from the past for frame rear_right_wheel at time 1785296799.992067 according to authority Authority undetectable
Possible reasons are listed at http://wiki.ros.org/tf/Errors%20explained
[WARN] [1785296817.089245011] []: TF_OLD_DATA ignoring data from the past for frame front_left_wheel at time 1785296800.092108 according to authority Authority undetectable
Possible reasons are listed at http://wiki.ros.org/tf/Errors%20explained
[WARN] [1785296817.089292696] []: TF_OLD_DATA ignoring data from the past for frame front_right_wheel at time 1785296800.092108 according to authority Authority undetectable
Possible reasons are listed at http://wiki.ros.org/tf/Errors%20explained
[WARN] [1785296817.089304344] []: TF_OLD_DATA ignoring data from the past for frame rear_left_wheel at time 1785296800.092108 according to authority Authority undetectable
Possible reasons are listed at http://wiki.ros.org/tf/Errors%20explained
[WARN] [1785296817.089314178] []: TF_OLD_DATA ignoring data from the past for frame rear_right_wheel at time 1785296800.092108 according to authority Authority undetectable
Possible reasons are listed at http://wiki.ros.org/tf/Errors%20explained
[WARN] [1785296817.162618457] []: TF_OLD_DATA ignoring data from the past for frame front_left_wheel at time 1785296800.192175 according to authority Authority undetectable
Possible reasons are listed at http://wiki.ros.org/tf/Errors%20explained
[WARN] [1785296817.162665346] []: TF_OLD_DATA ignoring data from the past for frame front_right_wheel at time 1785296800.192175 according to authority Authority undetectable
Possible reasons are listed at http://wiki.ros.org/tf/Errors%20explained
[WARN] [1785296817.162734087] []: TF_OLD_DATA ignoring data from the past for frame rear_left_wheel at time 1785296800.192175 according to authority Authority undetectable
Possible reasons are listed at http://wiki.ros.org/tf/Errors%20explained
[WARN] [1785296817.162746161] []: TF_OLD_DATA ignoring data from the past for frame rear_right_wheel at time 1785296800.192175 according to authority Authority undetectable
Possible reasons are listed at http://wiki.ros.org/tf/Errors%20explained
[WARN] [1785296819.832173326] []: TF_OLD_DATA ignoring data from the past for frame front_left_wheel at time 1785296800.492102 according to authority Authority undetectable
Possible reasons are listed at http://wiki.ros.org/tf/Errors%20explained
[WARN] [1785296819.832227234] []: TF_OLD_DATA ignoring data from the past for frame front_right_wheel at time 1785296800.492102 according to authority Authority undetectable
Possible reasons are listed at http://wiki.ros.org/tf/Errors%20explained
[WARN] [1785296819.832238734] []: TF_OLD_DATA ignoring data from the past for frame rear_left_wheel at time 1785296800.492102 according to authority Authority undetectable
Possible reasons are listed at http://wiki.ros.org/tf/Errors%20explained
[WARN] [1785296819.832248216] []: TF_OLD_DATA ignoring data from the past for frame rear_right_wheel at time 1785296800.492102 according to authority Authority undetectable
Possible reasons are listed at http://wiki.ros.org/tf/Errors%20explained
[WARN] [1785296819.834897601] []: TF_OLD_DATA ignoring data from the past for frame front_left_wheel at time 1785296800.592067 according to authority Authority undetectable
Possible reasons are listed at http://wiki.ros.org/tf/Errors%20explained
[WARN] [1785296819.834935416] []: TF_OLD_DATA ignoring data from the past for frame front_right_wheel at time 1785296800.592067 according to authority Authority undetectable
Possible reasons are listed at http://wiki.ros.org/tf/Errors%20explained
[WARN] [1785296819.834948916] []: TF_OLD_DATA ignoring data from the past for frame rear_left_wheel at time 1785296800.592067 according to authority Authority undetectable
Possible reasons are listed at http://wiki.ros.org/tf/Errors%20explained
[WARN] [1785296819.834959101] []: TF_OLD_DATA ignoring data from the past for frame rear_right_wheel at time 1785296800.592067 according to authority Authority undetectable
Possible reasons are listed at http://wiki.ros.org/tf/Errors%20explained
[WARN] [1785296819.840950912] []: TF_OLD_DATA ignoring data from the past for frame front_left_wheel at time 1785296800.692117 according to authority Authority undetectable
Possible reasons are listed at http://wiki.ros.org/tf/Errors%20explained
[WARN] [1785296819.840983394] []: TF_OLD_DATA ignoring data from the past for frame front_right_wheel at time 1785296800.692117 according to authority Authority undetectable
Possible reasons are listed at http://wiki.ros.org/tf/Errors%20explained
[WARN] [1785296819.840993616] []: TF_OLD_DATA ignoring data from the past for frame rear_left_wheel at time 1785296800.692117 according to authority Authority undetectable
Possible reasons are listed at http://wiki.ros.org/tf/Errors%20explained
[WARN] [1785296819.841001487] []: TF_OLD_DATA ignoring data from the past for frame rear_right_wheel at time 1785296800.692117 according to authority Authority undetectable
Possible reasons are listed at http://wiki.ros.org/tf/Errors%20explained
[WARN] [1785296819.843759780] []: TF_OLD_DATA ignoring data from the past for frame front_left_wheel at time 1785296800.792107 according to authority Authority undetectable
Possible reasons are listed at http://wiki.ros.org/tf/Errors%20explained
[WARN] [1785296819.843794539] []: TF_OLD_DATA ignoring data from the past for frame front_right_wheel at time 1785296800.792107 according to authority Authority undetectable
Possible reasons are listed at http://wiki.ros.org/tf/Errors%20explained
[WARN] [1785296819.843849984] []: TF_OLD_DATA ignoring data from the past for frame rear_left_wheel at time 1785296800.792107 according to authority Authority undetectable
Possible reasons are listed at http://wiki.ros.org/tf/Errors%20explained
[WARN] [1785296819.843861336] []: TF_OLD_DATA ignoring data from the past for frame rear_right_wheel at time 1785296800.792107 according to authority Authority undetectable
Possible reasons are listed at http://wiki.ros.org/tf/Errors%20explained
[WARN] [1785296819.848306138] []: TF_OLD_DATA ignoring data from the past for frame front_left_wheel at time 1785296800.892086 according to authority Authority undetectable
Possible reasons are listed at http://wiki.ros.org/tf/Errors%20explained
[WARN] [1785296819.848337509] []: TF_OLD_DATA ignoring data from the past for frame front_right_wheel at time 1785296800.892086 according to authority Authority undetectable
Possible reasons are listed at http://wiki.ros.org/tf/Errors%20explained
[WARN] [1785296819.848351731] []: TF_OLD_DATA ignoring data from the past for frame rear_left_wheel at time 1785296800.892086 according to authority Authority undetectable
Possible reasons are listed at http://wiki.ros.org/tf/Errors%20explained
[WARN] [1785296819.848360361] []: TF_OLD_DATA ignoring data from the past for frame rear_right_wheel at time 1785296800.892086 according to authority Authority undetectable
Possible reasons are listed at http://wiki.ros.org/tf/Errors%20explained
[WARN] [1785296819.851749528] []: TF_OLD_DATA ignoring data from the past for frame front_left_wheel at time 1785296800.992087 according to authority Authority undetectable
Possible reasons are listed at http://wiki.ros.org/tf/Errors%20explained
[WARN] [1785296819.851779176] []: TF_OLD_DATA ignoring data from the past for frame front_right_wheel at time 1785296800.992087 according to authority Authority undetectable
Possible reasons are listed at http://wiki.ros.org/tf/Errors%20explained
[WARN] [1785296819.851789213] []: TF_OLD_DATA ignoring data from the past for frame rear_left_wheel at time 1785296800.992087 according to authority Authority undetectable
Possible reasons are listed at http://wiki.ros.org/tf/Errors%20explained
[WARN] [1785296819.851797047] []: TF_OLD_DATA ignoring data from the past for frame rear_right_wheel at time 1785296800.992087 according to authority Authority undetectable
Possible reasons are listed at http://wiki.ros.org/tf/Errors%20explained
[WARN] [1785296819.854550914] []: TF_OLD_DATA ignoring data from the past for frame front_left_wheel at time 1785296801.092113 according to authority Authority undetectable
Possible reasons are listed at http://wiki.ros.org/tf/Errors%20explained
[WARN] [1785296819.854584211] []: TF_OLD_DATA ignoring data from the past for frame front_right_wheel at time 1785296801.092113 according to authority Authority undetectable
Possible reasons are listed at http://wiki.ros.org/tf/Errors%20explained
[WARN] [1785296819.854594470] []: TF_OLD_DATA ignoring data from the past for frame rear_left_wheel at time 1785296801.092113 according to authority Authority undetectable
Possible reasons are listed at http://wiki.ros.org/tf/Errors%20explained
[WARN] [1785296819.854602451] []: TF_OLD_DATA ignoring data from the past for frame rear_right_wheel at time 1785296801.092113 according to authority Authority undetectable
Possible reasons are listed at http://wiki.ros.org/tf/Errors%20explained
[WARN] [1785296819.857928507] []: TF_OLD_DATA ignoring data from the past for frame front_left_wheel at time 1785296801.192077 according to authority Authority undetectable
Possible reasons are listed at http://wiki.ros.org/tf/Errors%20explained
[WARN] [1785296819.857959692] []: TF_OLD_DATA ignoring data from the past for frame front_right_wheel at time 1785296801.192077 according to authority Authority undetectable
Possible reasons are listed at http://wiki.ros.org/tf/Errors%20explained
[WARN] [1785296819.857969618] []: TF_OLD_DATA ignoring data from the past for frame rear_left_wheel at time 1785296801.192077 according to authority Authority undetectable
Possible reasons are listed at http://wiki.ros.org/tf/Errors%20explained
[WARN] [1785296819.858024045] []: TF_OLD_DATA ignoring data from the past for frame rear_right_wheel at time 1785296801.192077 according to authority Authority undetectable
Possible reasons are listed at http://wiki.ros.org/tf/Errors%20explained
[WARN] [1785296819.861409545] []: TF_OLD_DATA ignoring data from the past for frame front_left_wheel at time 1785296801.292043 according to authority Authority undetectable
Possible reasons are listed at http://wiki.ros.org/tf/Errors%20explained
[WARN] [1785296819.861443804] []: TF_OLD_DATA ignoring data from the past for frame front_right_wheel at time 1785296801.292043 according to authority Authority undetectable
Possible reasons are listed at http://wiki.ros.org/tf/Errors%20explained
[WARN] [1785296819.861453175] []: TF_OLD_DATA ignoring data from the past for frame rear_left_wheel at time 1785296801.292043 according to authority Authority undetectable
Possible reasons are listed at http://wiki.ros.org/tf/Errors%20explained
[WARN] [1785296819.861460934] []: TF_OLD_DATA ignoring data from the past for frame rear_right_wheel at time 1785296801.292043 according to authority Authority undetectable
Possible reasons are listed at http://wiki.ros.org/tf/Errors%20explained
[WARN] [1785296819.869749703] []: TF_OLD_DATA ignoring data from the past for frame front_left_wheel at time 1785296801.392094 according to authority Authority undetectable
Possible reasons are listed at http://wiki.ros.org/tf/Errors%20explained
[WARN] [1785296819.869781092] []: TF_OLD_DATA ignoring data from the past for frame front_right_wheel at time 1785296801.392094 according to authority Authority undetectable
Possible reasons are listed at http://wiki.ros.org/tf/Errors%20explained
[WARN] [1785296819.869790777] []: TF_OLD_DATA ignoring data from the past for frame rear_left_wheel at time 1785296801.392094 according to authority Authority undetectable
Possible reasons are listed at http://wiki.ros.org/tf/Errors%20explained
[WARN] [1785296819.869798814] []: TF_OLD_DATA ignoring data from the past for frame rear_right_wheel at time 1785296801.392094 according to authority Authority undetectable
Possible reasons are listed at http://wiki.ros.org/tf/Errors%20explained
[WARN] [1785296819.872411162] []: TF_OLD_DATA ignoring data from the past for frame front_left_wheel at time 1785296801.492092 according to authority Authority undetectable
Possible reasons are listed at http://wiki.ros.org/tf/Errors%20explained
[WARN] [1785296819.872437440] []: TF_OLD_DATA ignoring data from the past for frame front_right_wheel at time 1785296801.492092 according to authority Authority undetectable
Possible reasons are listed at http://wiki.ros.org/tf/Errors%20explained
[WARN] [1785296819.872447255] []: TF_OLD_DATA ignoring data from the past for frame rear_left_wheel at time 1785296801.492092 according to authority Authority undetectable
Possible reasons are listed at http://wiki.ros.org/tf/Errors%20explained
[WARN] [1785296819.872454995] []: TF_OLD_DATA ignoring data from the past for frame rear_right_wheel at time 1785296801.492092 according to authority Authority undetectable
Possible reasons are listed at http://wiki.ros.org/tf/Errors%20explained
[WARN] [1785296819.876118553] []: TF_OLD_DATA ignoring data from the past for frame front_left_wheel at time 1785296801.592074 according to authority Authority undetectable
Possible reasons are listed at http://wiki.ros.org/tf/Errors%20explained
[WARN] [1785296819.876148146] []: TF_OLD_DATA ignoring data from the past for frame front_right_wheel at time 1785296801.592074 according to authority Authority undetectable
Possible reasons are listed at http://wiki.ros.org/tf/Errors%20explained
[WARN] [1785296819.876157923] []: TF_OLD_DATA ignoring data from the past for frame rear_left_wheel at time 1785296801.592074 according to authority Authority undetectable
Possible reasons are listed at http://wiki.ros.org/tf/Errors%20explained
[WARN] [1785296819.876165405] []: TF_OLD_DATA ignoring data from the past for frame rear_right_wheel at time 1785296801.592074 according to authority Authority undetectable
Possible reasons are listed at http://wiki.ros.org/tf/Errors%20explained
[WARN] [1785296819.878772457] []: TF_OLD_DATA ignoring data from the past for frame front_left_wheel at time 1785296801.692084 according to authority Authority undetectable
Possible reasons are listed at http://wiki.ros.org/tf/Errors%20explained
[WARN] [1785296819.878800383] []: TF_OLD_DATA ignoring data from the past for frame front_right_wheel at time 1785296801.692084 according to authority Authority undetectable
Possible reasons are listed at http://wiki.ros.org/tf/Errors%20explained
[WARN] [1785296819.878810160] []: TF_OLD_DATA ignoring data from the past for frame rear_left_wheel at time 1785296801.692084 according to authority Authority undetectable
Possible reasons are listed at http://wiki.ros.org/tf/Errors%20explained
[WARN] [1785296819.878817938] []: TF_OLD_DATA ignoring data from the past for frame rear_right_wheel at time 1785296801.692084 according to authority Authority undetectable
Possible reasons are listed at http://wiki.ros.org/tf/Errors%20explained
[WARN] [1785296819.884686267] []: TF_OLD_DATA ignoring data from the past for frame front_left_wheel at time 1785296801.792070 according to authority Authority undetectable
Possible reasons are listed at http://wiki.ros.org/tf/Errors%20explained
[WARN] [1785296819.884717508] []: TF_OLD_DATA ignoring data from the past for frame front_right_wheel at time 1785296801.792070 according to authority Authority undetectable
Possible reasons are listed at http://wiki.ros.org/tf/Errors%20explained
[WARN] [1785296819.884727564] []: TF_OLD_DATA ignoring data from the past for frame rear_left_wheel at time 1785296801.792070 according to authority Authority undetectable
Possible reasons are listed at http://wiki.ros.org/tf/Errors%20explained
[WARN] [1785296819.884735268] []: TF_OLD_DATA ignoring data from the past for frame rear_right_wheel at time 1785296801.792070 according to authority Authority undetectable
Possible reasons are listed at http://wiki.ros.org/tf/Errors%20explained
[WARN] [1785296819.888233157] []: TF_OLD_DATA ignoring data from the past for frame front_left_wheel at time 1785296801.892080 according to authority Authority undetectable
Possible reasons are listed at http://wiki.ros.org/tf/Errors%20explained
[WARN] [1785296819.888267398] []: TF_OLD_DATA ignoring data from the past for frame front_right_wheel at time 1785296801.892080 according to authority Authority undetectable
Possible reasons are listed at http://wiki.ros.org/tf/Errors%20explained
[WARN] [1785296819.888277658] []: TF_OLD_DATA ignoring data from the past for frame rear_left_wheel at time 1785296801.892080 according to authority Authority undetectable
Possible reasons are listed at http://wiki.ros.org/tf/Errors%20explained
[WARN] [1785296819.888285750] []: TF_OLD_DATA ignoring data from the past for frame rear_right_wheel at time 1785296801.892080 according to authority Authority undetectable
Possible reasons are listed at http://wiki.ros.org/tf/Errors%20explained
[WARN] [1785296819.890927339] []: TF_OLD_DATA ignoring data from the past for frame front_left_wheel at time 1785296801.992153 according to authority Authority undetectable
Possible reasons are listed at http://wiki.ros.org/tf/Errors%20explained
[WARN] [1785296819.890962599] []: TF_OLD_DATA ignoring data from the past for frame front_right_wheel at time 1785296801.992153 according to authority Authority undetectable
Possible reasons are listed at http://wiki.ros.org/tf/Errors%20explained
[WARN] [1785296819.890972451] []: TF_OLD_DATA ignoring data from the past for frame rear_left_wheel at time 1785296801.992153 according to authority Authority undetectable
Possible reasons are listed at http://wiki.ros.org/tf/Errors%20explained
[WARN] [1785296819.890980228] []: TF_OLD_DATA ignoring data from the past for frame rear_right_wheel at time 1785296801.992153 according to authority Authority undetectable
Possible reasons are listed at http://wiki.ros.org/tf/Errors%20explained
[WARN] [1785296819.899493628] []: TF_OLD_DATA ignoring data from the past for frame front_left_wheel at time 1785296802.092090 according to authority Authority undetectable
Possible reasons are listed at http://wiki.ros.org/tf/Errors%20explained
[WARN] [1785296819.899527980] []: TF_OLD_DATA ignoring data from the past for frame front_right_wheel at time 1785296802.092090 according to authority Authority undetectable
Possible reasons are listed at http://wiki.ros.org/tf/Errors%20explained
[WARN] [1785296819.899537906] []: TF_OLD_DATA ignoring data from the past for frame rear_left_wheel at time 1785296802.092090 according to authority Authority undetectable
Possible reasons are listed at http://wiki.ros.org/tf/Errors%20explained
[WARN] [1785296819.899545887] []: TF_OLD_DATA ignoring data from the past for frame rear_right_wheel at time 1785296802.092090 according to authority Authority undetectable
Possible reasons are listed at http://wiki.ros.org/tf/Errors%20explained
[WARN] [1785296819.901967290] []: TF_OLD_DATA ignoring data from the past for frame front_left_wheel at time 1785296802.192093 according to authority Authority undetectable
Possible reasons are listed at http://wiki.ros.org/tf/Errors%20explained
[WARN] [1785296819.901997160] []: TF_OLD_DATA ignoring data from the past for frame front_right_wheel at time 1785296802.192093 according to authority Authority undetectable
Possible reasons are listed at http://wiki.ros.org/tf/Errors%20explained
[WARN] [1785296819.902006642] []: TF_OLD_DATA ignoring data from the past for frame rear_left_wheel at time 1785296802.192093 according to authority Authority undetectable
Possible reasons are listed at http://wiki.ros.org/tf/Errors%20explained
[WARN] [1785296819.902014105] []: TF_OLD_DATA ignoring data from the past for frame rear_right_wheel at time 1785296802.192093 according to authority Authority undetectable
Possible reasons are listed at http://wiki.ros.org/tf/Errors%20explained
[WARN] [1785296819.907642266] []: TF_OLD_DATA ignoring data from the past for frame front_left_wheel at time 1785296802.292093 according to authority Authority undetectable
Possible reasons are listed at http://wiki.ros.org/tf/Errors%20explained
[WARN] [1785296819.907674358] []: TF_OLD_DATA ignoring data from the past for frame front_right_wheel at time 1785296802.292093 according to authority Authority undetectable
Possible reasons are listed at http://wiki.ros.org/tf/Errors%20explained
[WARN] [1785296819.907684247] []: TF_OLD_DATA ignoring data from the past for frame rear_left_wheel at time 1785296802.292093 according to authority Authority undetectable
Possible reasons are listed at http://wiki.ros.org/tf/Errors%20explained
[WARN] [1785296819.907692229] []: TF_OLD_DATA ignoring data from the past for frame rear_right_wheel at time 1785296802.292093 according to authority Authority undetectable
Possible reasons are listed at http://wiki.ros.org/tf/Errors%20explained
[WARN] [1785296819.910323632] []: TF_OLD_DATA ignoring data from the past for frame front_left_wheel at time 1785296802.392047 according to authority Authority undetectable
Possible reasons are listed at http://wiki.ros.org/tf/Errors%20explained
[WARN] [1785296819.910355003] []: TF_OLD_DATA ignoring data from the past for frame front_right_wheel at time 1785296802.392047 according to authority Authority undetectable
Possible reasons are listed at http://wiki.ros.org/tf/Errors%20explained
[WARN] [1785296819.910366818] []: TF_OLD_DATA ignoring data from the past for frame rear_left_wheel at time 1785296802.392047 according to authority Authority undetectable
Possible reasons are listed at http://wiki.ros.org/tf/Errors%20explained
[WARN] [1785296819.910383151] []: TF_OLD_DATA ignoring data from the past for frame rear_right_wheel at time 1785296802.392047 according to authority Authority undetectable
Possible reasons are listed at http://wiki.ros.org/tf/Errors%20explained
[WARN] [1785296819.919566591] []: TF_OLD_DATA ignoring data from the past for frame front_left_wheel at time 1785296802.492089 according to authority Authority undetectable
Possible reasons are listed at http://wiki.ros.org/tf/Errors%20explained
[WARN] [1785296819.919649573] []: TF_OLD_DATA ignoring data from the past for frame front_right_wheel at time 1785296802.492089 according to authority Authority undetectable
Possible reasons are listed at http://wiki.ros.org/tf/Errors%20explained
[WARN] [1785296819.919662740] []: TF_OLD_DATA ignoring data from the past for frame rear_left_wheel at time 1785296802.492089 according to authority Authority undetectable
Possible reasons are listed at http://wiki.ros.org/tf/Errors%20explained
[WARN] [1785296819.919671685] []: TF_OLD_DATA ignoring data from the past for frame rear_right_wheel at time 1785296802.492089 according to authority Authority undetectable
Possible reasons are listed at http://wiki.ros.org/tf/Errors%20explained
[WARN] [1785296819.922223125] []: TF_OLD_DATA ignoring data from the past for frame front_left_wheel at time 1785296802.592079 according to authority Authority undetectable
Possible reasons are listed at http://wiki.ros.org/tf/Errors%20explained
[WARN] [1785296819.922249810] []: TF_OLD_DATA ignoring data from the past for frame front_right_wheel at time 1785296802.592079 according to authority Authority undetectable
Possible reasons are listed at http://wiki.ros.org/tf/Errors%20explained
[WARN] [1785296819.922259625] []: TF_OLD_DATA ignoring data from the past for frame rear_left_wheel at time 1785296802.592079 according to authority Authority undetectable
Possible reasons are listed at http://wiki.ros.org/tf/Errors%20explained
[WARN] [1785296819.922268051] []: TF_OLD_DATA ignoring data from the past for frame rear_right_wheel at time 1785296802.592079 according to authority Authority undetectable
Possible reasons are listed at http://wiki.ros.org/tf/Errors%20explained
[WARN] [1785296819.944893122] []: TF_OLD_DATA ignoring data from the past for frame front_left_wheel at time 1785296802.692093 according to authority Authority undetectable
Possible reasons are listed at http://wiki.ros.org/tf/Errors%20explained
[WARN] [1785296819.944931807] []: TF_OLD_DATA ignoring data from the past for frame front_right_wheel at time 1785296802.692093 according to authority Authority undetectable
Possible reasons are listed at http://wiki.ros.org/tf/Errors%20explained
[WARN] [1785296819.944943122] []: TF_OLD_DATA ignoring data from the past for frame rear_left_wheel at time 1785296802.692093 according to authority Authority undetectable
Possible reasons are listed at http://wiki.ros.org/tf/Errors%20explained
[WARN] [1785296819.944952455] []: TF_OLD_DATA ignoring data from the past for frame rear_right_wheel at time 1785296802.692093 according to authority Authority undetectable
Possible reasons are listed at http://wiki.ros.org/tf/Errors%20explained
[WARN] [1785296819.947544970] []: TF_OLD_DATA ignoring data from the past for frame front_left_wheel at time 1785296802.792044 according to authority Authority undetectable
Possible reasons are listed at http://wiki.ros.org/tf/Errors%20explained
[WARN] [1785296819.947589007] []: TF_OLD_DATA ignoring data from the past for frame front_right_wheel at time 1785296802.792044 according to authority Authority undetectable
Possible reasons are listed at http://wiki.ros.org/tf/Errors%20explained
[WARN] [1785296819.947601285] []: TF_OLD_DATA ignoring data from the past for frame rear_left_wheel at time 1785296802.792044 according to authority Authority undetectable
Possible reasons are listed at http://wiki.ros.org/tf/Errors%20explained
[WARN] [1785296819.947611396] []: TF_OLD_DATA ignoring data from the past for frame rear_right_wheel at time 1785296802.792044 according to authority Authority undetectable
Possible reasons are listed at http://wiki.ros.org/tf/Errors%20explained
[WARN] [1785296819.952248033] []: TF_OLD_DATA ignoring data from the past for frame front_left_wheel at time 1785296802.892059 according to authority Authority undetectable
Possible reasons are listed at http://wiki.ros.org/tf/Errors%20explained
[WARN] [1785296819.952282181] []: TF_OLD_DATA ignoring data from the past for frame front_right_wheel at time 1785296802.892059 according to authority Authority undetectable
Possible reasons are listed at http://wiki.ros.org/tf/Errors%20explained
[WARN] [1785296819.952355719] []: TF_OLD_DATA ignoring data from the past for frame rear_left_wheel at time 1785296802.892059 according to authority Authority undetectable
Possible reasons are listed at http://wiki.ros.org/tf/Errors%20explained
[WARN] [1785296819.952368163] []: TF_OLD_DATA ignoring data from the past for frame rear_right_wheel at time 1785296802.892059 according to authority Authority undetectable
Possible reasons are listed at http://wiki.ros.org/tf/Errors%20explained
[WARN] [1785296819.955821090] []: TF_OLD_DATA ignoring data from the past for frame front_left_wheel at time 1785296802.992272 according to authority Authority undetectable
Possible reasons are listed at http://wiki.ros.org/tf/Errors%20explained
[WARN] [1785296819.955860294] []: TF_OLD_DATA ignoring data from the past for frame front_right_wheel at time 1785296802.992272 according to authority Authority undetectable
Possible reasons are listed at http://wiki.ros.org/tf/Errors%20explained
[WARN] [1785296819.955870924] []: TF_OLD_DATA ignoring data from the past for frame rear_left_wheel at time 1785296802.992272 according to authority Authority undetectable
Possible reasons are listed at http://wiki.ros.org/tf/Errors%20explained
[WARN] [1785296819.955880442] []: TF_OLD_DATA ignoring data from the past for frame rear_right_wheel at time 1785296802.992272 according to authority Authority undetectable
Possible reasons are listed at http://wiki.ros.org/tf/Errors%20explained
[WARN] [1785296819.958508512] []: TF_OLD_DATA ignoring data from the past for frame front_left_wheel at time 1785296803.092105 according to authority Authority undetectable
Possible reasons are listed at http://wiki.ros.org/tf/Errors%20explained
[WARN] [1785296819.958539790] []: TF_OLD_DATA ignoring data from the past for frame front_right_wheel at time 1785296803.092105 according to authority Authority undetectable
Possible reasons are listed at http://wiki.ros.org/tf/Errors%20explained
[WARN] [1785296819.958550013] []: TF_OLD_DATA ignoring data from the past for frame rear_left_wheel at time 1785296803.092105 according to authority Authority undetectable
Possible reasons are listed at http://wiki.ros.org/tf/Errors%20explained
[WARN] [1785296819.958558716] []: TF_OLD_DATA ignoring data from the past for frame rear_right_wheel at time 1785296803.092105 according to authority Authority undetectable
Possible reasons are listed at http://wiki.ros.org/tf/Errors%20explained
[WARN] [1785296819.973720079] []: TF_OLD_DATA ignoring data from the past for frame front_left_wheel at time 1785296803.192083 according to authority Authority undetectable
Possible reasons are listed at http://wiki.ros.org/tf/Errors%20explained
[WARN] [1785296819.973761320] []: TF_OLD_DATA ignoring data from the past for frame front_right_wheel at time 1785296803.192083 according to authority Authority undetectable
Possible reasons are listed at http://wiki.ros.org/tf/Errors%20explained
[WARN] [1785296819.973771912] []: TF_OLD_DATA ignoring data from the past for frame rear_left_wheel at time 1785296803.192083 according to authority Authority undetectable
Possible reasons are listed at http://wiki.ros.org/tf/Errors%20explained
[WARN] [1785296819.973780320] []: TF_OLD_DATA ignoring data from the past for frame rear_right_wheel at time 1785296803.192083 according to authority Authority undetectable
Possible reasons are listed at http://wiki.ros.org/tf/Errors%20explained
[WARN] [1785296819.976523576] []: TF_OLD_DATA ignoring data from the past for frame front_left_wheel at time 1785296803.292381 according to authority Authority undetectable
Possible reasons are listed at http://wiki.ros.org/tf/Errors%20explained
[WARN] [1785296819.976556094] []: TF_OLD_DATA ignoring data from the past for frame front_right_wheel at time 1785296803.292381 according to authority Authority undetectable
Possible reasons are listed at http://wiki.ros.org/tf/Errors%20explained
[WARN] [1785296819.976615910] []: TF_OLD_DATA ignoring data from the past for frame rear_left_wheel at time 1785296803.292381 according to authority Authority undetectable
Possible reasons are listed at http://wiki.ros.org/tf/Errors%20explained
[WARN] [1785296819.976627095] []: TF_OLD_DATA ignoring data from the past for frame rear_right_wheel at time 1785296803.292381 according to authority Authority undetectable
Possible reasons are listed at http://wiki.ros.org/tf/Errors%20explained
[WARN] [1785296819.979969965] []: TF_OLD_DATA ignoring data from the past for frame front_left_wheel at time 1785296803.392078 according to authority Authority undetectable
Possible reasons are listed at http://wiki.ros.org/tf/Errors%20explained
[WARN] [1785296819.980004058] []: TF_OLD_DATA ignoring data from the past for frame front_right_wheel at time 1785296803.392078 according to authority Authority undetectable
Possible reasons are listed at http://wiki.ros.org/tf/Errors%20explained
[WARN] [1785296819.980015558] []: TF_OLD_DATA ignoring data from the past for frame rear_left_wheel at time 1785296803.392078 according to authority Authority undetectable
Possible reasons are listed at http://wiki.ros.org/tf/Errors%20explained
[WARN] [1785296819.980024780] []: TF_OLD_DATA ignoring data from the past for frame rear_right_wheel at time 1785296803.392078 according to authority Authority undetectable
Possible reasons are listed at http://wiki.ros.org/tf/Errors%20explained
[WARN] [1785296819.982709258] []: TF_OLD_DATA ignoring data from the past for frame front_left_wheel at time 1785296803.492383 according to authority Authority undetectable
Possible reasons are listed at http://wiki.ros.org/tf/Errors%20explained
[WARN] [1785296819.982741925] []: TF_OLD_DATA ignoring data from the past for frame front_right_wheel at time 1785296803.492383 according to authority Authority undetectable
Possible reasons are listed at http://wiki.ros.org/tf/Errors%20explained
[WARN] [1785296819.982752870] []: TF_OLD_DATA ignoring data from the past for frame rear_left_wheel at time 1785296803.492383 according to authority Authority undetectable
Possible reasons are listed at http://wiki.ros.org/tf/Errors%20explained
[WARN] [1785296819.982762129] []: TF_OLD_DATA ignoring data from the past for frame rear_right_wheel at time 1785296803.492383 according to authority Authority undetectable
Possible reasons are listed at http://wiki.ros.org/tf/Errors%20explained
[WARN] [1785296819.988471679] []: TF_OLD_DATA ignoring data from the past for frame front_left_wheel at time 1785296803.592261 according to authority Authority undetectable
Possible reasons are listed at http://wiki.ros.org/tf/Errors%20explained
[WARN] [1785296819.988510846] []: TF_OLD_DATA ignoring data from the past for frame front_right_wheel at time 1785296803.592261 according to authority Authority undetectable
Possible reasons are listed at http://wiki.ros.org/tf/Errors%20explained
[WARN] [1785296819.988522124] []: TF_OLD_DATA ignoring data from the past for frame rear_left_wheel at time 1785296803.592261 according to authority Authority undetectable
Possible reasons are listed at http://wiki.ros.org/tf/Errors%20explained
[WARN] [1785296819.988530958] []: TF_OLD_DATA ignoring data from the past for frame rear_right_wheel at time 1785296803.592261 according to authority Authority undetectable
Possible reasons are listed at http://wiki.ros.org/tf/Errors%20explained
[WARN] [1785296819.991997681] []: TF_OLD_DATA ignoring data from the past for frame front_left_wheel at time 1785296803.692083 according to authority Authority undetectable
Possible reasons are listed at http://wiki.ros.org/tf/Errors%20explained
[WARN] [1785296819.992033884] []: TF_OLD_DATA ignoring data from the past for frame front_right_wheel at time 1785296803.692083 according to authority Authority undetectable
Possible reasons are listed at http://wiki.ros.org/tf/Errors%20explained
[WARN] [1785296819.992044829] []: TF_OLD_DATA ignoring data from the past for frame rear_left_wheel at time 1785296803.692083 according to authority Authority undetectable
Possible reasons are listed at http://wiki.ros.org/tf/Errors%20explained
[WARN] [1785296819.992103866] []: TF_OLD_DATA ignoring data from the past for frame rear_right_wheel at time 1785296803.692083 according to authority Authority undetectable
Possible reasons are listed at http://wiki.ros.org/tf/Errors%20explained
[WARN] [1785296819.994828085] []: TF_OLD_DATA ignoring data from the past for frame front_left_wheel at time 1785296803.792105 according to authority Authority undetectable
Possible reasons are listed at http://wiki.ros.org/tf/Errors%20explained
[WARN] [1785296819.994863345] []: TF_OLD_DATA ignoring data from the past for frame front_right_wheel at time 1785296803.792105 according to authority Authority undetectable
Possible reasons are listed at http://wiki.ros.org/tf/Errors%20explained
[WARN] [1785296819.994874345] []: TF_OLD_DATA ignoring data from the past for frame rear_left_wheel at time 1785296803.792105 according to authority Authority undetectable
Possible reasons are listed at http://wiki.ros.org/tf/Errors%20explained
[WARN] [1785296819.994882882] []: TF_OLD_DATA ignoring data from the past for frame rear_right_wheel at time 1785296803.792105 according to authority Authority undetectable
Possible reasons are listed at http://wiki.ros.org/tf/Errors%20explained
[WARN] [1785296820.004065526] []: TF_OLD_DATA ignoring data from the past for frame front_left_wheel at time 1785296803.892043 according to authority Authority undetectable
Possible reasons are listed at http://wiki.ros.org/tf/Errors%20explained
[WARN] [1785296820.004095026] []: TF_OLD_DATA ignoring data from the past for frame front_right_wheel at time 1785296803.892043 according to authority Authority undetectable
Possible reasons are listed at http://wiki.ros.org/tf/Errors%20explained
[WARN] [1785296820.004103507] []: TF_OLD_DATA ignoring data from the past for frame rear_left_wheel at time 1785296803.892043 according to authority Authority undetectable
Possible reasons are listed at http://wiki.ros.org/tf/Errors%20explained
[WARN] [1785296820.004111359] []: TF_OLD_DATA ignoring data from the past for frame rear_right_wheel at time 1785296803.892043 according to authority Authority undetectable
Possible reasons are listed at http://wiki.ros.org/tf/Errors%20explained
[WARN] [1785296820.007315173] []: TF_OLD_DATA ignoring data from the past for frame front_left_wheel at time 1785296803.992088 according to authority Authority undetectable
Possible reasons are listed at http://wiki.ros.org/tf/Errors%20explained
[WARN] [1785296820.007347877] []: TF_OLD_DATA ignoring data from the past for frame front_right_wheel at time 1785296803.992088 according to authority Authority undetectable
Possible reasons are listed at http://wiki.ros.org/tf/Errors%20explained
[WARN] [1785296820.007358211] []: TF_OLD_DATA ignoring data from the past for frame rear_left_wheel at time 1785296803.992088 according to authority Authority undetectable
Possible reasons are listed at http://wiki.ros.org/tf/Errors%20explained
[WARN] [1785296820.007366303] []: TF_OLD_DATA ignoring data from the past for frame rear_right_wheel at time 1785296803.992088 according to authority Authority undetectable
Possible reasons are listed at http://wiki.ros.org/tf/Errors%20explained
[WARN] [1785296820.007404304] []: TF_OLD_DATA ignoring data from the past for frame front_left_wheel at time 1785296804.092098 according to authority Authority undetectable
Possible reasons are listed at http://wiki.ros.org/tf/Errors%20explained
[WARN] [1785296820.007415859] []: TF_OLD_DATA ignoring data from the past for frame front_right_wheel at time 1785296804.092098 according to authority Authority undetectable
Possible reasons are listed at http://wiki.ros.org/tf/Errors%20explained
[WARN] [1785296820.007423711] []: TF_OLD_DATA ignoring data from the past for frame rear_left_wheel at time 1785296804.092098 according to authority Authority undetectable
Possible reasons are listed at http://wiki.ros.org/tf/Errors%20explained
[WARN] [1785296820.007431656] []: TF_OLD_DATA ignoring data from the past for frame rear_right_wheel at time 1785296804.092098 according to authority Authority undetectable
Possible reasons are listed at http://wiki.ros.org/tf/Errors%20explained
[WARN] [1785296820.007518934] []: TF_OLD_DATA ignoring data from the past for frame front_left_wheel at time 1785296804.192059 according to authority Authority undetectable
Possible reasons are listed at http://wiki.ros.org/tf/Errors%20explained
[WARN] [1785296820.007535545] []: TF_OLD_DATA ignoring data from the past for frame front_right_wheel at time 1785296804.192059 according to authority Authority undetectable
Possible reasons are listed at http://wiki.ros.org/tf/Errors%20explained
[WARN] [1785296820.007543286] []: TF_OLD_DATA ignoring data from the past for frame rear_left_wheel at time 1785296804.192059 according to authority Authority undetectable
Possible reasons are listed at http://wiki.ros.org/tf/Errors%20explained
[WARN] [1785296820.007550767] []: TF_OLD_DATA ignoring data from the past for frame rear_right_wheel at time 1785296804.192059 according to authority Authority undetectable
Possible reasons are listed at http://wiki.ros.org/tf/Errors%20explained
[WARN] [1785296820.007576119] []: TF_OLD_DATA ignoring data from the past for frame front_left_wheel at time 1785296804.292084 according to authority Authority undetectable
Possible reasons are listed at http://wiki.ros.org/tf/Errors%20explained
[WARN] [1785296820.007590175] []: TF_OLD_DATA ignoring data from the past for frame front_right_wheel at time 1785296804.292084 according to authority Authority undetectable
Possible reasons are listed at http://wiki.ros.org/tf/Errors%20explained
[WARN] [1785296820.007597768] []: TF_OLD_DATA ignoring data from the past for frame rear_left_wheel at time 1785296804.292084 according to authority Authority undetectable
Possible reasons are listed at http://wiki.ros.org/tf/Errors%20explained
[WARN] [1785296820.007605397] []: TF_OLD_DATA ignoring data from the past for frame rear_right_wheel at time 1785296804.292084 according to authority Authority undetectable
Possible reasons are listed at http://wiki.ros.org/tf/Errors%20explained
[WARN] [1785296820.007632620] []: TF_OLD_DATA ignoring data from the past for frame front_left_wheel at time 1785296804.392084 according to authority Authority undetectable
Possible reasons are listed at http://wiki.ros.org/tf/Errors%20explained
[WARN] [1785296820.007645916] []: TF_OLD_DATA ignoring data from the past for frame front_right_wheel at time 1785296804.392084 according to authority Authority undetectable
Possible reasons are listed at http://wiki.ros.org/tf/Errors%20explained
[WARN] [1785296820.007653620] []: TF_OLD_DATA ignoring data from the past for frame rear_left_wheel at time 1785296804.392084 according to authority Authority undetectable
Possible reasons are listed at http://wiki.ros.org/tf/Errors%20explained
[WARN] [1785296820.007661546] []: TF_OLD_DATA ignoring data from the past for frame rear_right_wheel at time 1785296804.392084 according to authority Authority undetectable
Possible reasons are listed at http://wiki.ros.org/tf/Errors%20explained
[WARN] [1785296820.007687657] []: TF_OLD_DATA ignoring data from the past for frame front_left_wheel at time 1785296804.492038 according to authority Authority undetectable
Possible reasons are listed at http://wiki.ros.org/tf/Errors%20explained
[WARN] [1785296820.007699305] []: TF_OLD_DATA ignoring data from the past for frame front_right_wheel at time 1785296804.492038 according to authority Authority undetectable
Possible reasons are listed at http://wiki.ros.org/tf/Errors%20explained
[WARN] [1785296820.007706842] []: TF_OLD_DATA ignoring data from the past for frame rear_left_wheel at time 1785296804.492038 according to authority Authority undetectable
Possible reasons are listed at http://wiki.ros.org/tf/Errors%20explained
[WARN] [1785296820.007714139] []: TF_OLD_DATA ignoring data from the past for frame rear_right_wheel at time 1785296804.492038 according to authority Authority undetectable
Possible reasons are listed at http://wiki.ros.org/tf/Errors%20explained
[WARN] [1785296820.007762602] []: TF_OLD_DATA ignoring data from the past for frame front_left_wheel at time 1785296804.592066 according to authority Authority undetectable
Possible reasons are listed at http://wiki.ros.org/tf/Errors%20explained
[WARN] [1785296820.007776324] []: TF_OLD_DATA ignoring data from the past for frame front_right_wheel at time 1785296804.592066 according to authority Authority undetectable
Possible reasons are listed at http://wiki.ros.org/tf/Errors%20explained
[WARN] [1785296820.007783972] []: TF_OLD_DATA ignoring data from the past for frame rear_left_wheel at time 1785296804.592066 according to authority Authority undetectable
Possible reasons are listed at http://wiki.ros.org/tf/Errors%20explained
[WARN] [1785296820.007791639] []: TF_OLD_DATA ignoring data from the past for frame rear_right_wheel at time 1785296804.592066 according to authority Authority undetectable
Possible reasons are listed at http://wiki.ros.org/tf/Errors%20explained
[WARN] [1785296820.007816084] []: TF_OLD_DATA ignoring data from the past for frame front_left_wheel at time 1785296804.692051 according to authority Authority undetectable
Possible reasons are listed at http://wiki.ros.org/tf/Errors%20explained
[WARN] [1785296820.007828510] []: TF_OLD_DATA ignoring data from the past for frame front_right_wheel at time 1785296804.692051 according to authority Authority undetectable
Possible reasons are listed at http://wiki.ros.org/tf/Errors%20explained
[WARN] [1785296820.007836084] []: TF_OLD_DATA ignoring data from the past for frame rear_left_wheel at time 1785296804.692051 according to authority Authority undetectable
Possible reasons are listed at http://wiki.ros.org/tf/Errors%20explained
[WARN] [1785296820.007846787] []: TF_OLD_DATA ignoring data from the past for frame rear_right_wheel at time 1785296804.692051 according to authority Authority undetectable
Possible reasons are listed at http://wiki.ros.org/tf/Errors%20explained
[WARN] [1785296820.007872973] []: TF_OLD_DATA ignoring data from the past for frame front_left_wheel at time 1785296804.792103 according to authority Authority undetectable
Possible reasons are listed at http://wiki.ros.org/tf/Errors%20explained
[WARN] [1785296820.007885936] []: TF_OLD_DATA ignoring data from the past for frame front_right_wheel at time 1785296804.792103 according to authority Authority undetectable
Possible reasons are listed at http://wiki.ros.org/tf/Errors%20explained
[WARN] [1785296820.007893825] []: TF_OLD_DATA ignoring data from the past for frame rear_left_wheel at time 1785296804.792103 according to authority Authority undetectable
Possible reasons are listed at http://wiki.ros.org/tf/Errors%20explained
[WARN] [1785296820.007901084] []: TF_OLD_DATA ignoring data from the past for frame rear_right_wheel at time 1785296804.792103 according to authority Authority undetectable
Possible reasons are listed at http://wiki.ros.org/tf/Errors%20explained
[WARN] [1785296820.007926788] []: TF_OLD_DATA ignoring data from the past for frame front_left_wheel at time 1785296804.892086 according to authority Authority undetectable
Possible reasons are listed at http://wiki.ros.org/tf/Errors%20explained
[WARN] [1785296820.007939418] []: TF_OLD_DATA ignoring data from the past for frame front_right_wheel at time 1785296804.892086 according to authority Authority undetectable
Possible reasons are listed at http://wiki.ros.org/tf/Errors%20explained
[WARN] [1785296820.007946862] []: TF_OLD_DATA ignoring data from the past for frame rear_left_wheel at time 1785296804.892086 according to authority Authority undetectable
Possible reasons are listed at http://wiki.ros.org/tf/Errors%20explained
[WARN] [1785296820.007954140] []: TF_OLD_DATA ignoring data from the past for frame rear_right_wheel at time 1785296804.892086 according to authority Authority undetectable
Possible reasons are listed at http://wiki.ros.org/tf/Errors%20explained
[WARN] [1785296820.007983973] []: TF_OLD_DATA ignoring data from the past for frame front_left_wheel at time 1785296804.992055 according to authority Authority undetectable
Possible reasons are listed at http://wiki.ros.org/tf/Errors%20explained
[WARN] [1785296820.008028103] []: TF_OLD_DATA ignoring data from the past for frame front_right_wheel at time 1785296804.992055 according to authority Authority undetectable
Possible reasons are listed at http://wiki.ros.org/tf/Errors%20explained
[WARN] [1785296820.008040659] []: TF_OLD_DATA ignoring data from the past for frame rear_left_wheel at time 1785296804.992055 according to authority Authority undetectable
Possible reasons are listed at http://wiki.ros.org/tf/Errors%20explained
[WARN] [1785296820.008048511] []: TF_OLD_DATA ignoring data from the past for frame rear_right_wheel at time 1785296804.992055 according to authority Authority undetectable
Possible reasons are listed at http://wiki.ros.org/tf/Errors%20explained
[WARN] [1785296822.102864582] []: TF_OLD_DATA ignoring data from the past for frame front_left_wheel at time 1785296805.092093 according to authority Authority undetectable
Possible reasons are listed at http://wiki.ros.org/tf/Errors%20explained
[WARN] [1785296822.102901768] []: TF_OLD_DATA ignoring data from the past for frame front_right_wheel at time 1785296805.092093 according to authority Authority undetectable
Possible reasons are listed at http://wiki.ros.org/tf/Errors%20explained
[WARN] [1785296822.102913490] []: TF_OLD_DATA ignoring data from the past for frame rear_left_wheel at time 1785296805.092093 according to authority Authority undetectable
Possible reasons are listed at http://wiki.ros.org/tf/Errors%20explained
[WARN] [1785296822.102923101] []: TF_OLD_DATA ignoring data from the past for frame rear_right_wheel at time 1785296805.092093 according to authority Authority undetectable
Possible reasons are listed at http://wiki.ros.org/tf/Errors%20explained
[WARN] [1785296822.102968268] []: TF_OLD_DATA ignoring data from the past for frame front_left_wheel at time 1785296805.192089 according to authority Authority undetectable
Possible reasons are listed at http://wiki.ros.org/tf/Errors%20explained
[WARN] [1785296822.102980861] []: TF_OLD_DATA ignoring data from the past for frame front_right_wheel at time 1785296805.192089 according to authority Authority undetectable
Possible reasons are listed at http://wiki.ros.org/tf/Errors%20explained
[WARN] [1785296822.102989435] []: TF_OLD_DATA ignoring data from the past for frame rear_left_wheel at time 1785296805.192089 according to authority Authority undetectable
Possible reasons are listed at http://wiki.ros.org/tf/Errors%20explained
[WARN] [1785296822.102997657] []: TF_OLD_DATA ignoring data from the past for frame rear_right_wheel at time 1785296805.192089 according to authority Authority undetectable
Possible reasons are listed at http://wiki.ros.org/tf/Errors%20explained
[WARN] [1785296822.105509079] []: TF_OLD_DATA ignoring data from the past for frame front_left_wheel at time 1785296805.292068 according to authority Authority undetectable
Possible reasons are listed at http://wiki.ros.org/tf/Errors%20explained
[WARN] [1785296822.105538023] []: TF_OLD_DATA ignoring data from the past for frame front_right_wheel at time 1785296805.292068 according to authority Authority undetectable
Possible reasons are listed at http://wiki.ros.org/tf/Errors%20explained
[WARN] [1785296822.105548671] []: TF_OLD_DATA ignoring data from the past for frame rear_left_wheel at time 1785296805.292068 according to authority Authority undetectable
Possible reasons are listed at http://wiki.ros.org/tf/Errors%20explained
[WARN] [1785296822.105557338] []: TF_OLD_DATA ignoring data from the past for frame rear_right_wheel at time 1785296805.292068 according to authority Authority undetectable
Possible reasons are listed at http://wiki.ros.org/tf/Errors%20explained
[WARN] [1785296822.109137266] []: TF_OLD_DATA ignoring data from the past for frame front_left_wheel at time 1785296805.392060 according to authority Authority undetectable
Possible reasons are listed at http://wiki.ros.org/tf/Errors%20explained
[WARN] [1785296822.109173766] []: TF_OLD_DATA ignoring data from the past for frame front_right_wheel at time 1785296805.392060 according to authority Authority undetectable
Possible reasons are listed at http://wiki.ros.org/tf/Errors%20explained
[WARN] [1785296822.109184284] []: TF_OLD_DATA ignoring data from the past for frame rear_left_wheel at time 1785296805.392060 according to authority Authority undetectable
Possible reasons are listed at http://wiki.ros.org/tf/Errors%20explained
[WARN] [1785296822.109207266] []: TF_OLD_DATA ignoring data from the past for frame rear_right_wheel at time 1785296805.392060 according to authority Authority undetectable
Possible reasons are listed at http://wiki.ros.org/tf/Errors%20explained
[WARN] [1785296822.109251618] []: TF_OLD_DATA ignoring data from the past for frame front_left_wheel at time 1785296805.492041 according to authority Authority undetectable
Possible reasons are listed at http://wiki.ros.org/tf/Errors%20explained
[WARN] [1785296822.109310359] []: TF_OLD_DATA ignoring data from the past for frame front_right_wheel at time 1785296805.492041 according to authority Authority undetectable
Possible reasons are listed at http://wiki.ros.org/tf/Errors%20explained
[WARN] [1785296822.109319989] []: TF_OLD_DATA ignoring data from the past for frame rear_left_wheel at time 1785296805.492041 according to authority Authority undetectable
Possible reasons are listed at http://wiki.ros.org/tf/Errors%20explained
[WARN] [1785296822.109328230] []: TF_OLD_DATA ignoring data from the past for frame rear_right_wheel at time 1785296805.492041 according to authority Authority undetectable
Possible reasons are listed at http://wiki.ros.org/tf/Errors%20explained
[WARN] [1785296824.212050105] []: TF_OLD_DATA ignoring data from the past for frame front_left_wheel at time 1785296805.592306 according to authority Authority undetectable
Possible reasons are listed at http://wiki.ros.org/tf/Errors%20explained
[WARN] [1785296824.212096457] []: TF_OLD_DATA ignoring data from the past for frame front_right_wheel at time 1785296805.592306 according to authority Authority undetectable
Possible reasons are listed at http://wiki.ros.org/tf/Errors%20explained
[WARN] [1785296824.212109253] []: TF_OLD_DATA ignoring data from the past for frame rear_left_wheel at time 1785296805.592306 according to authority Authority undetectable
Possible reasons are listed at http://wiki.ros.org/tf/Errors%20explained
[WARN] [1785296824.212119086] []: TF_OLD_DATA ignoring data from the past for frame rear_right_wheel at time 1785296805.592306 according to authority Authority undetectable
Possible reasons are listed at http://wiki.ros.org/tf/Errors%20explained
[WARN] [1785296824.212169531] []: TF_OLD_DATA ignoring data from the past for frame front_left_wheel at time 1785296805.692110 according to authority Authority undetectable
Possible reasons are listed at http://wiki.ros.org/tf/Errors%20explained
[WARN] [1785296824.212184679] []: TF_OLD_DATA ignoring data from the past for frame front_right_wheel at time 1785296805.692110 according to authority Authority undetectable
Possible reasons are listed at http://wiki.ros.org/tf/Errors%20explained
[WARN] [1785296824.212218402] []: TF_OLD_DATA ignoring data from the past for frame rear_left_wheel at time 1785296805.692110 according to authority Authority undetectable
Possible reasons are listed at http://wiki.ros.org/tf/Errors%20explained
[WARN] [1785296824.212230754] []: TF_OLD_DATA ignoring data from the past for frame rear_right_wheel at time 1785296805.692110 according to authority Authority undetectable
Possible reasons are listed at http://wiki.ros.org/tf/Errors%20explained
[WARN] [1785296824.213523761] []: TF_OLD_DATA ignoring data from the past for frame front_left_wheel at time 1785296805.792041 according to authority Authority undetectable
Possible reasons are listed at http://wiki.ros.org/tf/Errors%20explained
[WARN] [1785296824.213557706] []: TF_OLD_DATA ignoring data from the past for frame front_right_wheel at time 1785296805.792041 according to authority Authority undetectable
Possible reasons are listed at http://wiki.ros.org/tf/Errors%20explained
[WARN] [1785296824.213567632] []: TF_OLD_DATA ignoring data from the past for frame rear_left_wheel at time 1785296805.792041 according to authority Authority undetectable
Possible reasons are listed at http://wiki.ros.org/tf/Errors%20explained
[WARN] [1785296824.213577243] []: TF_OLD_DATA ignoring data from the past for frame rear_right_wheel at time 1785296805.792041 according to authority Authority undetectable
Possible reasons are listed at http://wiki.ros.org/tf/Errors%20explained
[WARN] [1785296824.213626373] []: TF_OLD_DATA ignoring data from the past for frame front_left_wheel at time 1785296805.992074 according to authority Authority undetectable
Possible reasons are listed at http://wiki.ros.org/tf/Errors%20explained
[WARN] [1785296824.213642058] []: TF_OLD_DATA ignoring data from the past for frame front_right_wheel at time 1785296805.992074 according to authority Authority undetectable
Possible reasons are listed at http://wiki.ros.org/tf/Errors%20explained
[WARN] [1785296824.213700817] []: TF_OLD_DATA ignoring data from the past for frame rear_left_wheel at time 1785296805.992074 according to authority Authority undetectable
Possible reasons are listed at http://wiki.ros.org/tf/Errors%20explained
[WARN] [1785296824.213712003] []: TF_OLD_DATA ignoring data from the past for frame rear_right_wheel at time 1785296805.992074 according to authority Authority undetectable
Possible reasons are listed at http://wiki.ros.org/tf/Errors%20explained
[WARN] [1785296824.213747614] []: TF_OLD_DATA ignoring data from the past for frame front_left_wheel at time 1785296806.092062 according to authority Authority undetectable
Possible reasons are listed at http://wiki.ros.org/tf/Errors%20explained
[WARN] [1785296824.213760947] []: TF_OLD_DATA ignoring data from the past for frame front_right_wheel at time 1785296806.092062 according to authority Authority undetectable
Possible reasons are listed at http://wiki.ros.org/tf/Errors%20explained
[WARN] [1785296824.213770059] []: TF_OLD_DATA ignoring data from the past for frame rear_left_wheel at time 1785296806.092062 according to authority Authority undetectable
Possible reasons are listed at http://wiki.ros.org/tf/Errors%20explained
[WARN] [1785296824.213778762] []: TF_OLD_DATA ignoring data from the past for frame rear_right_wheel at time 1785296806.092062 according to authority Authority undetectable
Possible reasons are listed at http://wiki.ros.org/tf/Errors%20explained
[WARN] [1785296824.213808559] []: TF_OLD_DATA ignoring data from the past for frame front_left_wheel at time 1785296806.192100 according to authority Authority undetectable
Possible reasons are listed at http://wiki.ros.org/tf/Errors%20explained
[WARN] [1785296824.213822855] []: TF_OLD_DATA ignoring data from the past for frame front_right_wheel at time 1785296806.192100 according to authority Authority undetectable
Possible reasons are listed at http://wiki.ros.org/tf/Errors%20explained
[WARN] [1785296824.213831874] []: TF_OLD_DATA ignoring data from the past for frame rear_left_wheel at time 1785296806.192100 according to authority Authority undetectable
Possible reasons are listed at http://wiki.ros.org/tf/Errors%20explained
[WARN] [1785296824.213840522] []: TF_OLD_DATA ignoring data from the past for frame rear_right_wheel at time 1785296806.192100 according to authority Authority undetectable
Possible reasons are listed at http://wiki.ros.org/tf/Errors%20explained
[WARN] [1785296824.213870022] []: TF_OLD_DATA ignoring data from the past for frame front_left_wheel at time 1785296806.292056 according to authority Authority undetectable
Possible reasons are listed at http://wiki.ros.org/tf/Errors%20explained
[WARN] [1785296824.213888022] []: TF_OLD_DATA ignoring data from the past for frame front_right_wheel at time 1785296806.292056 according to authority Authority undetectable
Possible reasons are listed at http://wiki.ros.org/tf/Errors%20explained
[WARN] [1785296824.213897615] []: TF_OLD_DATA ignoring data from the past for frame rear_left_wheel at time 1785296806.292056 according to authority Authority undetectable
Possible reasons are listed at http://wiki.ros.org/tf/Errors%20explained
[WARN] [1785296824.213906578] []: TF_OLD_DATA ignoring data from the past for frame rear_right_wheel at time 1785296806.292056 according to authority Authority undetectable
Possible reasons are listed at http://wiki.ros.org/tf/Errors%20explained
[WARN] [1785296824.213938726] []: TF_OLD_DATA ignoring data from the past for frame front_left_wheel at time 1785296806.392086 according to authority Authority undetectable
Possible reasons are listed at http://wiki.ros.org/tf/Errors%20explained
[WARN] [1785296824.213954152] []: TF_OLD_DATA ignoring data from the past for frame front_right_wheel at time 1785296806.392086 according to authority Authority undetectable
Possible reasons are listed at http://wiki.ros.org/tf/Errors%20explained
[WARN] [1785296824.213984745] []: TF_OLD_DATA ignoring data from the past for frame rear_left_wheel at time 1785296806.392086 according to authority Authority undetectable
Possible reasons are listed at http://wiki.ros.org/tf/Errors%20explained
[WARN] [1785296824.213996856] []: TF_OLD_DATA ignoring data from the past for frame rear_right_wheel at time 1785296806.392086 according to authority Authority undetectable
Possible reasons are listed at http://wiki.ros.org/tf/Errors%20explained
[WARN] [1785296824.214284413] []: TF_OLD_DATA ignoring data from the past for frame front_left_wheel at time 1785296806.492088 according to authority Authority undetectable
Possible reasons are listed at http://wiki.ros.org/tf/Errors%20explained
[WARN] [1785296824.214311654] []: TF_OLD_DATA ignoring data from the past for frame front_right_wheel at time 1785296806.492088 according to authority Authority undetectable
Possible reasons are listed at http://wiki.ros.org/tf/Errors%20explained
[WARN] [1785296824.214322284] []: TF_OLD_DATA ignoring data from the past for frame rear_left_wheel at time 1785296806.492088 according to authority Authority undetectable
Possible reasons are listed at http://wiki.ros.org/tf/Errors%20explained
[WARN] [1785296824.214331895] []: TF_OLD_DATA ignoring data from the past for frame rear_right_wheel at time 1785296806.492088 according to authority Authority undetectable
Possible reasons are listed at http://wiki.ros.org/tf/Errors%20explained
[WARN] [1785296824.214830805] []: TF_OLD_DATA ignoring data from the past for frame front_left_wheel at time 1785296806.692077 according to authority Authority undetectable
Possible reasons are listed at http://wiki.ros.org/tf/Errors%20explained
[WARN] [1785296824.214866361] []: TF_OLD_DATA ignoring data from the past for frame front_right_wheel at time 1785296806.692077 according to authority Authority undetectable
Possible reasons are listed at http://wiki.ros.org/tf/Errors%20explained
[WARN] [1785296824.214877806] []: TF_OLD_DATA ignoring data from the past for frame rear_left_wheel at time 1785296806.692077 according to authority Authority undetectable
Possible reasons are listed at http://wiki.ros.org/tf/Errors%20explained
[WARN] [1785296824.214886491] []: TF_OLD_DATA ignoring data from the past for frame rear_right_wheel at time 1785296806.692077 according to authority Authority undetectable
Possible reasons are listed at http://wiki.ros.org/tf/Errors%20explained
[WARN] [1785296824.215272345] []: TF_OLD_DATA ignoring data from the past for frame front_left_wheel at time 1785296806.792066 according to authority Authority undetectable
Possible reasons are listed at http://wiki.ros.org/tf/Errors%20explained
[WARN] [1785296824.215295067] []: TF_OLD_DATA ignoring data from the past for frame front_right_wheel at time 1785296806.792066 according to authority Authority undetectable
Possible reasons are listed at http://wiki.ros.org/tf/Errors%20explained
[WARN] [1785296824.215306660] []: TF_OLD_DATA ignoring data from the past for frame rear_left_wheel at time 1785296806.792066 according to authority Authority undetectable
Possible reasons are listed at http://wiki.ros.org/tf/Errors%20explained
[WARN] [1785296824.215315567] []: TF_OLD_DATA ignoring data from the past for frame rear_right_wheel at time 1785296806.792066 according to authority Authority undetectable
Possible reasons are listed at http://wiki.ros.org/tf/Errors%20explained
[WARN] [1785296824.215360456] []: TF_OLD_DATA ignoring data from the past for frame front_left_wheel at time 1785296806.892053 according to authority Authority undetectable
Possible reasons are listed at http://wiki.ros.org/tf/Errors%20explained
[WARN] [1785296824.215374790] []: TF_OLD_DATA ignoring data from the past for frame front_right_wheel at time 1785296806.892053 according to authority Authority undetectable
Possible reasons are listed at http://wiki.ros.org/tf/Errors%20explained
[WARN] [1785296824.215384123] []: TF_OLD_DATA ignoring data from the past for frame rear_left_wheel at time 1785296806.892053 according to authority Authority undetectable
Possible reasons are listed at http://wiki.ros.org/tf/Errors%20explained
[WARN] [1785296824.215436364] []: TF_OLD_DATA ignoring data from the past for frame rear_right_wheel at time 1785296806.892053 according to authority Authority undetectable
Possible reasons are listed at http://wiki.ros.org/tf/Errors%20explained
[WARN] [1785296824.215785403] []: TF_OLD_DATA ignoring data from the past for frame front_left_wheel at time 1785296806.992080 according to authority Authority undetectable
Possible reasons are listed at http://wiki.ros.org/tf/Errors%20explained
[WARN] [1785296824.215810163] []: TF_OLD_DATA ignoring data from the past for frame front_right_wheel at time 1785296806.992080 according to authority Authority undetectable
Possible reasons are listed at http://wiki.ros.org/tf/Errors%20explained
[WARN] [1785296824.215821755] []: TF_OLD_DATA ignoring data from the past for frame rear_left_wheel at time 1785296806.992080 according to authority Authority undetectable
Possible reasons are listed at http://wiki.ros.org/tf/Errors%20explained
[WARN] [1785296824.215830811] []: TF_OLD_DATA ignoring data from the past for frame rear_right_wheel at time 1785296806.992080 according to authority Authority undetectable
Possible reasons are listed at http://wiki.ros.org/tf/Errors%20explained
[WARN] [1785296824.216320832] []: TF_OLD_DATA ignoring data from the past for frame front_left_wheel at time 1785296807.092075 according to authority Authority undetectable
Possible reasons are listed at http://wiki.ros.org/tf/Errors%20explained
[WARN] [1785296824.216345221] []: TF_OLD_DATA ignoring data from the past for frame front_right_wheel at time 1785296807.092075 according to authority Authority undetectable
Possible reasons are listed at http://wiki.ros.org/tf/Errors%20explained
[WARN] [1785296824.216355314] []: TF_OLD_DATA ignoring data from the past for frame rear_left_wheel at time 1785296807.092075 according to authority Authority undetectable
Possible reasons are listed at http://wiki.ros.org/tf/Errors%20explained
[WARN] [1785296824.216364406] []: TF_OLD_DATA ignoring data from the past for frame rear_right_wheel at time 1785296807.092075 according to authority Authority undetectable
Possible reasons are listed at http://wiki.ros.org/tf/Errors%20explained
[WARN] [1785296824.216402351] []: TF_OLD_DATA ignoring data from the past for frame front_left_wheel at time 1785296807.192088 according to authority Authority undetectable
Possible reasons are listed at http://wiki.ros.org/tf/Errors%20explained
[WARN] [1785296824.216418092] []: TF_OLD_DATA ignoring data from the past for frame front_right_wheel at time 1785296807.192088 according to authority Authority undetectable
Possible reasons are listed at http://wiki.ros.org/tf/Errors%20explained
[WARN] [1785296824.216426981] []: TF_OLD_DATA ignoring data from the past for frame rear_left_wheel at time 1785296807.192088 according to authority Authority undetectable
Possible reasons are listed at http://wiki.ros.org/tf/Errors%20explained
[WARN] [1785296824.216435629] []: TF_OLD_DATA ignoring data from the past for frame rear_right_wheel at time 1785296807.192088 according to authority Authority undetectable
Possible reasons are listed at http://wiki.ros.org/tf/Errors%20explained
[WARN] [1785296824.216466537] []: TF_OLD_DATA ignoring data from the past for frame front_left_wheel at time 1785296807.292076 according to authority Authority undetectable
Possible reasons are listed at http://wiki.ros.org/tf/Errors%20explained
[WARN] [1785296824.216481629] []: TF_OLD_DATA ignoring data from the past for frame front_right_wheel at time 1785296807.292076 according to authority Authority undetectable
Possible reasons are listed at http://wiki.ros.org/tf/Errors%20explained
[WARN] [1785296824.216490889] []: TF_OLD_DATA ignoring data from the past for frame rear_left_wheel at time 1785296807.292076 according to authority Authority undetectable
Possible reasons are listed at http://wiki.ros.org/tf/Errors%20explained
[WARN] [1785296824.216499703] []: TF_OLD_DATA ignoring data from the past for frame rear_right_wheel at time 1785296807.292076 according to authority Authority undetectable
Possible reasons are listed at http://wiki.ros.org/tf/Errors%20explained
[WARN] [1785296824.216582037] []: TF_OLD_DATA ignoring data from the past for frame front_left_wheel at time 1785296807.392103 according to authority Authority undetectable
Possible reasons are listed at http://wiki.ros.org/tf/Errors%20explained
[WARN] [1785296824.216607167] []: TF_OLD_DATA ignoring data from the past for frame front_right_wheel at time 1785296807.392103 according to authority Authority undetectable
Possible reasons are listed at http://wiki.ros.org/tf/Errors%20explained
[WARN] [1785296824.216618149] []: TF_OLD_DATA ignoring data from the past for frame rear_left_wheel at time 1785296807.392103 according to authority Authority undetectable
Possible reasons are listed at http://wiki.ros.org/tf/Errors%20explained
[WARN] [1785296824.216627075] []: TF_OLD_DATA ignoring data from the past for frame rear_right_wheel at time 1785296807.392103 according to authority Authority undetectable
Possible reasons are listed at http://wiki.ros.org/tf/Errors%20explained
[WARN] [1785296824.216659204] []: TF_OLD_DATA ignoring data from the past for frame front_left_wheel at time 1785296807.492087 according to authority Authority undetectable
Possible reasons are listed at http://wiki.ros.org/tf/Errors%20explained
[WARN] [1785296824.216672908] []: TF_OLD_DATA ignoring data from the past for frame front_right_wheel at time 1785296807.492087 according to authority Authority undetectable
Possible reasons are listed at http://wiki.ros.org/tf/Errors%20explained
[WARN] [1785296824.216682742] []: TF_OLD_DATA ignoring data from the past for frame rear_left_wheel at time 1785296807.492087 according to authority Authority undetectable
Possible reasons are listed at http://wiki.ros.org/tf/Errors%20explained
[WARN] [1785296824.216695260] []: TF_OLD_DATA ignoring data from the past for frame rear_right_wheel at time 1785296807.492087 according to authority Authority undetectable
Possible reasons are listed at http://wiki.ros.org/tf/Errors%20explained
[WARN] [1785296824.216740871] []: TF_OLD_DATA ignoring data from the past for frame front_left_wheel at time 1785296807.592047 according to authority Authority undetectable
Possible reasons are listed at http://wiki.ros.org/tf/Errors%20explained
[WARN] [1785296824.216757520] []: TF_OLD_DATA ignoring data from the past for frame front_right_wheel at time 1785296807.592047 according to authority Authority undetectable
Possible reasons are listed at http://wiki.ros.org/tf/Errors%20explained
[WARN] [1785296824.216768223] []: TF_OLD_DATA ignoring data from the past for frame rear_left_wheel at time 1785296807.592047 according to authority Authority undetectable
Possible reasons are listed at http://wiki.ros.org/tf/Errors%20explained
[WARN] [1785296824.216777927] []: TF_OLD_DATA ignoring data from the past for frame rear_right_wheel at time 1785296807.592047 according to authority Authority undetectable
Possible reasons are listed at http://wiki.ros.org/tf/Errors%20explained
[WARN] [1785296824.216817668] []: TF_OLD_DATA ignoring data from the past for frame front_left_wheel at time 1785296807.692063 according to authority Authority undetectable
Possible reasons are listed at http://wiki.ros.org/tf/Errors%20explained
[WARN] [1785296824.216834205] []: TF_OLD_DATA ignoring data from the past for frame front_right_wheel at time 1785296807.692063 according to authority Authority undetectable
Possible reasons are listed at http://wiki.ros.org/tf/Errors%20explained
[WARN] [1785296824.216845354] []: TF_OLD_DATA ignoring data from the past for frame rear_left_wheel at time 1785296807.692063 according to authority Authority undetectable
Possible reasons are listed at http://wiki.ros.org/tf/Errors%20explained
[WARN] [1785296824.216855557] []: TF_OLD_DATA ignoring data from the past for frame rear_right_wheel at time 1785296807.692063 according to authority Authority undetectable
Possible reasons are listed at http://wiki.ros.org/tf/Errors%20explained
[WARN] [1785296824.217912711] []: TF_OLD_DATA ignoring data from the past for frame front_left_wheel at time 1785296807.792079 according to authority Authority undetectable
Possible reasons are listed at http://wiki.ros.org/tf/Errors%20explained
[WARN] [1785296824.217944045] []: TF_OLD_DATA ignoring data from the past for frame front_right_wheel at time 1785296807.792079 according to authority Authority undetectable
Possible reasons are listed at http://wiki.ros.org/tf/Errors%20explained
[WARN] [1785296824.217956767] []: TF_OLD_DATA ignoring data from the past for frame rear_left_wheel at time 1785296807.792079 according to authority Authority undetectable
Possible reasons are listed at http://wiki.ros.org/tf/Errors%20explained
[WARN] [1785296824.217966471] []: TF_OLD_DATA ignoring data from the past for frame rear_right_wheel at time 1785296807.792079 according to authority Authority undetectable
Possible reasons are listed at http://wiki.ros.org/tf/Errors%20explained
[WARN] [1785296824.218014323] []: TF_OLD_DATA ignoring data from the past for frame front_left_wheel at time 1785296807.892071 according to authority Authority undetectable
Possible reasons are listed at http://wiki.ros.org/tf/Errors%20explained
[WARN] [1785296824.218027953] []: TF_OLD_DATA ignoring data from the past for frame front_right_wheel at time 1785296807.892071 according to authority Authority undetectable
Possible reasons are listed at http://wiki.ros.org/tf/Errors%20explained
[WARN] [1785296824.218036953] []: TF_OLD_DATA ignoring data from the past for frame rear_left_wheel at time 1785296807.892071 according to authority Authority undetectable
Possible reasons are listed at http://wiki.ros.org/tf/Errors%20explained
[WARN] [1785296824.218045860] []: TF_OLD_DATA ignoring data from the past for frame rear_right_wheel at time 1785296807.892071 according to authority Authority undetectable
Possible reasons are listed at http://wiki.ros.org/tf/Errors%20explained
[WARN] [1785296824.218076564] []: TF_OLD_DATA ignoring data from the past for frame front_left_wheel at time 1785296807.992081 according to authority Authority undetectable
Possible reasons are listed at http://wiki.ros.org/tf/Errors%20explained
[WARN] [1785296824.218093101] []: TF_OLD_DATA ignoring data from the past for frame front_right_wheel at time 1785296807.992081 according to authority Authority undetectable
Possible reasons are listed at http://wiki.ros.org/tf/Errors%20explained
[WARN] [1785296824.218104342] []: TF_OLD_DATA ignoring data from the past for frame rear_left_wheel at time 1785296807.992081 according to authority Authority undetectable
Possible reasons are listed at http://wiki.ros.org/tf/Errors%20explained
[WARN] [1785296824.218113398] []: TF_OLD_DATA ignoring data from the past for frame rear_right_wheel at time 1785296807.992081 according to authority Authority undetectable
Possible reasons are listed at http://wiki.ros.org/tf/Errors%20explained
[WARN] [1785296824.218140639] []: TF_OLD_DATA ignoring data from the past for frame front_left_wheel at time 1785296808.092095 according to authority Authority undetectable
Possible reasons are listed at http://wiki.ros.org/tf/Errors%20explained
[WARN] [1785296824.218153324] []: TF_OLD_DATA ignoring data from the past for frame front_right_wheel at time 1785296808.092095 according to authority Authority undetectable
Possible reasons are listed at http://wiki.ros.org/tf/Errors%20explained
[WARN] [1785296824.218162231] []: TF_OLD_DATA ignoring data from the past for frame rear_left_wheel at time 1785296808.092095 according to authority Authority undetectable
Possible reasons are listed at http://wiki.ros.org/tf/Errors%20explained
[WARN] [1785296824.218170879] []: TF_OLD_DATA ignoring data from the past for frame rear_right_wheel at time 1785296808.092095 according to authority Authority undetectable
Possible reasons are listed at http://wiki.ros.org/tf/Errors%20explained
[WARN] [1785296824.218210509] []: TF_OLD_DATA ignoring data from the past for frame front_left_wheel at time 1785296808.192056 according to authority Authority undetectable
Possible reasons are listed at http://wiki.ros.org/tf/Errors%20explained
[WARN] [1785296824.218271899] []: TF_OLD_DATA ignoring data from the past for frame front_right_wheel at time 1785296808.192056 according to authority Authority undetectable
Possible reasons are listed at http://wiki.ros.org/tf/Errors%20explained
[WARN] [1785296824.218283306] []: TF_OLD_DATA ignoring data from the past for frame rear_left_wheel at time 1785296808.192056 according to authority Authority undetectable
Possible reasons are listed at http://wiki.ros.org/tf/Errors%20explained
[WARN] [1785296824.218292102] []: TF_OLD_DATA ignoring data from the past for frame rear_right_wheel at time 1785296808.192056 according to authority Authority undetectable
Possible reasons are listed at http://wiki.ros.org/tf/Errors%20explained
[WARN] [1785296824.218327473] []: TF_OLD_DATA ignoring data from the past for frame front_left_wheel at time 1785296808.392082 according to authority Authority undetectable
Possible reasons are listed at http://wiki.ros.org/tf/Errors%20explained
[WARN] [1785296824.218340399] []: TF_OLD_DATA ignoring data from the past for frame front_right_wheel at time 1785296808.392082 according to authority Authority undetectable
Possible reasons are listed at http://wiki.ros.org/tf/Errors%20explained
[WARN] [1785296824.218349362] []: TF_OLD_DATA ignoring data from the past for frame rear_left_wheel at time 1785296808.392082 according to authority Authority undetectable
Possible reasons are listed at http://wiki.ros.org/tf/Errors%20explained
[WARN] [1785296824.218357973] []: TF_OLD_DATA ignoring data from the past for frame rear_right_wheel at time 1785296808.392082 according to authority Authority undetectable
Possible reasons are listed at http://wiki.ros.org/tf/Errors%20explained
[WARN] [1785296824.218386418] []: TF_OLD_DATA ignoring data from the past for frame front_left_wheel at time 1785296808.492079 according to authority Authority undetectable
Possible reasons are listed at http://wiki.ros.org/tf/Errors%20explained
[WARN] [1785296824.218401918] []: TF_OLD_DATA ignoring data from the past for frame front_right_wheel at time 1785296808.492079 according to authority Authority undetectable
Possible reasons are listed at http://wiki.ros.org/tf/Errors%20explained
[WARN] [1785296824.218411029] []: TF_OLD_DATA ignoring data from the past for frame rear_left_wheel at time 1785296808.492079 according to authority Authority undetectable
Possible reasons are listed at http://wiki.ros.org/tf/Errors%20explained
[WARN] [1785296824.218419862] []: TF_OLD_DATA ignoring data from the past for frame rear_right_wheel at time 1785296808.492079 according to authority Authority undetectable
Possible reasons are listed at http://wiki.ros.org/tf/Errors%20explained
[WARN] [1785296826.584006240] []: TF_OLD_DATA ignoring data from the past for frame front_left_wheel at time 1785296808.692112 according to authority Authority undetectable
Possible reasons are listed at http://wiki.ros.org/tf/Errors%20explained
[WARN] [1785296826.584061889] []: TF_OLD_DATA ignoring data from the past for frame front_right_wheel at time 1785296808.692112 according to authority Authority undetectable
Possible reasons are listed at http://wiki.ros.org/tf/Errors%20explained
[WARN] [1785296826.584074685] []: TF_OLD_DATA ignoring data from the past for frame rear_left_wheel at time 1785296808.692112 according to authority Authority undetectable
Possible reasons are listed at http://wiki.ros.org/tf/Errors%20explained
[WARN] [1785296826.584084852] []: TF_OLD_DATA ignoring data from the past for frame rear_right_wheel at time 1785296808.692112 according to authority Authority undetectable
Possible reasons are listed at http://wiki.ros.org/tf/Errors%20explained
[WARN] [1785296826.584139278] []: TF_OLD_DATA ignoring data from the past for frame front_left_wheel at time 1785296808.792079 according to authority Authority undetectable
Possible reasons are listed at http://wiki.ros.org/tf/Errors%20explained
[WARN] [1785296826.584160019] []: TF_OLD_DATA ignoring data from the past for frame front_right_wheel at time 1785296808.792079 according to authority Authority undetectable
Possible reasons are listed at http://wiki.ros.org/tf/Errors%20explained
[WARN] [1785296826.584170482] []: TF_OLD_DATA ignoring data from the past for frame rear_left_wheel at time 1785296808.792079 according to authority Authority undetectable
Possible reasons are listed at http://wiki.ros.org/tf/Errors%20explained
[WARN] [1785296826.584180686] []: TF_OLD_DATA ignoring data from the past for frame rear_right_wheel at time 1785296808.792079 according to authority Authority undetectable
Possible reasons are listed at http://wiki.ros.org/tf/Errors%20explained
[WARN] [1785296826.584229964] []: TF_OLD_DATA ignoring data from the past for frame front_left_wheel at time 1785296808.892084 according to authority Authority undetectable
Possible reasons are listed at http://wiki.ros.org/tf/Errors%20explained
[WARN] [1785296826.584246779] []: TF_OLD_DATA ignoring data from the past for frame front_right_wheel at time 1785296808.892084 according to authority Authority undetectable
Possible reasons are listed at http://wiki.ros.org/tf/Errors%20explained
[WARN] [1785296826.584295631] []: TF_OLD_DATA ignoring data from the past for frame rear_left_wheel at time 1785296808.892084 according to authority Authority undetectable
Possible reasons are listed at http://wiki.ros.org/tf/Errors%20explained
[WARN] [1785296826.584307927] []: TF_OLD_DATA ignoring data from the past for frame rear_right_wheel at time 1785296808.892084 according to authority Authority undetectable
Possible reasons are listed at http://wiki.ros.org/tf/Errors%20explained
[WARN] [1785296826.588669989] []: TF_OLD_DATA ignoring data from the past for frame front_left_wheel at time 1785296808.992076 according to authority Authority undetectable
Possible reasons are listed at http://wiki.ros.org/tf/Errors%20explained
[WARN] [1785296826.588724470] []: TF_OLD_DATA ignoring data from the past for frame front_right_wheel at time 1785296808.992076 according to authority Authority undetectable
Possible reasons are listed at http://wiki.ros.org/tf/Errors%20explained
[WARN] [1785296826.588741026] []: TF_OLD_DATA ignoring data from the past for frame rear_left_wheel at time 1785296808.992076 according to authority Authority undetectable
Possible reasons are listed at http://wiki.ros.org/tf/Errors%20explained
[WARN] [1785296826.588754896] []: TF_OLD_DATA ignoring data from the past for frame rear_right_wheel at time 1785296808.992076 according to authority Authority undetectable
Possible reasons are listed at http://wiki.ros.org/tf/Errors%20explained
[WARN] [1785296826.588864749] []: TF_OLD_DATA ignoring data from the past for frame front_left_wheel at time 1785296809.092074 according to authority Authority undetectable
Possible reasons are listed at http://wiki.ros.org/tf/Errors%20explained
[WARN] [1785296826.588955157] []: TF_OLD_DATA ignoring data from the past for frame front_right_wheel at time 1785296809.092074 according to authority Authority undetectable
Possible reasons are listed at http://wiki.ros.org/tf/Errors%20explained
[WARN] [1785296826.588976175] []: TF_OLD_DATA ignoring data from the past for frame rear_left_wheel at time 1785296809.092074 according to authority Authority undetectable
Possible reasons are listed at http://wiki.ros.org/tf/Errors%20explained
[WARN] [1785296826.588988972] []: TF_OLD_DATA ignoring data from the past for frame rear_right_wheel at time 1785296809.092074 according to authority Authority undetectable
Possible reasons are listed at http://wiki.ros.org/tf/Errors%20explained
[WARN] [1785296826.589047954] []: TF_OLD_DATA ignoring data from the past for frame front_left_wheel at time 1785296809.292081 according to authority Authority undetectable
Possible reasons are listed at http://wiki.ros.org/tf/Errors%20explained
[WARN] [1785296826.589068731] []: TF_OLD_DATA ignoring data from the past for frame front_right_wheel at time 1785296809.292081 according to authority Authority undetectable
Possible reasons are listed at http://wiki.ros.org/tf/Errors%20explained
[WARN] [1785296826.589078176] []: TF_OLD_DATA ignoring data from the past for frame rear_left_wheel at time 1785296809.292081 according to authority Authority undetectable
Possible reasons are listed at http://wiki.ros.org/tf/Errors%20explained
[WARN] [1785296826.589087417] []: TF_OLD_DATA ignoring data from the past for frame rear_right_wheel at time 1785296809.292081 according to authority Authority undetectable
Possible reasons are listed at http://wiki.ros.org/tf/Errors%20explained
[WARN] [1785296826.589137584] []: TF_OLD_DATA ignoring data from the past for frame front_left_wheel at time 1785296809.392054 according to authority Authority undetectable
Possible reasons are listed at http://wiki.ros.org/tf/Errors%20explained
[WARN] [1785296826.589156695] []: TF_OLD_DATA ignoring data from the past for frame front_right_wheel at time 1785296809.392054 according to authority Authority undetectable
Possible reasons are listed at http://wiki.ros.org/tf/Errors%20explained
[WARN] [1785296826.589165991] []: TF_OLD_DATA ignoring data from the past for frame rear_left_wheel at time 1785296809.392054 according to authority Authority undetectable
Possible reasons are listed at http://wiki.ros.org/tf/Errors%20explained
[WARN] [1785296826.589175158] []: TF_OLD_DATA ignoring data from the past for frame rear_right_wheel at time 1785296809.392054 according to authority Authority undetectable
Possible reasons are listed at http://wiki.ros.org/tf/Errors%20explained
[WARN] [1785296826.589326363] []: TF_OLD_DATA ignoring data from the past for frame front_left_wheel at time 1785296809.492073 according to authority Authority undetectable
Possible reasons are listed at http://wiki.ros.org/tf/Errors%20explained
[WARN] [1785296826.589353863] []: TF_OLD_DATA ignoring data from the past for frame front_right_wheel at time 1785296809.492073 according to authority Authority undetectable
Possible reasons are listed at http://wiki.ros.org/tf/Errors%20explained
[WARN] [1785296826.589364752] []: TF_OLD_DATA ignoring data from the past for frame rear_left_wheel at time 1785296809.492073 according to authority Authority undetectable
Possible reasons are listed at http://wiki.ros.org/tf/Errors%20explained
[WARN] [1785296826.589373955] []: TF_OLD_DATA ignoring data from the past for frame rear_right_wheel at time 1785296809.492073 according to authority Authority undetectable
Possible reasons are listed at http://wiki.ros.org/tf/Errors%20explained
[WARN] [1785296826.589445622] []: TF_OLD_DATA ignoring data from the past for frame front_left_wheel at time 1785296809.692070 according to authority Authority undetectable
Possible reasons are listed at http://wiki.ros.org/tf/Errors%20explained
[WARN] [1785296826.589481030] []: TF_OLD_DATA ignoring data from the past for frame front_right_wheel at time 1785296809.692070 according to authority Authority undetectable
Possible reasons are listed at http://wiki.ros.org/tf/Errors%20explained
[WARN] [1785296826.589535308] []: TF_OLD_DATA ignoring data from the past for frame rear_left_wheel at time 1785296809.692070 according to authority Authority undetectable
Possible reasons are listed at http://wiki.ros.org/tf/Errors%20explained
[WARN] [1785296826.589547271] []: TF_OLD_DATA ignoring data from the past for frame rear_right_wheel at time 1785296809.692070 according to authority Authority undetectable
Possible reasons are listed at http://wiki.ros.org/tf/Errors%20explained
[WARN] [1785296826.589594290] []: TF_OLD_DATA ignoring data from the past for frame front_left_wheel at time 1785296809.792100 according to authority Authority undetectable
Possible reasons are listed at http://wiki.ros.org/tf/Errors%20explained
[WARN] [1785296826.589614179] []: TF_OLD_DATA ignoring data from the past for frame front_right_wheel at time 1785296809.792100 according to authority Authority undetectable
Possible reasons are listed at http://wiki.ros.org/tf/Errors%20explained
[WARN] [1785296826.589623346] []: TF_OLD_DATA ignoring data from the past for frame rear_left_wheel at time 1785296809.792100 according to authority Authority undetectable
Possible reasons are listed at http://wiki.ros.org/tf/Errors%20explained
[WARN] [1785296826.589632605] []: TF_OLD_DATA ignoring data from the past for frame rear_right_wheel at time 1785296809.792100 according to authority Authority undetectable
Possible reasons are listed at http://wiki.ros.org/tf/Errors%20explained
[WARN] [1785296826.589663031] []: TF_OLD_DATA ignoring data from the past for frame front_left_wheel at time 1785296809.892092 according to authority Authority undetectable
Possible reasons are listed at http://wiki.ros.org/tf/Errors%20explained
[WARN] [1785296826.589678013] []: TF_OLD_DATA ignoring data from the past for frame front_right_wheel at time 1785296809.892092 according to authority Authority undetectable
Possible reasons are listed at http://wiki.ros.org/tf/Errors%20explained
[WARN] [1785296826.589687383] []: TF_OLD_DATA ignoring data from the past for frame rear_left_wheel at time 1785296809.892092 according to authority Authority undetectable
Possible reasons are listed at http://wiki.ros.org/tf/Errors%20explained
[WARN] [1785296826.589695994] []: TF_OLD_DATA ignoring data from the past for frame rear_right_wheel at time 1785296809.892092 according to authority Authority undetectable
Possible reasons are listed at http://wiki.ros.org/tf/Errors%20explained
[WARN] [1785296826.589727161] []: TF_OLD_DATA ignoring data from the past for frame front_left_wheel at time 1785296809.992086 according to authority Authority undetectable
Possible reasons are listed at http://wiki.ros.org/tf/Errors%20explained
[WARN] [1785296826.589746661] []: TF_OLD_DATA ignoring data from the past for frame front_right_wheel at time 1785296809.992086 according to authority Authority undetectable
Possible reasons are listed at http://wiki.ros.org/tf/Errors%20explained
[WARN] [1785296826.589756383] []: TF_OLD_DATA ignoring data from the past for frame rear_left_wheel at time 1785296809.992086 according to authority Authority undetectable
Possible reasons are listed at http://wiki.ros.org/tf/Errors%20explained
[WARN] [1785296826.589765495] []: TF_OLD_DATA ignoring data from the past for frame rear_right_wheel at time 1785296809.992086 according to authority Authority undetectable
Possible reasons are listed at http://wiki.ros.org/tf/Errors%20explained
[WARN] [1785296826.589795698] []: TF_OLD_DATA ignoring data from the past for frame front_left_wheel at time 1785296810.092076 according to authority Authority undetectable
Possible reasons are listed at http://wiki.ros.org/tf/Errors%20explained
[WARN] [1785296826.589810310] []: TF_OLD_DATA ignoring data from the past for frame front_right_wheel at time 1785296810.092076 according to authority Authority undetectable
Possible reasons are listed at http://wiki.ros.org/tf/Errors%20explained
[WARN] [1785296826.589840402] []: TF_OLD_DATA ignoring data from the past for frame rear_left_wheel at time 1785296810.092076 according to authority Authority undetectable
Possible reasons are listed at http://wiki.ros.org/tf/Errors%20explained
[WARN] [1785296826.589852717] []: TF_OLD_DATA ignoring data from the past for frame rear_right_wheel at time 1785296810.092076 according to authority Authority undetectable
Possible reasons are listed at http://wiki.ros.org/tf/Errors%20explained
[WARN] [1785296826.589883440] []: TF_OLD_DATA ignoring data from the past for frame front_left_wheel at time 1785296810.192138 according to authority Authority undetectable
Possible reasons are listed at http://wiki.ros.org/tf/Errors%20explained
[WARN] [1785296826.589899588] []: TF_OLD_DATA ignoring data from the past for frame front_right_wheel at time 1785296810.192138 according to authority Authority undetectable
Possible reasons are listed at http://wiki.ros.org/tf/Errors%20explained
[WARN] [1785296826.589911514] []: TF_OLD_DATA ignoring data from the past for frame rear_left_wheel at time 1785296810.192138 according to authority Authority undetectable
Possible reasons are listed at http://wiki.ros.org/tf/Errors%20explained
[WARN] [1785296826.589920699] []: TF_OLD_DATA ignoring data from the past for frame rear_right_wheel at time 1785296810.192138 according to authority Authority undetectable
Possible reasons are listed at http://wiki.ros.org/tf/Errors%20explained
[WARN] [1785296826.589950699] []: TF_OLD_DATA ignoring data from the past for frame front_left_wheel at time 1785296810.392092 according to authority Authority undetectable
Possible reasons are listed at http://wiki.ros.org/tf/Errors%20explained
[WARN] [1785296826.589964366] []: TF_OLD_DATA ignoring data from the past for frame front_right_wheel at time 1785296810.392092 according to authority Authority undetectable
Possible reasons are listed at http://wiki.ros.org/tf/Errors%20explained
[WARN] [1785296826.589974866] []: TF_OLD_DATA ignoring data from the past for frame rear_left_wheel at time 1785296810.392092 according to authority Authority undetectable
Possible reasons are listed at http://wiki.ros.org/tf/Errors%20explained
[WARN] [1785296826.589983700] []: TF_OLD_DATA ignoring data from the past for frame rear_right_wheel at time 1785296810.392092 according to authority Authority undetectable
Possible reasons are listed at http://wiki.ros.org/tf/Errors%20explained
[WARN] [1785296826.590011903] []: TF_OLD_DATA ignoring data from the past for frame front_left_wheel at time 1785296810.492070 according to authority Authority undetectable
Possible reasons are listed at http://wiki.ros.org/tf/Errors%20explained
[WARN] [1785296826.590029978] []: TF_OLD_DATA ignoring data from the past for frame front_right_wheel at time 1785296810.492070 according to authority Authority undetectable
Possible reasons are listed at http://wiki.ros.org/tf/Errors%20explained
[WARN] [1785296826.590040200] []: TF_OLD_DATA ignoring data from the past for frame rear_left_wheel at time 1785296810.492070 according to authority Authority undetectable
Possible reasons are listed at http://wiki.ros.org/tf/Errors%20explained
[WARN] [1785296826.590049033] []: TF_OLD_DATA ignoring data from the past for frame rear_right_wheel at time 1785296810.492070 according to authority Authority undetectable
Possible reasons are listed at http://wiki.ros.org/tf/Errors%20explained
[WARN] [1785296827.599930202] []: TF_OLD_DATA ignoring data from the past for frame front_left_wheel at time 1785296810.592225 according to authority Authority undetectable
Possible reasons are listed at http://wiki.ros.org/tf/Errors%20explained
[WARN] [1785296827.599978203] []: TF_OLD_DATA ignoring data from the past for frame front_right_wheel at time 1785296810.592225 according to authority Authority undetectable
Possible reasons are listed at http://wiki.ros.org/tf/Errors%20explained
[WARN] [1785296827.599987610] []: TF_OLD_DATA ignoring data from the past for frame rear_left_wheel at time 1785296810.592225 according to authority Authority undetectable
Possible reasons are listed at http://wiki.ros.org/tf/Errors%20explained
[WARN] [1785296827.600438872] []: TF_OLD_DATA ignoring data from the past for frame rear_right_wheel at time 1785296810.592225 according to authority Authority undetectable
Possible reasons are listed at http://wiki.ros.org/tf/Errors%20explained
[WARN] [1785296827.601349488] []: TF_OLD_DATA ignoring data from the past for frame front_left_wheel at time 1785296810.692075 according to authority Authority undetectable
Possible reasons are listed at http://wiki.ros.org/tf/Errors%20explained
[WARN] [1785296827.601369784] []: TF_OLD_DATA ignoring data from the past for frame front_right_wheel at time 1785296810.692075 according to authority Authority undetectable
Possible reasons are listed at http://wiki.ros.org/tf/Errors%20explained
[WARN] [1785296827.601379822] []: TF_OLD_DATA ignoring data from the past for frame rear_left_wheel at time 1785296810.692075 according to authority Authority undetectable
Possible reasons are listed at http://wiki.ros.org/tf/Errors%20explained
[WARN] [1785296827.601388377] []: TF_OLD_DATA ignoring data from the past for frame rear_right_wheel at time 1785296810.692075 according to authority Authority undetectable
Possible reasons are listed at http://wiki.ros.org/tf/Errors%20explained
[WARN] [1785296827.601429174] []: TF_OLD_DATA ignoring data from the past for frame front_left_wheel at time 1785296810.892080 according to authority Authority undetectable
Possible reasons are listed at http://wiki.ros.org/tf/Errors%20explained
[WARN] [1785296827.601441100] []: TF_OLD_DATA ignoring data from the past for frame front_right_wheel at time 1785296810.892080 according to authority Authority undetectable
Possible reasons are listed at http://wiki.ros.org/tf/Errors%20explained
[WARN] [1785296827.601450285] []: TF_OLD_DATA ignoring data from the past for frame rear_left_wheel at time 1785296810.892080 according to authority Authority undetectable
Possible reasons are listed at http://wiki.ros.org/tf/Errors%20explained
[WARN] [1785296827.601458507] []: TF_OLD_DATA ignoring data from the past for frame rear_right_wheel at time 1785296810.892080 according to authority Authority undetectable
Possible reasons are listed at http://wiki.ros.org/tf/Errors%20explained
[WARN] [1785296827.601481859] []: TF_OLD_DATA ignoring data from the past for frame front_left_wheel at time 1785296810.992083 according to authority Authority undetectable
Possible reasons are listed at http://wiki.ros.org/tf/Errors%20explained
[WARN] [1785296827.601493174] []: TF_OLD_DATA ignoring data from the past for frame front_right_wheel at time 1785296810.992083 according to authority Authority undetectable
Possible reasons are listed at http://wiki.ros.org/tf/Errors%20explained
[WARN] [1785296827.601501544] []: TF_OLD_DATA ignoring data from the past for frame rear_left_wheel at time 1785296810.992083 according to authority Authority undetectable
Possible reasons are listed at http://wiki.ros.org/tf/Errors%20explained
[WARN] [1785296827.601509785] []: TF_OLD_DATA ignoring data from the past for frame rear_right_wheel at time 1785296810.992083 according to authority Authority undetectable
Possible reasons are listed at http://wiki.ros.org/tf/Errors%20explained
[WARN] [1785296827.601539396] []: TF_OLD_DATA ignoring data from the past for frame front_left_wheel at time 1785296811.092102 according to authority Authority undetectable
Possible reasons are listed at http://wiki.ros.org/tf/Errors%20explained
[WARN] [1785296827.601553637] []: TF_OLD_DATA ignoring data from the past for frame front_right_wheel at time 1785296811.092102 according to authority Authority undetectable
Possible reasons are listed at http://wiki.ros.org/tf/Errors%20explained
[WARN] [1785296827.601562026] []: TF_OLD_DATA ignoring data from the past for frame rear_left_wheel at time 1785296811.092102 according to authority Authority undetectable
Possible reasons are listed at http://wiki.ros.org/tf/Errors%20explained
[WARN] [1785296827.601570119] []: TF_OLD_DATA ignoring data from the past for frame rear_right_wheel at time 1785296811.092102 according to authority Authority undetectable
Possible reasons are listed at http://wiki.ros.org/tf/Errors%20explained
[WARN] [1785296827.601617841] []: TF_OLD_DATA ignoring data from the past for frame front_left_wheel at time 1785296811.192111 according to authority Authority undetectable
Possible reasons are listed at http://wiki.ros.org/tf/Errors%20explained
[WARN] [1785296827.601629841] []: TF_OLD_DATA ignoring data from the past for frame front_right_wheel at time 1785296811.192111 according to authority Authority undetectable
Possible reasons are listed at http://wiki.ros.org/tf/Errors%20explained
[WARN] [1785296827.601638193] []: TF_OLD_DATA ignoring data from the past for frame rear_left_wheel at time 1785296811.192111 according to authority Authority undetectable
Possible reasons are listed at http://wiki.ros.org/tf/Errors%20explained
[WARN] [1785296827.601646342] []: TF_OLD_DATA ignoring data from the past for frame rear_right_wheel at time 1785296811.192111 according to authority Authority undetectable
Possible reasons are listed at http://wiki.ros.org/tf/Errors%20explained
[WARN] [1785296827.601668879] []: TF_OLD_DATA ignoring data from the past for frame front_left_wheel at time 1785296811.292096 according to authority Authority undetectable
Possible reasons are listed at http://wiki.ros.org/tf/Errors%20explained
[WARN] [1785296827.601682397] []: TF_OLD_DATA ignoring data from the past for frame front_right_wheel at time 1785296811.292096 according to authority Authority undetectable
Possible reasons are listed at http://wiki.ros.org/tf/Errors%20explained
[WARN] [1785296827.601690694] []: TF_OLD_DATA ignoring data from the past for frame rear_left_wheel at time 1785296811.292096 according to authority Authority undetectable
Possible reasons are listed at http://wiki.ros.org/tf/Errors%20explained
[WARN] [1785296827.601698768] []: TF_OLD_DATA ignoring data from the past for frame rear_right_wheel at time 1785296811.292096 according to authority Authority undetectable
Possible reasons are listed at http://wiki.ros.org/tf/Errors%20explained
[WARN] [1785296827.601723564] []: TF_OLD_DATA ignoring data from the past for frame front_left_wheel at time 1785296811.392068 according to authority Authority undetectable
Possible reasons are listed at http://wiki.ros.org/tf/Errors%20explained
[WARN] [1785296827.601736416] []: TF_OLD_DATA ignoring data from the past for frame front_right_wheel at time 1785296811.392068 according to authority Authority undetectable
Possible reasons are listed at http://wiki.ros.org/tf/Errors%20explained
[WARN] [1785296827.601744768] []: TF_OLD_DATA ignoring data from the past for frame rear_left_wheel at time 1785296811.392068 according to authority Authority undetectable
Possible reasons are listed at http://wiki.ros.org/tf/Errors%20explained
[WARN] [1785296827.601752972] []: TF_OLD_DATA ignoring data from the past for frame rear_right_wheel at time 1785296811.392068 according to authority Authority undetectable
Possible reasons are listed at http://wiki.ros.org/tf/Errors%20explained
[WARN] [1785296827.601777342] []: TF_OLD_DATA ignoring data from the past for frame front_left_wheel at time 1785296811.592109 according to authority Authority undetectable
Possible reasons are listed at http://wiki.ros.org/tf/Errors%20explained
[WARN] [1785296827.601792065] []: TF_OLD_DATA ignoring data from the past for frame front_right_wheel at time 1785296811.592109 according to authority Authority undetectable
Possible reasons are listed at http://wiki.ros.org/tf/Errors%20explained
[WARN] [1785296827.601800676] []: TF_OLD_DATA ignoring data from the past for frame rear_left_wheel at time 1785296811.592109 according to authority Authority undetectable
Possible reasons are listed at http://wiki.ros.org/tf/Errors%20explained
[WARN] [1785296827.601808861] []: TF_OLD_DATA ignoring data from the past for frame rear_right_wheel at time 1785296811.592109 according to authority Authority undetectable
Possible reasons are listed at http://wiki.ros.org/tf/Errors%20explained
[WARN] [1785296827.601846269] []: TF_OLD_DATA ignoring data from the past for frame front_left_wheel at time 1785296811.692075 according to authority Authority undetectable
Possible reasons are listed at http://wiki.ros.org/tf/Errors%20explained
[WARN] [1785296827.601857991] []: TF_OLD_DATA ignoring data from the past for frame front_right_wheel at time 1785296811.692075 according to authority Authority undetectable
Possible reasons are listed at http://wiki.ros.org/tf/Errors%20explained
[WARN] [1785296827.601866232] []: TF_OLD_DATA ignoring data from the past for frame rear_left_wheel at time 1785296811.692075 according to authority Authority undetectable
Possible reasons are listed at http://wiki.ros.org/tf/Errors%20explained
[WARN] [1785296827.601874343] []: TF_OLD_DATA ignoring data from the past for frame rear_right_wheel at time 1785296811.692075 according to authority Authority undetectable
Possible reasons are listed at http://wiki.ros.org/tf/Errors%20explained
[WARN] [1785296827.601896380] []: TF_OLD_DATA ignoring data from the past for frame front_left_wheel at time 1785296811.892071 according to authority Authority undetectable
Possible reasons are listed at http://wiki.ros.org/tf/Errors%20explained
[WARN] [1785296827.601909510] []: TF_OLD_DATA ignoring data from the past for frame front_right_wheel at time 1785296811.892071 according to authority Authority undetectable
Possible reasons are listed at http://wiki.ros.org/tf/Errors%20explained
[WARN] [1785296827.601918010] []: TF_OLD_DATA ignoring data from the past for frame rear_left_wheel at time 1785296811.892071 according to authority Authority undetectable
Possible reasons are listed at http://wiki.ros.org/tf/Errors%20explained
[WARN] [1785296827.601926139] []: TF_OLD_DATA ignoring data from the past for frame rear_right_wheel at time 1785296811.892071 according to authority Authority undetectable
Possible reasons are listed at http://wiki.ros.org/tf/Errors%20explained
[WARN] [1785296827.601950806] []: TF_OLD_DATA ignoring data from the past for frame front_left_wheel at time 1785296811.992069 according to authority Authority undetectable
Possible reasons are listed at http://wiki.ros.org/tf/Errors%20explained
[WARN] [1785296827.601963603] []: TF_OLD_DATA ignoring data from the past for frame front_right_wheel at time 1785296811.992069 according to authority Authority undetectable
Possible reasons are listed at http://wiki.ros.org/tf/Errors%20explained
[WARN] [1785296827.601971843] []: TF_OLD_DATA ignoring data from the past for frame rear_left_wheel at time 1785296811.992069 according to authority Authority undetectable
Possible reasons are listed at http://wiki.ros.org/tf/Errors%20explained
[WARN] [1785296827.601980010] []: TF_OLD_DATA ignoring data from the past for frame rear_right_wheel at time 1785296811.992069 according to authority Authority undetectable
Possible reasons are listed at http://wiki.ros.org/tf/Errors%20explained
[WARN] [1785296827.602004066] []: TF_OLD_DATA ignoring data from the past for frame front_left_wheel at time 1785296812.092093 according to authority Authority undetectable
Possible reasons are listed at http://wiki.ros.org/tf/Errors%20explained
[WARN] [1785296827.602019621] []: TF_OLD_DATA ignoring data from the past for frame front_right_wheel at time 1785296812.092093 according to authority Authority undetectable
Possible reasons are listed at http://wiki.ros.org/tf/Errors%20explained
[WARN] [1785296827.602028047] []: TF_OLD_DATA ignoring data from the past for frame rear_left_wheel at time 1785296812.092093 according to authority Authority undetectable
Possible reasons are listed at http://wiki.ros.org/tf/Errors%20explained
[WARN] [1785296827.602036233] []: TF_OLD_DATA ignoring data from the past for frame rear_right_wheel at time 1785296812.092093 according to authority Authority undetectable
Possible reasons are listed at http://wiki.ros.org/tf/Errors%20explained
[WARN] [1785296827.602060029] []: TF_OLD_DATA ignoring data from the past for frame front_left_wheel at time 1785296812.292102 according to authority Authority undetectable
Possible reasons are listed at http://wiki.ros.org/tf/Errors%20explained
[WARN] [1785296827.602088048] []: TF_OLD_DATA ignoring data from the past for frame front_right_wheel at time 1785296812.292102 according to authority Authority undetectable
Possible reasons are listed at http://wiki.ros.org/tf/Errors%20explained
[WARN] [1785296827.602098603] []: TF_OLD_DATA ignoring data from the past for frame rear_left_wheel at time 1785296812.292102 according to authority Authority undetectable
Possible reasons are listed at http://wiki.ros.org/tf/Errors%20explained
[WARN] [1785296827.602106863] []: TF_OLD_DATA ignoring data from the past for frame rear_right_wheel at time 1785296812.292102 according to authority Authority undetectable
Possible reasons are listed at http://wiki.ros.org/tf/Errors%20explained
[WARN] [1785296827.602129400] []: TF_OLD_DATA ignoring data from the past for frame front_left_wheel at time 1785296812.392108 according to authority Authority undetectable
Possible reasons are listed at http://wiki.ros.org/tf/Errors%20explained
[WARN] [1785296827.602140733] []: TF_OLD_DATA ignoring data from the past for frame front_right_wheel at time 1785296812.392108 according to authority Authority undetectable
Possible reasons are listed at http://wiki.ros.org/tf/Errors%20explained
[WARN] [1785296827.602149011] []: TF_OLD_DATA ignoring data from the past for frame rear_left_wheel at time 1785296812.392108 according to authority Authority undetectable
Possible reasons are listed at http://wiki.ros.org/tf/Errors%20explained
[WARN] [1785296827.602157141] []: TF_OLD_DATA ignoring data from the past for frame rear_right_wheel at time 1785296812.392108 according to authority Authority undetectable
Possible reasons are listed at http://wiki.ros.org/tf/Errors%20explained
[WARN] [1785296827.602178289] []: TF_OLD_DATA ignoring data from the past for frame front_left_wheel at time 1785296812.492109 according to authority Authority undetectable
Possible reasons are listed at http://wiki.ros.org/tf/Errors%20explained
[WARN] [1785296827.602205678] []: TF_OLD_DATA ignoring data from the past for frame front_right_wheel at time 1785296812.492109 according to authority Authority undetectable
Possible reasons are listed at http://wiki.ros.org/tf/Errors%20explained
[WARN] [1785296827.602216363] []: TF_OLD_DATA ignoring data from the past for frame rear_left_wheel at time 1785296812.492109 according to authority Authority undetectable
Possible reasons are listed at http://wiki.ros.org/tf/Errors%20explained
[WARN] [1785296827.602224734] []: TF_OLD_DATA ignoring data from the past for frame rear_right_wheel at time 1785296812.492109 according to authority Authority undetectable
Possible reasons are listed at http://wiki.ros.org/tf/Errors%20explained
[WARN] [1785296827.602249567] []: TF_OLD_DATA ignoring data from the past for frame front_left_wheel at time 1785296812.592103 according to authority Authority undetectable
Possible reasons are listed at http://wiki.ros.org/tf/Errors%20explained
[WARN] [1785296827.602263734] []: TF_OLD_DATA ignoring data from the past for frame front_right_wheel at time 1785296812.592103 according to authority Authority undetectable
Possible reasons are listed at http://wiki.ros.org/tf/Errors%20explained
[WARN] [1785296827.602272012] []: TF_OLD_DATA ignoring data from the past for frame rear_left_wheel at time 1785296812.592103 according to authority Authority undetectable
Possible reasons are listed at http://wiki.ros.org/tf/Errors%20explained
[WARN] [1785296827.602280197] []: TF_OLD_DATA ignoring data from the past for frame rear_right_wheel at time 1785296812.592103 according to authority Authority undetectable
Possible reasons are listed at http://wiki.ros.org/tf/Errors%20explained
[WARN] [1785296827.602341345] []: TF_OLD_DATA ignoring data from the past for frame front_left_wheel at time 1785296812.692104 according to authority Authority undetectable
Possible reasons are listed at http://wiki.ros.org/tf/Errors%20explained
[WARN] [1785296827.602355271] []: TF_OLD_DATA ignoring data from the past for frame front_right_wheel at time 1785296812.692104 according to authority Authority undetectable
Possible reasons are listed at http://wiki.ros.org/tf/Errors%20explained
[WARN] [1785296827.602384735] []: TF_OLD_DATA ignoring data from the past for frame rear_left_wheel at time 1785296812.692104 according to authority Authority undetectable
Possible reasons are listed at http://wiki.ros.org/tf/Errors%20explained
[WARN] [1785296827.602394772] []: TF_OLD_DATA ignoring data from the past for frame rear_right_wheel at time 1785296812.692104 according to authority Authority undetectable
Possible reasons are listed at http://wiki.ros.org/tf/Errors%20explained
[WARN] [1785296827.602422105] []: TF_OLD_DATA ignoring data from the past for frame front_left_wheel at time 1785296813.192057 according to authority Authority undetectable
Possible reasons are listed at http://wiki.ros.org/tf/Errors%20explained
[WARN] [1785296827.602435272] []: TF_OLD_DATA ignoring data from the past for frame front_right_wheel at time 1785296813.192057 according to authority Authority undetectable
Possible reasons are listed at http://wiki.ros.org/tf/Errors%20explained
[WARN] [1785296827.602443827] []: TF_OLD_DATA ignoring data from the past for frame rear_left_wheel at time 1785296813.192057 according to authority Authority undetectable
Possible reasons are listed at http://wiki.ros.org/tf/Errors%20explained
[WARN] [1785296827.602452105] []: TF_OLD_DATA ignoring data from the past for frame rear_right_wheel at time 1785296813.192057 according to authority Authority undetectable
Possible reasons are listed at http://wiki.ros.org/tf/Errors%20explained
[WARN] [1785296827.602480217] []: TF_OLD_DATA ignoring data from the past for frame front_left_wheel at time 1785296813.292061 according to authority Authority undetectable
Possible reasons are listed at http://wiki.ros.org/tf/Errors%20explained
[WARN] [1785296827.602494050] []: TF_OLD_DATA ignoring data from the past for frame front_right_wheel at time 1785296813.292061 according to authority Authority undetectable
Possible reasons are listed at http://wiki.ros.org/tf/Errors%20explained
[WARN] [1785296827.602502346] []: TF_OLD_DATA ignoring data from the past for frame rear_left_wheel at time 1785296813.292061 according to authority Authority undetectable
Possible reasons are listed at http://wiki.ros.org/tf/Errors%20explained
[WARN] [1785296827.602511161] []: TF_OLD_DATA ignoring data from the past for frame rear_right_wheel at time 1785296813.292061 according to authority Authority undetectable
Possible reasons are listed at http://wiki.ros.org/tf/Errors%20explained
[WARN] [1785296827.602539106] []: TF_OLD_DATA ignoring data from the past for frame front_left_wheel at time 1785296813.392159 according to authority Authority undetectable
Possible reasons are listed at http://wiki.ros.org/tf/Errors%20explained
[WARN] [1785296827.602554976] []: TF_OLD_DATA ignoring data from the past for frame front_right_wheel at time 1785296813.392159 according to authority Authority undetectable
Possible reasons are listed at http://wiki.ros.org/tf/Errors%20explained
[WARN] [1785296827.602563699] []: TF_OLD_DATA ignoring data from the past for frame rear_left_wheel at time 1785296813.392159 according to authority Authority undetectable
Possible reasons are listed at http://wiki.ros.org/tf/Errors%20explained
[WARN] [1785296827.602571847] []: TF_OLD_DATA ignoring data from the past for frame rear_right_wheel at time 1785296813.392159 according to authority Authority undetectable
Possible reasons are listed at http://wiki.ros.org/tf/Errors%20explained
[WARN] [1785296827.602598717] []: TF_OLD_DATA ignoring data from the past for frame front_left_wheel at time 1785296813.492105 according to authority Authority undetectable
Possible reasons are listed at http://wiki.ros.org/tf/Errors%20explained
[WARN] [1785296827.602613717] []: TF_OLD_DATA ignoring data from the past for frame front_right_wheel at time 1785296813.492105 according to authority Authority undetectable
Possible reasons are listed at http://wiki.ros.org/tf/Errors%20explained
[WARN] [1785296827.602640403] []: TF_OLD_DATA ignoring data from the past for frame rear_left_wheel at time 1785296813.492105 according to authority Authority undetectable
Possible reasons are listed at http://wiki.ros.org/tf/Errors%20explained
[WARN] [1785296827.602651514] []: TF_OLD_DATA ignoring data from the past for frame rear_right_wheel at time 1785296813.492105 according to authority Authority undetectable
Possible reasons are listed at http://wiki.ros.org/tf/Errors%20explained
[WARN] [1785296827.602677607] []: TF_OLD_DATA ignoring data from the past for frame front_left_wheel at time 1785296813.592230 according to authority Authority undetectable
Possible reasons are listed at http://wiki.ros.org/tf/Errors%20explained
[WARN] [1785296827.602689199] []: TF_OLD_DATA ignoring data from the past for frame front_right_wheel at time 1785296813.592230 according to authority Authority undetectable
Possible reasons are listed at http://wiki.ros.org/tf/Errors%20explained
[WARN] [1785296827.602697440] []: TF_OLD_DATA ignoring data from the past for frame rear_left_wheel at time 1785296813.592230 according to authority Authority undetectable
Possible reasons are listed at http://wiki.ros.org/tf/Errors%20explained
[WARN] [1785296827.602705459] []: TF_OLD_DATA ignoring data from the past for frame rear_right_wheel at time 1785296813.592230 according to authority Authority undetectable
Possible reasons are listed at http://wiki.ros.org/tf/Errors%20explained
[WARN] [1785296827.602732311] []: TF_OLD_DATA ignoring data from the past for frame front_left_wheel at time 1785296813.692563 according to authority Authority undetectable
Possible reasons are listed at http://wiki.ros.org/tf/Errors%20explained
[WARN] [1785296827.602746625] []: TF_OLD_DATA ignoring data from the past for frame front_right_wheel at time 1785296813.692563 according to authority Authority undetectable
Possible reasons are listed at http://wiki.ros.org/tf/Errors%20explained
[WARN] [1785296827.602755200] []: TF_OLD_DATA ignoring data from the past for frame rear_left_wheel at time 1785296813.692563 according to authority Authority undetectable
Possible reasons are listed at http://wiki.ros.org/tf/Errors%20explained
[WARN] [1785296827.602763329] []: TF_OLD_DATA ignoring data from the past for frame rear_right_wheel at time 1785296813.692563 according to authority Authority undetectable
Possible reasons are listed at http://wiki.ros.org/tf/Errors%20explained
[WARN] [1785296827.602791607] []: TF_OLD_DATA ignoring data from the past for frame front_left_wheel at time 1785296813.792081 according to authority Authority undetectable
Possible reasons are listed at http://wiki.ros.org/tf/Errors%20explained
[WARN] [1785296827.602807867] []: TF_OLD_DATA ignoring data from the past for frame front_right_wheel at time 1785296813.792081 according to authority Authority undetectable
Possible reasons are listed at http://wiki.ros.org/tf/Errors%20explained
[WARN] [1785296827.602816885] []: TF_OLD_DATA ignoring data from the past for frame rear_left_wheel at time 1785296813.792081 according to authority Authority undetectable
Possible reasons are listed at http://wiki.ros.org/tf/Errors%20explained
[WARN] [1785296827.602825089] []: TF_OLD_DATA ignoring data from the past for frame rear_right_wheel at time 1785296813.792081 according to authority Authority undetectable
Possible reasons are listed at http://wiki.ros.org/tf/Errors%20explained
[WARN] [1785296827.602850293] []: TF_OLD_DATA ignoring data from the past for frame front_left_wheel at time 1785296813.992129 according to authority Authority undetectable
Possible reasons are listed at http://wiki.ros.org/tf/Errors%20explained
[WARN] [1785296827.602864848] []: TF_OLD_DATA ignoring data from the past for frame front_right_wheel at time 1785296813.992129 according to authority Authority undetectable
Possible reasons are listed at http://wiki.ros.org/tf/Errors%20explained
[WARN] [1785296827.602873682] []: TF_OLD_DATA ignoring data from the past for frame rear_left_wheel at time 1785296813.992129 according to authority Authority undetectable
Possible reasons are listed at http://wiki.ros.org/tf/Errors%20explained
[WARN] [1785296827.602898071] []: TF_OLD_DATA ignoring data from the past for frame rear_right_wheel at time 1785296813.992129 according to authority Authority undetectable
Possible reasons are listed at http://wiki.ros.org/tf/Errors%20explained
[WARN] [1785296827.602930682] []: TF_OLD_DATA ignoring data from the past for frame front_left_wheel at time 1785296814.092046 according to authority Authority undetectable
Possible reasons are listed at http://wiki.ros.org/tf/Errors%20explained
[WARN] [1785296827.602942682] []: TF_OLD_DATA ignoring data from the past for frame front_right_wheel at time 1785296814.092046 according to authority Authority undetectable
Possible reasons are listed at http://wiki.ros.org/tf/Errors%20explained
[WARN] [1785296827.602951182] []: TF_OLD_DATA ignoring data from the past for frame rear_left_wheel at time 1785296814.092046 according to authority Authority undetectable
Possible reasons are listed at http://wiki.ros.org/tf/Errors%20explained
[WARN] [1785296827.602959404] []: TF_OLD_DATA ignoring data from the past for frame rear_right_wheel at time 1785296814.092046 according to authority Authority undetectable
Possible reasons are listed at http://wiki.ros.org/tf/Errors%20explained
[WARN] [1785296827.602985868] []: TF_OLD_DATA ignoring data from the past for frame front_left_wheel at time 1785296814.192134 according to authority Authority undetectable
Possible reasons are listed at http://wiki.ros.org/tf/Errors%20explained
[WARN] [1785296827.603001460] []: TF_OLD_DATA ignoring data from the past for frame front_right_wheel at time 1785296814.192134 according to authority Authority undetectable
Possible reasons are listed at http://wiki.ros.org/tf/Errors%20explained
[WARN] [1785296827.603010090] []: TF_OLD_DATA ignoring data from the past for frame rear_left_wheel at time 1785296814.192134 according to authority Authority undetectable
Possible reasons are listed at http://wiki.ros.org/tf/Errors%20explained
[WARN] [1785296827.603018590] []: TF_OLD_DATA ignoring data from the past for frame rear_right_wheel at time 1785296814.192134 according to authority Authority undetectable
Possible reasons are listed at http://wiki.ros.org/tf/Errors%20explained
[WARN] [1785296827.603046701] []: TF_OLD_DATA ignoring data from the past for frame front_left_wheel at time 1785296814.292081 according to authority Authority undetectable
Possible reasons are listed at http://wiki.ros.org/tf/Errors%20explained
[WARN] [1785296827.603065442] []: TF_OLD_DATA ignoring data from the past for frame front_right_wheel at time 1785296814.292081 according to authority Authority undetectable
Possible reasons are listed at http://wiki.ros.org/tf/Errors%20explained
[WARN] [1785296827.603074368] []: TF_OLD_DATA ignoring data from the past for frame rear_left_wheel at time 1785296814.292081 according to authority Authority undetectable
Possible reasons are listed at http://wiki.ros.org/tf/Errors%20explained
[WARN] [1785296827.603083350] []: TF_OLD_DATA ignoring data from the past for frame rear_right_wheel at time 1785296814.292081 according to authority Authority undetectable
Possible reasons are listed at http://wiki.ros.org/tf/Errors%20explained
[WARN] [1785296827.603118479] []: TF_OLD_DATA ignoring data from the past for frame front_left_wheel at time 1785296814.392079 according to authority Authority undetectable
Possible reasons are listed at http://wiki.ros.org/tf/Errors%20explained
[WARN] [1785296827.603136202] []: TF_OLD_DATA ignoring data from the past for frame front_right_wheel at time 1785296814.392079 according to authority Authority undetectable
Possible reasons are listed at http://wiki.ros.org/tf/Errors%20explained
[WARN] [1785296827.603145109] []: TF_OLD_DATA ignoring data from the past for frame rear_left_wheel at time 1785296814.392079 according to authority Authority undetectable
Possible reasons are listed at http://wiki.ros.org/tf/Errors%20explained
[WARN] [1785296827.603153998] []: TF_OLD_DATA ignoring data from the past for frame rear_right_wheel at time 1785296814.392079 according to authority Authority undetectable
Possible reasons are listed at http://wiki.ros.org/tf/Errors%20explained
[WARN] [1785296837.206171795] []: TF_OLD_DATA ignoring data from the past for frame front_left_wheel at time 1785296817.492105 according to authority Authority undetectable
Possible reasons are listed at http://wiki.ros.org/tf/Errors%20explained
[WARN] [1785296837.206226536] []: TF_OLD_DATA ignoring data from the past for frame front_right_wheel at time 1785296817.492105 according to authority Authority undetectable
Possible reasons are listed at http://wiki.ros.org/tf/Errors%20explained
[WARN] [1785296837.206237813] []: TF_OLD_DATA ignoring data from the past for frame rear_left_wheel at time 1785296817.492105 according to authority Authority undetectable
Possible reasons are listed at http://wiki.ros.org/tf/Errors%20explained
[WARN] [1785296837.206247054] []: TF_OLD_DATA ignoring data from the past for frame rear_right_wheel at time 1785296817.492105 according to authority Authority undetectable
Possible reasons are listed at http://wiki.ros.org/tf/Errors%20explained
[WARN] [1785296837.223087852] []: TF_OLD_DATA ignoring data from the past for frame front_left_wheel at time 1785296817.592336 according to authority Authority undetectable
Possible reasons are listed at http://wiki.ros.org/tf/Errors%20explained
[WARN] [1785296837.223138982] []: TF_OLD_DATA ignoring data from the past for frame front_right_wheel at time 1785296817.592336 according to authority Authority undetectable
Possible reasons are listed at http://wiki.ros.org/tf/Errors%20explained
[WARN] [1785296837.223153630] []: TF_OLD_DATA ignoring data from the past for frame rear_left_wheel at time 1785296817.592336 according to authority Authority undetectable
Possible reasons are listed at http://wiki.ros.org/tf/Errors%20explained
[WARN] [1785296837.223163223] []: TF_OLD_DATA ignoring data from the past for frame rear_right_wheel at time 1785296817.592336 according to authority Authority undetectable
Possible reasons are listed at http://wiki.ros.org/tf/Errors%20explained
[WARN] [1785296837.241561084] []: TF_OLD_DATA ignoring data from the past for frame front_left_wheel at time 1785296817.692189 according to authority Authority undetectable
Possible reasons are listed at http://wiki.ros.org/tf/Errors%20explained
[WARN] [1785296837.241592492] []: TF_OLD_DATA ignoring data from the past for frame front_right_wheel at time 1785296817.692189 according to authority Authority undetectable
Possible reasons are listed at http://wiki.ros.org/tf/Errors%20explained
[WARN] [1785296837.241603177] []: TF_OLD_DATA ignoring data from the past for frame rear_left_wheel at time 1785296817.692189 according to authority Authority undetectable
Possible reasons are listed at http://wiki.ros.org/tf/Errors%20explained
[WARN] [1785296837.241611770] []: TF_OLD_DATA ignoring data from the past for frame rear_right_wheel at time 1785296817.692189 according to authority Authority undetectable
Possible reasons are listed at http://wiki.ros.org/tf/Errors%20explained
[WARN] [1785296837.268886885] []: TF_OLD_DATA ignoring data from the past for frame front_left_wheel at time 1785296817.792080 according to authority Authority undetectable
Possible reasons are listed at http://wiki.ros.org/tf/Errors%20explained
[WARN] [1785296837.268926774] []: TF_OLD_DATA ignoring data from the past for frame front_right_wheel at time 1785296817.792080 according to authority Authority undetectable
Possible reasons are listed at http://wiki.ros.org/tf/Errors%20explained
[WARN] [1785296837.268936811] []: TF_OLD_DATA ignoring data from the past for frame rear_left_wheel at time 1785296817.792080 according to authority Authority undetectable
Possible reasons are listed at http://wiki.ros.org/tf/Errors%20explained
[WARN] [1785296837.268944108] []: TF_OLD_DATA ignoring data from the past for frame rear_right_wheel at time 1785296817.792080 according to authority Authority undetectable
Possible reasons are listed at http://wiki.ros.org/tf/Errors%20explained
[WARN] [1785296837.268992663] []: TF_OLD_DATA ignoring data from the past for frame front_left_wheel at time 1785296817.992090 according to authority Authority undetectable
Possible reasons are listed at http://wiki.ros.org/tf/Errors%20explained
[WARN] [1785296837.269041275] []: TF_OLD_DATA ignoring data from the past for frame front_right_wheel at time 1785296817.992090 according to authority Authority undetectable
Possible reasons are listed at http://wiki.ros.org/tf/Errors%20explained
[WARN] [1785296837.269049701] []: TF_OLD_DATA ignoring data from the past for frame rear_left_wheel at time 1785296817.992090 according to authority Authority undetectable
Possible reasons are listed at http://wiki.ros.org/tf/Errors%20explained
[WARN] [1785296837.269055849] []: TF_OLD_DATA ignoring data from the past for frame rear_right_wheel at time 1785296817.992090 according to authority Authority undetectable
Possible reasons are listed at http://wiki.ros.org/tf/Errors%20explained
[WARN] [1785296837.278215752] []: TF_OLD_DATA ignoring data from the past for frame front_left_wheel at time 1785296818.092047 according to authority Authority undetectable
Possible reasons are listed at http://wiki.ros.org/tf/Errors%20explained
[WARN] [1785296837.278243363] []: TF_OLD_DATA ignoring data from the past for frame front_right_wheel at time 1785296818.092047 according to authority Authority undetectable
Possible reasons are listed at http://wiki.ros.org/tf/Errors%20explained
[WARN] [1785296837.278250900] []: TF_OLD_DATA ignoring data from the past for frame rear_left_wheel at time 1785296818.092047 according to authority Authority undetectable
Possible reasons are listed at http://wiki.ros.org/tf/Errors%20explained
[WARN] [1785296837.278257789] []: TF_OLD_DATA ignoring data from the past for frame rear_right_wheel at time 1785296818.092047 according to authority Authority undetectable
Possible reasons are listed at http://wiki.ros.org/tf/Errors%20explained
[WARN] [1785296837.285240458] []: TF_OLD_DATA ignoring data from the past for frame front_left_wheel at time 1785296818.192026 according to authority Authority undetectable
Possible reasons are listed at http://wiki.ros.org/tf/Errors%20explained
[WARN] [1785296837.285263106] []: TF_OLD_DATA ignoring data from the past for frame front_right_wheel at time 1785296818.192026 according to authority Authority undetectable
Possible reasons are listed at http://wiki.ros.org/tf/Errors%20explained
[WARN] [1785296837.285270476] []: TF_OLD_DATA ignoring data from the past for frame rear_left_wheel at time 1785296818.192026 according to authority Authority undetectable
Possible reasons are listed at http://wiki.ros.org/tf/Errors%20explained
[WARN] [1785296837.285277310] []: TF_OLD_DATA ignoring data from the past for frame rear_right_wheel at time 1785296818.192026 according to authority Authority undetectable
Possible reasons are listed at http://wiki.ros.org/tf/Errors%20explained
[WARN] [1785296837.300312134] []: TF_OLD_DATA ignoring data from the past for frame front_left_wheel at time 1785296818.292089 according to authority Authority undetectable
Possible reasons are listed at http://wiki.ros.org/tf/Errors%20explained
[WARN] [1785296837.300348838] []: TF_OLD_DATA ignoring data from the past for frame front_right_wheel at time 1785296818.292089 according to authority Authority undetectable
Possible reasons are listed at http://wiki.ros.org/tf/Errors%20explained
[WARN] [1785296837.300358857] []: TF_OLD_DATA ignoring data from the past for frame rear_left_wheel at time 1785296818.292089 according to authority Authority undetectable
Possible reasons are listed at http://wiki.ros.org/tf/Errors%20explained
[WARN] [1785296837.300366690] []: TF_OLD_DATA ignoring data from the past for frame rear_right_wheel at time 1785296818.292089 according to authority Authority undetectable
Possible reasons are listed at http://wiki.ros.org/tf/Errors%20explained
[WARN] [1785296837.300398746] []: TF_OLD_DATA ignoring data from the past for frame front_left_wheel at time 1785296818.392309 according to authority Authority undetectable
Possible reasons are listed at http://wiki.ros.org/tf/Errors%20explained
[WARN] [1785296837.300410839] []: TF_OLD_DATA ignoring data from the past for frame front_right_wheel at time 1785296818.392309 according to authority Authority undetectable
Possible reasons are listed at http://wiki.ros.org/tf/Errors%20explained
[WARN] [1785296837.300461839] []: TF_OLD_DATA ignoring data from the past for frame rear_left_wheel at time 1785296818.392309 according to authority Authority undetectable
Possible reasons are listed at http://wiki.ros.org/tf/Errors%20explained
[WARN] [1785296837.300471024] []: TF_OLD_DATA ignoring data from the past for frame rear_right_wheel at time 1785296818.392309 according to authority Authority undetectable
Possible reasons are listed at http://wiki.ros.org/tf/Errors%20explained
[WARN] [1785296837.300523413] []: TF_OLD_DATA ignoring data from the past for frame front_left_wheel at time 1785296818.492105 according to authority Authority undetectable
Possible reasons are listed at http://wiki.ros.org/tf/Errors%20explained
[WARN] [1785296837.300536617] []: TF_OLD_DATA ignoring data from the past for frame front_right_wheel at time 1785296818.492105 according to authority Authority undetectable
Possible reasons are listed at http://wiki.ros.org/tf/Errors%20explained
[WARN] [1785296837.300545488] []: TF_OLD_DATA ignoring data from the past for frame rear_left_wheel at time 1785296818.492105 according to authority Authority undetectable
Possible reasons are listed at http://wiki.ros.org/tf/Errors%20explained
[WARN] [1785296837.300553173] []: TF_OLD_DATA ignoring data from the past for frame rear_right_wheel at time 1785296818.492105 according to authority Authority undetectable
Possible reasons are listed at http://wiki.ros.org/tf/Errors%20explained
[WARN] [1785296837.300577006] []: TF_OLD_DATA ignoring data from the past for frame front_left_wheel at time 1785296818.592027 according to authority Authority undetectable
Possible reasons are listed at http://wiki.ros.org/tf/Errors%20explained
[WARN] [1785296837.300587303] []: TF_OLD_DATA ignoring data from the past for frame front_right_wheel at time 1785296818.592027 according to authority Authority undetectable
Possible reasons are listed at http://wiki.ros.org/tf/Errors%20explained
[WARN] [1785296837.300594358] []: TF_OLD_DATA ignoring data from the past for frame rear_left_wheel at time 1785296818.592027 according to authority Authority undetectable
Possible reasons are listed at http://wiki.ros.org/tf/Errors%20explained
[WARN] [1785296837.300601229] []: TF_OLD_DATA ignoring data from the past for frame rear_right_wheel at time 1785296818.592027 according to authority Authority undetectable
Possible reasons are listed at http://wiki.ros.org/tf/Errors%20explained
[WARN] [1785296837.300620488] []: TF_OLD_DATA ignoring data from the past for frame front_left_wheel at time 1785296818.692082 according to authority Authority undetectable
Possible reasons are listed at http://wiki.ros.org/tf/Errors%20explained
[WARN] [1785296837.300642173] []: TF_OLD_DATA ignoring data from the past for frame front_right_wheel at time 1785296818.692082 according to authority Authority undetectable
Possible reasons are listed at http://wiki.ros.org/tf/Errors%20explained
[WARN] [1785296837.300649803] []: TF_OLD_DATA ignoring data from the past for frame rear_left_wheel at time 1785296818.692082 according to authority Authority undetectable
Possible reasons are listed at http://wiki.ros.org/tf/Errors%20explained
[WARN] [1785296837.300656766] []: TF_OLD_DATA ignoring data from the past for frame rear_right_wheel at time 1785296818.692082 according to authority Authority undetectable
Possible reasons are listed at http://wiki.ros.org/tf/Errors%20explained
[WARN] [1785296837.300678692] []: TF_OLD_DATA ignoring data from the past for frame front_left_wheel at time 1785296818.792077 according to authority Authority undetectable
Possible reasons are listed at http://wiki.ros.org/tf/Errors%20explained
[WARN] [1785296837.300689766] []: TF_OLD_DATA ignoring data from the past for frame front_right_wheel at time 1785296818.792077 according to authority Authority undetectable
Possible reasons are listed at http://wiki.ros.org/tf/Errors%20explained
[WARN] [1785296837.300712507] []: TF_OLD_DATA ignoring data from the past for frame rear_left_wheel at time 1785296818.792077 according to authority Authority undetectable
Possible reasons are listed at http://wiki.ros.org/tf/Errors%20explained
[WARN] [1785296837.300721970] []: TF_OLD_DATA ignoring data from the past for frame rear_right_wheel at time 1785296818.792077 according to authority Authority undetectable
Possible reasons are listed at http://wiki.ros.org/tf/Errors%20explained
[WARN] [1785296837.300742989] []: TF_OLD_DATA ignoring data from the past for frame front_left_wheel at time 1785296818.992085 according to authority Authority undetectable
Possible reasons are listed at http://wiki.ros.org/tf/Errors%20explained
[WARN] [1785296837.300752822] []: TF_OLD_DATA ignoring data from the past for frame front_right_wheel at time 1785296818.992085 according to authority Authority undetectable
Possible reasons are listed at http://wiki.ros.org/tf/Errors%20explained
[WARN] [1785296837.300759896] []: TF_OLD_DATA ignoring data from the past for frame rear_left_wheel at time 1785296818.992085 according to authority Authority undetectable
Possible reasons are listed at http://wiki.ros.org/tf/Errors%20explained
[WARN] [1785296837.300766841] []: TF_OLD_DATA ignoring data from the past for frame rear_right_wheel at time 1785296818.992085 according to authority Authority undetectable
Possible reasons are listed at http://wiki.ros.org/tf/Errors%20explained
[WARN] [1785296837.300789378] []: TF_OLD_DATA ignoring data from the past for frame front_left_wheel at time 1785296819.092065 according to authority Authority undetectable
Possible reasons are listed at http://wiki.ros.org/tf/Errors%20explained
[WARN] [1785296837.300800804] []: TF_OLD_DATA ignoring data from the past for frame front_right_wheel at time 1785296819.092065 according to authority Authority undetectable
Possible reasons are listed at http://wiki.ros.org/tf/Errors%20explained
[WARN] [1785296837.300807933] []: TF_OLD_DATA ignoring data from the past for frame rear_left_wheel at time 1785296819.092065 according to authority Authority undetectable
Possible reasons are listed at http://wiki.ros.org/tf/Errors%20explained
[WARN] [1785296837.300814841] []: TF_OLD_DATA ignoring data from the past for frame rear_right_wheel at time 1785296819.092065 according to authority Authority undetectable
Possible reasons are listed at http://wiki.ros.org/tf/Errors%20explained
[WARN] [1785296837.300836767] []: TF_OLD_DATA ignoring data from the past for frame front_left_wheel at time 1785296819.192112 according to authority Authority undetectable
Possible reasons are listed at http://wiki.ros.org/tf/Errors%20explained
[WARN] [1785296837.300850137] []: TF_OLD_DATA ignoring data from the past for frame front_right_wheel at time 1785296819.192112 according to authority Authority undetectable
Possible reasons are listed at http://wiki.ros.org/tf/Errors%20explained
[WARN] [1785296837.300857397] []: TF_OLD_DATA ignoring data from the past for frame rear_left_wheel at time 1785296819.192112 according to authority Authority undetectable
Possible reasons are listed at http://wiki.ros.org/tf/Errors%20explained
[WARN] [1785296837.300864267] []: TF_OLD_DATA ignoring data from the past for frame rear_right_wheel at time 1785296819.192112 according to authority Authority undetectable
Possible reasons are listed at http://wiki.ros.org/tf/Errors%20explained
[WARN] [1785296837.300886138] []: TF_OLD_DATA ignoring data from the past for frame front_left_wheel at time 1785296819.392092 according to authority Authority undetectable
Possible reasons are listed at http://wiki.ros.org/tf/Errors%20explained
[WARN] [1785296837.300897545] []: TF_OLD_DATA ignoring data from the past for frame front_right_wheel at time 1785296819.392092 according to authority Authority undetectable
Possible reasons are listed at http://wiki.ros.org/tf/Errors%20explained
[WARN] [1785296837.300904638] []: TF_OLD_DATA ignoring data from the past for frame rear_left_wheel at time 1785296819.392092 according to authority Authority undetectable
Possible reasons are listed at http://wiki.ros.org/tf/Errors%20explained
[WARN] [1785296837.300924045] []: TF_OLD_DATA ignoring data from the past for frame rear_right_wheel at time 1785296819.392092 according to authority Authority undetectable
Possible reasons are listed at http://wiki.ros.org/tf/Errors%20explained
[WARN] [1785296837.300948008] []: TF_OLD_DATA ignoring data from the past for frame front_left_wheel at time 1785296819.492071 according to authority Authority undetectable
Possible reasons are listed at http://wiki.ros.org/tf/Errors%20explained
[WARN] [1785296837.300958397] []: TF_OLD_DATA ignoring data from the past for frame front_right_wheel at time 1785296819.492071 according to authority Authority undetectable
Possible reasons are listed at http://wiki.ros.org/tf/Errors%20explained
[WARN] [1785296837.300965397] []: TF_OLD_DATA ignoring data from the past for frame rear_left_wheel at time 1785296819.492071 according to authority Authority undetectable
Possible reasons are listed at http://wiki.ros.org/tf/Errors%20explained
[WARN] [1785296837.300972268] []: TF_OLD_DATA ignoring data from the past for frame rear_right_wheel at time 1785296819.492071 according to authority Authority undetectable
Possible reasons are listed at http://wiki.ros.org/tf/Errors%20explained
[WARN] [1785296837.300992620] []: TF_OLD_DATA ignoring data from the past for frame front_left_wheel at time 1785296819.692072 according to authority Authority undetectable
Possible reasons are listed at http://wiki.ros.org/tf/Errors%20explained
[WARN] [1785296837.301004509] []: TF_OLD_DATA ignoring data from the past for frame front_right_wheel at time 1785296819.692072 according to authority Authority undetectable
Possible reasons are listed at http://wiki.ros.org/tf/Errors%20explained
[WARN] [1785296837.301011749] []: TF_OLD_DATA ignoring data from the past for frame rear_left_wheel at time 1785296819.692072 according to authority Authority undetectable
Possible reasons are listed at http://wiki.ros.org/tf/Errors%20explained
[WARN] [1785296837.301018694] []: TF_OLD_DATA ignoring data from the past for frame rear_right_wheel at time 1785296819.692072 according to authority Authority undetectable
Possible reasons are listed at http://wiki.ros.org/tf/Errors%20explained
[WARN] [1785296837.301048453] []: TF_OLD_DATA ignoring data from the past for frame front_left_wheel at time 1785296819.792038 according to authority Authority undetectable
Possible reasons are listed at http://wiki.ros.org/tf/Errors%20explained
[WARN] [1785296837.301062639] []: TF_OLD_DATA ignoring data from the past for frame front_right_wheel at time 1785296819.792038 according to authority Authority undetectable
Possible reasons are listed at http://wiki.ros.org/tf/Errors%20explained
[WARN] [1785296837.301069879] []: TF_OLD_DATA ignoring data from the past for frame rear_left_wheel at time 1785296819.792038 according to authority Authority undetectable
Possible reasons are listed at http://wiki.ros.org/tf/Errors%20explained
[WARN] [1785296837.301077028] []: TF_OLD_DATA ignoring data from the past for frame rear_right_wheel at time 1785296819.792038 according to authority Authority undetectable
Possible reasons are listed at http://wiki.ros.org/tf/Errors%20explained
[WARN] [1785296837.301102176] []: TF_OLD_DATA ignoring data from the past for frame front_left_wheel at time 1785296819.892114 according to authority Authority undetectable
Possible reasons are listed at http://wiki.ros.org/tf/Errors%20explained
[WARN] [1785296837.301112472] []: TF_OLD_DATA ignoring data from the past for frame front_right_wheel at time 1785296819.892114 according to authority Authority undetectable
Possible reasons are listed at http://wiki.ros.org/tf/Errors%20explained
[WARN] [1785296837.301119620] []: TF_OLD_DATA ignoring data from the past for frame rear_left_wheel at time 1785296819.892114 according to authority Authority undetectable
Possible reasons are listed at http://wiki.ros.org/tf/Errors%20explained
[WARN] [1785296837.301126454] []: TF_OLD_DATA ignoring data from the past for frame rear_right_wheel at time 1785296819.892114 according to authority Authority undetectable
Possible reasons are listed at http://wiki.ros.org/tf/Errors%20explained
[WARN] [1785296837.301218547] []: TF_OLD_DATA ignoring data from the past for frame front_left_wheel at time 1785296819.992148 according to authority Authority undetectable
Possible reasons are listed at http://wiki.ros.org/tf/Errors%20explained
[WARN] [1785296837.301234158] []: TF_OLD_DATA ignoring data from the past for frame front_right_wheel at time 1785296819.992148 according to authority Authority undetectable
Possible reasons are listed at http://wiki.ros.org/tf/Errors%20explained
[WARN] [1785296837.301241528] []: TF_OLD_DATA ignoring data from the past for frame rear_left_wheel at time 1785296819.992148 according to authority Authority undetectable
Possible reasons are listed at http://wiki.ros.org/tf/Errors%20explained
[WARN] [1785296837.301248436] []: TF_OLD_DATA ignoring data from the past for frame rear_right_wheel at time 1785296819.992148 according to authority Authority undetectable
Possible reasons are listed at http://wiki.ros.org/tf/Errors%20explained
[WARN] [1785296837.301275547] []: TF_OLD_DATA ignoring data from the past for frame front_left_wheel at time 1785296820.092114 according to authority Authority undetectable
Possible reasons are listed at http://wiki.ros.org/tf/Errors%20explained
[WARN] [1785296837.301287473] []: TF_OLD_DATA ignoring data from the past for frame front_right_wheel at time 1785296820.092114 according to authority Authority undetectable
Possible reasons are listed at http://wiki.ros.org/tf/Errors%20explained
[WARN] [1785296837.301294547] []: TF_OLD_DATA ignoring data from the past for frame rear_left_wheel at time 1785296820.092114 according to authority Authority undetectable
Possible reasons are listed at http://wiki.ros.org/tf/Errors%20explained
[WARN] [1785296837.301301418] []: TF_OLD_DATA ignoring data from the past for frame rear_right_wheel at time 1785296820.092114 according to authority Authority undetectable
Possible reasons are listed at http://wiki.ros.org/tf/Errors%20explained
[WARN] [1785296837.301323677] []: TF_OLD_DATA ignoring data from the past for frame front_left_wheel at time 1785296820.192164 according to authority Authority undetectable
Possible reasons are listed at http://wiki.ros.org/tf/Errors%20explained
[WARN] [1785296837.301334122] []: TF_OLD_DATA ignoring data from the past for frame front_right_wheel at time 1785296820.192164 according to authority Authority undetectable
Possible reasons are listed at http://wiki.ros.org/tf/Errors%20explained
[WARN] [1785296837.301341288] []: TF_OLD_DATA ignoring data from the past for frame rear_left_wheel at time 1785296820.192164 according to authority Authority undetectable
Possible reasons are listed at http://wiki.ros.org/tf/Errors%20explained
[WARN] [1785296837.301348566] []: TF_OLD_DATA ignoring data from the past for frame rear_right_wheel at time 1785296820.192164 according to authority Authority undetectable
Possible reasons are listed at http://wiki.ros.org/tf/Errors%20explained
[WARN] [1785296837.301376048] []: TF_OLD_DATA ignoring data from the past for frame front_left_wheel at time 1785296820.292089 according to authority Authority undetectable
Possible reasons are listed at http://wiki.ros.org/tf/Errors%20explained
[WARN] [1785296837.301388863] []: TF_OLD_DATA ignoring data from the past for frame front_right_wheel at time 1785296820.292089 according to authority Authority undetectable
Possible reasons are listed at http://wiki.ros.org/tf/Errors%20explained
[WARN] [1785296837.301396326] []: TF_OLD_DATA ignoring data from the past for frame rear_left_wheel at time 1785296820.292089 according to authority Authority undetectable
Possible reasons are listed at http://wiki.ros.org/tf/Errors%20explained
[WARN] [1785296837.301403696] []: TF_OLD_DATA ignoring data from the past for frame rear_right_wheel at time 1785296820.292089 according to authority Authority undetectable
Possible reasons are listed at http://wiki.ros.org/tf/Errors%20explained
[WARN] [1785296837.301459678] []: TF_OLD_DATA ignoring data from the past for frame front_left_wheel at time 1785296820.492075 according to authority Authority undetectable
Possible reasons are listed at http://wiki.ros.org/tf/Errors%20explained
[WARN] [1785296837.301475826] []: TF_OLD_DATA ignoring data from the past for frame front_right_wheel at time 1785296820.492075 according to authority Authority undetectable
Possible reasons are listed at http://wiki.ros.org/tf/Errors%20explained
[WARN] [1785296837.301482993] []: TF_OLD_DATA ignoring data from the past for frame rear_left_wheel at time 1785296820.492075 according to authority Authority undetectable
Possible reasons are listed at http://wiki.ros.org/tf/Errors%20explained
[WARN] [1785296837.301489919] []: TF_OLD_DATA ignoring data from the past for frame rear_right_wheel at time 1785296820.492075 according to authority Authority undetectable
Possible reasons are listed at http://wiki.ros.org/tf/Errors%20explained
[WARN] [1785296837.301512697] []: TF_OLD_DATA ignoring data from the past for frame front_left_wheel at time 1785296820.592387 according to authority Authority undetectable
Possible reasons are listed at http://wiki.ros.org/tf/Errors%20explained
[WARN] [1785296837.301523660] []: TF_OLD_DATA ignoring data from the past for frame front_right_wheel at time 1785296820.592387 according to authority Authority undetectable
Possible reasons are listed at http://wiki.ros.org/tf/Errors%20explained
[WARN] [1785296837.301530826] []: TF_OLD_DATA ignoring data from the past for frame rear_left_wheel at time 1785296820.592387 according to authority Authority undetectable
Possible reasons are listed at http://wiki.ros.org/tf/Errors%20explained
[WARN] [1785296837.301537826] []: TF_OLD_DATA ignoring data from the past for frame rear_right_wheel at time 1785296820.592387 according to authority Authority undetectable
Possible reasons are listed at http://wiki.ros.org/tf/Errors%20explained
[WARN] [1785296837.301562623] []: TF_OLD_DATA ignoring data from the past for frame front_left_wheel at time 1785296820.692088 according to authority Authority undetectable
Possible reasons are listed at http://wiki.ros.org/tf/Errors%20explained
[WARN] [1785296837.301574753] []: TF_OLD_DATA ignoring data from the past for frame front_right_wheel at time 1785296820.692088 according to authority Authority undetectable
Possible reasons are listed at http://wiki.ros.org/tf/Errors%20explained
[WARN] [1785296837.301581901] []: TF_OLD_DATA ignoring data from the past for frame rear_left_wheel at time 1785296820.692088 according to authority Authority undetectable
Possible reasons are listed at http://wiki.ros.org/tf/Errors%20explained
[WARN] [1785296837.301593419] []: TF_OLD_DATA ignoring data from the past for frame rear_right_wheel at time 1785296820.692088 according to authority Authority undetectable
Possible reasons are listed at http://wiki.ros.org/tf/Errors%20explained
[WARN] [1785296837.301617049] []: TF_OLD_DATA ignoring data from the past for frame front_left_wheel at time 1785296820.792054 according to authority Authority undetectable
Possible reasons are listed at http://wiki.ros.org/tf/Errors%20explained
[WARN] [1785296837.301628771] []: TF_OLD_DATA ignoring data from the past for frame front_right_wheel at time 1785296820.792054 according to authority Authority undetectable
Possible reasons are listed at http://wiki.ros.org/tf/Errors%20explained
[WARN] [1785296837.301635882] []: TF_OLD_DATA ignoring data from the past for frame rear_left_wheel at time 1785296820.792054 according to authority Authority undetectable
Possible reasons are listed at http://wiki.ros.org/tf/Errors%20explained
[WARN] [1785296837.301642771] []: TF_OLD_DATA ignoring data from the past for frame rear_right_wheel at time 1785296820.792054 according to authority Authority undetectable
Possible reasons are listed at http://wiki.ros.org/tf/Errors%20explained
[WARN] [1785296837.301666216] []: TF_OLD_DATA ignoring data from the past for frame front_left_wheel at time 1785296820.992171 according to authority Authority undetectable
Possible reasons are listed at http://wiki.ros.org/tf/Errors%20explained
[WARN] [1785296837.301697124] []: TF_OLD_DATA ignoring data from the past for frame front_right_wheel at time 1785296820.992171 according to authority Authority undetectable
Possible reasons are listed at http://wiki.ros.org/tf/Errors%20explained
[WARN] [1785296837.301706494] []: TF_OLD_DATA ignoring data from the past for frame rear_left_wheel at time 1785296820.992171 according to authority Authority undetectable
Possible reasons are listed at http://wiki.ros.org/tf/Errors%20explained
[WARN] [1785296837.301713568] []: TF_OLD_DATA ignoring data from the past for frame rear_right_wheel at time 1785296820.992171 according to authority Authority undetectable
Possible reasons are listed at http://wiki.ros.org/tf/Errors%20explained
[WARN] [1785296837.301735346] []: TF_OLD_DATA ignoring data from the past for frame front_left_wheel at time 1785296821.092069 according to authority Authority undetectable
Possible reasons are listed at http://wiki.ros.org/tf/Errors%20explained
[WARN] [1785296837.301747068] []: TF_OLD_DATA ignoring data from the past for frame front_right_wheel at time 1785296821.092069 according to authority Authority undetectable
Possible reasons are listed at http://wiki.ros.org/tf/Errors%20explained
[WARN] [1785296837.301754420] []: TF_OLD_DATA ignoring data from the past for frame rear_left_wheel at time 1785296821.092069 according to authority Authority undetectable
Possible reasons are listed at http://wiki.ros.org/tf/Errors%20explained
[WARN] [1785296837.301762550] []: TF_OLD_DATA ignoring data from the past for frame rear_right_wheel at time 1785296821.092069 according to authority Authority undetectable
Possible reasons are listed at http://wiki.ros.org/tf/Errors%20explained
[WARN] [1785296837.301797291] []: TF_OLD_DATA ignoring data from the past for frame front_left_wheel at time 1785296821.192069 according to authority Authority undetectable
Possible reasons are listed at http://wiki.ros.org/tf/Errors%20explained
[WARN] [1785296837.301807995] []: TF_OLD_DATA ignoring data from the past for frame front_right_wheel at time 1785296821.192069 according to authority Authority undetectable
Possible reasons are listed at http://wiki.ros.org/tf/Errors%20explained
[WARN] [1785296837.301815124] []: TF_OLD_DATA ignoring data from the past for frame rear_left_wheel at time 1785296821.192069 according to authority Authority undetectable
Possible reasons are listed at http://wiki.ros.org/tf/Errors%20explained
[WARN] [1785296837.301822087] []: TF_OLD_DATA ignoring data from the past for frame rear_right_wheel at time 1785296821.192069 according to authority Authority undetectable
Possible reasons are listed at http://wiki.ros.org/tf/Errors%20explained
[WARN] [1785296837.301842773] []: TF_OLD_DATA ignoring data from the past for frame front_left_wheel at time 1785296822.502884 according to authority Authority undetectable
Possible reasons are listed at http://wiki.ros.org/tf/Errors%20explained
[WARN] [1785296837.301855236] []: TF_OLD_DATA ignoring data from the past for frame front_right_wheel at time 1785296822.502884 according to authority Authority undetectable
Possible reasons are listed at http://wiki.ros.org/tf/Errors%20explained
[WARN] [1785296837.301862328] []: TF_OLD_DATA ignoring data from the past for frame rear_left_wheel at time 1785296822.502884 according to authority Authority undetectable
Possible reasons are listed at http://wiki.ros.org/tf/Errors%20explained
[WARN] [1785296837.301869495] []: TF_OLD_DATA ignoring data from the past for frame rear_right_wheel at time 1785296822.502884 according to authority Authority undetectable
Possible reasons are listed at http://wiki.ros.org/tf/Errors%20explained
[WARN] [1785296837.301893939] []: TF_OLD_DATA ignoring data from the past for frame front_left_wheel at time 1785296822.592057 according to authority Authority undetectable
Possible reasons are listed at http://wiki.ros.org/tf/Errors%20explained
[WARN] [1785296837.301907440] []: TF_OLD_DATA ignoring data from the past for frame front_right_wheel at time 1785296822.592057 according to authority Authority undetectable
Possible reasons are listed at http://wiki.ros.org/tf/Errors%20explained
[WARN] [1785296837.301928384] []: TF_OLD_DATA ignoring data from the past for frame rear_left_wheel at time 1785296822.592057 according to authority Authority undetectable
Possible reasons are listed at http://wiki.ros.org/tf/Errors%20explained
[WARN] [1785296837.301936199] []: TF_OLD_DATA ignoring data from the past for frame rear_right_wheel at time 1785296822.592057 according to authority Authority undetectable
Possible reasons are listed at http://wiki.ros.org/tf/Errors%20explained
[WARN] [1785296837.301958662] []: TF_OLD_DATA ignoring data from the past for frame front_left_wheel at time 1785296822.692077 according to authority Authority undetectable
Possible reasons are listed at http://wiki.ros.org/tf/Errors%20explained
[WARN] [1785296837.301968514] []: TF_OLD_DATA ignoring data from the past for frame front_right_wheel at time 1785296822.692077 according to authority Authority undetectable
Possible reasons are listed at http://wiki.ros.org/tf/Errors%20explained
[WARN] [1785296837.301976588] []: TF_OLD_DATA ignoring data from the past for frame rear_left_wheel at time 1785296822.692077 according to authority Authority undetectable
Possible reasons are listed at http://wiki.ros.org/tf/Errors%20explained
[WARN] [1785296837.301983588] []: TF_OLD_DATA ignoring data from the past for frame rear_right_wheel at time 1785296822.692077 according to authority Authority undetectable
Possible reasons are listed at http://wiki.ros.org/tf/Errors%20explained
[WARN] [1785296837.302002681] []: TF_OLD_DATA ignoring data from the past for frame front_left_wheel at time 1785296822.792055 according to authority Authority undetectable
Possible reasons are listed at http://wiki.ros.org/tf/Errors%20explained
[WARN] [1785296837.302012014] []: TF_OLD_DATA ignoring data from the past for frame front_right_wheel at time 1785296822.792055 according to authority Authority undetectable
Possible reasons are listed at http://wiki.ros.org/tf/Errors%20explained
[WARN] [1785296837.302018959] []: TF_OLD_DATA ignoring data from the past for frame rear_left_wheel at time 1785296822.792055 according to authority Authority undetectable
Possible reasons are listed at http://wiki.ros.org/tf/Errors%20explained
[WARN] [1785296837.302025792] []: TF_OLD_DATA ignoring data from the past for frame rear_right_wheel at time 1785296822.792055 according to authority Authority undetectable
Possible reasons are listed at http://wiki.ros.org/tf/Errors%20explained
[WARN] [1785296837.302045070] []: TF_OLD_DATA ignoring data from the past for frame front_left_wheel at time 1785296823.392326 according to authority Authority undetectable
Possible reasons are listed at http://wiki.ros.org/tf/Errors%20explained
[WARN] [1785296837.302056311] []: TF_OLD_DATA ignoring data from the past for frame front_right_wheel at time 1785296823.392326 according to authority Authority undetectable
Possible reasons are listed at http://wiki.ros.org/tf/Errors%20explained
[WARN] [1785296837.302063366] []: TF_OLD_DATA ignoring data from the past for frame rear_left_wheel at time 1785296823.392326 according to authority Authority undetectable
Possible reasons are listed at http://wiki.ros.org/tf/Errors%20explained
[WARN] [1785296837.302070255] []: TF_OLD_DATA ignoring data from the past for frame rear_right_wheel at time 1785296823.392326 according to authority Authority undetectable
Possible reasons are listed at http://wiki.ros.org/tf/Errors%20explained
[WARN] [1785296837.302092478] []: TF_OLD_DATA ignoring data from the past for frame front_left_wheel at time 1785296823.592026 according to authority Authority undetectable
Possible reasons are listed at http://wiki.ros.org/tf/Errors%20explained
[WARN] [1785296837.302106070] []: TF_OLD_DATA ignoring data from the past for frame front_right_wheel at time 1785296823.592026 according to authority Authority undetectable
Possible reasons are listed at http://wiki.ros.org/tf/Errors%20explained
[WARN] [1785296837.302127219] []: TF_OLD_DATA ignoring data from the past for frame rear_left_wheel at time 1785296823.592026 according to authority Authority undetectable
Possible reasons are listed at http://wiki.ros.org/tf/Errors%20explained
[WARN] [1785296837.302136182] []: TF_OLD_DATA ignoring data from the past for frame rear_right_wheel at time 1785296823.592026 according to authority Authority undetectable
Possible reasons are listed at http://wiki.ros.org/tf/Errors%20explained
[WARN] [1785296837.302155867] []: TF_OLD_DATA ignoring data from the past for frame front_left_wheel at time 1785296823.692047 according to authority Authority undetectable
Possible reasons are listed at http://wiki.ros.org/tf/Errors%20explained
[WARN] [1785296837.302199182] []: TF_OLD_DATA ignoring data from the past for frame front_right_wheel at time 1785296823.692047 according to authority Authority undetectable
Possible reasons are listed at http://wiki.ros.org/tf/Errors%20explained
[WARN] [1785296837.302210312] []: TF_OLD_DATA ignoring data from the past for frame rear_left_wheel at time 1785296823.692047 according to authority Authority undetectable
Possible reasons are listed at http://wiki.ros.org/tf/Errors%20explained
[WARN] [1785296837.302218108] []: TF_OLD_DATA ignoring data from the past for frame rear_right_wheel at time 1785296823.692047 according to authority Authority undetectable
Possible reasons are listed at http://wiki.ros.org/tf/Errors%20explained
[WARN] [1785296837.302245756] []: TF_OLD_DATA ignoring data from the past for frame front_left_wheel at time 1785296823.792029 according to authority Authority undetectable
Possible reasons are listed at http://wiki.ros.org/tf/Errors%20explained
[WARN] [1785296837.302256312] []: TF_OLD_DATA ignoring data from the past for frame front_right_wheel at time 1785296823.792029 according to authority Authority undetectable
Possible reasons are listed at http://wiki.ros.org/tf/Errors%20explained
[WARN] [1785296837.302263238] []: TF_OLD_DATA ignoring data from the past for frame rear_left_wheel at time 1785296823.792029 according to authority Authority undetectable
Possible reasons are listed at http://wiki.ros.org/tf/Errors%20explained
[WARN] [1785296837.302270127] []: TF_OLD_DATA ignoring data from the past for frame rear_right_wheel at time 1785296823.792029 according to authority Authority undetectable
Possible reasons are listed at http://wiki.ros.org/tf/Errors%20explained
[WARN] [1785296837.302289386] []: TF_OLD_DATA ignoring data from the past for frame front_left_wheel at time 1785296823.992067 according to authority Authority undetectable
Possible reasons are listed at http://wiki.ros.org/tf/Errors%20explained
[WARN] [1785296837.302298831] []: TF_OLD_DATA ignoring data from the past for frame front_right_wheel at time 1785296823.992067 according to authority Authority undetectable
Possible reasons are listed at http://wiki.ros.org/tf/Errors%20explained
[WARN] [1785296837.302306016] []: TF_OLD_DATA ignoring data from the past for frame rear_left_wheel at time 1785296823.992067 according to authority Authority undetectable
Possible reasons are listed at http://wiki.ros.org/tf/Errors%20explained
[WARN] [1785296837.302312849] []: TF_OLD_DATA ignoring data from the past for frame rear_right_wheel at time 1785296823.992067 according to authority Authority undetectable
Possible reasons are listed at http://wiki.ros.org/tf/Errors%20explained
[WARN] [1785296837.302331034] []: TF_OLD_DATA ignoring data from the past for frame front_left_wheel at time 1785296824.092102 according to authority Authority undetectable
Possible reasons are listed at http://wiki.ros.org/tf/Errors%20explained
[WARN] [1785296837.302344201] []: TF_OLD_DATA ignoring data from the past for frame front_right_wheel at time 1785296824.092102 according to authority Authority undetectable
Possible reasons are listed at http://wiki.ros.org/tf/Errors%20explained
[WARN] [1785296837.302351220] []: TF_OLD_DATA ignoring data from the past for frame rear_left_wheel at time 1785296824.092102 according to authority Authority undetectable
Possible reasons are listed at http://wiki.ros.org/tf/Errors%20explained
[WARN] [1785296837.302379294] []: TF_OLD_DATA ignoring data from the past for frame rear_right_wheel at time 1785296824.092102 according to authority Authority undetectable
Possible reasons are listed at http://wiki.ros.org/tf/Errors%20explained
[WARN] [1785296837.302402998] []: TF_OLD_DATA ignoring data from the past for frame front_left_wheel at time 1785296824.192057 according to authority Authority undetectable
Possible reasons are listed at http://wiki.ros.org/tf/Errors%20explained
[WARN] [1785296837.302412479] []: TF_OLD_DATA ignoring data from the past for frame front_right_wheel at time 1785296824.192057 according to authority Authority undetectable
Possible reasons are listed at http://wiki.ros.org/tf/Errors%20explained
[WARN] [1785296837.302419516] []: TF_OLD_DATA ignoring data from the past for frame rear_left_wheel at time 1785296824.192057 according to authority Authority undetectable
Possible reasons are listed at http://wiki.ros.org/tf/Errors%20explained
[WARN] [1785296837.302426294] []: TF_OLD_DATA ignoring data from the past for frame rear_right_wheel at time 1785296824.192057 according to authority Authority undetectable
Possible reasons are listed at http://wiki.ros.org/tf/Errors%20explained
[WARN] [1785296837.302445128] []: TF_OLD_DATA ignoring data from the past for frame front_left_wheel at time 1785296824.292082 according to authority Authority undetectable
Possible reasons are listed at http://wiki.ros.org/tf/Errors%20explained
[WARN] [1785296837.302456683] []: TF_OLD_DATA ignoring data from the past for frame front_right_wheel at time 1785296824.292082 according to authority Authority undetectable
Possible reasons are listed at http://wiki.ros.org/tf/Errors%20explained
[WARN] [1785296837.302464091] []: TF_OLD_DATA ignoring data from the past for frame rear_left_wheel at time 1785296824.292082 according to authority Authority undetectable
Possible reasons are listed at http://wiki.ros.org/tf/Errors%20explained
[WARN] [1785296837.302471035] []: TF_OLD_DATA ignoring data from the past for frame rear_right_wheel at time 1785296824.292082 according to authority Authority undetectable
Possible reasons are listed at http://wiki.ros.org/tf/Errors%20explained
[WARN] [1785296837.302491943] []: TF_OLD_DATA ignoring data from the past for frame front_left_wheel at time 1785296824.392132 according to authority Authority undetectable
Possible reasons are listed at http://wiki.ros.org/tf/Errors%20explained
[WARN] [1785296837.302503461] []: TF_OLD_DATA ignoring data from the past for frame front_right_wheel at time 1785296824.392132 according to authority Authority undetectable
Possible reasons are listed at http://wiki.ros.org/tf/Errors%20explained
[WARN] [1785296837.302510480] []: TF_OLD_DATA ignoring data from the past for frame rear_left_wheel at time 1785296824.392132 according to authority Authority undetectable
Possible reasons are listed at http://wiki.ros.org/tf/Errors%20explained
[WARN] [1785296837.302517369] []: TF_OLD_DATA ignoring data from the past for frame rear_right_wheel at time 1785296824.392132 according to authority Authority undetectable
Possible reasons are listed at http://wiki.ros.org/tf/Errors%20explained
[WARN] [1785296837.302538684] []: TF_OLD_DATA ignoring data from the past for frame front_left_wheel at time 1785296824.492118 according to authority Authority undetectable
Possible reasons are listed at http://wiki.ros.org/tf/Errors%20explained
[WARN] [1785296837.302552332] []: TF_OLD_DATA ignoring data from the past for frame front_right_wheel at time 1785296824.492118 according to authority Authority undetectable
Possible reasons are listed at http://wiki.ros.org/tf/Errors%20explained
[WARN] [1785296837.302559406] []: TF_OLD_DATA ignoring data from the past for frame rear_left_wheel at time 1785296824.492118 according to authority Authority undetectable
Possible reasons are listed at http://wiki.ros.org/tf/Errors%20explained
[WARN] [1785296837.302566295] []: TF_OLD_DATA ignoring data from the past for frame rear_right_wheel at time 1785296824.492118 according to authority Authority undetectable
Possible reasons are listed at http://wiki.ros.org/tf/Errors%20explained
[WARN] [1785296837.302599480] []: TF_OLD_DATA ignoring data from the past for frame front_left_wheel at time 1785296824.592029 according to authority Authority undetectable
Possible reasons are listed at http://wiki.ros.org/tf/Errors%20explained
[WARN] [1785296837.302609295] []: TF_OLD_DATA ignoring data from the past for frame front_right_wheel at time 1785296824.592029 according to authority Authority undetectable
Possible reasons are listed at http://wiki.ros.org/tf/Errors%20explained
[WARN] [1785296837.302616332] []: TF_OLD_DATA ignoring data from the past for frame rear_left_wheel at time 1785296824.592029 according to authority Authority undetectable
Possible reasons are listed at http://wiki.ros.org/tf/Errors%20explained
[WARN] [1785296837.302623166] []: TF_OLD_DATA ignoring data from the past for frame rear_right_wheel at time 1785296824.592029 according to authority Authority undetectable
Possible reasons are listed at http://wiki.ros.org/tf/Errors%20explained
[WARN] [1785296837.302641758] []: TF_OLD_DATA ignoring data from the past for frame front_left_wheel at time 1785296824.792274 according to authority Authority undetectable
Possible reasons are listed at http://wiki.ros.org/tf/Errors%20explained
[WARN] [1785296837.302652777] []: TF_OLD_DATA ignoring data from the past for frame front_right_wheel at time 1785296824.792274 according to authority Authority undetectable
Possible reasons are listed at http://wiki.ros.org/tf/Errors%20explained
[WARN] [1785296837.302659944] []: TF_OLD_DATA ignoring data from the past for frame rear_left_wheel at time 1785296824.792274 according to authority Authority undetectable
Possible reasons are listed at http://wiki.ros.org/tf/Errors%20explained
[WARN] [1785296837.302666999] []: TF_OLD_DATA ignoring data from the past for frame rear_right_wheel at time 1785296824.792274 according to authority Authority undetectable
Possible reasons are listed at http://wiki.ros.org/tf/Errors%20explained
[WARN] [1785296837.302687981] []: TF_OLD_DATA ignoring data from the past for frame front_left_wheel at time 1785296824.892096 according to authority Authority undetectable
Possible reasons are listed at http://wiki.ros.org/tf/Errors%20explained
[WARN] [1785296837.302699759] []: TF_OLD_DATA ignoring data from the past for frame front_right_wheel at time 1785296824.892096 according to authority Authority undetectable
Possible reasons are listed at http://wiki.ros.org/tf/Errors%20explained
[WARN] [1785296837.302706870] []: TF_OLD_DATA ignoring data from the past for frame rear_left_wheel at time 1785296824.892096 according to authority Authority undetectable
Possible reasons are listed at http://wiki.ros.org/tf/Errors%20explained
[WARN] [1785296837.302713722] []: TF_OLD_DATA ignoring data from the past for frame rear_right_wheel at time 1785296824.892096 according to authority Authority undetectable
Possible reasons are listed at http://wiki.ros.org/tf/Errors%20explained
[WARN] [1785296837.302735000] []: TF_OLD_DATA ignoring data from the past for frame front_left_wheel at time 1785296824.992046 according to authority Authority undetectable
Possible reasons are listed at http://wiki.ros.org/tf/Errors%20explained
[WARN] [1785296837.302749370] []: TF_OLD_DATA ignoring data from the past for frame front_right_wheel at time 1785296824.992046 according to authority Authority undetectable
Possible reasons are listed at http://wiki.ros.org/tf/Errors%20explained
[WARN] [1785296837.302756555] []: TF_OLD_DATA ignoring data from the past for frame rear_left_wheel at time 1785296824.992046 according to authority Authority undetectable
Possible reasons are listed at http://wiki.ros.org/tf/Errors%20explained
[WARN] [1785296837.302763444] []: TF_OLD_DATA ignoring data from the past for frame rear_right_wheel at time 1785296824.992046 according to authority Authority undetectable
Possible reasons are listed at http://wiki.ros.org/tf/Errors%20explained
[WARN] [1785296837.302794759] []: TF_OLD_DATA ignoring data from the past for frame front_left_wheel at time 1785296825.192461 according to authority Authority undetectable
Possible reasons are listed at http://wiki.ros.org/tf/Errors%20explained
[WARN] [1785296837.302806519] []: TF_OLD_DATA ignoring data from the past for frame front_right_wheel at time 1785296825.192461 according to authority Authority undetectable
Possible reasons are listed at http://wiki.ros.org/tf/Errors%20explained
[WARN] [1785296837.302813704] []: TF_OLD_DATA ignoring data from the past for frame rear_left_wheel at time 1785296825.192461 according to authority Authority undetectable
Possible reasons are listed at http://wiki.ros.org/tf/Errors%20explained
[WARN] [1785296837.302820648] []: TF_OLD_DATA ignoring data from the past for frame rear_right_wheel at time 1785296825.192461 according to authority Authority undetectable
Possible reasons are listed at http://wiki.ros.org/tf/Errors%20explained
[WARN] [1785296837.302839611] []: TF_OLD_DATA ignoring data from the past for frame front_left_wheel at time 1785296825.292038 according to authority Authority undetectable
Possible reasons are listed at http://wiki.ros.org/tf/Errors%20explained
[WARN] [1785296837.302850797] []: TF_OLD_DATA ignoring data from the past for frame front_right_wheel at time 1785296825.292038 according to authority Authority undetectable
Possible reasons are listed at http://wiki.ros.org/tf/Errors%20explained
[WARN] [1785296837.302858019] []: TF_OLD_DATA ignoring data from the past for frame rear_left_wheel at time 1785296825.292038 according to authority Authority undetectable
Possible reasons are listed at http://wiki.ros.org/tf/Errors%20explained
[WARN] [1785296837.302864889] []: TF_OLD_DATA ignoring data from the past for frame rear_right_wheel at time 1785296825.292038 according to authority Authority undetectable
Possible reasons are listed at http://wiki.ros.org/tf/Errors%20explained
[WARN] [1785296837.302885501] []: TF_OLD_DATA ignoring data from the past for frame front_left_wheel at time 1785296825.392062 according to authority Authority undetectable
Possible reasons are listed at http://wiki.ros.org/tf/Errors%20explained
[WARN] [1785296837.302895778] []: TF_OLD_DATA ignoring data from the past for frame front_right_wheel at time 1785296825.392062 according to authority Authority undetectable
Possible reasons are listed at http://wiki.ros.org/tf/Errors%20explained
[WARN] [1785296837.302902815] []: TF_OLD_DATA ignoring data from the past for frame rear_left_wheel at time 1785296825.392062 according to authority Authority undetectable
Possible reasons are listed at http://wiki.ros.org/tf/Errors%20explained
[WARN] [1785296837.302909686] []: TF_OLD_DATA ignoring data from the past for frame rear_right_wheel at time 1785296825.392062 according to authority Authority undetectable
Possible reasons are listed at http://wiki.ros.org/tf/Errors%20explained
[WARN] [1785296837.302930723] []: TF_OLD_DATA ignoring data from the past for frame front_left_wheel at time 1785296825.492060 according to authority Authority undetectable
Possible reasons are listed at http://wiki.ros.org/tf/Errors%20explained
[WARN] [1785296837.302943705] []: TF_OLD_DATA ignoring data from the past for frame front_right_wheel at time 1785296825.492060 according to authority Authority undetectable
Possible reasons are listed at http://wiki.ros.org/tf/Errors%20explained
[WARN] [1785296837.302950890] []: TF_OLD_DATA ignoring data from the past for frame rear_left_wheel at time 1785296825.492060 according to authority Authority undetectable
Possible reasons are listed at http://wiki.ros.org/tf/Errors%20explained
[WARN] [1785296837.302957797] []: TF_OLD_DATA ignoring data from the past for frame rear_right_wheel at time 1785296825.492060 according to authority Authority undetectable
Possible reasons are listed at http://wiki.ros.org/tf/Errors%20explained
[WARN] [1785296837.302978946] []: TF_OLD_DATA ignoring data from the past for frame front_left_wheel at time 1785296825.592100 according to authority Authority undetectable
Possible reasons are listed at http://wiki.ros.org/tf/Errors%20explained
[WARN] [1785296837.303005149] []: TF_OLD_DATA ignoring data from the past for frame front_right_wheel at time 1785296825.592100 according to authority Authority undetectable
Possible reasons are listed at http://wiki.ros.org/tf/Errors%20explained
[WARN] [1785296837.303014335] []: TF_OLD_DATA ignoring data from the past for frame rear_left_wheel at time 1785296825.592100 according to authority Authority undetectable
Possible reasons are listed at http://wiki.ros.org/tf/Errors%20explained
[WARN] [1785296837.303021298] []: TF_OLD_DATA ignoring data from the past for frame rear_right_wheel at time 1785296825.592100 according to authority Authority undetectable
Possible reasons are listed at http://wiki.ros.org/tf/Errors%20explained
[WARN] [1785296837.303040964] []: TF_OLD_DATA ignoring data from the past for frame front_left_wheel at time 1785296825.692038 according to authority Authority undetectable
Possible reasons are listed at http://wiki.ros.org/tf/Errors%20explained
[WARN] [1785296837.303052298] []: TF_OLD_DATA ignoring data from the past for frame front_right_wheel at time 1785296825.692038 according to authority Authority undetectable
Possible reasons are listed at http://wiki.ros.org/tf/Errors%20explained
[WARN] [1785296837.303059353] []: TF_OLD_DATA ignoring data from the past for frame rear_left_wheel at time 1785296825.692038 according to authority Authority undetectable
Possible reasons are listed at http://wiki.ros.org/tf/Errors%20explained
[WARN] [1785296837.303066242] []: TF_OLD_DATA ignoring data from the past for frame rear_right_wheel at time 1785296825.692038 according to authority Authority undetectable
Possible reasons are listed at http://wiki.ros.org/tf/Errors%20explained
[WARN] [1785296837.303087298] []: TF_OLD_DATA ignoring data from the past for frame front_left_wheel at time 1785296825.792063 according to authority Authority undetectable
Possible reasons are listed at http://wiki.ros.org/tf/Errors%20explained
[WARN] [1785296837.303096780] []: TF_OLD_DATA ignoring data from the past for frame front_right_wheel at time 1785296825.792063 according to authority Authority undetectable
Possible reasons are listed at http://wiki.ros.org/tf/Errors%20explained
[WARN] [1785296837.303103705] []: TF_OLD_DATA ignoring data from the past for frame rear_left_wheel at time 1785296825.792063 according to authority Authority undetectable
Possible reasons are listed at http://wiki.ros.org/tf/Errors%20explained
[WARN] [1785296837.303110557] []: TF_OLD_DATA ignoring data from the past for frame rear_right_wheel at time 1785296825.792063 according to authority Authority undetectable
Possible reasons are listed at http://wiki.ros.org/tf/Errors%20explained
[WARN] [1785296837.303129002] []: TF_OLD_DATA ignoring data from the past for frame front_left_wheel at time 1785296825.892090 according to authority Authority undetectable
Possible reasons are listed at http://wiki.ros.org/tf/Errors%20explained
[WARN] [1785296837.303141558] []: TF_OLD_DATA ignoring data from the past for frame front_right_wheel at time 1785296825.892090 according to authority Authority undetectable
Possible reasons are listed at http://wiki.ros.org/tf/Errors%20explained
[WARN] [1785296837.303148613] []: TF_OLD_DATA ignoring data from the past for frame rear_left_wheel at time 1785296825.892090 according to authority Authority undetectable
Possible reasons are listed at http://wiki.ros.org/tf/Errors%20explained
[WARN] [1785296837.303155447] []: TF_OLD_DATA ignoring data from the past for frame rear_right_wheel at time 1785296825.892090 according to authority Authority undetectable
Possible reasons are listed at http://wiki.ros.org/tf/Errors%20explained
[WARN] [1785296837.303176576] []: TF_OLD_DATA ignoring data from the past for frame front_left_wheel at time 1785296825.992081 according to authority Authority undetectable
Possible reasons are listed at http://wiki.ros.org/tf/Errors%20explained
[WARN] [1785296837.303187521] []: TF_OLD_DATA ignoring data from the past for frame front_right_wheel at time 1785296825.992081 according to authority Authority undetectable
Possible reasons are listed at http://wiki.ros.org/tf/Errors%20explained
[WARN] [1785296837.303289707] []: TF_OLD_DATA ignoring data from the past for frame rear_left_wheel at time 1785296825.992081 according to authority Authority undetectable
Possible reasons are listed at http://wiki.ros.org/tf/Errors%20explained
[WARN] [1785296837.303300355] []: TF_OLD_DATA ignoring data from the past for frame rear_right_wheel at time 1785296825.992081 according to authority Authority undetectable
Possible reasons are listed at http://wiki.ros.org/tf/Errors%20explained
[WARN] [1785296837.303334688] []: TF_OLD_DATA ignoring data from the past for frame front_left_wheel at time 1785296826.092087 according to authority Authority undetectable
Possible reasons are listed at http://wiki.ros.org/tf/Errors%20explained
[WARN] [1785296837.303427059] []: TF_OLD_DATA ignoring data from the past for frame front_right_wheel at time 1785296826.092087 according to authority Authority undetectable
Possible reasons are listed at http://wiki.ros.org/tf/Errors%20explained
[WARN] [1785296837.303435578] []: TF_OLD_DATA ignoring data from the past for frame rear_left_wheel at time 1785296826.092087 according to authority Authority undetectable
Possible reasons are listed at http://wiki.ros.org/tf/Errors%20explained
[WARN] [1785296837.303443485] []: TF_OLD_DATA ignoring data from the past for frame rear_right_wheel at time 1785296826.092087 according to authority Authority undetectable
Possible reasons are listed at http://wiki.ros.org/tf/Errors%20explained
[WARN] [1785296837.303473115] []: TF_OLD_DATA ignoring data from the past for frame front_left_wheel at time 1785296826.192074 according to authority Authority undetectable
Possible reasons are listed at http://wiki.ros.org/tf/Errors%20explained
[WARN] [1785296837.303484485] []: TF_OLD_DATA ignoring data from the past for frame front_right_wheel at time 1785296826.192074 according to authority Authority undetectable
Possible reasons are listed at http://wiki.ros.org/tf/Errors%20explained
[WARN] [1785296837.303491559] []: TF_OLD_DATA ignoring data from the past for frame rear_left_wheel at time 1785296826.192074 according to authority Authority undetectable
Possible reasons are listed at http://wiki.ros.org/tf/Errors%20explained
[WARN] [1785296837.303498467] []: TF_OLD_DATA ignoring data from the past for frame rear_right_wheel at time 1785296826.192074 according to authority Authority undetectable
Possible reasons are listed at http://wiki.ros.org/tf/Errors%20explained
[WARN] [1785296865.257225345] []: TF_OLD_DATA ignoring data from the past for frame front_left_wheel at time 1785296853.792078 according to authority Authority undetectable
Possible reasons are listed at http://wiki.ros.org/tf/Errors%20explained
[WARN] [1785296865.257302401] []: TF_OLD_DATA ignoring data from the past for frame front_right_wheel at time 1785296853.792078 according to authority Authority undetectable
Possible reasons are listed at http://wiki.ros.org/tf/Errors%20explained
[WARN] [1785296865.257315901] []: TF_OLD_DATA ignoring data from the past for frame rear_left_wheel at time 1785296853.792078 according to authority Authority undetectable
Possible reasons are listed at http://wiki.ros.org/tf/Errors%20explained
[WARN] [1785296865.257325772] []: TF_OLD_DATA ignoring data from the past for frame rear_right_wheel at time 1785296853.792078 according to authority Authority undetectable
Possible reasons are listed at http://wiki.ros.org/tf/Errors%20explained
[WARN] [1785296865.257779867] []: TF_OLD_DATA ignoring data from the past for frame front_left_wheel at time 1785296853.892089 according to authority Authority undetectable
Possible reasons are listed at http://wiki.ros.org/tf/Errors%20explained
[WARN] [1785296865.257805182] []: TF_OLD_DATA ignoring data from the past for frame front_right_wheel at time 1785296853.892089 according to authority Authority undetectable
Possible reasons are listed at http://wiki.ros.org/tf/Errors%20explained
[WARN] [1785296865.257815978] []: TF_OLD_DATA ignoring data from the past for frame rear_left_wheel at time 1785296853.892089 according to authority Authority undetectable
Possible reasons are listed at http://wiki.ros.org/tf/Errors%20explained
[WARN] [1785296865.257825015] []: TF_OLD_DATA ignoring data from the past for frame rear_right_wheel at time 1785296853.892089 according to authority Authority undetectable
Possible reasons are listed at http://wiki.ros.org/tf/Errors%20explained
[WARN] [1785296865.257859682] []: TF_OLD_DATA ignoring data from the past for frame front_left_wheel at time 1785296854.092124 according to authority Authority undetectable
Possible reasons are listed at http://wiki.ros.org/tf/Errors%20explained
[WARN] [1785296865.257872090] []: TF_OLD_DATA ignoring data from the past for frame front_right_wheel at time 1785296854.092124 according to authority Authority undetectable
Possible reasons are listed at http://wiki.ros.org/tf/Errors%20explained
[WARN] [1785296865.257880664] []: TF_OLD_DATA ignoring data from the past for frame rear_left_wheel at time 1785296854.092124 according to authority Authority undetectable
Possible reasons are listed at http://wiki.ros.org/tf/Errors%20explained
[WARN] [1785296865.257888849] []: TF_OLD_DATA ignoring data from the past for frame rear_right_wheel at time 1785296854.092124 according to authority Authority undetectable
Possible reasons are listed at http://wiki.ros.org/tf/Errors%20explained
[WARN] [1785296865.257914331] []: TF_OLD_DATA ignoring data from the past for frame front_left_wheel at time 1785296854.192086 according to authority Authority undetectable
Possible reasons are listed at http://wiki.ros.org/tf/Errors%20explained
[WARN] [1785296865.257925609] []: TF_OLD_DATA ignoring data from the past for frame front_right_wheel at time 1785296854.192086 according to authority Authority undetectable
Possible reasons are listed at http://wiki.ros.org/tf/Errors%20explained
[WARN] [1785296865.257935386] []: TF_OLD_DATA ignoring data from the past for frame rear_left_wheel at time 1785296854.192086 according to authority Authority undetectable
Possible reasons are listed at http://wiki.ros.org/tf/Errors%20explained
[WARN] [1785296865.257943683] []: TF_OLD_DATA ignoring data from the past for frame rear_right_wheel at time 1785296854.192086 according to authority Authority undetectable
Possible reasons are listed at http://wiki.ros.org/tf/Errors%20explained
[WARN] [1785296877.705938753] []: TF_OLD_DATA ignoring data from the past for frame front_left_wheel at time 1785296862.492119 according to authority Authority undetectable
Possible reasons are listed at http://wiki.ros.org/tf/Errors%20explained
[WARN] [1785296877.705972512] []: TF_OLD_DATA ignoring data from the past for frame front_right_wheel at time 1785296862.492119 according to authority Authority undetectable
Possible reasons are listed at http://wiki.ros.org/tf/Errors%20explained
[WARN] [1785296877.705984068] []: TF_OLD_DATA ignoring data from the past for frame rear_left_wheel at time 1785296862.492119 according to authority Authority undetectable
Possible reasons are listed at http://wiki.ros.org/tf/Errors%20explained
[WARN] [1785296877.705993864] []: TF_OLD_DATA ignoring data from the past for frame rear_right_wheel at time 1785296862.492119 according to authority Authority undetectable
Possible reasons are listed at http://wiki.ros.org/tf/Errors%20explained
[WARN] [1785296877.707411039] []: TF_OLD_DATA ignoring data from the past for frame front_left_wheel at time 1785296862.592121 according to authority Authority undetectable
Possible reasons are listed at http://wiki.ros.org/tf/Errors%20explained
[WARN] [1785296877.707436761] []: TF_OLD_DATA ignoring data from the past for frame front_right_wheel at time 1785296862.592121 according to authority Authority undetectable
Possible reasons are listed at http://wiki.ros.org/tf/Errors%20explained
[WARN] [1785296877.707446983] []: TF_OLD_DATA ignoring data from the past for frame rear_left_wheel at time 1785296862.592121 according to authority Authority undetectable
Possible reasons are listed at http://wiki.ros.org/tf/Errors%20explained
[WARN] [1785296877.707456354] []: TF_OLD_DATA ignoring data from the past for frame rear_right_wheel at time 1785296862.592121 according to authority Authority undetectable
Possible reasons are listed at http://wiki.ros.org/tf/Errors%20explained
[WARN] [1785296877.735286805] []: TF_OLD_DATA ignoring data from the past for frame front_left_wheel at time 1785296862.692063 according to authority Authority undetectable
Possible reasons are listed at http://wiki.ros.org/tf/Errors%20explained
[WARN] [1785296877.735321861] []: TF_OLD_DATA ignoring data from the past for frame front_right_wheel at time 1785296862.692063 according to authority Authority undetectable
Possible reasons are listed at http://wiki.ros.org/tf/Errors%20explained
[WARN] [1785296877.735331398] []: TF_OLD_DATA ignoring data from the past for frame rear_left_wheel at time 1785296862.692063 according to authority Authority undetectable
Possible reasons are listed at http://wiki.ros.org/tf/Errors%20explained
[WARN] [1785296877.735339972] []: TF_OLD_DATA ignoring data from the past for frame rear_right_wheel at time 1785296862.692063 according to authority Authority undetectable
Possible reasons are listed at http://wiki.ros.org/tf/Errors%20explained
[WARN] [1785296877.735382232] []: TF_OLD_DATA ignoring data from the past for frame front_left_wheel at time 1785296862.792080 according to authority Authority undetectable
Possible reasons are listed at http://wiki.ros.org/tf/Errors%20explained
[WARN] [1785296877.735395213] []: TF_OLD_DATA ignoring data from the past for frame front_right_wheel at time 1785296862.792080 according to authority Authority undetectable
Possible reasons are listed at http://wiki.ros.org/tf/Errors%20explained
[WARN] [1785296877.735404862] []: TF_OLD_DATA ignoring data from the past for frame rear_left_wheel at time 1785296862.792080 according to authority Authority undetectable
Possible reasons are listed at http://wiki.ros.org/tf/Errors%20explained
[WARN] [1785296877.735413028] []: TF_OLD_DATA ignoring data from the past for frame rear_right_wheel at time 1785296862.792080 according to authority Authority undetectable
Possible reasons are listed at http://wiki.ros.org/tf/Errors%20explained
[WARN] [1785296877.735436658] []: TF_OLD_DATA ignoring data from the past for frame front_left_wheel at time 1785296862.892069 according to authority Authority undetectable
Possible reasons are listed at http://wiki.ros.org/tf/Errors%20explained
[WARN] [1785296877.735503103] []: TF_OLD_DATA ignoring data from the past for frame front_right_wheel at time 1785296862.892069 according to authority Authority undetectable
Possible reasons are listed at http://wiki.ros.org/tf/Errors%20explained
[WARN] [1785296877.735539214] []: TF_OLD_DATA ignoring data from the past for frame rear_left_wheel at time 1785296862.892069 according to authority Authority undetectable
Possible reasons are listed at http://wiki.ros.org/tf/Errors%20explained
[WARN] [1785296877.735549437] []: TF_OLD_DATA ignoring data from the past for frame rear_right_wheel at time 1785296862.892069 according to authority Authority undetectable
Possible reasons are listed at http://wiki.ros.org/tf/Errors%20explained
[WARN] [1785296877.735578492] []: TF_OLD_DATA ignoring data from the past for frame front_left_wheel at time 1785296862.992075 according to authority Authority undetectable
Possible reasons are listed at http://wiki.ros.org/tf/Errors%20explained
[WARN] [1785296877.735590640] []: TF_OLD_DATA ignoring data from the past for frame front_right_wheel at time 1785296862.992075 according to authority Authority undetectable
Possible reasons are listed at http://wiki.ros.org/tf/Errors%20explained
[WARN] [1785296877.735599103] []: TF_OLD_DATA ignoring data from the past for frame rear_left_wheel at time 1785296862.992075 according to authority Authority undetectable
Possible reasons are listed at http://wiki.ros.org/tf/Errors%20explained
[WARN] [1785296877.735607196] []: TF_OLD_DATA ignoring data from the past for frame rear_right_wheel at time 1785296862.992075 according to authority Authority undetectable
Possible reasons are listed at http://wiki.ros.org/tf/Errors%20explained
[WARN] [1785296877.735631807] []: TF_OLD_DATA ignoring data from the past for frame front_left_wheel at time 1785296863.092058 according to authority Authority undetectable
Possible reasons are listed at http://wiki.ros.org/tf/Errors%20explained
[WARN] [1785296877.735644993] []: TF_OLD_DATA ignoring data from the past for frame front_right_wheel at time 1785296863.092058 according to authority Authority undetectable
Possible reasons are listed at http://wiki.ros.org/tf/Errors%20explained
[WARN] [1785296877.735653382] []: TF_OLD_DATA ignoring data from the past for frame rear_left_wheel at time 1785296863.092058 according to authority Authority undetectable
Possible reasons are listed at http://wiki.ros.org/tf/Errors%20explained
[WARN] [1785296877.735661585] []: TF_OLD_DATA ignoring data from the past for frame rear_right_wheel at time 1785296863.092058 according to authority Authority undetectable
Possible reasons are listed at http://wiki.ros.org/tf/Errors%20explained
[WARN] [1785296877.735685493] []: TF_OLD_DATA ignoring data from the past for frame front_left_wheel at time 1785296863.192075 according to authority Authority undetectable
Possible reasons are listed at http://wiki.ros.org/tf/Errors%20explained
[WARN] [1785296877.735702789] []: TF_OLD_DATA ignoring data from the past for frame front_right_wheel at time 1785296863.192075 according to authority Authority undetectable
Possible reasons are listed at http://wiki.ros.org/tf/Errors%20explained
[WARN] [1785296877.735712678] []: TF_OLD_DATA ignoring data from the past for frame rear_left_wheel at time 1785296863.192075 according to authority Authority undetectable
Possible reasons are listed at http://wiki.ros.org/tf/Errors%20explained
[WARN] [1785296877.735720919] []: TF_OLD_DATA ignoring data from the past for frame rear_right_wheel at time 1785296863.192075 according to authority Authority undetectable
Possible reasons are listed at http://wiki.ros.org/tf/Errors%20explained
[WARN] [1785296877.735744956] []: TF_OLD_DATA ignoring data from the past for frame front_left_wheel at time 1785296863.392082 according to authority Authority undetectable
Possible reasons are listed at http://wiki.ros.org/tf/Errors%20explained
[WARN] [1785296877.735759252] []: TF_OLD_DATA ignoring data from the past for frame front_right_wheel at time 1785296863.392082 according to authority Authority undetectable
Possible reasons are listed at http://wiki.ros.org/tf/Errors%20explained
[WARN] [1785296877.735785975] []: TF_OLD_DATA ignoring data from the past for frame rear_left_wheel at time 1785296863.392082 according to authority Authority undetectable
Possible reasons are listed at http://wiki.ros.org/tf/Errors%20explained
[WARN] [1785296877.735794938] []: TF_OLD_DATA ignoring data from the past for frame rear_right_wheel at time 1785296863.392082 according to authority Authority undetectable
Possible reasons are listed at http://wiki.ros.org/tf/Errors%20explained
[WARN] [1785296877.735818068] []: TF_OLD_DATA ignoring data from the past for frame front_left_wheel at time 1785296863.492076 according to authority Authority undetectable
Possible reasons are listed at http://wiki.ros.org/tf/Errors%20explained
[WARN] [1785296877.735829179] []: TF_OLD_DATA ignoring data from the past for frame front_right_wheel at time 1785296863.492076 according to authority Authority undetectable
Possible reasons are listed at http://wiki.ros.org/tf/Errors%20explained
[WARN] [1785296877.735837475] []: TF_OLD_DATA ignoring data from the past for frame rear_left_wheel at time 1785296863.492076 according to authority Authority undetectable
Possible reasons are listed at http://wiki.ros.org/tf/Errors%20explained
[WARN] [1785296877.735845568] []: TF_OLD_DATA ignoring data from the past for frame rear_right_wheel at time 1785296863.492076 according to authority Authority undetectable
Possible reasons are listed at http://wiki.ros.org/tf/Errors%20explained
[WARN] [1785296877.735869920] []: TF_OLD_DATA ignoring data from the past for frame front_left_wheel at time 1785296863.592075 according to authority Authority undetectable
Possible reasons are listed at http://wiki.ros.org/tf/Errors%20explained
[WARN] [1785296877.735882605] []: TF_OLD_DATA ignoring data from the past for frame front_right_wheel at time 1785296863.592075 according to authority Authority undetectable
Possible reasons are listed at http://wiki.ros.org/tf/Errors%20explained
[WARN] [1785296877.735890994] []: TF_OLD_DATA ignoring data from the past for frame rear_left_wheel at time 1785296863.592075 according to authority Authority undetectable
Possible reasons are listed at http://wiki.ros.org/tf/Errors%20explained
[WARN] [1785296877.735899068] []: TF_OLD_DATA ignoring data from the past for frame rear_right_wheel at time 1785296863.592075 according to authority Authority undetectable
Possible reasons are listed at http://wiki.ros.org/tf/Errors%20explained
[WARN] [1785296877.735924235] []: TF_OLD_DATA ignoring data from the past for frame front_left_wheel at time 1785296863.692111 according to authority Authority undetectable
Possible reasons are listed at http://wiki.ros.org/tf/Errors%20explained
[WARN] [1785296877.735937624] []: TF_OLD_DATA ignoring data from the past for frame front_right_wheel at time 1785296863.692111 according to authority Authority undetectable
Possible reasons are listed at http://wiki.ros.org/tf/Errors%20explained
[WARN] [1785296877.735945920] []: TF_OLD_DATA ignoring data from the past for frame rear_left_wheel at time 1785296863.692111 according to authority Authority undetectable
Possible reasons are listed at http://wiki.ros.org/tf/Errors%20explained
[WARN] [1785296877.735954068] []: TF_OLD_DATA ignoring data from the past for frame rear_right_wheel at time 1785296863.692111 according to authority Authority undetectable
Possible reasons are listed at http://wiki.ros.org/tf/Errors%20explained
[WARN] [1785296877.735979235] []: TF_OLD_DATA ignoring data from the past for frame front_left_wheel at time 1785296863.792065 according to authority Authority undetectable
Possible reasons are listed at http://wiki.ros.org/tf/Errors%20explained
[WARN] [1785296877.735994995] []: TF_OLD_DATA ignoring data from the past for frame front_right_wheel at time 1785296863.792065 according to authority Authority undetectable
Possible reasons are listed at http://wiki.ros.org/tf/Errors%20explained
[WARN] [1785296877.736017198] []: TF_OLD_DATA ignoring data from the past for frame rear_left_wheel at time 1785296863.792065 according to authority Authority undetectable
Possible reasons are listed at http://wiki.ros.org/tf/Errors%20explained
[WARN] [1785296877.736027773] []: TF_OLD_DATA ignoring data from the past for frame rear_right_wheel at time 1785296863.792065 according to authority Authority undetectable
Possible reasons are listed at http://wiki.ros.org/tf/Errors%20explained
[WARN] [1785296877.736053847] []: TF_OLD_DATA ignoring data from the past for frame front_left_wheel at time 1785296863.892079 according to authority Authority undetectable
Possible reasons are listed at http://wiki.ros.org/tf/Errors%20explained
[WARN] [1785296877.736065199] []: TF_OLD_DATA ignoring data from the past for frame front_right_wheel at time 1785296863.892079 according to authority Authority undetectable
Possible reasons are listed at http://wiki.ros.org/tf/Errors%20explained
[WARN] [1785296877.736073476] []: TF_OLD_DATA ignoring data from the past for frame rear_left_wheel at time 1785296863.892079 according to authority Authority undetectable
Possible reasons are listed at http://wiki.ros.org/tf/Errors%20explained
[WARN] [1785296877.736081495] []: TF_OLD_DATA ignoring data from the past for frame rear_right_wheel at time 1785296863.892079 according to authority Authority undetectable
Possible reasons are listed at http://wiki.ros.org/tf/Errors%20explained
[WARN] [1785296877.736104773] []: TF_OLD_DATA ignoring data from the past for frame front_left_wheel at time 1785296864.092059 according to authority Authority undetectable
Possible reasons are listed at http://wiki.ros.org/tf/Errors%20explained
[WARN] [1785296877.736117903] []: TF_OLD_DATA ignoring data from the past for frame front_right_wheel at time 1785296864.092059 according to authority Authority undetectable
Possible reasons are listed at http://wiki.ros.org/tf/Errors%20explained
[WARN] [1785296877.736126292] []: TF_OLD_DATA ignoring data from the past for frame rear_left_wheel at time 1785296864.092059 according to authority Authority undetectable
Possible reasons are listed at http://wiki.ros.org/tf/Errors%20explained
[WARN] [1785296877.736134495] []: TF_OLD_DATA ignoring data from the past for frame rear_right_wheel at time 1785296864.092059 according to authority Authority undetectable
Possible reasons are listed at http://wiki.ros.org/tf/Errors%20explained
[WARN] [1785296877.736158181] []: TF_OLD_DATA ignoring data from the past for frame front_left_wheel at time 1785296864.292349 according to authority Authority undetectable
Possible reasons are listed at http://wiki.ros.org/tf/Errors%20explained
[WARN] [1785296877.736171162] []: TF_OLD_DATA ignoring data from the past for frame front_right_wheel at time 1785296864.292349 according to authority Authority undetectable
Possible reasons are listed at http://wiki.ros.org/tf/Errors%20explained
[WARN] [1785296877.736179866] []: TF_OLD_DATA ignoring data from the past for frame rear_left_wheel at time 1785296864.292349 according to authority Authority undetectable
Possible reasons are listed at http://wiki.ros.org/tf/Errors%20explained
[WARN] [1785296877.736201496] []: TF_OLD_DATA ignoring data from the past for frame rear_right_wheel at time 1785296864.292349 according to authority Authority undetectable
Possible reasons are listed at http://wiki.ros.org/tf/Errors%20explained
[WARN] [1785296877.736227681] []: TF_OLD_DATA ignoring data from the past for frame front_left_wheel at time 1785296864.392038 according to authority Authority undetectable
Possible reasons are listed at http://wiki.ros.org/tf/Errors%20explained
[WARN] [1785296877.736241292] []: TF_OLD_DATA ignoring data from the past for frame front_right_wheel at time 1785296864.392038 according to authority Authority undetectable
Possible reasons are listed at http://wiki.ros.org/tf/Errors%20explained
[WARN] [1785296877.736249848] []: TF_OLD_DATA ignoring data from the past for frame rear_left_wheel at time 1785296864.392038 according to authority Authority undetectable
Possible reasons are listed at http://wiki.ros.org/tf/Errors%20explained
[WARN] [1785296877.736280052] []: TF_OLD_DATA ignoring data from the past for frame rear_right_wheel at time 1785296864.392038 according to authority Authority undetectable
Possible reasons are listed at http://wiki.ros.org/tf/Errors%20explained
[WARN] [1785296877.736307459] []: TF_OLD_DATA ignoring data from the past for frame front_left_wheel at time 1785296864.492115 according to authority Authority undetectable
Possible reasons are listed at http://wiki.ros.org/tf/Errors%20explained
[WARN] [1785296877.736318774] []: TF_OLD_DATA ignoring data from the past for frame front_right_wheel at time 1785296864.492115 according to authority Authority undetectable
Possible reasons are listed at http://wiki.ros.org/tf/Errors%20explained
[WARN] [1785296877.736327108] []: TF_OLD_DATA ignoring data from the past for frame rear_left_wheel at time 1785296864.492115 according to authority Authority undetectable
Possible reasons are listed at http://wiki.ros.org/tf/Errors%20explained
[WARN] [1785296877.736335145] []: TF_OLD_DATA ignoring data from the past for frame rear_right_wheel at time 1785296864.492115 according to authority Authority undetectable
Possible reasons are listed at http://wiki.ros.org/tf/Errors%20explained
[WARN] [1785296877.736356774] []: TF_OLD_DATA ignoring data from the past for frame front_left_wheel at time 1785296864.592080 according to authority Authority undetectable
Possible reasons are listed at http://wiki.ros.org/tf/Errors%20explained
[WARN] [1785296877.736369348] []: TF_OLD_DATA ignoring data from the past for frame front_right_wheel at time 1785296864.592080 according to authority Authority undetectable
Possible reasons are listed at http://wiki.ros.org/tf/Errors%20explained
[WARN] [1785296877.736377737] []: TF_OLD_DATA ignoring data from the past for frame rear_left_wheel at time 1785296864.592080 according to authority Authority undetectable
Possible reasons are listed at http://wiki.ros.org/tf/Errors%20explained
[WARN] [1785296877.736385812] []: TF_OLD_DATA ignoring data from the past for frame rear_right_wheel at time 1785296864.592080 according to authority Authority undetectable
Possible reasons are listed at http://wiki.ros.org/tf/Errors%20explained
[WARN] [1785296877.736409034] []: TF_OLD_DATA ignoring data from the past for frame front_left_wheel at time 1785296864.692094 according to authority Authority undetectable
Possible reasons are listed at http://wiki.ros.org/tf/Errors%20explained
[WARN] [1785296877.736421627] []: TF_OLD_DATA ignoring data from the past for frame front_right_wheel at time 1785296864.692094 according to authority Authority undetectable
Possible reasons are listed at http://wiki.ros.org/tf/Errors%20explained
[WARN] [1785296877.736429941] []: TF_OLD_DATA ignoring data from the past for frame rear_left_wheel at time 1785296864.692094 according to authority Authority undetectable
Possible reasons are listed at http://wiki.ros.org/tf/Errors%20explained
[WARN] [1785296877.736438090] []: TF_OLD_DATA ignoring data from the past for frame rear_right_wheel at time 1785296864.692094 according to authority Authority undetectable
Possible reasons are listed at http://wiki.ros.org/tf/Errors%20explained
[WARN] [1785296877.736463275] []: TF_OLD_DATA ignoring data from the past for frame front_left_wheel at time 1785296864.892074 according to authority Authority undetectable
Possible reasons are listed at http://wiki.ros.org/tf/Errors%20explained
[WARN] [1785296877.736476886] []: TF_OLD_DATA ignoring data from the past for frame front_right_wheel at time 1785296864.892074 according to authority Authority undetectable
Possible reasons are listed at http://wiki.ros.org/tf/Errors%20explained
[WARN] [1785296877.736485164] []: TF_OLD_DATA ignoring data from the past for frame rear_left_wheel at time 1785296864.892074 according to authority Authority undetectable
Possible reasons are listed at http://wiki.ros.org/tf/Errors%20explained
[WARN] [1785296877.736493294] []: TF_OLD_DATA ignoring data from the past for frame rear_right_wheel at time 1785296864.892074 according to authority Authority undetectable
Possible reasons are listed at http://wiki.ros.org/tf/Errors%20explained
[WARN] [1785296877.736530886] []: TF_OLD_DATA ignoring data from the past for frame front_left_wheel at time 1785296864.992070 according to authority Authority undetectable
Possible reasons are listed at http://wiki.ros.org/tf/Errors%20explained
[WARN] [1785296877.736567072] []: TF_OLD_DATA ignoring data from the past for frame front_right_wheel at time 1785296864.992070 according to authority Authority undetectable
Possible reasons are listed at http://wiki.ros.org/tf/Errors%20explained
[WARN] [1785296877.736578850] []: TF_OLD_DATA ignoring data from the past for frame rear_left_wheel at time 1785296864.992070 according to authority Authority undetectable
Possible reasons are listed at http://wiki.ros.org/tf/Errors%20explained
[WARN] [1785296877.736587202] []: TF_OLD_DATA ignoring data from the past for frame rear_right_wheel at time 1785296864.992070 according to authority Authority undetectable
Possible reasons are listed at http://wiki.ros.org/tf/Errors%20explained
[WARN] [1785296877.736612461] []: TF_OLD_DATA ignoring data from the past for frame front_left_wheel at time 1785296865.092075 according to authority Authority undetectable
Possible reasons are listed at http://wiki.ros.org/tf/Errors%20explained
[WARN] [1785296877.736625535] []: TF_OLD_DATA ignoring data from the past for frame front_right_wheel at time 1785296865.092075 according to authority Authority undetectable
Possible reasons are listed at http://wiki.ros.org/tf/Errors%20explained
[WARN] [1785296877.736633776] []: TF_OLD_DATA ignoring data from the past for frame rear_left_wheel at time 1785296865.092075 according to authority Authority undetectable
Possible reasons are listed at http://wiki.ros.org/tf/Errors%20explained
[WARN] [1785296877.736641906] []: TF_OLD_DATA ignoring data from the past for frame rear_right_wheel at time 1785296865.092075 according to authority Authority undetectable
Possible reasons are listed at http://wiki.ros.org/tf/Errors%20explained
[WARN] [1785296877.736666776] []: TF_OLD_DATA ignoring data from the past for frame front_left_wheel at time 1785296865.192049 according to authority Authority undetectable
Possible reasons are listed at http://wiki.ros.org/tf/Errors%20explained
[WARN] [1785296877.736679535] []: TF_OLD_DATA ignoring data from the past for frame front_right_wheel at time 1785296865.192049 according to authority Authority undetectable
Possible reasons are listed at http://wiki.ros.org/tf/Errors%20explained
[WARN] [1785296877.736687906] []: TF_OLD_DATA ignoring data from the past for frame rear_left_wheel at time 1785296865.192049 according to authority Authority undetectable
Possible reasons are listed at http://wiki.ros.org/tf/Errors%20explained
[WARN] [1785296877.736696035] []: TF_OLD_DATA ignoring data from the past for frame rear_right_wheel at time 1785296865.192049 according to authority Authority undetectable
Possible reasons are listed at http://wiki.ros.org/tf/Errors%20explained
[WARN] [1785296877.736720425] []: TF_OLD_DATA ignoring data from the past for frame front_left_wheel at time 1785296865.292054 according to authority Authority undetectable
Possible reasons are listed at http://wiki.ros.org/tf/Errors%20explained
[WARN] [1785296877.736736221] []: TF_OLD_DATA ignoring data from the past for frame front_right_wheel at time 1785296865.292054 according to authority Authority undetectable
Possible reasons are listed at http://wiki.ros.org/tf/Errors%20explained
[WARN] [1785296877.736744684] []: TF_OLD_DATA ignoring data from the past for frame rear_left_wheel at time 1785296865.292054 according to authority Authority undetectable
Possible reasons are listed at http://wiki.ros.org/tf/Errors%20explained
[WARN] [1785296877.736752832] []: TF_OLD_DATA ignoring data from the past for frame rear_right_wheel at time 1785296865.292054 according to authority Authority undetectable
Possible reasons are listed at http://wiki.ros.org/tf/Errors%20explained
[WARN] [1785296877.736791517] []: TF_OLD_DATA ignoring data from the past for frame front_left_wheel at time 1785296865.392083 according to authority Authority undetectable
Possible reasons are listed at http://wiki.ros.org/tf/Errors%20explained
[WARN] [1785296877.736805036] []: TF_OLD_DATA ignoring data from the past for frame front_right_wheel at time 1785296865.392083 according to authority Authority undetectable
Possible reasons are listed at http://wiki.ros.org/tf/Errors%20explained
[WARN] [1785296877.736813425] []: TF_OLD_DATA ignoring data from the past for frame rear_left_wheel at time 1785296865.392083 according to authority Authority undetectable
Possible reasons are listed at http://wiki.ros.org/tf/Errors%20explained
[WARN] [1785296877.736821518] []: TF_OLD_DATA ignoring data from the past for frame rear_right_wheel at time 1785296865.392083 according to authority Authority undetectable
Possible reasons are listed at http://wiki.ros.org/tf/Errors%20explained
[WARN] [1785296877.736844518] []: TF_OLD_DATA ignoring data from the past for frame front_left_wheel at time 1785296865.492076 according to authority Authority undetectable
Possible reasons are listed at http://wiki.ros.org/tf/Errors%20explained
[WARN] [1785296877.736856925] []: TF_OLD_DATA ignoring data from the past for frame front_right_wheel at time 1785296865.492076 according to authority Authority undetectable
Possible reasons are listed at http://wiki.ros.org/tf/Errors%20explained
[WARN] [1785296877.736865185] []: TF_OLD_DATA ignoring data from the past for frame rear_left_wheel at time 1785296865.492076 according to authority Authority undetectable
Possible reasons are listed at http://wiki.ros.org/tf/Errors%20explained
[WARN] [1785296877.736873240] []: TF_OLD_DATA ignoring data from the past for frame rear_right_wheel at time 1785296865.492076 according to authority Authority undetectable
Possible reasons are listed at http://wiki.ros.org/tf/Errors%20explained
[WARN] [1785296877.736896648] []: TF_OLD_DATA ignoring data from the past for frame front_left_wheel at time 1785296865.592081 according to authority Authority undetectable
Possible reasons are listed at http://wiki.ros.org/tf/Errors%20explained
[WARN] [1785296877.736909240] []: TF_OLD_DATA ignoring data from the past for frame front_right_wheel at time 1785296865.592081 according to authority Authority undetectable
Possible reasons are listed at http://wiki.ros.org/tf/Errors%20explained
[WARN] [1785296877.736917537] []: TF_OLD_DATA ignoring data from the past for frame rear_left_wheel at time 1785296865.592081 according to authority Authority undetectable
Possible reasons are listed at http://wiki.ros.org/tf/Errors%20explained
[WARN] [1785296877.736925574] []: TF_OLD_DATA ignoring data from the past for frame rear_right_wheel at time 1785296865.592081 according to authority Authority undetectable
Possible reasons are listed at http://wiki.ros.org/tf/Errors%20explained
[WARN] [1785296877.736950167] []: TF_OLD_DATA ignoring data from the past for frame front_left_wheel at time 1785296865.692120 according to authority Authority undetectable
Possible reasons are listed at http://wiki.ros.org/tf/Errors%20explained
[WARN] [1785296899.137382627] []: TF_OLD_DATA ignoring data from the past for frame front_right_wheel at time 1785296865.692120 according to authority Authority undetectable
Possible reasons are listed at http://wiki.ros.org/tf/Errors%20explained
[WARN] [1785296899.137466220] []: TF_OLD_DATA ignoring data from the past for frame rear_left_wheel at time 1785296865.692120 according to authority Authority undetectable
Possible reasons are listed at http://wiki.ros.org/tf/Errors%20explained
[WARN] [1785296899.137476128] []: TF_OLD_DATA ignoring data from the past for frame rear_right_wheel at time 1785296865.692120 according to authority Authority undetectable
Possible reasons are listed at http://wiki.ros.org/tf/Errors%20explained
[INFO] [1785296899.134590982] [rclcpp]: signal_handler(SIGINT/SIGTERM)
[INFO] [1785296899.140356144] [smoother_server]: Running Nav2 LifecycleNode rcl preshutdown (smoother_server)
[INFO] [1785296899.140458681] [smoother_server]: Deactivating
[INFO] [1785296899.140488033] [smoother_server]: Destroying bond (smoother_server) to lifecycle manager.
[INFO] [1785296899.250129497] [smoother_server]: Cleaning up
[INFO] [1785296899.567152505] [smoother_server]: Destroying bond (smoother_server) to lifecycle manager.
